case_id,image_path,mask_path,patient_id,image_sha256
822,dataset/Vinmec_2D/train/train_image/822.JPG,dataset/Vinmec_2D/train/train_label/label/822.PNG,SIM-8B3FF382B5,66bdc89d7db7c15f50f40487d54d27d0025095419499ceb1e6fb6ab0002b722e
712,dataset/Vinmec_2D/train/train_image/712.JPG,dataset/Vinmec_2D/train/train_label/label/712.PNG,SIM-8B3FF382B5,dad46a9f385716828d1e0893c464a9f467a7e9cd68221249b9b6eda0c5dd01dc
50,dataset/Vinmec_2D/train/train_image/50.JPG,dataset/Vinmec_2D/train/train_label/label/50.PNG,SIM-3BB0300897,0691a2d8e3c5a81281e6c44278c0a7334f6f67784dbe40242934848420797918
1396,dataset/Vinmec_2D/train/train_image/1396.JPG,dataset/Vinmec_2D/train/train_label/label/1396.PNG,SIM-3BB0300897,daca83f2cb93054a6b161d9a8299c4909ccd15cdbc7ae1e76b0cfd4f8c9b31bc
1368,dataset/Vinmec_2D/train/train_image/1368.JPG,dataset/Vinmec_2D/train/train_label/label/1368.PNG,SIM-3BB0300897,33f886b705b8720fb9d50304ea137a9e46db6f5542ad84c57247341c50939578
1161,dataset/Vinmec_2D/train/train_image/1161.JPG,dataset/Vinmec_2D/train/train_label/label/1161.PNG,SIM-3BB0300897,8298fce05521f478adedf18f472e5d68173e2034f98eccffdc5267394a7b2a35
1052,dataset/Vinmec_2D/train/train_image/1052.JPG,dataset/Vinmec_2D/train/train_label/label/1052.PNG,SIM-4AEFBB7435,13beb1eb26026293a3d0d0b8b0dfc948f43d9c993787c260a27b0bc2d636fba2
941,dataset/Vinmec_2D/train/train_image/941.JPG,dataset/Vinmec_2D/train/train_label/label/941.PNG,SIM-4AEFBB7435,2882012f7a63cab728dc1beffe6f88b3acff8ee6bb2a5f02beb2f0a63f0ca181
481,dataset/Vinmec_2D/train/train_image/481.JPG,dataset/Vinmec_2D/train/train_label/label/481.PNG,SIM-4AEFBB7435,3badafde7b7afb61df23cb19b0cb39743032d8ea38065ca7c63a4bad2db8f322
35,dataset/Vinmec_2D/train/train_image/35.JPG,dataset/Vinmec_2D/train/train_label/label/35.PNG,SIM-7B393E3503,5ff83d055cf78356390ee8a7556e897f33fa53a3facc5ace9f64f460ebb00059
212,dataset/Vinmec_2D/train/train_image/212.JPG,dataset/Vinmec_2D/train/train_label/label/212.PNG,SIM-7B393E3503,5558395586d128d4bc788517d55b2b97c999d528389732bbc0d3ba73db8eb667
969,dataset/Vinmec_2D/train/train_image/969.JPG,dataset/Vinmec_2D/train/train_label/label/969.PNG,SIM-7B393E3503,6f6e8be2f3060c54c0e3b76e94f673b955b17af87efa41d11a262d35d95bfc78
139,dataset/Vinmec_2D/train/train_image/139.JPG,dataset/Vinmec_2D/train/train_label/label/139.PNG,SIM-7B393E3503,b2a8e07e31e7bf642199b6479aa859d5a43c7c5203ad55619ca44d5ac1b406da
367,dataset/Vinmec_2D/train/train_image/367.JPG,dataset/Vinmec_2D/train/train_label/label/367.PNG,SIM-A4A47521E7,6315a6c0ff330baef2592635a6d343f91ecfeece8536ab562db30776972b7078
788,dataset/Vinmec_2D/train/train_image/788.JPG,dataset/Vinmec_2D/train/train_label/label/788.PNG,SIM-AAF8C03DFC,af1a49454511a5a81d9db7ed82861331739414d51e623e10a4273c861855703e
731,dataset/Vinmec_2D/train/train_image/731.JPG,dataset/Vinmec_2D/train/train_label/label/731.PNG,SIM-5C0D445787,9f463c68471df5e24ab268d8c6d2db608586f69b0881b56eed29090aa221c927
161,dataset/Vinmec_2D/train/train_image/161.JPG,dataset/Vinmec_2D/train/train_label/label/161.PNG,SIM-BEC8635CFC,43605f3cfff9769f56da97c8d00ef0050bf6953781f494fdd25e45743ca680d2
674,dataset/Vinmec_2D/train/train_image/674.JPG,dataset/Vinmec_2D/train/train_label/label/674.PNG,SIM-BE4C560BC4,98d9dd1dc0d80dead39d441458f792e1347b7365eaeed40e482c8dc1dcb139e4
108,dataset/Vinmec_2D/train/train_image/108.JPG,dataset/Vinmec_2D/train/train_label/label/108.PNG,SIM-BE4C560BC4,4a92f22bb8a50cc2dfed1f81a4067f05790ced7666f43f2e69acd8e456621984
347,dataset/Vinmec_2D/train/train_image/347.JPG,dataset/Vinmec_2D/train/train_label/label/347.PNG,SIM-FE54AACB61,8bad7ee3322a5233b540b2a625081012f598973f8382f82923bf2c12ee4ce584
1320,dataset/Vinmec_2D/train/train_image/1320.JPG,dataset/Vinmec_2D/train/train_label/label/1320.PNG,SIM-705E34694D,0d1b4d2b3f89c5e3510310b6c5a2f2134bd1f61cbd1aeb43b67d58b058ea7559
949,dataset/Vinmec_2D/train/train_image/949.JPG,dataset/Vinmec_2D/train/train_label/label/949.PNG,SIM-705E34694D,7243716ccee7fa6275f6052a567890e87f0581537be209728dfb0ff1447a2548
462,dataset/Vinmec_2D/train/train_image/462.JPG,dataset/Vinmec_2D/train/train_label/label/462.PNG,SIM-9A0C4ADF34,3c37a5a54b8834824a99967c4d4fc88ac05c37533331a2c1c3a5e88366643691
723,dataset/Vinmec_2D/train/train_image/723.JPG,dataset/Vinmec_2D/train/train_label/label/723.PNG,SIM-1EE2BF97B3,7c72b11eba989e44521bbf87b632198240c75d53c2b56edde36cceaa4f15b33c
1057,dataset/Vinmec_2D/train/train_image/1057.JPG,dataset/Vinmec_2D/train/train_label/label/1057.PNG,SIM-1EFA994835,21b848a8b8efbdd02205b357dfa425af2b870d5d5ce62ae9b8869f381645bd7f
446,dataset/Vinmec_2D/train/train_image/446.JPG,dataset/Vinmec_2D/train/train_label/label/446.PNG,SIM-1E79D3511D,89a60106317033514eb8eaf7cd2cac0e1be0cebe312d774efbb6de920abccd5d
1462,dataset/Vinmec_2D/train/train_image/1462.JPG,dataset/Vinmec_2D/train/train_label/label/1462.PNG,SIM-1E79D3511D,2ffb47daa8177dfd3b43bff0182226a0d5f3d09e8bc952abadb4b2342c28d0bc
480,dataset/Vinmec_2D/train/train_image/480.JPG,dataset/Vinmec_2D/train/train_label/label/480.PNG,SIM-DEE0FE4C70,4a56da3a9a97fdb2c4848c43bacbf04e8fb96e75e2a4d1126e11b136ee9258c8
513,dataset/Vinmec_2D/train/train_image/513.JPG,dataset/Vinmec_2D/train/train_label/label/513.PNG,SIM-DEE0FE4C70,3ba20469fd4e7893573e41e69cd2aa92f8ed1ef6e563438928d5d0485e537974
1250,dataset/Vinmec_2D/train/train_image/1250.JPG,dataset/Vinmec_2D/train/train_label/label/1250.PNG,SIM-005A0CBEEE,efd6a97f398b89b10a62d5039e4f479c761a574b3190f665fd04e6ea393cedfc
286,dataset/Vinmec_2D/train/train_image/286.JPG,dataset/Vinmec_2D/train/train_label/label/286.PNG,SIM-005A0CBEEE,fab660be0a28230c3b70836053a3c40a08b6648e793d306c59eb29befa8d776c
31,dataset/Vinmec_2D/train/train_image/31.JPG,dataset/Vinmec_2D/train/train_label/label/31.PNG,SIM-C2B1B50C2E,8a1d36a0f7fb8322221ecfc52020582975c5d50143179fd7903942b6a3c8bd03
1266,dataset/Vinmec_2D/train/train_image/1266.JPG,dataset/Vinmec_2D/train/train_label/label/1266.PNG,SIM-C2B1B50C2E,ff3059a9cb7df9fad279a481c6c8f5899b272fc0007104f7fac2b7bc69e0ee52
858,dataset/Vinmec_2D/train/train_image/858.JPG,dataset/Vinmec_2D/train/train_label/label/858.PNG,SIM-42565BF9EA,14ff385e0f2a610654ad3cfddf0ba5a3a10f1e4b253854947a3c69ee84fbdcae
196,dataset/Vinmec_2D/train/train_image/196.JPG,dataset/Vinmec_2D/train/train_label/label/196.PNG,SIM-42565BF9EA,56d068c46fd733a4a66baaad19bd9655540d0d2d762d464d0ea341e8a2dc320c
1442,dataset/Vinmec_2D/train/train_image/1442.JPG,dataset/Vinmec_2D/train/train_label/label/1442.PNG,SIM-42565BF9EA,fed234e08db794786a564c99c25df9ba786fb001e37e881b6da7cac047ee4a8b
11,dataset/Vinmec_2D/train/train_image/11.JPG,dataset/Vinmec_2D/train/train_label/label/11.PNG,SIM-F263DAFE19,4ffd98b4e694275bad82f95e6d55b80e34d8687ea6f3361967c0d0be25806520
439,dataset/Vinmec_2D/train/train_image/439.JPG,dataset/Vinmec_2D/train/train_label/label/439.PNG,SIM-F263DAFE19,baba843cd25fea3b38d2a3f21d315c6c26ad5f0eae334ae6cf974b00e97a5ed4
1417,dataset/Vinmec_2D/train/train_image/1417.JPG,dataset/Vinmec_2D/train/train_label/label/1417.PNG,SIM-258EF2879B,55e2fd3d0029836cf21673c74b2a2ecf405e68b2ded2e330872c7d51266a8c21
1011,dataset/Vinmec_2D/train/train_image/1011.JPG,dataset/Vinmec_2D/train/train_label/label/1011.PNG,SIM-A778B846E0,827d604c44ed4d89a160f24236731150f3bb021d6e3e4b4980a5707167ac98ff
1321,dataset/Vinmec_2D/train/train_image/1321.JPG,dataset/Vinmec_2D/train/train_label/label/1321.PNG,SIM-A778B846E0,2e62632d59581e1411ee38017ea3a2f889d8f2f7fe653aa51b17e657c130a78a
719,dataset/Vinmec_2D/train/train_image/719.JPG,dataset/Vinmec_2D/train/train_label/label/719.PNG,SIM-A778B846E0,7c85c363e93d5e31a4437ead201f3fa710c807538536aea5881734ec74507bc7
607,dataset/Vinmec_2D/train/train_image/607.JPG,dataset/Vinmec_2D/train/train_label/label/607.PNG,SIM-A778B846E0,303d18ab9df7d1f00908d47772cf5b2227b5de81946b99d55b8fd252e5ad841c
423,dataset/Vinmec_2D/train/train_image/423.JPG,dataset/Vinmec_2D/train/train_label/label/423.PNG,SIM-ABD4425E45,952a62eb44f9857dfa4670b0374a73445fe4ac53fb25a43fff851a938f081905
95,dataset/Vinmec_2D/train/train_image/95.JPG,dataset/Vinmec_2D/train/train_label/label/95.PNG,SIM-ABD4425E45,11c776ac36b97ccba5c281f3948f57e759e60cb96cd390769b50248f9e29a66e
1424,dataset/Vinmec_2D/train/train_image/1424.JPG,dataset/Vinmec_2D/train/train_label/label/1424.PNG,SIM-352529081C,983d5efeb4135f493c1c19d3f76427580c4ac95477b4d31c1271e439660514fb
505,dataset/Vinmec_2D/train/train_image/505.JPG,dataset/Vinmec_2D/train/train_label/label/505.PNG,SIM-B74A039BD2,0474b9a935f786777b33e3b3200ace2836d7676c0ddaeecff7d0286a4409773a
725,dataset/Vinmec_2D/train/train_image/725.JPG,dataset/Vinmec_2D/train/train_label/label/725.PNG,SIM-D871EEE64E,44dec61f6131c799bea87b8be89ffb89119c7a9855f99c61b6912c436f8b3a94
1109,dataset/Vinmec_2D/train/train_image/1109.JPG,dataset/Vinmec_2D/train/train_label/label/1109.PNG,SIM-C743EB1183,18ab14c51618a9fc3f3156440f89e0a000764eaf0e6c752c80e3bfa13d10d020
583,dataset/Vinmec_2D/train/train_image/583.JPG,dataset/Vinmec_2D/train/train_label/label/583.PNG,SIM-B342C97298,37456335ab8b0153dd436294a61abd3216ad15e8c54d5bc98ba1f6d85126d3b9
655,dataset/Vinmec_2D/train/train_image/655.JPG,dataset/Vinmec_2D/train/train_label/label/655.PNG,SIM-64C4593262,5424190f8aa7353e92e9585d12233a1771ce46314725c2bcead817a47b8035c2
999,dataset/Vinmec_2D/train/train_image/999.JPG,dataset/Vinmec_2D/train/train_label/label/999.PNG,SIM-64C4593262,38521b2f8186d18bec13a3fb787d04530866f1c06927f49d33eafad0f7352535
182,dataset/Vinmec_2D/train/train_image/182.JPG,dataset/Vinmec_2D/train/train_label/label/182.PNG,SIM-64C4593262,8263e224fdeefdf4ea08a95ffe0d219d0c4913b3cd17d7a92e8986055e9b2980
720,dataset/Vinmec_2D/train/train_image/720.JPG,dataset/Vinmec_2D/train/train_label/label/720.PNG,SIM-64C4593262,fc0e5af16b1ec3473e8315df3cbb4f79058ac5c50b5cb6733a0cad6ccefe6f21
761,dataset/Vinmec_2D/train/train_image/761.JPG,dataset/Vinmec_2D/train/train_label/label/761.PNG,SIM-B36EF672E7,89f14ca64c89739bf18891cfe61f8319b5a51faf1eee2b843611624f43fd04e0
317,dataset/Vinmec_2D/train/train_image/317.JPG,dataset/Vinmec_2D/train/train_label/label/317.PNG,SIM-1400AEBE2D,074d4857cddc017ba23a2bbc2d73419b579a033c883b4f029a233a4518a692f1
435,dataset/Vinmec_2D/train/train_image/435.JPG,dataset/Vinmec_2D/train/train_label/label/435.PNG,SIM-1400AEBE2D,a1110c252e2e8342fcab9ddf4c787694751392c35fe5e4a5dec9efe847c1e093
1281,dataset/Vinmec_2D/train/train_image/1281.JPG,dataset/Vinmec_2D/train/train_label/label/1281.PNG,SIM-E3EAA2968A,5f5b754a5b2071056bf7adf88f5d891c5df2094d93f1b81581fb66b83879b79f
1310,dataset/Vinmec_2D/train/train_image/1310.JPG,dataset/Vinmec_2D/train/train_label/label/1310.PNG,SIM-30FF3EFB75,57d4f739224589808385d1b8baa6340db1ddf5ad8d67ae39082138a80b97b2cb
362,dataset/Vinmec_2D/train/train_image/362.JPG,dataset/Vinmec_2D/train/train_label/label/362.PNG,SIM-30FF3EFB75,64e62385267f74b0fea60076878e90078c766171ba3c14087380b23ea1396173
7,dataset/Vinmec_2D/train/train_image/7.JPG,dataset/Vinmec_2D/train/train_label/label/7.PNG,SIM-30FF3EFB75,2ab87390716f3d6f2edc1825e222efa498d58a5add73eb328b9d085a440a13e6
1284,dataset/Vinmec_2D/train/train_image/1284.JPG,dataset/Vinmec_2D/train/train_label/label/1284.PNG,SIM-78F429E5F1,5c6c1f91d4b5b259edb0b97d8e52bb454996c0ad7fee3284ab76b474ae55f70d
1434,dataset/Vinmec_2D/train/train_image/1434.JPG,dataset/Vinmec_2D/train/train_label/label/1434.PNG,SIM-78F429E5F1,fa235d708ee45ea35811b9e47d276504d3033b64a563ef1d2f47516c30958ea4
389,dataset/Vinmec_2D/train/train_image/389.JPG,dataset/Vinmec_2D/train/train_label/label/389.PNG,SIM-F30554FE18,2c13080257fd5a2afcd47266a8f013c873bfbd62a2a86bbc548d5b7ada8b226c
1247,dataset/Vinmec_2D/train/train_image/1247.JPG,dataset/Vinmec_2D/train/train_label/label/1247.PNG,SIM-F30554FE18,f5320f9d5e18ac4fa9fd41f918ce70a03815bcd15cb8b2d0ddc7942479475550
49,dataset/Vinmec_2D/train/train_image/49.JPG,dataset/Vinmec_2D/train/train_label/label/49.PNG,SIM-F30554FE18,3a96ff183679212d7b44bf2d5ee79597e37c9a81d60c4e45a841e16094b06e78
818,dataset/Vinmec_2D/train/train_image/818.JPG,dataset/Vinmec_2D/train/train_label/label/818.PNG,SIM-9A4CF9D351,36030764f01ec9804a7f289af08695dd7a46bd28eef8bcb694dd1417db4bd0e0
1020,dataset/Vinmec_2D/train/train_image/1020.JPG,dataset/Vinmec_2D/train/train_label/label/1020.PNG,SIM-23A3F38553,8c391d2b554ce253a78560cd64b392d188ab9922d4cd1fa1a4397bbb354c042b
390,dataset/Vinmec_2D/train/train_image/390.JPG,dataset/Vinmec_2D/train/train_label/label/390.PNG,SIM-23A3F38553,1c7d76cfa0a2c43a9b83712d87d267916530d3a351fae7f0d11cfa8a97010991
263,dataset/Vinmec_2D/train/train_image/263.JPG,dataset/Vinmec_2D/train/train_label/label/263.PNG,SIM-55F8187C7B,551287966f18ad5bd2030f4b67897f67a12907f43bd3f2870a6751ce0dc7fc57
379,dataset/Vinmec_2D/train/train_image/379.JPG,dataset/Vinmec_2D/train/train_label/label/379.PNG,SIM-55F8187C7B,8531c9205b83e44c785c7f9044ee56ed68ef263bd3ce2285b6ff947c5870865b
1297,dataset/Vinmec_2D/train/train_image/1297.JPG,dataset/Vinmec_2D/train/train_label/label/1297.PNG,SIM-55F8187C7B,1ccca689c1d5060bc6ead5eacfab1e0f356f784f39ab846c28b2fdb5bc953025
471,dataset/Vinmec_2D/train/train_image/471.JPG,dataset/Vinmec_2D/train/train_label/label/471.PNG,SIM-55F8187C7B,a14af34a684373fb9ea42942a40cec54f515d8fec3f51ac677fa5cd9f2065361
337,dataset/Vinmec_2D/train/train_image/337.JPG,dataset/Vinmec_2D/train/train_label/label/337.PNG,SIM-C188B37134,620712c5727a66a6e05a094387f559623a626607a6cdf3fdba0349e4a9020629
540,dataset/Vinmec_2D/train/train_image/540.JPG,dataset/Vinmec_2D/train/train_label/label/540.PNG,SIM-5B2D0C66BF,91fd291b4fceee8bd716b50f213e8b701fd93d6c05104741abfa8a4859f37d93
61,dataset/Vinmec_2D/train/train_image/61.JPG,dataset/Vinmec_2D/train/train_label/label/61.PNG,SIM-5B2D0C66BF,ca48f652f5f0ff886a22895edfeb163b291ea9783f1abe5961575ff6af5b6f3f
364,dataset/Vinmec_2D/train/train_image/364.JPG,dataset/Vinmec_2D/train/train_label/label/364.PNG,SIM-5B2D0C66BF,94797727acd33f4faeade193c6e44ca38f1572561ff566df0715d431619d6054
1119,dataset/Vinmec_2D/train/train_image/1119.JPG,dataset/Vinmec_2D/train/train_label/label/1119.PNG,SIM-5EEC210B4A,73cc243caf0bcc9d2bdf302a767153918a694f0e291a063f1067cdff1c588790
819,dataset/Vinmec_2D/train/train_image/819.JPG,dataset/Vinmec_2D/train/train_label/label/819.PNG,SIM-5EEC210B4A,9851e4b9f6f2e7488cc6d5f20b3e637443476c70a1dc91fa69b95fae534f3196
1103,dataset/Vinmec_2D/train/train_image/1103.JPG,dataset/Vinmec_2D/train/train_label/label/1103.PNG,SIM-5EEC210B4A,7996aa084b7cbc4bc18ede26b5c992355865a22e8872d22526729cb766dcb865
1414,dataset/Vinmec_2D/train/train_image/1414.JPG,dataset/Vinmec_2D/train/train_label/label/1414.PNG,SIM-BDCCBC50EF,110d53acd121a1984d148db341949cc49786cb909f0bf256f4c1c4c9f75b1c32
1102,dataset/Vinmec_2D/train/train_image/1102.JPG,dataset/Vinmec_2D/train/train_label/label/1102.PNG,SIM-BDCCBC50EF,7cbce6f8ef1e743821d0caf273cec93a2a6fb0fc8eeb6bcf61eaddc70e61526f
619,dataset/Vinmec_2D/train/train_image/619.JPG,dataset/Vinmec_2D/train/train_label/label/619.PNG,SIM-79153B0251,65df478130053fcbfec8a629a6481a3e954a44105055a2b506301ada57b8c418
1293,dataset/Vinmec_2D/train/train_image/1293.JPG,dataset/Vinmec_2D/train/train_label/label/1293.PNG,SIM-79153B0251,93885d74fe8effb7b9ae45937f24d0cabcdc9683beb4f4698bf0c8f3c7b0ee4c
968,dataset/Vinmec_2D/train/train_image/968.JPG,dataset/Vinmec_2D/train/train_label/label/968.PNG,SIM-79153B0251,7db9370de5a3e9e7b2cf6365a01dae32b55a5127ec05408f961283e368e41b23
702,dataset/Vinmec_2D/train/train_image/702.JPG,dataset/Vinmec_2D/train/train_label/label/702.PNG,SIM-79153B0251,485d82b20375df7fccd63580ceb14c6c283eb852a3414c0f269174e017df89e0
745,dataset/Vinmec_2D/train/train_image/745.JPG,dataset/Vinmec_2D/train/train_label/label/745.PNG,SIM-6DA22A514B,534e06c09a56d76890b08dab51604c592d4b2781ab2307d678741ecc2ca37379
497,dataset/Vinmec_2D/train/train_image/497.JPG,dataset/Vinmec_2D/train/train_label/label/497.PNG,SIM-6DA22A514B,4617a0c446b06eecdd047df840f016923743ec93079180e9e5629893a05393c8
901,dataset/Vinmec_2D/train/train_image/901.JPG,dataset/Vinmec_2D/train/train_label/label/901.PNG,SIM-BBA822421C,dbdb95b939f86fc51d76573e699e07bd0e0de351ecf8da1a0b2c400896c93532
28,dataset/Vinmec_2D/train/train_image/28.JPG,dataset/Vinmec_2D/train/train_label/label/28.PNG,SIM-BBA822421C,fc35d0fd59fe1099b4939745838e76075262815ff051b9d02cceb5d01f2792e4
131,dataset/Vinmec_2D/train/train_image/131.JPG,dataset/Vinmec_2D/train/train_label/label/131.PNG,SIM-BBA822421C,fdb9950c085f227a0773f2eb6016a16b901832f44027bbc896a2a826b4520f82
1436,dataset/Vinmec_2D/train/train_image/1436.JPG,dataset/Vinmec_2D/train/train_label/label/1436.PNG,SIM-4D4D5AAD8C,591f8c3e33eee58704d81ddab9665b7feb5578b908997c34c57b62b425aab0df
415,dataset/Vinmec_2D/train/train_image/415.JPG,dataset/Vinmec_2D/train/train_label/label/415.PNG,SIM-4D4D5AAD8C,5fd3c68ece95d97a03201f69e2bf15ff9d32d849b23ed1b3019e540530ab00bb
9,dataset/Vinmec_2D/train/train_image/9.JPG,dataset/Vinmec_2D/train/train_label/label/9.PNG,SIM-CEED2DFD67,a01ceecea66984767e9b5a4f287df2c7b373bd8566da0900255e2a60cfd0e606
232,dataset/Vinmec_2D/train/train_image/232.JPG,dataset/Vinmec_2D/train/train_label/label/232.PNG,SIM-CEED2DFD67,471032e43633f7805681007da0f9455732c6ef980bab1749a0672a4fb900be9c
355,dataset/Vinmec_2D/train/train_image/355.JPG,dataset/Vinmec_2D/train/train_label/label/355.PNG,SIM-CEED2DFD67,2845790dd329bba9fc6d9f1e00f94a060417d13a101d62d325dd3a96ce678206
198,dataset/Vinmec_2D/train/train_image/198.JPG,dataset/Vinmec_2D/train/train_label/label/198.PNG,SIM-CEED2DFD67,6764f33dea9072f0ca157341bd2bacfa4cc36e5758a18f759146fe01b665f407
52,dataset/Vinmec_2D/train/train_image/52.JPG,dataset/Vinmec_2D/train/train_label/label/52.PNG,SIM-2D7F058B60,d49001368c03388c3e13a84f126a359a1b94478e37e08807a97ef5691194474f
424,dataset/Vinmec_2D/train/train_image/424.JPG,dataset/Vinmec_2D/train/train_label/label/424.PNG,SIM-2D7F058B60,f63db553ea5790974d99256dad8fbe31775b5b1eb72b86b87f24cbbd33cab566
1118,dataset/Vinmec_2D/train/train_image/1118.JPG,dataset/Vinmec_2D/train/train_label/label/1118.PNG,SIM-2D7F058B60,e60db208490a92a59231659bd585690298742cbf3e0ddb34dcb5ddeb9ec513a3
1251,dataset/Vinmec_2D/train/train_image/1251.JPG,dataset/Vinmec_2D/train/train_label/label/1251.PNG,SIM-706E53231B,f91b765a5c5d51e2493e3491729537422905b254eb3dd93c25677a49c9efea86
615,dataset/Vinmec_2D/train/train_image/615.JPG,dataset/Vinmec_2D/train/train_label/label/615.PNG,SIM-DF191714BF,e3e5a03d518db13f425b3e73ce65b16649b18ba7726918654469ac235e9f988f
467,dataset/Vinmec_2D/train/train_image/467.JPG,dataset/Vinmec_2D/train/train_label/label/467.PNG,SIM-DF191714BF,6e52917824e1d310a9767fb8bc2ee88b2709df9c98f14a3731a07263192274c2
86,dataset/Vinmec_2D/train/train_image/86.JPG,dataset/Vinmec_2D/train/train_label/label/86.PNG,SIM-4DDCD7A8F2,d5d89a9744bcfba8ce9717cf9e9647eee60fa2ed3f34d6af6b92e611a835bfc5
1223,dataset/Vinmec_2D/train/train_image/1223.JPG,dataset/Vinmec_2D/train/train_label/label/1223.PNG,SIM-4DDCD7A8F2,00760bcf038a0f8fd268ea32c3c3aa2a78c184ccd3c65b4263d34b8055040113
311,dataset/Vinmec_2D/train/train_image/311.JPG,dataset/Vinmec_2D/train/train_label/label/311.PNG,SIM-4DDCD7A8F2,d50a94e401b924689a8b0e7135ee90ed4f7be4b27f969cb32c111cdf0ec98ce0
458,dataset/Vinmec_2D/train/train_image/458.JPG,dataset/Vinmec_2D/train/train_label/label/458.PNG,SIM-4DDCD7A8F2,af988aa586d0c01d30f14f67df185b0ed160b630e9116c9b7ac0ca6bc740005d
772,dataset/Vinmec_2D/train/train_image/772.JPG,dataset/Vinmec_2D/train/train_label/label/772.PNG,SIM-220C742E3C,2bfde31188cb3508b9f1fe6e9207d65f37fcda3091a3f6edd76a4801b0364588
338,dataset/Vinmec_2D/train/train_image/338.JPG,dataset/Vinmec_2D/train/train_label/label/338.PNG,SIM-3565B121DE,2b73907dffae3382049d38292240c8208634285f3e33a474cd62854b3ec84868
850,dataset/Vinmec_2D/train/train_image/850.JPG,dataset/Vinmec_2D/train/train_label/label/850.PNG,SIM-3565B121DE,b6273577d5f3dcb623530fbb08966e018023b8cc982a54153d2377a178368335
30,dataset/Vinmec_2D/train/train_image/30.JPG,dataset/Vinmec_2D/train/train_label/label/30.PNG,SIM-DFFCC245C3,9573f209e9d03193422839b2bd6e9fafd88b61ca6f29375af25a6a02fbec8085
711,dataset/Vinmec_2D/train/train_image/711.JPG,dataset/Vinmec_2D/train/train_label/label/711.PNG,SIM-DFFCC245C3,e759707c746cb4a7d0037b5b86a58163f8dccc892224a8eb121cdebd8e02ed21
722,dataset/Vinmec_2D/train/train_image/722.JPG,dataset/Vinmec_2D/train/train_label/label/722.PNG,SIM-DFFCC245C3,57e50f09d82fbee98d238cb32d6a6156798420e94d0317309cbbed1c978cce70
605,dataset/Vinmec_2D/train/train_image/605.JPG,dataset/Vinmec_2D/train/train_label/label/605.PNG,SIM-0954611D95,b5cecfda9b22fb42a79f49312f2ff32f2bc3b82d0f1e8dbccef3d431a646dbfc
1248,dataset/Vinmec_2D/train/train_image/1248.JPG,dataset/Vinmec_2D/train/train_label/label/1248.PNG,SIM-0954611D95,0d9b1d1b71c70150dc83f20c11acdd04e87721e9f7a663b6d9c38f03c34b8af0
1391,dataset/Vinmec_2D/train/train_image/1391.JPG,dataset/Vinmec_2D/train/train_label/label/1391.PNG,SIM-A8C2891894,694904f5315f1dfedb7fcd3edfed0e04df7063d9ff22efd62be5bb72c5b13eed
1060,dataset/Vinmec_2D/train/train_image/1060.JPG,dataset/Vinmec_2D/train/train_label/label/1060.PNG,SIM-CC7BADFCB9,6ac3330aeecaf7541922f9e43a4379063e24dc100b46dd15c3588a7391da379e
1289,dataset/Vinmec_2D/train/train_image/1289.JPG,dataset/Vinmec_2D/train/train_label/label/1289.PNG,SIM-CC7BADFCB9,fa40343377e88d4b753977d60ef6b24fc08cde77c4c39e7bce39dd22bd06abca
1107,dataset/Vinmec_2D/train/train_image/1107.JPG,dataset/Vinmec_2D/train/train_label/label/1107.PNG,SIM-0C44DD3E0A,e6068b485b5ae2d57afc383a328320e70d5f61a369ac7f16fcda2c6e51a63d93
461,dataset/Vinmec_2D/train/train_image/461.JPG,dataset/Vinmec_2D/train/train_label/label/461.PNG,SIM-C5980F0FB6,8dbf23b20c5d629f6295621710a49a76f1c1d67387d0400a478e12f1ef2229fc
635,dataset/Vinmec_2D/train/train_image/635.JPG,dataset/Vinmec_2D/train/train_label/label/635.PNG,SIM-C5980F0FB6,f00cd466d7de06f16c045bd72265c3679d23f2b43cea5d2b6c8d91559aa5900f
1249,dataset/Vinmec_2D/train/train_image/1249.JPG,dataset/Vinmec_2D/train/train_label/label/1249.PNG,SIM-C5980F0FB6,bc5d5b1a9eb1460b9bdbaa16da95118608e06b928863dd3d151e041937226983
223,dataset/Vinmec_2D/train/train_image/223.JPG,dataset/Vinmec_2D/train/train_label/label/223.PNG,SIM-C5980F0FB6,97f2722a9974cbb2585217e5681c5107fa967a39bf36c4d558166062091baf36
55,dataset/Vinmec_2D/train/train_image/55.JPG,dataset/Vinmec_2D/train/train_label/label/55.PNG,SIM-D529A143C6,6b8c08e791fcef1a3480627a7e83bbdd136843ca3a695011d53d51ec51899090
556,dataset/Vinmec_2D/train/train_image/556.JPG,dataset/Vinmec_2D/train/train_label/label/556.PNG,SIM-234FA73E9F,57786f7d50321fed2c9bc2e9aec2d393f8127d31c21ef30a20f4e1c7993a7ef9
409,dataset/Vinmec_2D/train/train_image/409.JPG,dataset/Vinmec_2D/train/train_label/label/409.PNG,SIM-CDAD2820CE,5537b08a80e5db9eab59432ccabce50b5ddf18d5477f3756959b297fb2baf8a5
975,dataset/Vinmec_2D/train/train_image/975.JPG,dataset/Vinmec_2D/train/train_label/label/975.PNG,SIM-CDAD2820CE,7b5db023edac0688cf3868235144e42289ce06f614e087dcb5853c5af373a467
881,dataset/Vinmec_2D/train/train_image/881.JPG,dataset/Vinmec_2D/train/train_label/label/881.PNG,SIM-5AEE3201F1,4be0299f513d2ad28a1befb0996612bea71ed64a3e23ee2520976ac3ef8966fd
81,dataset/Vinmec_2D/train/train_image/81.JPG,dataset/Vinmec_2D/train/train_label/label/81.PNG,SIM-5AEE3201F1,858bcb2196b0ba047a1167103c65cd7eb01883a45091cebd9bef035934d37389
935,dataset/Vinmec_2D/train/train_image/935.JPG,dataset/Vinmec_2D/train/train_label/label/935.PNG,SIM-DA9ADBCD17,6c18e213b9017f1545a5143ade978f20172c09df456ff339eb9569414a91a9a2
622,dataset/Vinmec_2D/train/train_image/622.JPG,dataset/Vinmec_2D/train/train_label/label/622.PNG,SIM-6AA003B6DC,dc1ac3cf41b5dcc98ff92012fb5d8fa6da5f269cf61177b5a3f850589e5a9cf5
130,dataset/Vinmec_2D/train/train_image/130.JPG,dataset/Vinmec_2D/train/train_label/label/130.PNG,SIM-6AA003B6DC,1d3247305f0f98878e46c79a9b7431ab6413f8dcbb9bb6b171cc7407dbd86c08
584,dataset/Vinmec_2D/train/train_image/584.JPG,dataset/Vinmec_2D/train/train_label/label/584.PNG,SIM-4216DEDB7B,09cbf7a9811d18d82a6ad3f357075650a434e05102f86ebf9e7054c1cebe1b41
486,dataset/Vinmec_2D/train/train_image/486.JPG,dataset/Vinmec_2D/train/train_label/label/486.PNG,SIM-4216DEDB7B,d426382d725b671fcc1dc26db1f68535b200ce5ca78c4c1fcf186278ca2f0432
938,dataset/Vinmec_2D/train/train_image/938.JPG,dataset/Vinmec_2D/train/train_label/label/938.PNG,SIM-4216DEDB7B,4d5d9667b3741019db64fd591b72b68a8d437afac4f2f45e67144fdae38c7ccf
920,dataset/Vinmec_2D/train/train_image/920.JPG,dataset/Vinmec_2D/train/train_label/label/920.PNG,SIM-010678754B,393b1350f478704d9ad732551e1e8533c76a88370f8231e906feee1a06c47f46
926,dataset/Vinmec_2D/train/train_image/926.JPG,dataset/Vinmec_2D/train/train_label/label/926.PNG,SIM-010678754B,59993fcf77a1e9c77c428c5f595884af4ee3edadf4ddd68e12bda04168df4161
721,dataset/Vinmec_2D/train/train_image/721.JPG,dataset/Vinmec_2D/train/train_label/label/721.PNG,SIM-010678754B,b46d308cf556e997aef284f150a932e180f8f75552e153f53a7c83dc76381412
294,dataset/Vinmec_2D/train/train_image/294.JPG,dataset/Vinmec_2D/train/train_label/label/294.PNG,SIM-0192016882,1e115610381f4701b9426aa99a4a878eeabd6e71d1502771712f3e774b0ba84b
1166,dataset/Vinmec_2D/train/train_image/1166.JPG,dataset/Vinmec_2D/train/train_label/label/1166.PNG,SIM-0192016882,234297e22b9d2246d53c21faa3fe693afb189d9c8b6f3ce89f56ecd8319d923a
321,dataset/Vinmec_2D/train/train_image/321.JPG,dataset/Vinmec_2D/train/train_label/label/321.PNG,SIM-0192016882,af238c5b6ac7a30db77498f5939b3b726cc82f92c1f339e4ca5155c86691a892
1160,dataset/Vinmec_2D/train/train_image/1160.JPG,dataset/Vinmec_2D/train/train_label/label/1160.PNG,SIM-0192016882,4bb48ea20f7c32478e32b34c295388a6c408c6467f1f3a198127ebbe429ac680
101,dataset/Vinmec_2D/train/train_image/101.JPG,dataset/Vinmec_2D/train/train_label/label/101.PNG,SIM-03AD5AC6F7,0ed90db8b6acf334e3bb139311b5e0e7b7fc9b969fbdd7322a994c9a43b0a508
277,dataset/Vinmec_2D/train/train_image/277.JPG,dataset/Vinmec_2D/train/train_label/label/277.PNG,SIM-C64770ABF3,e1434b689a0cf6a9579fb3bcb9a0a0225077e6a1c265f9918b9411972762d6a0
1059,dataset/Vinmec_2D/train/train_image/1059.JPG,dataset/Vinmec_2D/train/train_label/label/1059.PNG,SIM-C64770ABF3,dc5d7f3140888266f449432cb8367aaea525ee1025e0720da182914fb1b0c7c9
1193,dataset/Vinmec_2D/train/train_image/1193.JPG,dataset/Vinmec_2D/train/train_label/label/1193.PNG,SIM-74721F28EA,d4b984a240f937eb04bf09d14b3daf3d63bd2379a8e1f4e673ce02b3f98027dc
876,dataset/Vinmec_2D/train/train_image/876.JPG,dataset/Vinmec_2D/train/train_label/label/876.PNG,SIM-74721F28EA,080e1e91f7abaa2a75b4c3537e49617723454e24237e2e864392dc70a089ba84
239,dataset/Vinmec_2D/train/train_image/239.JPG,dataset/Vinmec_2D/train/train_label/label/239.PNG,SIM-7D863A24C3,5232a25b3d830a0b7007ea19171151d21d37128a420767632a9b18ee340e2589
289,dataset/Vinmec_2D/train/train_image/289.JPG,dataset/Vinmec_2D/train/train_label/label/289.PNG,SIM-0C22BCAF25,35a8cfb3a27a19f47d820bc95058097dffc4d5008bec2b2ef6c31e92f93c8094
398,dataset/Vinmec_2D/train/train_image/398.JPG,dataset/Vinmec_2D/train/train_label/label/398.PNG,SIM-0C22BCAF25,85b2cbfc1a4b0550f97951545df8953249164c156629105979fa35da59388cb0
903,dataset/Vinmec_2D/train/train_image/903.JPG,dataset/Vinmec_2D/train/train_label/label/903.PNG,SIM-0C22BCAF25,fb7cd640beec0ba3f4d612ac7ef4c71cd27e4bef256d9edbf8e1f560fff17070
1163,dataset/Vinmec_2D/train/train_image/1163.JPG,dataset/Vinmec_2D/train/train_label/label/1163.PNG,SIM-0C22BCAF25,b3b814bf8c3d66df4a7e72d8553194d3f8ef2afbb7214d992558c773bf663ec5
172,dataset/Vinmec_2D/train/train_image/172.JPG,dataset/Vinmec_2D/train/train_label/label/172.PNG,SIM-C942AD8A1A,bce6dcd39285711a76085e66ffc7c88dc08c00d486ed064be3312ddfeae0cb86
297,dataset/Vinmec_2D/train/train_image/297.JPG,dataset/Vinmec_2D/train/train_label/label/297.PNG,SIM-C942AD8A1A,9cb610d8364df546ff41b49be560fb11560fec2c98a11d62e62da4374057940b
756,dataset/Vinmec_2D/train/train_image/756.JPG,dataset/Vinmec_2D/train/train_label/label/756.PNG,SIM-C942AD8A1A,ce24d5304a2f5ed6ba9628b24fa7e1811a32c7e2b42aae07176434d2152c0bb6
1145,dataset/Vinmec_2D/train/train_image/1145.JPG,dataset/Vinmec_2D/train/train_label/label/1145.PNG,SIM-BD1E893066,d896c6d6968fbdf1e8c9a5f7a0b7e6cd3a777d6ac101fcc25e79c1c4cb4c22f1
1172,dataset/Vinmec_2D/train/train_image/1172.JPG,dataset/Vinmec_2D/train/train_label/label/1172.PNG,SIM-BF2F0CB823,ae5ca31fdff9729c3643ebc63a1271cf007c553dfb9b90a25587576fd8b0a0c2
489,dataset/Vinmec_2D/train/train_image/489.JPG,dataset/Vinmec_2D/train/train_label/label/489.PNG,SIM-AE9496F61E,29dfbb92547bb453d4cd2db2b13954ae126d64ba1d1a29fd19c831a84def1562
218,dataset/Vinmec_2D/train/train_image/218.JPG,dataset/Vinmec_2D/train/train_label/label/218.PNG,SIM-AE9496F61E,cecb309cdacec212b1dad7d5660191018d6564684adc30b94b5b1560c8afd2a5
1206,dataset/Vinmec_2D/train/train_image/1206.JPG,dataset/Vinmec_2D/train/train_label/label/1206.PNG,SIM-AE9496F61E,eb7bf6ad584d7ea9ab6a084913261b661fca3c084ac07e4f5987ea266ad37b41
32,dataset/Vinmec_2D/train/train_image/32.JPG,dataset/Vinmec_2D/train/train_label/label/32.PNG,SIM-994EA8E0C0,6b0610d5003fdeeb7b17c72c9180277d3f8665f1613711e0960e392005122616
1210,dataset/Vinmec_2D/train/train_image/1210.JPG,dataset/Vinmec_2D/train/train_label/label/1210.PNG,SIM-994EA8E0C0,1416af66b12bae646726ae59f280acb5d5386efa158afe0a57a0d666766bba9d
676,dataset/Vinmec_2D/train/train_image/676.JPG,dataset/Vinmec_2D/train/train_label/label/676.PNG,SIM-81040B538F,f3e27f319fd5098590cfa43092c35d2be758e0843830f85df6c596db88fa0133
1,dataset/Vinmec_2D/train/train_image/1.JPG,dataset/Vinmec_2D/train/train_label/label/1.PNG,SIM-81040B538F,c8de55e4ba5d1142e118b18764f3e225826243a0b6a62d349304de098489de1a
1128,dataset/Vinmec_2D/train/train_image/1128.JPG,dataset/Vinmec_2D/train/train_label/label/1128.PNG,SIM-EDA4E5F67E,4a75ba0babac446e26b9b9f5e46e6bcef6ddf49772c5dd129e645a5a392c4feb
1008,dataset/Vinmec_2D/train/train_image/1008.JPG,dataset/Vinmec_2D/train/train_label/label/1008.PNG,SIM-EDA4E5F67E,b947c8b915c3b46981dcc7577d367b7a6cd64611f268d927f29d880217654565
1263,dataset/Vinmec_2D/train/train_image/1263.JPG,dataset/Vinmec_2D/train/train_label/label/1263.PNG,SIM-B74FBB4316,1270ac8fcc26ba6a083184d43f06557b2d9d03945be881a006f4a7bbaed988ca
1041,dataset/Vinmec_2D/train/train_image/1041.JPG,dataset/Vinmec_2D/train/train_label/label/1041.PNG,SIM-5D17B43B01,dee0587d6d8a009dd58c4d4d0b4da3981936809eac71dc4ec774126311970f67
328,dataset/Vinmec_2D/train/train_image/328.JPG,dataset/Vinmec_2D/train/train_label/label/328.PNG,SIM-5D17B43B01,f8cf2adb25167ad8f10dec5c6b221139ce662daa94e525000fdafbad64bf0391
533,dataset/Vinmec_2D/train/train_image/533.JPG,dataset/Vinmec_2D/train/train_label/label/533.PNG,SIM-DED2A8A90E,8dbd90dbb7e40ca2599013f8eaef0a683fb0ad46e8c2232bc6e508781d0e864a
677,dataset/Vinmec_2D/train/train_image/677.JPG,dataset/Vinmec_2D/train/train_label/label/677.PNG,SIM-CC371A1F38,0c18a65d46d7197487000a432e9336eb3ee9eb3d3ce12cd5e5b7ab26105aad22
2,dataset/Vinmec_2D/train/train_image/2.JPG,dataset/Vinmec_2D/train/train_label/label/2.PNG,SIM-B2449E4151,fbc5de555c84434b411bb87a16347800761794e6be62cb99d72e0f0b6c7e29f9
77,dataset/Vinmec_2D/train/train_image/77.JPG,dataset/Vinmec_2D/train/train_label/label/77.PNG,SIM-B2449E4151,fa5dded972c184deb618a2f15169ab42cb69e6ff1e456000a4b78918e9a79ac0
927,dataset/Vinmec_2D/train/train_image/927.JPG,dataset/Vinmec_2D/train/train_label/label/927.PNG,SIM-B2449E4151,1c98f95e45ee419306b888d7fc9c0c07000dbcbe6d69f2818082189a6d5d1bc4
24,dataset/Vinmec_2D/train/train_image/24.JPG,dataset/Vinmec_2D/train/train_label/label/24.PNG,SIM-B2449E4151,24698614e9fab50af041faaf9d177c580080bd433d7bc73b1e9d5bbd41a2fc20
59,dataset/Vinmec_2D/train/train_image/59.JPG,dataset/Vinmec_2D/train/train_label/label/59.PNG,SIM-8CBE7BBE52,9e02cc750d23ff30497de45a9cafbbc1fcdae44804eed96360e22341e15ca860
1258,dataset/Vinmec_2D/train/train_image/1258.JPG,dataset/Vinmec_2D/train/train_label/label/1258.PNG,SIM-8CBE7BBE52,fbf92af93ac15f8d150c7025d9656048956a6d433ee52b37d2e6b588f02134f4
466,dataset/Vinmec_2D/train/train_image/466.JPG,dataset/Vinmec_2D/train/train_label/label/466.PNG,SIM-8CBE7BBE52,423c7931b850f41725a16ab17f755a40d42a32bb36969f7d644f9162a477a9af
738,dataset/Vinmec_2D/train/train_image/738.JPG,dataset/Vinmec_2D/train/train_label/label/738.PNG,SIM-DA3F9D5A0D,ed3c4ea04c2d8a3eebe3a58b9b43647402d27147f59868c412f72d71f4259994
668,dataset/Vinmec_2D/train/train_image/668.JPG,dataset/Vinmec_2D/train/train_label/label/668.PNG,SIM-DA3F9D5A0D,9e7eef834b0ab70b4ddef4f59f8e5130041c7f8cbd9412535bebfa36633832ec
1451,dataset/Vinmec_2D/train/train_image/1451.JPG,dataset/Vinmec_2D/train/train_label/label/1451.PNG,SIM-37567D8D81,16080359bdee0bd86285af31cd078bce8f132f6c644fab360c208e9c536e1e45
320,dataset/Vinmec_2D/train/train_image/320.JPG,dataset/Vinmec_2D/train/train_label/label/320.PNG,SIM-37567D8D81,3661498807676ce0ea171e35f9daaec97b56a7f4e6d4e5024ccde253a1c279bf
832,dataset/Vinmec_2D/train/train_image/832.JPG,dataset/Vinmec_2D/train/train_label/label/832.PNG,SIM-D88C1FF121,d1263cb980ba770bfb87b893c5899e6bb9186886d0a2fd1958629920de8f4f69
1334,dataset/Vinmec_2D/train/train_image/1334.JPG,dataset/Vinmec_2D/train/train_label/label/1334.PNG,SIM-D88C1FF121,c8c737a3c9361274888b4987539a1f0be4baa148eb63b5685d4ef27015700443
1318,dataset/Vinmec_2D/train/train_image/1318.JPG,dataset/Vinmec_2D/train/train_label/label/1318.PNG,SIM-8233A5B98D,455de534b887f86f25c98d61e2cf1c948fb085d547c49153aa8d5a174205e768
349,dataset/Vinmec_2D/train/train_image/349.JPG,dataset/Vinmec_2D/train/train_label/label/349.PNG,SIM-01871A6F61,632d21986067d0bc46dcbe6ba670a288c74af3e12db65cdf47209fa41e4984d4
1438,dataset/Vinmec_2D/train/train_image/1438.JPG,dataset/Vinmec_2D/train/train_label/label/1438.PNG,SIM-01871A6F61,5c123b2a5b6ea89d30f0c0470d35394816ad6dcc515b6f11481eebf8c2e6e21c
1027,dataset/Vinmec_2D/train/train_image/1027.JPG,dataset/Vinmec_2D/train/train_label/label/1027.PNG,SIM-01871A6F61,4e3cb357605fe124066b026887d2796e9c8c36d7b5796d66f60f27a4d7572413
771,dataset/Vinmec_2D/train/train_image/771.JPG,dataset/Vinmec_2D/train/train_label/label/771.PNG,SIM-01871A6F61,bb9904b02bfde3410e1d0bb45049afaa6518b7f37c4b8f2ca14a291c5ffb8cbd
1036,dataset/Vinmec_2D/train/train_image/1036.JPG,dataset/Vinmec_2D/train/train_label/label/1036.PNG,SIM-469FD61F6B,16b284a59d816d597e6db30fbd522561f3ac3edebc9118e1c401714d8f23aa11
259,dataset/Vinmec_2D/train/train_image/259.JPG,dataset/Vinmec_2D/train/train_label/label/259.PNG,SIM-469FD61F6B,a76636d73688a5c7c4d0962e9ce8532c2ebae5e0c6194bbf966651ccbc81705a
42,dataset/Vinmec_2D/train/train_image/42.JPG,dataset/Vinmec_2D/train/train_label/label/42.PNG,SIM-70EB4E1FBA,37cd6b14ac09efdbb1c77638db55cc9a734f7c2f41bd471b60f384d1eb4278a2
1105,dataset/Vinmec_2D/train/train_image/1105.JPG,dataset/Vinmec_2D/train/train_label/label/1105.PNG,SIM-2622FD1551,73b172580cc217e5aa545a7aba58e67c983978402883865e6c773b83653742f1
171,dataset/Vinmec_2D/train/train_image/171.JPG,dataset/Vinmec_2D/train/train_label/label/171.PNG,SIM-F5B60FFE60,132be5d297e4a81720e5a5ef0cb06f5036f626e4249bac413930d418105a58da
1001,dataset/Vinmec_2D/train/train_image/1001.JPG,dataset/Vinmec_2D/train/train_label/label/1001.PNG,SIM-9C48256A91,427e640efeec8c42dbda4e22b3830310c2427444a14f7b2e86941c508ae4b080
1058,dataset/Vinmec_2D/train/train_image/1058.JPG,dataset/Vinmec_2D/train/train_label/label/1058.PNG,SIM-9C48256A91,11dc0090e94ab8f9ff4e50e3a9178ee4128f5cb47f4b560a18c3aae32b3d61c8
717,dataset/Vinmec_2D/train/train_image/717.JPG,dataset/Vinmec_2D/train/train_label/label/717.PNG,SIM-BCD2D5D563,b327625ddc58acd68901c08d01a11fa6ac122feb306336ec86ceb1118444bf29
815,dataset/Vinmec_2D/train/train_image/815.JPG,dataset/Vinmec_2D/train/train_label/label/815.PNG,SIM-BCD2D5D563,bd28013b48bbb9bc4733b33e9e2abeb63479b3da7cd128dd84ff2bc561818837
360,dataset/Vinmec_2D/train/train_image/360.JPG,dataset/Vinmec_2D/train/train_label/label/360.PNG,SIM-BCD2D5D563,c96976aad7cce6df232eb6c72f697e3d253a39a0ecb650c3583a6d7dece28d10
1213,dataset/Vinmec_2D/train/train_image/1213.JPG,dataset/Vinmec_2D/train/train_label/label/1213.PNG,SIM-BCD2D5D563,683c2b0552428a30513be18ea2310e1080439933f253e2a844a9a95cf64e0ec2
1446,dataset/Vinmec_2D/train/train_image/1446.JPG,dataset/Vinmec_2D/train/train_label/label/1446.PNG,SIM-A5AEF4103C,188f5407cdca256d5245f7dff415052847489b903412f06816451b8fcbfc6c8c
1240,dataset/Vinmec_2D/train/train_image/1240.JPG,dataset/Vinmec_2D/train/train_label/label/1240.PNG,SIM-A5AEF4103C,492921254526598c15e30e787dd7fc6ff034f0e5aa6662f8048c772b6b074115
427,dataset/Vinmec_2D/train/train_image/427.JPG,dataset/Vinmec_2D/train/train_label/label/427.PNG,SIM-A5AEF4103C,796804e7ac14c2bfb6a49a34eee1190c449abf022c887b90e951d90340bdabb0
450,dataset/Vinmec_2D/train/train_image/450.JPG,dataset/Vinmec_2D/train/train_label/label/450.PNG,SIM-40A447EC40,4e393f758c0eb81153f95d65a1b3872bf29a275d0e18464eb6d501ccc88f93f2
43,dataset/Vinmec_2D/train/train_image/43.JPG,dataset/Vinmec_2D/train/train_label/label/43.PNG,SIM-6458A4DB34,5a42c60c34df1e5b759b11ab8092e1ee921db3e0ff7ad2dfd80a9d39e9a0ae7b
867,dataset/Vinmec_2D/train/train_image/867.JPG,dataset/Vinmec_2D/train/train_label/label/867.PNG,SIM-6458A4DB34,d09f20198e7bca040e818b6ffa781e3592cddbe50e9b551df64c9fc6f292109f
577,dataset/Vinmec_2D/train/train_image/577.JPG,dataset/Vinmec_2D/train/train_label/label/577.PNG,SIM-248A9A80F1,9668b90d0dda8f4b5aa050ed498019813b369d8e2cf1d01e7f5919c7580d55de
1265,dataset/Vinmec_2D/train/train_image/1265.JPG,dataset/Vinmec_2D/train/train_label/label/1265.PNG,SIM-248A9A80F1,256308f4188f3315a58394772b0b53e6c96022a59afb8b20922796203f18674a
312,dataset/Vinmec_2D/train/train_image/312.JPG,dataset/Vinmec_2D/train/train_label/label/312.PNG,SIM-248A9A80F1,ab2c51727480564abb2b74548e24741233f97bf4027bcbb7ecb838d65e607768
855,dataset/Vinmec_2D/train/train_image/855.JPG,dataset/Vinmec_2D/train/train_label/label/855.PNG,SIM-D2EBA487B1,fdc83bd43a102fc10cb8aaa8eda82a3572cc3b1c84eee339e72e4c9226c0824d
1346,dataset/Vinmec_2D/train/train_image/1346.JPG,dataset/Vinmec_2D/train/train_label/label/1346.PNG,SIM-59663A816E,68e11f142d6e9b32080a887fdf00329ff8bfe323833d7171cc1ce703a92061bd
669,dataset/Vinmec_2D/train/train_image/669.JPG,dataset/Vinmec_2D/train/train_label/label/669.PNG,SIM-59663A816E,c0ac90defd68c32bb8dd8ca020e31753be606a8b2307653e6e2b5c802aca759e
138,dataset/Vinmec_2D/train/train_image/138.JPG,dataset/Vinmec_2D/train/train_label/label/138.PNG,SIM-59663A816E,6af5e14b031510f498d37012151890427cd05d1624507f6d7adcd63b1c1330ae
1377,dataset/Vinmec_2D/train/train_image/1377.JPG,dataset/Vinmec_2D/train/train_label/label/1377.PNG,SIM-59663A816E,8d1dab68b72b825f964c6e5016f6c3bff8ee0281442fafe7edc5b1d450fed8ad
569,dataset/Vinmec_2D/train/train_image/569.JPG,dataset/Vinmec_2D/train/train_label/label/569.PNG,SIM-925C36C52E,2d5202b0ff3a53786e92c72aab7088c1f374999264e68bdca6af7091624f58b8
1286,dataset/Vinmec_2D/train/train_image/1286.JPG,dataset/Vinmec_2D/train/train_label/label/1286.PNG,SIM-925C36C52E,8a7eb8a03c60625c1da76f770627c3240bf0af8e2fac5b445579d6d7c223243c
852,dataset/Vinmec_2D/train/train_image/852.JPG,dataset/Vinmec_2D/train/train_label/label/852.PNG,SIM-925C36C52E,d0837a9620ddfa113d6cc840b0033f087a269b3d48a534f05f68ded9fec00345
695,dataset/Vinmec_2D/train/train_image/695.JPG,dataset/Vinmec_2D/train/train_label/label/695.PNG,SIM-925C36C52E,798f0b9d910be0b15345b98bdbe2ca3240b755ff392e945ed34b8ffded623368
1164,dataset/Vinmec_2D/train/train_image/1164.JPG,dataset/Vinmec_2D/train/train_label/label/1164.PNG,SIM-FACBA10186,316a3c3e770aab928acf3e9287242b4ccbd7b39ec1e396a31fd2710b11fd1aa9
17,dataset/Vinmec_2D/train/train_image/17.JPG,dataset/Vinmec_2D/train/train_label/label/17.PNG,SIM-FACBA10186,be3f8e2628845ede3705a6db0d34127ea9c5abb17f61ce7ef81264bef5e47a81
173,dataset/Vinmec_2D/train/train_image/173.JPG,dataset/Vinmec_2D/train/train_label/label/173.PNG,SIM-C40DF361D6,75176770d813fd3f8536e71a2f65d2535055a5dd16c034144f3fb3d4b09e1fa0
235,dataset/Vinmec_2D/train/train_image/235.JPG,dataset/Vinmec_2D/train/train_label/label/235.PNG,SIM-C40DF361D6,1385930b3b4679bcd7566f96e911f175535d65a751dfec519165acb6d80993c3
848,dataset/Vinmec_2D/train/train_image/848.JPG,dataset/Vinmec_2D/train/train_label/label/848.PNG,SIM-C40DF361D6,54bd5b91e632520135a2400200c2c769d6b7e468cb188690d5b2576f4790f48c
1064,dataset/Vinmec_2D/train/train_image/1064.JPG,dataset/Vinmec_2D/train/train_label/label/1064.PNG,SIM-C40DF361D6,5d417634f54aff3e054ee70dff289f53bae37db3609a538126d22c7c6750bfde
875,dataset/Vinmec_2D/train/train_image/875.JPG,dataset/Vinmec_2D/train/train_label/label/875.PNG,SIM-5A9A35DB04,cebcd5708bf2f83a156c935a071f70fdddcb10570df6ee1b3147317bfc3c5e79
1459,dataset/Vinmec_2D/train/train_image/1459.JPG,dataset/Vinmec_2D/train/train_label/label/1459.PNG,SIM-C26D57CEE6,31025ae6400a6b4240cdef1ff246455a7f0f90575b76331ce7a27326475285f6
1375,dataset/Vinmec_2D/train/train_image/1375.JPG,dataset/Vinmec_2D/train/train_label/label/1375.PNG,SIM-C26D57CEE6,a8b22bf4775d88a0939e34ede1164cfd338a4c211f259e46e2bc02b4466aa3a0
527,dataset/Vinmec_2D/train/train_image/527.JPG,dataset/Vinmec_2D/train/train_label/label/527.PNG,SIM-433666F3B9,3a94c088e2906ba917453c44fb6996c8acea0892cbc7765f9a9a2e756f11d806
1349,dataset/Vinmec_2D/train/train_image/1349.JPG,dataset/Vinmec_2D/train/train_label/label/1349.PNG,SIM-433666F3B9,040cc51e3f139b215b052079d679433c9e01c85b1cd9f8482b5f7c1da51ef9a5
597,dataset/Vinmec_2D/train/train_image/597.JPG,dataset/Vinmec_2D/train/train_label/label/597.PNG,SIM-433666F3B9,91eb88fe8685e61038c959e77ee8050e69312785c1f29617c06b9b80698fd838
857,dataset/Vinmec_2D/train/train_image/857.JPG,dataset/Vinmec_2D/train/train_label/label/857.PNG,SIM-433666F3B9,0cbaae8c0cf9583ca5769e577fda078e87273bbf9e0c54143a4c1434acdd023c
726,dataset/Vinmec_2D/train/train_image/726.JPG,dataset/Vinmec_2D/train/train_label/label/726.PNG,SIM-D306AD7052,cd13cea444ce32f276e8bae8815f470fb247f9f9d74014f96883746d1b38c7c0
575,dataset/Vinmec_2D/train/train_image/575.JPG,dataset/Vinmec_2D/train/train_label/label/575.PNG,SIM-D306AD7052,14fdcd5030951de8c59ab6a8ad163200d3e0bcd2c41cf12c8bfe0c7ff5e4b2e5
282,dataset/Vinmec_2D/train/train_image/282.JPG,dataset/Vinmec_2D/train/train_label/label/282.PNG,SIM-D306AD7052,c222343f1114ca8f0faa8cd35c8d53cdc655fdd915a174945c13a1d018f4ffc0
372,dataset/Vinmec_2D/train/train_image/372.JPG,dataset/Vinmec_2D/train/train_label/label/372.PNG,SIM-D306AD7052,30812f97407d8d35416fa10da0b15f350133c0167fc7ba70d46827ba62100dc3
426,dataset/Vinmec_2D/train/train_image/426.JPG,dataset/Vinmec_2D/train/train_label/label/426.PNG,SIM-F4C3D74063,be4b55273ef205d9a2994fe7420c15eaa0ba77722eca4683cce8725fa9f6e899
348,dataset/Vinmec_2D/train/train_image/348.JPG,dataset/Vinmec_2D/train/train_label/label/348.PNG,SIM-3D8A7187BC,a43d3df3c76d3c18c5d10c6256ea595c5fdbbfcf8a44218b3f8ba5d7f74c2505
645,dataset/Vinmec_2D/train/train_image/645.JPG,dataset/Vinmec_2D/train/train_label/label/645.PNG,SIM-3D8A7187BC,b0bbeaf0f2884afcc378ba09af640d51962dbac79117bc6db10120f7f6b9d1bc
395,dataset/Vinmec_2D/train/train_image/395.JPG,dataset/Vinmec_2D/train/train_label/label/395.PNG,SIM-3D8A7187BC,b863cbf86997b4a5e048eb834844a7dcd8a27203c6f48b1deb1e27874c253a4c
924,dataset/Vinmec_2D/train/train_image/924.JPG,dataset/Vinmec_2D/train/train_label/label/924.PNG,SIM-2C401F9D86,da1d538bfadd047cde2f6fce358904fa3b31b150dc0d61aff96c896326d6317e
908,dataset/Vinmec_2D/train/train_image/908.JPG,dataset/Vinmec_2D/train/train_label/label/908.PNG,SIM-2C401F9D86,e67b313db0be3dd8e85639d3f544a6a959e9d662d03fc8f66326360c09bc638a
279,dataset/Vinmec_2D/train/train_image/279.JPG,dataset/Vinmec_2D/train/train_label/label/279.PNG,SIM-F847D1BEA1,c404cad839c62f76f2c80f6afb759c6b4b9b79c25850c32e9d5f5fcb63a3d065
93,dataset/Vinmec_2D/train/train_image/93.JPG,dataset/Vinmec_2D/train/train_label/label/93.PNG,SIM-F847D1BEA1,c22d7e503fa7e56b9a96e8138f480f2ad0e19a3c0d085f2a83f58f8a5fad7743
590,dataset/Vinmec_2D/train/train_image/590.JPG,dataset/Vinmec_2D/train/train_label/label/590.PNG,SIM-F847D1BEA1,e338bcb3b7996f5770e6c80f7236dd0e822ab3e2c8db0041082fd48368fade92
555,dataset/Vinmec_2D/train/train_image/555.JPG,dataset/Vinmec_2D/train/train_label/label/555.PNG,SIM-5F99393B36,288c88be58d1b3c0f1e802715465a5825fdff2fda5ad192f140f9eec21b0d320
1292,dataset/Vinmec_2D/train/train_image/1292.JPG,dataset/Vinmec_2D/train/train_label/label/1292.PNG,SIM-CCBEBA7FB5,8a4e47ebd4ee16d36067773ba992d44a83972cda64d11f24debc0070441d5f2f
478,dataset/Vinmec_2D/train/train_image/478.JPG,dataset/Vinmec_2D/train/train_label/label/478.PNG,SIM-2D74302CD8,7d08024ce8bdc2bb45d9baa083bd773e05b22774217ff3b0cd8ea1a06eea1edf
928,dataset/Vinmec_2D/train/train_image/928.JPG,dataset/Vinmec_2D/train/train_label/label/928.PNG,SIM-CBBBD1F07A,9e051b2b8b5686230052e4eb407650beff9482758612345f8c33fa873e4cc030
58,dataset/Vinmec_2D/train/train_image/58.JPG,dataset/Vinmec_2D/train/train_label/label/58.PNG,SIM-B17B30208E,90f449b9245d78cd32de04731a1789b5bbdf76932a89e4014102e2b440b2b7a9
983,dataset/Vinmec_2D/train/train_image/983.JPG,dataset/Vinmec_2D/train/train_label/label/983.PNG,SIM-28E5A963A4,a18a99cdcbe30c8d0ffd99e0954560ba6f1336cdbcd2c5cb7fc78beafb17c951
724,dataset/Vinmec_2D/train/train_image/724.JPG,dataset/Vinmec_2D/train/train_label/label/724.PNG,SIM-28E5A963A4,e66c019ab46ac36c48d6fcfe74c5a8780e607ebb89a4675999ce6f4acaf4d997
251,dataset/Vinmec_2D/train/train_image/251.JPG,dataset/Vinmec_2D/train/train_label/label/251.PNG,SIM-928FFD913E,d24f00544ce98874f980c93049ee2de571837707bf3c2d25b6122e800ace0c51
1356,dataset/Vinmec_2D/train/train_image/1356.JPG,dataset/Vinmec_2D/train/train_label/label/1356.PNG,SIM-928FFD913E,8ab9d287263be9dae39fb62de7d3ba8b07fc565a9265eae0b21edc20f7a99d46
683,dataset/Vinmec_2D/train/train_image/683.JPG,dataset/Vinmec_2D/train/train_label/label/683.PNG,SIM-22FC7D08E2,8397d9f5b6ca895a878a9167df95fd41b72ca6544bdd4fdb1198f41ac12061c7
1429,dataset/Vinmec_2D/train/train_image/1429.JPG,dataset/Vinmec_2D/train/train_label/label/1429.PNG,SIM-22FC7D08E2,08fdacb4eb696d9b3debbdf280afda20592377a9ad5e03209543a5c733e15485
798,dataset/Vinmec_2D/train/train_image/798.JPG,dataset/Vinmec_2D/train/train_label/label/798.PNG,SIM-33FC492DA1,757b4f23c8eca983d566932466b301bdf84f111fbe802d75b59b62d889799af7
940,dataset/Vinmec_2D/train/train_image/940.JPG,dataset/Vinmec_2D/train/train_label/label/940.PNG,SIM-33FC492DA1,042253c6e09624b9546ba339531347e34ed76a2e3d4e6bb9825efeaf3419f6bf
1448,dataset/Vinmec_2D/train/train_image/1448.JPG,dataset/Vinmec_2D/train/train_label/label/1448.PNG,SIM-33FC492DA1,a7155f39e8cceeae8977e009fe412f20805b7fd2a597f2c5ab274c584c662ace
777,dataset/Vinmec_2D/train/train_image/777.JPG,dataset/Vinmec_2D/train/train_label/label/777.PNG,SIM-33FC492DA1,3c49eb1b6d92f7cf87b46d297618905bd64d11d59a829e69a6bd213eacbc3da4
1142,dataset/Vinmec_2D/train/train_image/1142.JPG,dataset/Vinmec_2D/train/train_label/label/1142.PNG,SIM-40EDBED2FB,f677fd5c4ad8cfcadc84c7c91ed5d71c818358cab052f31a2d8aeddcc888c6d0
376,dataset/Vinmec_2D/train/train_image/376.JPG,dataset/Vinmec_2D/train/train_label/label/376.PNG,SIM-40EDBED2FB,83b4dd74abfe662fada2bfe5bc9d7bacb35842fc6bd6086d804e62fc2bc1784a
291,dataset/Vinmec_2D/train/train_image/291.JPG,dataset/Vinmec_2D/train/train_label/label/291.PNG,SIM-8D7AF90C35,07cb4206e12d32c0d2fbdd4c95b2d4c18d5383fe0e0bc28e36a9c89b07b838e5
1437,dataset/Vinmec_2D/train/train_image/1437.JPG,dataset/Vinmec_2D/train/train_label/label/1437.PNG,SIM-8D7AF90C35,66f69f5a96e6373ddcadd8d0c9cb16365e71ed4e6f87fb07a3e0d8e17dc311b1
1195,dataset/Vinmec_2D/train/train_image/1195.JPG,dataset/Vinmec_2D/train/train_label/label/1195.PNG,SIM-8D7AF90C35,fad3f02a19727ac105328bf6ded9e7a83272455aebbf42bf21f747488582f30b
1456,dataset/Vinmec_2D/train/train_image/1456.JPG,dataset/Vinmec_2D/train/train_label/label/1456.PNG,SIM-22232413EF,557fc4c4ef13300273e45bccea846e5dc8b43310f0af1043613b11cdf5983af8
1332,dataset/Vinmec_2D/train/train_image/1332.JPG,dataset/Vinmec_2D/train/train_label/label/1332.PNG,SIM-22232413EF,b8dc645f2773c5b44f387e98e0f3ac8345e88cdc79c9cd58c9b735a6e6586bf5
65,dataset/Vinmec_2D/train/train_image/65.JPG,dataset/Vinmec_2D/train/train_label/label/65.PNG,SIM-48D992287D,297f86b13f516d6e27e3455dc33b93f23b1f8a44563bb0529f3c9cb22c2b3bfa
53,dataset/Vinmec_2D/train/train_image/53.JPG,dataset/Vinmec_2D/train/train_label/label/53.PNG,SIM-F4AE2D88EB,d8ff906ba6af98445338638a18c7c62eb569fab394ae2a930834769139746c6d
425,dataset/Vinmec_2D/train/train_image/425.JPG,dataset/Vinmec_2D/train/train_label/label/425.PNG,SIM-F4AE2D88EB,0ed2714fae1b8235ecbafc03002ac2368c3bfa2785112c2b473f87788dc8aa5f
628,dataset/Vinmec_2D/train/train_image/628.JPG,dataset/Vinmec_2D/train/train_label/label/628.PNG,SIM-E4C91A8545,86d0372ee564aa0415325aae68d526f27b69d1353aab5d2ba92be41bfcef7e5b
233,dataset/Vinmec_2D/train/train_image/233.JPG,dataset/Vinmec_2D/train/train_label/label/233.PNG,SIM-E4C91A8545,252f437c3fef6b0099877d934b2cc0b19c357f99bafde9d5e1cc4b65ec47aa37
329,dataset/Vinmec_2D/train/train_image/329.JPG,dataset/Vinmec_2D/train/train_label/label/329.PNG,SIM-4E48B3F4C9,c6de405311651418d643c13e231224a9c312c438da5d40b3856c33c451c74da3
416,dataset/Vinmec_2D/train/train_image/416.JPG,dataset/Vinmec_2D/train/train_label/label/416.PNG,SIM-C553511D4F,b6e35ae5c512c201b468b4559bf7779467472d8c2ac703abb73ae21d6f31f214
1372,dataset/Vinmec_2D/train/train_image/1372.JPG,dataset/Vinmec_2D/train/train_label/label/1372.PNG,SIM-C553511D4F,6090373bf36a7e1585c274c178f98ea4e7c16e88606713d15c879672e26032e1
397,dataset/Vinmec_2D/train/train_image/397.JPG,dataset/Vinmec_2D/train/train_label/label/397.PNG,SIM-ED45DECAF4,8d3185b2cae945c91adf5167fa1982ba607e9b4ea4d51d32fc5778d8bc8fc651
1158,dataset/Vinmec_2D/train/train_image/1158.JPG,dataset/Vinmec_2D/train/train_label/label/1158.PNG,SIM-ED45DECAF4,acdae2318c29a1e4b383c8d885cce2d2b8fe7e095348297ad9cc4d0b3fc017a7
1207,dataset/Vinmec_2D/train/train_image/1207.JPG,dataset/Vinmec_2D/train/train_label/label/1207.PNG,SIM-12264C446F,bb200b4c956e744a6dea9d73cc4bf98a9c9e421b56bd84cb2227ef76506664a7
407,dataset/Vinmec_2D/train/train_image/407.JPG,dataset/Vinmec_2D/train/train_label/label/407.PNG,SIM-12264C446F,741719f809fc10e0c34608318bbea2bd787daa86a94e512ff12f678d70124201
974,dataset/Vinmec_2D/train/train_image/974.JPG,dataset/Vinmec_2D/train/train_label/label/974.PNG,SIM-8472D2B766,85a4c4bcf178acbd5d368afdf0c90e347f6a86901b402709fbf7fc5e61ba505d
54,dataset/Vinmec_2D/train/train_image/54.JPG,dataset/Vinmec_2D/train/train_label/label/54.PNG,SIM-8472D2B766,19e1278ce555be5e75da7fcb7f14f83c8d44d8c000b828f853d352a2141db1f9
733,dataset/Vinmec_2D/train/train_image/733.JPG,dataset/Vinmec_2D/train/train_label/label/733.PNG,SIM-8472D2B766,7dbce7e76ba7dc724882f584806aa0e3b8f61f3d7f8e87149447751565f34367
335,dataset/Vinmec_2D/train/train_image/335.JPG,dataset/Vinmec_2D/train/train_label/label/335.PNG,SIM-9E184B692F,f94b7c70b207432cc24634754afa8de4d4b85e834d03bc04091b0f9628662004
1309,dataset/Vinmec_2D/train/train_image/1309.JPG,dataset/Vinmec_2D/train/train_label/label/1309.PNG,SIM-52C81DE659,828d69aa2a863b434be8496bcff976fede87332b52fcc17702727a299cb4f2b4
986,dataset/Vinmec_2D/train/train_image/986.JPG,dataset/Vinmec_2D/train/train_label/label/986.PNG,SIM-52C81DE659,83aff02df10b595911f4dbae6f41062ab5550f0f425f4e33fa35610d75135d6c
1449,dataset/Vinmec_2D/train/train_image/1449.JPG,dataset/Vinmec_2D/train/train_label/label/1449.PNG,SIM-D013EB4255,6f5c8688169d341a81f6c3ad96d63c56dc0456a695f9a87af9e4a9b0ba27e262
910,dataset/Vinmec_2D/train/train_image/910.JPG,dataset/Vinmec_2D/train/train_label/label/910.PNG,SIM-5CA4725FC1,0557fac8ca66f891bd3b6753e9b29127ada51403ef012d9b24043dad057f7c60
1138,dataset/Vinmec_2D/train/train_image/1138.JPG,dataset/Vinmec_2D/train/train_label/label/1138.PNG,SIM-5CA4725FC1,ecf004faa6651b9969fa4c564d22edd5fd76088f573e32686ac2810e20a2aa4f
799,dataset/Vinmec_2D/train/train_image/799.JPG,dataset/Vinmec_2D/train/train_label/label/799.PNG,SIM-5CA4725FC1,a7c4ea90b6c13b1f37cb174bca3c8c7c7fac75be66d3a43d5b1ed3587cc18c1c
1044,dataset/Vinmec_2D/train/train_image/1044.JPG,dataset/Vinmec_2D/train/train_label/label/1044.PNG,SIM-56668B56B6,ecfc31a84efb80fd2b39d77547c4cac2fc1ef77db408b7cb6f236a405489fc1b
1419,dataset/Vinmec_2D/train/train_image/1419.JPG,dataset/Vinmec_2D/train/train_label/label/1419.PNG,SIM-45363BC598,07ca2684f0e585dc393b6792eb42581101ce4dfdfec2cb932c43756109cc5b4a
1457,dataset/Vinmec_2D/train/train_image/1457.JPG,dataset/Vinmec_2D/train/train_label/label/1457.PNG,SIM-45363BC598,da832ab7eaab9d43ed877691f9ac4f79c68b6cd3e902aa0d3b38e3eb34a74ec9
13,dataset/Vinmec_2D/train/train_image/13.JPG,dataset/Vinmec_2D/train/train_label/label/13.PNG,SIM-C6B6E672EE,40088b07fb07dc90a1c6df0f232f29b51ee5db0a91f88b3fee251a59e2741678
1256,dataset/Vinmec_2D/train/train_image/1256.JPG,dataset/Vinmec_2D/train/train_label/label/1256.PNG,SIM-C6B6E672EE,e7132a15ccb2c34bdef026287076414335b87e6e5572fbcfb47986b4f2b00751
624,dataset/Vinmec_2D/train/train_image/624.JPG,dataset/Vinmec_2D/train/train_label/label/624.PNG,SIM-C71E06FF19,eabe96962a3b8f2a7094bb7517307443276995ec55a1f2fa5dad7bd93093a0ce
417,dataset/Vinmec_2D/train/train_image/417.JPG,dataset/Vinmec_2D/train/train_label/label/417.PNG,SIM-C71E06FF19,94d4c4362228baa7888956cf196afe12cf7544906438b4befaffa3eadc9dccdd
104,dataset/Vinmec_2D/train/train_image/104.JPG,dataset/Vinmec_2D/train/train_label/label/104.PNG,SIM-C71E06FF19,cf809ff093961161905d49ccdcc7421266eb7d3765638175c99f3d091c687093
67,dataset/Vinmec_2D/train/train_image/67.JPG,dataset/Vinmec_2D/train/train_label/label/67.PNG,SIM-C71E06FF19,6775a4c13f4343432e97516005843c2a0cc81d096a8af77986cbc9f4a2698d33
1245,dataset/Vinmec_2D/train/train_image/1245.JPG,dataset/Vinmec_2D/train/train_label/label/1245.PNG,SIM-6BFD89E407,0b6a898b7f7b053e987879bd3c73aa18769f97316a83fdb630ac008f570b882c
755,dataset/Vinmec_2D/train/train_image/755.JPG,dataset/Vinmec_2D/train/train_label/label/755.PNG,SIM-6BFD89E407,e662d4a6a6f910fc216f46a2dba26006d8474270dd7fd4ccc1e8c0388e9bc6be
1296,dataset/Vinmec_2D/train/train_image/1296.JPG,dataset/Vinmec_2D/train/train_label/label/1296.PNG,SIM-AD0CF43A62,c65f48aa7d350474e826b526dcdbbb96c9ae9e521d87d94d820794721f89a065
1280,dataset/Vinmec_2D/train/train_image/1280.JPG,dataset/Vinmec_2D/train/train_label/label/1280.PNG,SIM-BF6FE8C74F,aee15b8a3d343a3f30e4236348760d499b838dbdc871ae11dd6d8a374d9efb6b
1402,dataset/Vinmec_2D/train/train_image/1402.JPG,dataset/Vinmec_2D/train/train_label/label/1402.PNG,SIM-BF6FE8C74F,d4c405571ce08abff76d9470187eb8ac48bc09b6a0c12de34d81839e517a2693
526,dataset/Vinmec_2D/train/train_image/526.JPG,dataset/Vinmec_2D/train/train_label/label/526.PNG,SIM-13DAB0E0B7,b1002f229d22d0c38f98a3dac340f637416e7664104f13e08e6893a522b21d39
641,dataset/Vinmec_2D/train/train_image/641.JPG,dataset/Vinmec_2D/train/train_label/label/641.PNG,SIM-13DAB0E0B7,ba6ff96aa3acc9a7a36175adba6338527c5f8491ddf82cb2e46775b845c6517f
238,dataset/Vinmec_2D/train/train_image/238.JPG,dataset/Vinmec_2D/train/train_label/label/238.PNG,SIM-13DAB0E0B7,f29d531d4e2be84b95cc302b3d27a80c02b04847cc97ece6f49da3c8cce2f46b
1098,dataset/Vinmec_2D/train/train_image/1098.JPG,dataset/Vinmec_2D/train/train_label/label/1098.PNG,SIM-A025E40747,b92db1d0c0ef90c2d6c514e71f9d6d6c0b33166b476bd482a6c9ae3e228b9b19
1361,dataset/Vinmec_2D/train/train_image/1361.JPG,dataset/Vinmec_2D/train/train_label/label/1361.PNG,SIM-038150BCDF,a83f006bc372045b221c6532d330dce4e59ba896795bb9a2738b1496207b961f
1150,dataset/Vinmec_2D/train/train_image/1150.JPG,dataset/Vinmec_2D/train/train_label/label/1150.PNG,SIM-038150BCDF,6c19d2be4aba8fe89fd86723c1397b91fb52d16e15afa86b5a3e74de54e6f16c
119,dataset/Vinmec_2D/train/train_image/119.JPG,dataset/Vinmec_2D/train/train_label/label/119.PNG,SIM-64463CF472,8c4c0632a599e57edb628e2d2048431662d60d8acd2d58e3baf919061e0da156
754,dataset/Vinmec_2D/train/train_image/754.JPG,dataset/Vinmec_2D/train/train_label/label/754.PNG,SIM-A5A675BEAB,ee6ffa41d2b08832616b895f81c60277edab4a8c04e525167f8823d1bb2f8d6d
706,dataset/Vinmec_2D/train/train_image/706.JPG,dataset/Vinmec_2D/train/train_label/label/706.PNG,SIM-A5A675BEAB,02e3d455a89e74d27d74852efbf010eea25e05024ae6105ebe8faf7afa5f0b57
1362,dataset/Vinmec_2D/train/train_image/1362.JPG,dataset/Vinmec_2D/train/train_label/label/1362.PNG,SIM-A5A675BEAB,761c080f16be52ff935beb72b28f8cbbbf266eb0227c54f0e22af622e076fc50
183,dataset/Vinmec_2D/train/train_image/183.JPG,dataset/Vinmec_2D/train/train_label/label/183.PNG,SIM-A5A675BEAB,9d279f7d20889faf5da5c4f12465326ff2828913d763e5bac30805bac3c0ae64
746,dataset/Vinmec_2D/train/train_image/746.JPG,dataset/Vinmec_2D/train/train_label/label/746.PNG,SIM-7BB0807CA8,baf8d87a05d45da574fc071b112dfe2759f79d69591ba071865e1910ab4200fb
34,dataset/Vinmec_2D/train/train_image/34.JPG,dataset/Vinmec_2D/train/train_label/label/34.PNG,SIM-7BB0807CA8,085aeb88b33dd75185c4c4529195e615f65f13f18f8c05551df6b815610f26d4
1447,dataset/Vinmec_2D/train/train_image/1447.JPG,dataset/Vinmec_2D/train/train_label/label/1447.PNG,SIM-7BB0807CA8,53f5b8369f1c862885244d34f4730269b6697d9073f54dd480766a4b96d157e9
709,dataset/Vinmec_2D/train/train_image/709.JPG,dataset/Vinmec_2D/train/train_label/label/709.PNG,SIM-7BB0807CA8,d510dd2b73f61b9b25071a77ee5ac3809e77cec11d5fae36679556c9849c143c
907,dataset/Vinmec_2D/train/train_image/907.JPG,dataset/Vinmec_2D/train/train_label/label/907.PNG,SIM-CA7B081069,a2c9314285861801b6e9d886d68348352740e001934d686cb60bacc7bc097140
1174,dataset/Vinmec_2D/train/train_image/1174.JPG,dataset/Vinmec_2D/train/train_label/label/1174.PNG,SIM-CA7B081069,f0e7b4ba8868aeb6444087a7c8eaa6568400fae63b7311d73e3361d44cd4133d
951,dataset/Vinmec_2D/train/train_image/951.JPG,dataset/Vinmec_2D/train/train_label/label/951.PNG,SIM-CA7B081069,dddf310971406d528ab8afec12d8f688acd33e696863f1ededc6401107732fbf
1146,dataset/Vinmec_2D/train/train_image/1146.JPG,dataset/Vinmec_2D/train/train_label/label/1146.PNG,SIM-CA7B081069,e708b7935dc59be7941e7d052e18b72909883a2752d76625dab46321c95b8337
846,dataset/Vinmec_2D/train/train_image/846.JPG,dataset/Vinmec_2D/train/train_label/label/846.PNG,SIM-BC5BCBAE3B,b73abdcddada8b8cb40629bd7b00dc07d9a99de6e0405c6935a820793ad63c6b
684,dataset/Vinmec_2D/train/train_image/684.JPG,dataset/Vinmec_2D/train/train_label/label/684.PNG,SIM-BC5BCBAE3B,a2f410fb89d3937a11c5b8c3e8ee014317349eb8d361655e312b13cac0b09f08
1409,dataset/Vinmec_2D/train/train_image/1409.JPG,dataset/Vinmec_2D/train/train_label/label/1409.PNG,SIM-25CD4A5E6C,b7fb11f30d31f3a68460c40d2ce53e317697130e832f485ef5fc0e2aef0e54b8
1259,dataset/Vinmec_2D/train/train_image/1259.JPG,dataset/Vinmec_2D/train/train_label/label/1259.PNG,SIM-60130BE0B5,6f1cf9ad655e01cfbab4c63cc79dc1baf457e25b5e55134bf25caafefbea67cb
929,dataset/Vinmec_2D/train/train_image/929.JPG,dataset/Vinmec_2D/train/train_label/label/929.PNG,SIM-60130BE0B5,99765d07dc92d69038ce9b42caa0e8f7b259c47d3972dcfe8cd58d0a8543135a
262,dataset/Vinmec_2D/train/train_image/262.JPG,dataset/Vinmec_2D/train/train_label/label/262.PNG,SIM-60130BE0B5,9b60c10ae6f3a6b88b1754efeae6058431d4ce6bebb4f3023708e04b0840b7ae
972,dataset/Vinmec_2D/train/train_image/972.JPG,dataset/Vinmec_2D/train/train_label/label/972.PNG,SIM-60130BE0B5,0b2a2775561e05654e575269e030cab6adb9738a8b1039f05617b5d11a658fa5
178,dataset/Vinmec_2D/train/train_image/178.JPG,dataset/Vinmec_2D/train/train_label/label/178.PNG,SIM-B17EBCE0D4,3bc20334ee96fa6d0e5cebfe7ad1115f7ec1a81f806f0b106a9d0c3c3cf151b1
598,dataset/Vinmec_2D/train/train_image/598.JPG,dataset/Vinmec_2D/train/train_label/label/598.PNG,SIM-B17EBCE0D4,6040329c97b4569a80d8fe6dee679aea92118dc38e3a1cc9b40daad882cb5977
224,dataset/Vinmec_2D/train/train_image/224.JPG,dataset/Vinmec_2D/train/train_label/label/224.PNG,SIM-5396C7432D,4efcab8f72ef150bd8b2190ddd6035e3ecd264232ce616b4730f97a5be543c51
308,dataset/Vinmec_2D/train/train_image/308.JPG,dataset/Vinmec_2D/train/train_label/label/308.PNG,SIM-439CC8D2E8,92abe7c98b2adc43e196b56f13003321b12ad232903eb19cab63da410000e54f
843,dataset/Vinmec_2D/train/train_image/843.JPG,dataset/Vinmec_2D/train/train_label/label/843.PNG,SIM-439CC8D2E8,18e4f4d028fdaea4254dab4a146cd4e5e976f6364cc66cf8585edded70e7a09a
820,dataset/Vinmec_2D/train/train_image/820.JPG,dataset/Vinmec_2D/train/train_label/label/820.PNG,SIM-CA23466D52,a4c2c9ecc57ddf323bbe732e50758f696981e34165c2181550343336f1dc70c8
432,dataset/Vinmec_2D/train/train_image/432.JPG,dataset/Vinmec_2D/train/train_label/label/432.PNG,SIM-AD24D60619,2ecb6e949f1b5b5d687de7ad40d784179bc830b08fd1d55f08f2d7c6d4f52b43
307,dataset/Vinmec_2D/train/train_image/307.JPG,dataset/Vinmec_2D/train/train_label/label/307.PNG,SIM-417500AB61,38e1847a90b2f71bbaa20c3da2f1f273eb2b66535549992d4889b93946189e54
869,dataset/Vinmec_2D/train/train_image/869.JPG,dataset/Vinmec_2D/train/train_label/label/869.PNG,SIM-07D477645A,9c63d20afe00c28cf57a11198a1d66e85d8855f67fc10e26293fb35b6f6ca7f2
1278,dataset/Vinmec_2D/train/train_image/1278.JPG,dataset/Vinmec_2D/train/train_label/label/1278.PNG,SIM-07D477645A,d117787ed09bdff021195a4d8b2b1e32250d923a68f4f9d9e9a9b4f4b7867e72
637,dataset/Vinmec_2D/train/train_image/637.JPG,dataset/Vinmec_2D/train/train_label/label/637.PNG,SIM-07D477645A,7800d7b4a257e667e6a16828f7e0a934f78b3449f292ca806ba3e206ba32b5f9
485,dataset/Vinmec_2D/train/train_image/485.JPG,dataset/Vinmec_2D/train/train_label/label/485.PNG,SIM-17BF2AC0CC,c6dfeb67ccd63f22ef2db6f7008b950745d71f8ddf800c0fd01fe52e382c572b
1050,dataset/Vinmec_2D/train/train_image/1050.JPG,dataset/Vinmec_2D/train/train_label/label/1050.PNG,SIM-17BF2AC0CC,5a65625e204a98073659de462cc550932f9f23ef90c91fb1735e8a8a8b553171
803,dataset/Vinmec_2D/train/train_image/803.JPG,dataset/Vinmec_2D/train/train_label/label/803.PNG,SIM-17BF2AC0CC,5388073db5185e7e68575ed0c3eda320221aaed779d64033ab41a39f8b18b74d
750,dataset/Vinmec_2D/train/train_image/750.JPG,dataset/Vinmec_2D/train/train_label/label/750.PNG,SIM-F8B21D6C02,d62257dc5cb506e73c888cd5077ec9f61e9c67a6a7fdec81bb23917e5e3c9606
618,dataset/Vinmec_2D/train/train_image/618.JPG,dataset/Vinmec_2D/train/train_label/label/618.PNG,SIM-F8B21D6C02,af61cadd8f113eb16ef9a2f786bb1c394fa72c68d698d247fa5e00720e8b0e95
697,dataset/Vinmec_2D/train/train_image/697.JPG,dataset/Vinmec_2D/train/train_label/label/697.PNG,SIM-F8B21D6C02,29e0a904af5a83dd1603ead19752df4fda04dd772507be38e6c5d976744f9da9
715,dataset/Vinmec_2D/train/train_image/715.JPG,dataset/Vinmec_2D/train/train_label/label/715.PNG,SIM-F8B21D6C02,9fef3e6bc90c8dbb06ef153cdd38c5b10a243dadfca5958337772a31010925e4
22,dataset/Vinmec_2D/train/train_image/22.JPG,dataset/Vinmec_2D/train/train_label/label/22.PNG,SIM-21F105A839,2b04fd411595e4ecc43561846fe075e0e5b426bd010d378e8ca0d540bd189390
768,dataset/Vinmec_2D/train/train_image/768.JPG,dataset/Vinmec_2D/train/train_label/label/768.PNG,SIM-21F105A839,4e20391898ee788743835460bd79820852d2d282ed6385f22ec05bc4e23c6cfa
1080,dataset/Vinmec_2D/train/train_image/1080.JPG,dataset/Vinmec_2D/train/train_label/label/1080.PNG,SIM-BAC3204908,9be6a45d81c3de041fa91e1a7c617238bd0b988c8ce232b4a16431861e282b3d
831,dataset/Vinmec_2D/train/train_image/831.JPG,dataset/Vinmec_2D/train/train_label/label/831.PNG,SIM-7D120315D4,4af5981312dbf3232bc08790f2bab9cd02ad2735c40d317ef8b3500d40d5ad38
434,dataset/Vinmec_2D/train/train_image/434.JPG,dataset/Vinmec_2D/train/train_label/label/434.PNG,SIM-CEE11DCFC7,11ba775e7bb66487377e4c30547912d5f39b72869daccd890d0785c60eb733c6
866,dataset/Vinmec_2D/train/train_image/866.JPG,dataset/Vinmec_2D/train/train_label/label/866.PNG,SIM-CEE11DCFC7,5065528ecd7030ce4ec809e3758264de92bd1f45a1a7a0ead29095ab6ac0a9de
629,dataset/Vinmec_2D/train/train_image/629.JPG,dataset/Vinmec_2D/train/train_label/label/629.PNG,SIM-50549C4773,4e28030512cf052c907e61db7806a7d1149fe17686030e029cbb03a9f7f6d0e2
340,dataset/Vinmec_2D/train/train_image/340.JPG,dataset/Vinmec_2D/train/train_label/label/340.PNG,SIM-50549C4773,3e8f4c3d19baa27b7c47a4f398a18a9637dc6dd37c19f38f1130ea2b38db9935
110,dataset/Vinmec_2D/train/train_image/110.JPG,dataset/Vinmec_2D/train/train_label/label/110.PNG,SIM-A17DA842B4,c80d505eabce33b64c122f8fffa112b702e76a5c6092501a2b4d12b060ab147d
728,dataset/Vinmec_2D/train/train_image/728.JPG,dataset/Vinmec_2D/train/train_label/label/728.PNG,SIM-A17DA842B4,0268ecc94037fc67766d48413f2874f0c5eb16126e75dfb6db98fe43fbcd8975
1056,dataset/Vinmec_2D/train/train_image/1056.JPG,dataset/Vinmec_2D/train/train_label/label/1056.PNG,SIM-7663AAF0A2,aa569aeca9a3adc2c53de94afa0b1add91bfd82df71d9da1922c4fd574ac6f16
408,dataset/Vinmec_2D/train/train_image/408.JPG,dataset/Vinmec_2D/train/train_label/label/408.PNG,SIM-7663AAF0A2,24eb96ac0f523dc4dc15e0a7161cf1dd669d0c2bc4e9a4747b84ecb11413cf94
1290,dataset/Vinmec_2D/train/train_image/1290.JPG,dataset/Vinmec_2D/train/train_label/label/1290.PNG,SIM-7663AAF0A2,dc0466eff9586611f029da6d574335f0e184a6f5ea4ac711a58b0b7551e344e7
613,dataset/Vinmec_2D/train/train_image/613.JPG,dataset/Vinmec_2D/train/train_label/label/613.PNG,SIM-7663AAF0A2,4b39307687cbeede6b33982dc7b0a978d62bd28c52abdaa318ac16979964b060
1452,dataset/Vinmec_2D/train/train_image/1452.JPG,dataset/Vinmec_2D/train/train_label/label/1452.PNG,SIM-A323F4E620,46dc1851836e9d835e509af2413fe761dcc8389aaf18c731aa68fd0a0a16a3c9
1264,dataset/Vinmec_2D/train/train_image/1264.JPG,dataset/Vinmec_2D/train/train_label/label/1264.PNG,SIM-6A71D63C7C,6aeb207c0d8298008cd2d2628f20fe6d531f348d01c3d0a9a1205792de23e5c8
192,dataset/Vinmec_2D/train/train_image/192.JPG,dataset/Vinmec_2D/train/train_label/label/192.PNG,SIM-6A71D63C7C,e339beff783cf81abbc3beb6c80a1ca40ff133c27b5c7115bb136e49050d0026
314,dataset/Vinmec_2D/train/train_image/314.JPG,dataset/Vinmec_2D/train/train_label/label/314.PNG,SIM-6A71D63C7C,0c79e1a60dd37ac5cb43592fc414931e63bc1da662c852e55459585050a889f8
378,dataset/Vinmec_2D/train/train_image/378.JPG,dataset/Vinmec_2D/train/train_label/label/378.PNG,SIM-577C7FD229,55c2d3d086d545d1dacc11dec3a8c469dd7abf8ff2a15986e8aae287a33c4c6c
976,dataset/Vinmec_2D/train/train_image/976.JPG,dataset/Vinmec_2D/train/train_label/label/976.PNG,SIM-577C7FD229,68ed5f16c9cabdf0787730cd49373503a7ad13af85105feabbfb811bffca37fb
827,dataset/Vinmec_2D/train/train_image/827.JPG,dataset/Vinmec_2D/train/train_label/label/827.PNG,SIM-577C7FD229,f52a04536cb94a8dfd0f2d223496c0f2c025d20347b929f57909caf38ec14662
537,dataset/Vinmec_2D/train/train_image/537.JPG,dataset/Vinmec_2D/train/train_label/label/537.PNG,SIM-A4C4413627,f70227999f8a270bfb38eb137bf6fc70fa64b1c59256e8c5ea9e20698e2c85c7
1225,dataset/Vinmec_2D/train/train_image/1225.JPG,dataset/Vinmec_2D/train/train_label/label/1225.PNG,SIM-A4C4413627,e3f78e89303e3a43308529d008812660b51c06b44020377751d12b9a6c851dfd
1421,dataset/Vinmec_2D/train/train_image/1421.JPG,dataset/Vinmec_2D/train/train_label/label/1421.PNG,SIM-EA1A9C59E7,8e73fc915f9993fa3569294b334d0017939cb1d75c675f7a1fe64ee042bf9094
984,dataset/Vinmec_2D/train/train_image/984.JPG,dataset/Vinmec_2D/train/train_label/label/984.PNG,SIM-EA1A9C59E7,c5c66832259e9f578efe95d5bd3f0899e1981812336ed898c76077a5cb11eb39
571,dataset/Vinmec_2D/train/train_image/571.JPG,dataset/Vinmec_2D/train/train_label/label/571.PNG,SIM-C74B3B3970,fa8cabc6cf334cd0a38a2b3e2552bd928bcdb8eb3c696bf43808830698a8b024
1045,dataset/Vinmec_2D/train/train_image/1045.JPG,dataset/Vinmec_2D/train/train_label/label/1045.PNG,SIM-6A208FC9AD,44096c4e55774b0b3e6b4502f41f5735b5440b80c1c93bc0361ac3b129f6c465
68,dataset/Vinmec_2D/train/train_image/68.JPG,dataset/Vinmec_2D/train/train_label/label/68.PNG,SIM-6A208FC9AD,49e6824804989dad35dab0d946e0bbda3c6616e5369cb047f2a652508cbc02db
646,dataset/Vinmec_2D/train/train_image/646.JPG,dataset/Vinmec_2D/train/train_label/label/646.PNG,SIM-7447907D25,2fe4e391b03f8c3fc2a82de2369fbe475fd4bc218b4f131bb1ea6940dca7af48
1443,dataset/Vinmec_2D/train/train_image/1443.JPG,dataset/Vinmec_2D/train/train_label/label/1443.PNG,SIM-7447907D25,25f7476a4c17e61eb5465cd315f537f9178592d44a5c215a0221f2e6bf8aeab3
982,dataset/Vinmec_2D/train/train_image/982.JPG,dataset/Vinmec_2D/train/train_label/label/982.PNG,SIM-F0514745FD,bdeada80bee77087f94208f9329a1e9499d4388b70f305394b698ccdafa56ff2
205,dataset/Vinmec_2D/train/train_image/205.JPG,dataset/Vinmec_2D/train/train_label/label/205.PNG,SIM-E91BBB9EED,3645018208c6c72fba79808568198b2cf25e4e4e5c71c454ef4604ccf77ef9a2
444,dataset/Vinmec_2D/train/train_image/444.JPG,dataset/Vinmec_2D/train/train_label/label/444.PNG,SIM-E91BBB9EED,3ee989f800cd306a95007f7a92583c0f7e5b1d3c103387e99390c62826cf08bf
796,dataset/Vinmec_2D/train/train_image/796.JPG,dataset/Vinmec_2D/train/train_label/label/796.PNG,SIM-B0700C6DA6,4e06e1f278cba50442cd47f81f54bbbf47e67a1d0f5e16b777aaff978fc75614
1261,dataset/Vinmec_2D/train/train_image/1261.JPG,dataset/Vinmec_2D/train/train_label/label/1261.PNG,SIM-5353BBBCC3,2e75062c370d0ff1d248ae8053212bcc0f361f5f475ca397254d20a159aef403
401,dataset/Vinmec_2D/train/train_image/401.JPG,dataset/Vinmec_2D/train/train_label/label/401.PNG,SIM-5353BBBCC3,583613593f8185665b1a6c19d4c77f4fc9e9b429ca20570a1a3c8794c0956d60
1455,dataset/Vinmec_2D/train/train_image/1455.JPG,dataset/Vinmec_2D/train/train_label/label/1455.PNG,SIM-AEC69E7DBF,90a79af4efa10a990b91476c183d3df042d38029438a0a56743352943316bbf4
1139,dataset/Vinmec_2D/train/train_image/1139.JPG,dataset/Vinmec_2D/train/train_label/label/1139.PNG,SIM-AEC69E7DBF,d3ef79d6eae3190139982b5cf8fd89ee110965c549ca55ed2fa04396c0fa234f
433,dataset/Vinmec_2D/train/train_image/433.JPG,dataset/Vinmec_2D/train/train_label/label/433.PNG,SIM-2AFC0926C7,e3e12d433380cd0c62e54a0d28b3920e2983c48bf89e572e6b0457432714b66f
455,dataset/Vinmec_2D/train/train_image/455.JPG,dataset/Vinmec_2D/train/train_label/label/455.PNG,SIM-DA666F3E57,9d597ba03eb50e39fe135b4c318e143ae56811ee02f28f9583aa7772a28f0545
570,dataset/Vinmec_2D/train/train_image/570.JPG,dataset/Vinmec_2D/train/train_label/label/570.PNG,SIM-DA666F3E57,777858fc67ec23423bc27d64d505c158b7604303099ad1a64bb8f277861efc68
1101,dataset/Vinmec_2D/train/train_image/1101.JPG,dataset/Vinmec_2D/train/train_label/label/1101.PNG,SIM-DA666F3E57,557c45ae6644785fe518258c5703eb1fe4d09f9808b8c3e52dc3f523598bb4b4
40,dataset/Vinmec_2D/train/train_image/40.JPG,dataset/Vinmec_2D/train/train_label/label/40.PNG,SIM-477442E733,d77c7e24426bcc857f54c748eb6496bec3350e1624c9d944e070ce33e169d561
851,dataset/Vinmec_2D/train/train_image/851.JPG,dataset/Vinmec_2D/train/train_label/label/851.PNG,SIM-C7C3942B52,ae4df33837baab6c570bee5dd0da204532e334edac9768993cd1d20c0f7191e0
46,dataset/Vinmec_2D/train/train_image/46.JPG,dataset/Vinmec_2D/train/train_label/label/46.PNG,SIM-9B57B74E14,60499561352b5daad26e16bbefcf595e0dfbe0800f193aeb4343cc3add24d6e5
62,dataset/Vinmec_2D/train/train_image/62.JPG,dataset/Vinmec_2D/train/train_label/label/62.PNG,SIM-9B57B74E14,a3b8503de2bb3e2d68725699d794d73cd93d78d7f504432e5d8f4b74d4a1ad42
612,dataset/Vinmec_2D/train/train_image/612.JPG,dataset/Vinmec_2D/train/train_label/label/612.PNG,SIM-9B57B74E14,f054354ecd0e17038a61f4264d0851c5460e05321568319240332fb81551aebc
1192,dataset/Vinmec_2D/train/train_image/1192.JPG,dataset/Vinmec_2D/train/train_label/label/1192.PNG,SIM-5E523FFD09,14138095fdc55bcbc600c166ca04a9f8727a529cab738379135d826e57cd88b7
18,dataset/Vinmec_2D/train/train_image/18.JPG,dataset/Vinmec_2D/train/train_label/label/18.PNG,SIM-5E523FFD09,b691d9d20297b038aa76794190a59cb642d1284e65b6e68040f11474a0cbc190
1197,dataset/Vinmec_2D/train/train_image/1197.JPG,dataset/Vinmec_2D/train/train_label/label/1197.PNG,SIM-5E523FFD09,f329779ab27902fd768c86d81889566b7033f9830ea483530a807d10afb07063
366,dataset/Vinmec_2D/train/train_image/366.JPG,dataset/Vinmec_2D/train/train_label/label/366.PNG,SIM-5E523FFD09,2ac8b35f1345aa78616e3d6e5c8ad6eaa75978a5f5f2c4d0a95e2cf679be978a
915,dataset/Vinmec_2D/train/train_image/915.JPG,dataset/Vinmec_2D/train/train_label/label/915.PNG,SIM-99E49673F2,5d704cc0973bb1b7f47d10e1dda57835631c9e726b9cb008316fdbc0db065a59
1007,dataset/Vinmec_2D/train/train_image/1007.JPG,dataset/Vinmec_2D/train/train_label/label/1007.PNG,SIM-99E49673F2,729ce40d194555255f793b3361c8c9944135520aeb380ea03d6239f941634636
885,dataset/Vinmec_2D/train/train_image/885.JPG,dataset/Vinmec_2D/train/train_label/label/885.PNG,SIM-12E4D099B5,18216626c92579807fad1df78c56d8097bf20f808b5d9df02d5da7ee70b623e8
118,dataset/Vinmec_2D/train/train_image/118.JPG,dataset/Vinmec_2D/train/train_label/label/118.PNG,SIM-12E4D099B5,e4142e6fe480cb0c4b266111fb4a68e577b8ef55d041697edfe326be79884ee4
642,dataset/Vinmec_2D/train/train_image/642.JPG,dataset/Vinmec_2D/train/train_label/label/642.PNG,SIM-DCF20C2A37,e94ebd6d5ba8fa23b261abf015370a0fc3b1bb3955ec4211a6c665657f034f8f
1326,dataset/Vinmec_2D/train/train_image/1326.JPG,dataset/Vinmec_2D/train/train_label/label/1326.PNG,SIM-C7BDAD1C6D,c242cf47441dfea0148e25154bf5bf40e6bf32d788122d2fd28c8f5383fff7f3
617,dataset/Vinmec_2D/train/train_image/617.JPG,dataset/Vinmec_2D/train/train_label/label/617.PNG,SIM-C7BDAD1C6D,5f4a4ec2f372705b8582d3aac1017a0253a3179d703de3a4b1f5b08b62136692
978,dataset/Vinmec_2D/train/train_image/978.JPG,dataset/Vinmec_2D/train/train_label/label/978.PNG,SIM-7E0E4F68D6,33d7dcbf652eb7670d980df01626ec65b8ed720c0d02a9d44c81749c2e0837b1
781,dataset/Vinmec_2D/train/train_image/781.JPG,dataset/Vinmec_2D/train/train_label/label/781.PNG,SIM-A275D2F899,56259b9f8309c5e20edc034e7e45ac66a476c04003004b125bd7107a2d35260f
1021,dataset/Vinmec_2D/train/train_image/1021.JPG,dataset/Vinmec_2D/train/train_label/label/1021.PNG,SIM-A275D2F899,a7a0f61c5e9be75875c95aa55f85b2a450f82755dc1ebc7764965cb29030b8db
680,dataset/Vinmec_2D/train/train_image/680.JPG,dataset/Vinmec_2D/train/train_label/label/680.PNG,SIM-A275D2F899,c6f5f7bd3deefa8d4d784cfcb1954309f2ed9430ac73487c772816e2912b43ba
813,dataset/Vinmec_2D/train/train_image/813.JPG,dataset/Vinmec_2D/train/train_label/label/813.PNG,SIM-A275D2F899,f7b6c7de28b782112a2a85780bb5c69de98131efaca4509540308ad8df8e8bba
365,dataset/Vinmec_2D/train/train_image/365.JPG,dataset/Vinmec_2D/train/train_label/label/365.PNG,SIM-067C50A98B,8f73d6cc5df9c3dfadeb71e85fcf5e30d85ccb24d35a6372025f252f5e5fca97
241,dataset/Vinmec_2D/train/train_image/241.JPG,dataset/Vinmec_2D/train/train_label/label/241.PNG,SIM-067C50A98B,a295ab08de23098b89ba3e6ec0d19a120bf60707d000fc436a4cd2b20d5c0d75
460,dataset/Vinmec_2D/train/train_image/460.JPG,dataset/Vinmec_2D/train/train_label/label/460.PNG,SIM-067C50A98B,e06078d938fd4b67e15629b3e794cbf8f972ec6b061317a25fe79cea918b3a14
465,dataset/Vinmec_2D/train/train_image/465.JPG,dataset/Vinmec_2D/train/train_label/label/465.PNG,SIM-C607691673,ac51ba134e25b1edbf06b7621554d0c8f04fb975bce005b87ceb28ce149559f0
1152,dataset/Vinmec_2D/train/train_image/1152.JPG,dataset/Vinmec_2D/train/train_label/label/1152.PNG,SIM-C607691673,5f1353dcdefb5a7a075d345a94958d03f6b96a062a2953c5ad90dfa8677f1e67
1129,dataset/Vinmec_2D/train/train_image/1129.JPG,dataset/Vinmec_2D/train/train_label/label/1129.PNG,SIM-5D05E884BA,cd05d54b819192fae54b3c468d38285980830d1afac8fa871f7ded1d12635ab2
749,dataset/Vinmec_2D/train/train_image/749.JPG,dataset/Vinmec_2D/train/train_label/label/749.PNG,SIM-5D05E884BA,028058b1b33ab48c847187faf3aa9e3ab6c4b245ba7c1f6b808ace9acedc797d
541,dataset/Vinmec_2D/train/train_image/541.JPG,dataset/Vinmec_2D/train/train_label/label/541.PNG,SIM-3F9C9A69AA,c0b884c5b1c49c65ea2e0c53a3351e70c0625eee6a6355a6c771c18413b528d6
1185,dataset/Vinmec_2D/train/train_image/1185.JPG,dataset/Vinmec_2D/train/train_label/label/1185.PNG,SIM-0DB3F6B0FE,5e4c5529816bfab20b05539557e2695b6903b952129daaa1a270ab715759769b
840,dataset/Vinmec_2D/train/train_image/840.JPG,dataset/Vinmec_2D/train/train_label/label/840.PNG,SIM-E039553BA7,d08aea49eac505a1d7d524a50cd124588c8c5a7afe2c1958f968c464003ef2ee
69,dataset/Vinmec_2D/train/train_image/69.JPG,dataset/Vinmec_2D/train/train_label/label/69.PNG,SIM-9AD5392E8B,5b566d7ff17bfcd61c80cac03655b7a39d96b8fb6a21c83e7de3ff14c3bec07b
833,dataset/Vinmec_2D/train/train_image/833.JPG,dataset/Vinmec_2D/train/train_label/label/833.PNG,SIM-9AD5392E8B,c0552d9db67111fd479f49cfc5facc6ac2205485f6f452d0e45f7958fbcaacae
1428,dataset/Vinmec_2D/train/train_image/1428.JPG,dataset/Vinmec_2D/train/train_label/label/1428.PNG,SIM-9AD5392E8B,27550dabab72efb1e2a474f9b5b723f9d7831606a2e29a46e5a1552be27e895c
396,dataset/Vinmec_2D/train/train_image/396.JPG,dataset/Vinmec_2D/train/train_label/label/396.PNG,SIM-9AD5392E8B,4f71a70a66660e60c89d45ae3cc95ef3b2d846a31d44fdf70cc7ce7d322010cd
1348,dataset/Vinmec_2D/train/train_image/1348.JPG,dataset/Vinmec_2D/train/train_label/label/1348.PNG,SIM-859462B7BD,4c49bd51165531c6819b97d0002260688d3fbfd1314ba3d926d8b000c0bb62a1
29,dataset/Vinmec_2D/train/train_image/29.JPG,dataset/Vinmec_2D/train/train_label/label/29.PNG,SIM-859462B7BD,8ef7150b3eedcd38777da2d98f05da82348d43984ce769f5187aa66970b5886c
1051,dataset/Vinmec_2D/train/train_image/1051.JPG,dataset/Vinmec_2D/train/train_label/label/1051.PNG,SIM-F86FF4009B,603a53ad1f3c7b4deda0d90d0d85b36e94b8ad2862ebe335386fc1070d0796ab
380,dataset/Vinmec_2D/train/train_image/380.JPG,dataset/Vinmec_2D/train/train_label/label/380.PNG,SIM-F86FF4009B,5d29c8535f34f52e4453955550b2436a4e13006eb7fbfea143c639c19bf9e9e1
293,dataset/Vinmec_2D/train/train_image/293.JPG,dataset/Vinmec_2D/train/train_label/label/293.PNG,SIM-FBC9D27B45,42dc8095bf191de64413f5c331d14a7c64819ead65632e4c0d721141e0412e2a
25,dataset/Vinmec_2D/train/train_image/25.JPG,dataset/Vinmec_2D/train/train_label/label/25.PNG,SIM-FBC9D27B45,0ee3c5f367d7875af8d1694038309e291ec781ac96a19ec42f68136bfa2c7961
909,dataset/Vinmec_2D/train/train_image/909.JPG,dataset/Vinmec_2D/train/train_label/label/909.PNG,SIM-FBC9D27B45,be0fa1593140d637fbead866831af12c413232c67cd85de60e932387e577b47a
1219,dataset/Vinmec_2D/train/train_image/1219.JPG,dataset/Vinmec_2D/train/train_label/label/1219.PNG,SIM-FBC9D27B45,d215c220e0509501986414d24d4b57256a6e499c0b8515c1cef00d5e2c814d82
85,dataset/Vinmec_2D/train/train_image/85.JPG,dataset/Vinmec_2D/train/train_label/label/85.PNG,SIM-C04FE48F6A,d02de9b1d126a8bed725f1dc75274cc90ce048c87aaffe586d321bf92d1bbc68
498,dataset/Vinmec_2D/train/train_image/498.JPG,dataset/Vinmec_2D/train/train_label/label/498.PNG,SIM-C04FE48F6A,5e2f15d13852c56a0fdee1710325f37db3b31e5a6f9f054fc484dea4f916611e
1220,dataset/Vinmec_2D/train/train_image/1220.JPG,dataset/Vinmec_2D/train/train_label/label/1220.PNG,SIM-C04FE48F6A,3fd20f7f1adc476bca58b8d6a1dc7a0209cd820f52e78560a338f47c981adc8f
215,dataset/Vinmec_2D/train/train_image/215.JPG,dataset/Vinmec_2D/train/train_label/label/215.PNG,SIM-C04FE48F6A,2e4648de96954a28fbd6d307200d81c0318ef9c862f9f6097dba22dcd380b1db
1212,dataset/Vinmec_2D/train/train_image/1212.JPG,dataset/Vinmec_2D/train/train_label/label/1212.PNG,SIM-C74C679BDA,d832dd92f6e980c9b3349f048476587654e276f4980fffc2cd505a3cf80f3b0b
209,dataset/Vinmec_2D/train/train_image/209.JPG,dataset/Vinmec_2D/train/train_label/label/209.PNG,SIM-1C7BCA5926,513db3662199ee92e38d725430125283834162c564f5ad46f40744d1d87f5fda
576,dataset/Vinmec_2D/train/train_image/576.JPG,dataset/Vinmec_2D/train/train_label/label/576.PNG,SIM-227E5FF1B7,fb4a6005190e8aadcf8f0b87926ef9bc80788f4cf92b44419a671b758fb009d4
946,dataset/Vinmec_2D/train/train_image/946.JPG,dataset/Vinmec_2D/train/train_label/label/946.PNG,SIM-227E5FF1B7,a92e7911474e3dff2668a86fc3587768c87dfa8e418a119a9076d059f0215504
117,dataset/Vinmec_2D/train/train_image/117.JPG,dataset/Vinmec_2D/train/train_label/label/117.PNG,SIM-4D322D88A0,824a57bbcdebe8f5061c7dd0b346355470126db75a60037ea4aa63165c972f61
1345,dataset/Vinmec_2D/train/train_image/1345.JPG,dataset/Vinmec_2D/train/train_label/label/1345.PNG,SIM-F93B6E5197,a364060e8f80e86243728cd48b0f2b673143a66e355d6afc41095b43976ec039
861,dataset/Vinmec_2D/train/train_image/861.JPG,dataset/Vinmec_2D/train/train_label/label/861.PNG,SIM-F93B6E5197,1f6f3ccbe1b9c11933db50dcf968acff348735c23e8b7a129f15d03fedc0de29
892,dataset/Vinmec_2D/train/train_image/892.JPG,dataset/Vinmec_2D/train/train_label/label/892.PNG,SIM-F93B6E5197,e1d236c121dd36376340e452186fb751e636e7b13c2839c22eb8bc0d2918501d
200,dataset/Vinmec_2D/train/train_image/200.JPG,dataset/Vinmec_2D/train/train_label/label/200.PNG,SIM-E7BF84C357,2fa9005cc203b79bad7c8afa93b574285f714a3300cf1a75dc96bc63147043d1
103,dataset/Vinmec_2D/train/train_image/103.JPG,dataset/Vinmec_2D/train/train_label/label/103.PNG,SIM-E7BF84C357,4081bcaef6f9da29e94bd525083e79925fe276c42754088a77abeeaf8f562f6b
1350,dataset/Vinmec_2D/train/train_image/1350.JPG,dataset/Vinmec_2D/train/train_label/label/1350.PNG,SIM-9C0A99E33B,8e304197b48d22e4047bb5cf9d64960ff7ddd6a2bcab76d8f622a3db458ce7ce
1117,dataset/Vinmec_2D/train/train_image/1117.JPG,dataset/Vinmec_2D/train/train_label/label/1117.PNG,SIM-9C0A99E33B,5f2bf120d3eef12397e265424c598b3de59f6e9121600f5a13f52693bbcb62bc
1441,dataset/Vinmec_2D/train/train_image/1441.JPG,dataset/Vinmec_2D/train/train_label/label/1441.PNG,SIM-159FCEB0EF,cb1d1ad99e6ebf37235c6d2f32b6ac72892bbd0b51f1f9c346717c0119a79834
153,dataset/Vinmec_2D/train/train_image/153.JPG,dataset/Vinmec_2D/train/train_label/label/153.PNG,SIM-159FCEB0EF,4f948875adf61b58ac0f2b6a018ce64226ae7c5d2b7741a9f52aba756c655e4d
327,dataset/Vinmec_2D/train/train_image/327.JPG,dataset/Vinmec_2D/train/train_label/label/327.PNG,SIM-D89EDD39F2,e1878fc66979772d4ee9ef17065a263e4bff2af4deb69ee74e1b7044c918be1d
303,dataset/Vinmec_2D/train/train_image/303.JPG,dataset/Vinmec_2D/train/train_label/label/303.PNG,SIM-C949434C8D,9ccbf7cadc786e171ffa4e86781028c7371ba817d857173e29f180954c5221b8
729,dataset/Vinmec_2D/train/train_image/729.JPG,dataset/Vinmec_2D/train/train_label/label/729.PNG,SIM-C949434C8D,e87ee85ba8ce0d62fe4d48054e3a530da70e459ecf9917c8f35249455b787dd1
420,dataset/Vinmec_2D/train/train_image/420.JPG,dataset/Vinmec_2D/train/train_label/label/420.PNG,SIM-C949434C8D,d7cfabde39274c3c2d59bdeb27b532fae8e787df62fb7c5cee13f5609234e3e8
918,dataset/Vinmec_2D/train/train_image/918.JPG,dataset/Vinmec_2D/train/train_label/label/918.PNG,SIM-C949434C8D,78914eb484f509b2a1bcd8de2b57647ed5b79b93c6e55c2909d1309dbcd9e3f5
698,dataset/Vinmec_2D/train/train_image/698.JPG,dataset/Vinmec_2D/train/train_label/label/698.PNG,SIM-ECBC056560,f66053a6fd3c92ff245a9756dd51ddde2a49b93d0dd2f99a7724a6f6fce50058
1239,dataset/Vinmec_2D/train/train_image/1239.JPG,dataset/Vinmec_2D/train/train_label/label/1239.PNG,SIM-ECBC056560,34f478e6d751e1885c1fdd2f574d769199e22686f517a5d2736ff14abe7d4a08
1301,dataset/Vinmec_2D/train/train_image/1301.JPG,dataset/Vinmec_2D/train/train_label/label/1301.PNG,SIM-ECBC056560,57c1ae73cb81082082bd653b394b17b67a060f6996012f42ed5002b7e83f8c1a
1186,dataset/Vinmec_2D/train/train_image/1186.JPG,dataset/Vinmec_2D/train/train_label/label/1186.PNG,SIM-9457729AF0,36c6eb7b98f69c214085e5ef128f126bd845e4e8439f5ba65faa517445e29f4c
19,dataset/Vinmec_2D/train/train_image/19.JPG,dataset/Vinmec_2D/train/train_label/label/19.PNG,SIM-9457729AF0,65b8233b88e02d8d6732e9fee434cd484ef64e0400ff0f21be2be31af8f2c397
824,dataset/Vinmec_2D/train/train_image/824.JPG,dataset/Vinmec_2D/train/train_label/label/824.PNG,SIM-9457729AF0,9c40662021bdb647b4b505bd66314c3c673e7996871fcf8c7de25143d19cfdd1
1126,dataset/Vinmec_2D/train/train_image/1126.JPG,dataset/Vinmec_2D/train/train_label/label/1126.PNG,SIM-734248B181,b60c751317f8a02aa610813f11173c94aa2bdeba43c2331a5e6ac7dab03b8763
318,dataset/Vinmec_2D/train/train_image/318.JPG,dataset/Vinmec_2D/train/train_label/label/318.PNG,SIM-5BDB7F0FBE,9911fac897e7558c7bfee4fefbd649a7bd63ce6fb97fc452f05610d4a968f3fa
1226,dataset/Vinmec_2D/train/train_image/1226.JPG,dataset/Vinmec_2D/train/train_label/label/1226.PNG,SIM-5BDB7F0FBE,aa32f712a8fe5877cfee72afeed9fc3512406638d8ba6843a174917ec74ad6fb
105,dataset/Vinmec_2D/train/train_image/105.JPG,dataset/Vinmec_2D/train/train_label/label/105.PNG,SIM-C1289602D4,efab23fefd40c230e1c45137eabac01b04f2062f9495d70c238838244791212a
190,dataset/Vinmec_2D/train/train_image/190.JPG,dataset/Vinmec_2D/train/train_label/label/190.PNG,SIM-B27F8D9B89,b3fc566e669d2780395672d93a55ae8c316f916ef4da2e1b226dabea12b6b173
375,dataset/Vinmec_2D/train/train_image/375.JPG,dataset/Vinmec_2D/train/train_label/label/375.PNG,SIM-5C5CAEAA78,58c81bb17b7ea206c005584af10f66a050a88ca069e6562a177d139cb374a331
1180,dataset/Vinmec_2D/train/train_image/1180.JPG,dataset/Vinmec_2D/train/train_label/label/1180.PNG,SIM-5C5CAEAA78,f63c63c0cde369cf9893fc0bafd21263026893793d42ee3e5479586d97eac5cb
759,dataset/Vinmec_2D/train/train_image/759.JPG,dataset/Vinmec_2D/train/train_label/label/759.PNG,SIM-0C8CDDECBE,f9d82eb859ae01be7565b3f9be1e5d28f38ca619f2c6a2a8aa5fe2594541fdb9
1351,dataset/Vinmec_2D/train/train_image/1351.JPG,dataset/Vinmec_2D/train/train_label/label/1351.PNG,SIM-0C8CDDECBE,86f614f7a0fc8ffdceca55131a8c2d10ed85af4ccaad39eb9d0ea78bb889f26d
625,dataset/Vinmec_2D/train/train_image/625.JPG,dataset/Vinmec_2D/train/train_label/label/625.PNG,SIM-CBB6D46469,bbdfc548efbad4e1e68070a2ff622965a1fc38d9dbb1930860f5210e47c66de5
1155,dataset/Vinmec_2D/train/train_image/1155.JPG,dataset/Vinmec_2D/train/train_label/label/1155.PNG,SIM-2E2B205282,20412ee13fa1552c0d789c0cd5b7fd961240c70c2d2be625866aba2e9c97307d
1148,dataset/Vinmec_2D/train/train_image/1148.JPG,dataset/Vinmec_2D/train/train_label/label/1148.PNG,SIM-2E2B205282,71db494581a8305140542b3231c29b4d2e46cd8384c3b8d5ff29dc7b86e84c71
342,dataset/Vinmec_2D/train/train_image/342.JPG,dataset/Vinmec_2D/train/train_label/label/342.PNG,SIM-3AC5FEEB4F,82e708ec3a9015e67b56591a3343a796246e38b4521ec43f8ab58af588cd1716
14,dataset/Vinmec_2D/train/train_image/14.JPG,dataset/Vinmec_2D/train/train_label/label/14.PNG,SIM-3AC5FEEB4F,bc413a8eefbb3bbec4251088775225706c5f18ecc0866adcfc91d3d7e7be12e8
737,dataset/Vinmec_2D/train/train_image/737.JPG,dataset/Vinmec_2D/train/train_label/label/737.PNG,SIM-572FD05A99,5e027f7f028176c58ab0a05923ff23528a6a8ca28ad5b9d1fab47a166180095a
942,dataset/Vinmec_2D/train/train_image/942.JPG,dataset/Vinmec_2D/train/train_label/label/942.PNG,SIM-572FD05A99,ff66bec5547917372ca605d4a879ecb828a29bde4133b98b7ad829166a9f3845
6,dataset/Vinmec_2D/train/train_image/6.JPG,dataset/Vinmec_2D/train/train_label/label/6.PNG,SIM-58C5D2E4C4,0ae9b9859121af5f37707d94f62f8dc982355d3e3dd69d290b7f0479d5732416
787,dataset/Vinmec_2D/train/train_image/787.JPG,dataset/Vinmec_2D/train/train_label/label/787.PNG,SIM-0BB6683059,71fbb442037c78439568f23be71cbf577cf5dbfc8482274d5bc4f3badb5fc07f
1177,dataset/Vinmec_2D/train/train_image/1177.JPG,dataset/Vinmec_2D/train/train_label/label/1177.PNG,SIM-0BB6683059,767e7da62e9e2915aadd2e1dec0bb686c266aa1337c69e91b05558d036a8e631
873,dataset/Vinmec_2D/train/train_image/873.JPG,dataset/Vinmec_2D/train/train_label/label/873.PNG,SIM-0BB6683059,1d0e85285d56a56a8d0d10479cca99586cfdd67c4a29eff5e38fa48088a364fd
769,dataset/Vinmec_2D/train/train_image/769.JPG,dataset/Vinmec_2D/train/train_label/label/769.PNG,SIM-0A628B3445,b6fe6c98dc01d7cd40b0c972a56a1358e9b581ad8495e8121bf39f364fd7011a
538,dataset/Vinmec_2D/train/train_image/538.JPG,dataset/Vinmec_2D/train/train_label/label/538.PNG,SIM-0A628B3445,7488000287c203bc1a744a1755d4e056b99bd2dec30ea9b43caa7df2871ecd68
167,dataset/Vinmec_2D/train/train_image/167.JPG,dataset/Vinmec_2D/train/train_label/label/167.PNG,SIM-0A628B3445,36f26f24eecd0651de4d5e1b442ce7eade3c4254c6b56a7c469642d6fd7468c8
1287,dataset/Vinmec_2D/train/train_image/1287.JPG,dataset/Vinmec_2D/train/train_label/label/1287.PNG,SIM-143BBF6F5D,a4f86e00cfaf11d4310b757b2ce2545ca9be644d3ad13c1371e9cbef8158d5ad
525,dataset/Vinmec_2D/train/train_image/525.JPG,dataset/Vinmec_2D/train/train_label/label/525.PNG,SIM-143BBF6F5D,337db8c0a17534792091057bbd6941d224299829ef6248468943c44872833ac0
1300,dataset/Vinmec_2D/train/train_image/1300.JPG,dataset/Vinmec_2D/train/train_label/label/1300.PNG,SIM-04FFAEE1C9,fb416e70440098516035c67d0f75a328f29559bfac99a5de1c2e8d7132c66861
1026,dataset/Vinmec_2D/train/train_image/1026.JPG,dataset/Vinmec_2D/train/train_label/label/1026.PNG,SIM-526A9793D9,27244008321fa19b384c2dbf0d2ed0404131932fddeca309bd606207d8f6733e
393,dataset/Vinmec_2D/train/train_image/393.JPG,dataset/Vinmec_2D/train/train_label/label/393.PNG,SIM-526A9793D9,836830e7ebb29ce6ed3220136a66a0b25d4eaeda706ac0bd1863c4b641f832ac
252,dataset/Vinmec_2D/train/train_image/252.JPG,dataset/Vinmec_2D/train/train_label/label/252.PNG,SIM-A97BDB6FF1,e7df0ebc05b3c182eb763e23ff65d17d5f3ff09665761735d98e4a2e7097095a
1420,dataset/Vinmec_2D/train/train_image/1420.JPG,dataset/Vinmec_2D/train/train_label/label/1420.PNG,SIM-A97BDB6FF1,58acfcbe6650668aa0560ff5e065ba1f66a473acc553476cedc3cd254b786bd5
334,dataset/Vinmec_2D/train/train_image/334.JPG,dataset/Vinmec_2D/train/train_label/label/334.PNG,SIM-A97BDB6FF1,b0509f23ac67c5d9bc19fb07fd222b42a931ea09bac84b612df9bf38d9e29531
710,dataset/Vinmec_2D/train/train_image/710.JPG,dataset/Vinmec_2D/train/train_label/label/710.PNG,SIM-A97BDB6FF1,84508e8cb38edaab19c5db026c34a9b31e07a21f42cc7887696d8f9e43ecc563
357,dataset/Vinmec_2D/train/train_image/357.JPG,dataset/Vinmec_2D/train/train_label/label/357.PNG,SIM-765045F40F,c7c444393d5875309e4b84db1f94411de38fa5635aa75b1864164669d1e4f0d4
214,dataset/Vinmec_2D/train/train_image/214.JPG,dataset/Vinmec_2D/train/train_label/label/214.PNG,SIM-765045F40F,4c6cbd79a756e4e629bef3314c6e4a8386eea29d0e4df8deaad2c0672b550c99
37,dataset/Vinmec_2D/train/train_image/37.JPG,dataset/Vinmec_2D/train/train_label/label/37.PNG,SIM-A4B39BF824,a07f0d61e073b357aeadcb4135f50ed09823c94625e42a2fa557e085b5bb21a3
410,dataset/Vinmec_2D/train/train_image/410.JPG,dataset/Vinmec_2D/train/train_label/label/410.PNG,SIM-A4B39BF824,1d32890fa338645e090ce895131251747d95bb45624837d52c4de0754f23ed67
814,dataset/Vinmec_2D/train/train_image/814.JPG,dataset/Vinmec_2D/train/train_label/label/814.PNG,SIM-0EE3C7A992,6605ecd0622f1d288180650e2a0fc9e12438dea0fbd64a65db5dbde280e29a50
1353,dataset/Vinmec_2D/train/train_image/1353.JPG,dataset/Vinmec_2D/train/train_label/label/1353.PNG,SIM-0EE3C7A992,4622d883184169fa24a0a10cfe40d3387a60eb4c129d13494ed06a25d4600fec
384,dataset/Vinmec_2D/train/train_image/384.JPG,dataset/Vinmec_2D/train/train_label/label/384.PNG,SIM-E3145DAC64,6b350c5127cf369c95df328f60e473ba880ffaa5fb206bb408f0369738c1c416
470,dataset/Vinmec_2D/train/train_image/470.JPG,dataset/Vinmec_2D/train/train_label/label/470.PNG,SIM-E3145DAC64,bf096a736d007fd2ac28040b01dd943885f2f803b29d7ac855061c2d8a60798e
1216,dataset/Vinmec_2D/train/train_image/1216.JPG,dataset/Vinmec_2D/train/train_label/label/1216.PNG,SIM-BF782277AD,63099ec341b780c14be6729422747b8c12bb2911826884c7f2949d22475f3452
828,dataset/Vinmec_2D/train/train_image/828.JPG,dataset/Vinmec_2D/train/train_label/label/828.PNG,SIM-BF782277AD,539d571bb9fc814ecfa1c59b69638d3ddabe7510eb3a46cfb700cfeb23ad0686
23,dataset/Vinmec_2D/train/train_image/23.JPG,dataset/Vinmec_2D/train/train_label/label/23.PNG,SIM-9EDD28E877,067b1bfee271d7db6bfacc951291112df412067e5780f2703b411f42d175d7f0
829,dataset/Vinmec_2D/train/train_image/829.JPG,dataset/Vinmec_2D/train/train_label/label/829.PNG,SIM-9EDD28E877,d119b30f054d961edbbd01bf1710e50da2ab73725a08122399bc77011d61055c
1425,dataset/Vinmec_2D/train/train_image/1425.JPG,dataset/Vinmec_2D/train/train_label/label/1425.PNG,SIM-9EDD28E877,f680a780a05ef1a456bfe5f28a9fc264e96936d6fbc655c57bc8c38758807386
492,dataset/Vinmec_2D/train/train_image/492.JPG,dataset/Vinmec_2D/train/train_label/label/492.PNG,SIM-9EDD28E877,0d17b3319b977ac98bf9d73caf09752ba61bb10272ce8c0767c0e1959a80d519
33,dataset/Vinmec_2D/train/train_image/33.JPG,dataset/Vinmec_2D/train/train_label/label/33.PNG,SIM-2A39E87075,3617b02e9b84aa1c6b4caf6cd62e6199c7d37e6f6d169331aa5356ff12f8c5f0
1112,dataset/Vinmec_2D/train/train_image/1112.JPG,dataset/Vinmec_2D/train/train_label/label/1112.PNG,SIM-2A39E87075,6ff10623f6c4e55a8a1e644376644bdd638e9e842a428f3dd729adeea4e77552
673,dataset/Vinmec_2D/train/train_image/673.JPG,dataset/Vinmec_2D/train/train_label/label/673.PNG,SIM-2A39E87075,1a87d1ec07f5bbeb8a27ba319a9166103921a12f6a91763fa42696fab80f16d0
491,dataset/Vinmec_2D/train/train_image/491.JPG,dataset/Vinmec_2D/train/train_label/label/491.PNG,SIM-0C36D0C0A0,40d968f2294bd55619f89643ad7f058e774c41f1be68930931c2275821c77d0f
786,dataset/Vinmec_2D/train/train_image/786.JPG,dataset/Vinmec_2D/train/train_label/label/786.PNG,SIM-0C36D0C0A0,e8230a560bf5e0bbaa98cf2299a54c56b89cd2e37e77aee0b9078813676bbe0e
330,dataset/Vinmec_2D/train/train_image/330.JPG,dataset/Vinmec_2D/train/train_label/label/330.PNG,SIM-0E1A616F28,66c0a36401a2ec22ba296db24774dc5e8e79f6baa3c55b891a6b8f95d69c35ce
404,dataset/Vinmec_2D/train/train_image/404.JPG,dataset/Vinmec_2D/train/train_label/label/404.PNG,SIM-33D8D4ACC8,664717be03ec9ee12a29837b35ae9643c5f10a3b4384220a0a4779c4b7b46ea5
150,dataset/Vinmec_2D/train/train_image/150.JPG,dataset/Vinmec_2D/train/train_label/label/150.PNG,SIM-33D8D4ACC8,ce0bbc9bb55a49d0e1e996eeb81fd7e158c8de9a3a7723b9b0d5fc3dc75feba9
678,dataset/Vinmec_2D/train/train_image/678.JPG,dataset/Vinmec_2D/train/train_label/label/678.PNG,SIM-33D8D4ACC8,26fc744cf813cd17ab08aee8c940e13450475be3fc3d8ea0666ab9f15887fb8a
260,dataset/Vinmec_2D/train/train_image/260.JPG,dataset/Vinmec_2D/train/train_label/label/260.PNG,SIM-753E64824E,0850ae2d5073b56db71e0a9d92f8049db3923c78f5085362cbb5dc8a5fd4a4f1
353,dataset/Vinmec_2D/train/train_image/353.JPG,dataset/Vinmec_2D/train/train_label/label/353.PNG,SIM-753E64824E,75379d979f3259a89d2c3317771d5018c4dd28f9337a8cec611fdd645ec76d46
1106,dataset/Vinmec_2D/train/train_image/1106.JPG,dataset/Vinmec_2D/train/train_label/label/1106.PNG,SIM-753E64824E,d16f2d01df171aed0d7802f426e707ecd5c55ef0bd5dff4d2aa3569d2a63d48c
1168,dataset/Vinmec_2D/train/train_image/1168.JPG,dataset/Vinmec_2D/train/train_label/label/1168.PNG,SIM-753E64824E,e4886f21a347d17f273c1b4c625ace69c8653aeb2ab08462de9a68243468eefc
51,dataset/Vinmec_2D/train/train_image/51.JPG,dataset/Vinmec_2D/train/train_label/label/51.PNG,SIM-50BC4B8786,9dd3d5635ba59761f445967e1343db596bf7d65fd66af4d0d9322c89eadc7fba
151,dataset/Vinmec_2D/train/train_image/151.JPG,dataset/Vinmec_2D/train/train_label/label/151.PNG,SIM-50BC4B8786,0776a969dad053f5601e05de07ff6782af0f2ab7acc99fb8f3d3032a84e4902e
1246,dataset/Vinmec_2D/train/train_image/1246.JPG,dataset/Vinmec_2D/train/train_label/label/1246.PNG,SIM-F3CF5D7BFB,e3bf765e5aa968fcefbfba96c32c6abbf808f159b601784d8f33827f63d0fce6
834,dataset/Vinmec_2D/train/train_image/834.JPG,dataset/Vinmec_2D/train/train_label/label/834.PNG,SIM-F3CF5D7BFB,3e391fe769855f6a1f9e79c3ed1b6e9e5efab76312707ea3306aa27238394ee5
1465,dataset/Vinmec_2D/train/train_image/1465.JPG,dataset/Vinmec_2D/train/train_label/label/1465.PNG,SIM-0A4CFD7631,8ce3590511cf61eae825e14b25b5a385585d0dca179c3b3263a9b8f97d62ad51
1408,dataset/Vinmec_2D/train/train_image/1408.JPG,dataset/Vinmec_2D/train/train_label/label/1408.PNG,SIM-0A4CFD7631,2c8a7b5a8c9b3c57a81203ac04289a3d67b583ef3a3a9710c10bf71c2372ea73
559,dataset/Vinmec_2D/train/train_image/559.JPG,dataset/Vinmec_2D/train/train_label/label/559.PNG,SIM-8E38C8AE9A,0cb2d017e754d880fd56e456a51e3ef40266e8627e485e30d44570917331a7ae
596,dataset/Vinmec_2D/train/train_image/596.JPG,dataset/Vinmec_2D/train/train_label/label/596.PNG,SIM-8E38C8AE9A,89f2899a4873d507a7a50598d80f8bf488b1f385dab4534ff826d70a5cda58f2
226,dataset/Vinmec_2D/train/train_image/226.JPG,dataset/Vinmec_2D/train/train_label/label/226.PNG,SIM-9D99B2CA90,6b7479ec7be3cc8fa747fb8edc313f25bd0986849d2acb5ff6c67fb817179dd7
80,dataset/Vinmec_2D/train/train_image/80.JPG,dataset/Vinmec_2D/train/train_label/label/80.PNG,SIM-9D99B2CA90,33aecb3cde6c73f3a262865aed1a7a29ca686903de5ac9252822be1b24f90767
1370,dataset/Vinmec_2D/train/train_image/1370.JPG,dataset/Vinmec_2D/train/train_label/label/1370.PNG,SIM-9D99B2CA90,b1a75ca1824ecee2ec114d9ad19678e8fef4d3dc2bef7f7ff284c6efc1f07f01
373,dataset/Vinmec_2D/train/train_image/373.JPG,dataset/Vinmec_2D/train/train_label/label/373.PNG,SIM-CC8255205C,6124c1bab87f27cbbb052fb8e6ade5b93ee7c7e4b36faad39b1ba21eb153f4f2
565,dataset/Vinmec_2D/train/train_image/565.JPG,dataset/Vinmec_2D/train/train_label/label/565.PNG,SIM-0ED84656B1,b6ff6469c17d224a1d6674a7c7b6acc2287c4dace4c662685318121ade1da2d8
1125,dataset/Vinmec_2D/train/train_image/1125.JPG,dataset/Vinmec_2D/train/train_label/label/1125.PNG,SIM-0ED84656B1,0b448facd409a85d83bb6473ce4e59d6f73f13ac6fd2445d996f273c2fa64ed1
823,dataset/Vinmec_2D/train/train_image/823.JPG,dataset/Vinmec_2D/train/train_label/label/823.PNG,SIM-09217B5CD3,9e20b199663f3d754154750c327722cc257ed47a5b859cf41300c742d533181b
874,dataset/Vinmec_2D/train/train_image/874.JPG,dataset/Vinmec_2D/train/train_label/label/874.PNG,SIM-09217B5CD3,9250fde18e2f2acc591e5b7ca66f06b4b77f15f4d483732568391ab0b85f0fcc
428,dataset/Vinmec_2D/train/train_image/428.JPG,dataset/Vinmec_2D/train/train_label/label/428.PNG,SIM-7AA0DAEF1F,bdd994620433e213d3cb8e18e68502b9f3ea417b590eb7bc559e56ed35bf7e0c
860,dataset/Vinmec_2D/train/train_image/860.JPG,dataset/Vinmec_2D/train/train_label/label/860.PNG,SIM-7AA0DAEF1F,f0b3a15643523526f35a3fcd99be5c33f2261e3e0adea623b17df2705de51219
1077,dataset/Vinmec_2D/train/train_image/1077.JPG,dataset/Vinmec_2D/train/train_label/label/1077.PNG,SIM-7AA0DAEF1F,8bf6e7754f6b22b7ec40ec1998f77859d95fcc375248b0c6511833c8000b12b1
1233,dataset/Vinmec_2D/train/train_image/1233.JPG,dataset/Vinmec_2D/train/train_label/label/1233.PNG,SIM-7FF3D80EA3,db2076c2d6341ec0bce2e8a9d966c3edc7610212edc1abadbe5cfeec51eaeb27
1379,dataset/Vinmec_2D/train/train_image/1379.JPG,dataset/Vinmec_2D/train/train_label/label/1379.PNG,SIM-7FF3D80EA3,983d72b138b1a90c80b6fa5e617cae2a6e4c5ff784aa8baf2671da89b89d63ba
992,dataset/Vinmec_2D/train/train_image/992.JPG,dataset/Vinmec_2D/train/train_label/label/992.PNG,SIM-0E38BA15BB,ae92fc701a28d851ddd1cb0ce2a6e889b196e965404e988e7c4e168a96eac154
310,dataset/Vinmec_2D/train/train_image/310.JPG,dataset/Vinmec_2D/train/train_label/label/310.PNG,SIM-B82673B8B9,283dd0846cedaa31036ec2e7c86c933dd8fc8a5a08e06985f47c2eb46d1b4088
1099,dataset/Vinmec_2D/train/train_image/1099.JPG,dataset/Vinmec_2D/train/train_label/label/1099.PNG,SIM-B82673B8B9,f31774335e0cb592477c05389153e97b31cfea64c2cca02ca875e17d050218c2
91,dataset/Vinmec_2D/train/train_image/91.JPG,dataset/Vinmec_2D/train/train_label/label/91.PNG,SIM-BE979D1F24,9d70eddffa4e4a39314852e5afc0390e385ea4deff628100e27e56a3a234d77c
667,dataset/Vinmec_2D/train/train_image/667.JPG,dataset/Vinmec_2D/train/train_label/label/667.PNG,SIM-BE979D1F24,56c8b97c6e025fdacd5046affcc21ad4df2feb08aacfb0cc40f361f43d008d21
794,dataset/Vinmec_2D/train/train_image/794.JPG,dataset/Vinmec_2D/train/train_label/label/794.PNG,SIM-BE979D1F24,ae573a104fc9ae2b3369e620ab11f33cba50a03486c769d64f96798a3f8baa8d
647,dataset/Vinmec_2D/train/train_image/647.JPG,dataset/Vinmec_2D/train/train_label/label/647.PNG,SIM-9E9B2CCEB4,a0f254925e26e072474fa21425ce866ed9e7ea16c9cfc13f702926c7d42b38a6
654,dataset/Vinmec_2D/train/train_image/654.JPG,dataset/Vinmec_2D/train/train_label/label/654.PNG,SIM-9E9B2CCEB4,3be38a81394bb591ccf94ae8129b3f8afd299afaf244dea6de509d644af62fcf
454,dataset/Vinmec_2D/train/train_image/454.JPG,dataset/Vinmec_2D/train/train_label/label/454.PNG,SIM-7904752039,7fb20018563b97cec1271ad710b53c946469455f61d2d4769c5b9e5c69945518
305,dataset/Vinmec_2D/train/train_image/305.JPG,dataset/Vinmec_2D/train/train_label/label/305.PNG,SIM-7904752039,4640a27caed84cd30ba2bb30bc7fd11c62e33f9a0ea35e4192eddc3fc3d33e35
1242,dataset/Vinmec_2D/train/train_image/1242.JPG,dataset/Vinmec_2D/train/train_label/label/1242.PNG,SIM-7904752039,06b79e49b4fbe620042c773db9902236eafe2d2075654459c5e194a48f3c1edd
1006,dataset/Vinmec_2D/train/train_image/1006.JPG,dataset/Vinmec_2D/train/train_label/label/1006.PNG,SIM-7904752039,0d18bb3a8b98e0e134ec941e8b1bf7ce2c3e242980470b1f51be5fd67a34b91c
836,dataset/Vinmec_2D/train/train_image/836.JPG,dataset/Vinmec_2D/train/train_label/label/836.PNG,SIM-5FFD67FDF9,a2b92e5eee9e3b74623b6fbe3ed1382664758092e7d312cc377d2c0f0c4ba47c
189,dataset/Vinmec_2D/train/train_image/189.JPG,dataset/Vinmec_2D/train/train_label/label/189.PNG,SIM-5FFD67FDF9,ed27e74c59e84007b15ab949d97215faa0f13d384c930c1a25139248def4351c
72,dataset/Vinmec_2D/train/train_image/72.JPG,dataset/Vinmec_2D/train/train_label/label/72.PNG,SIM-5FFD67FDF9,fb2c73001327e131c0244071b1665f098dc670eb2d100dcbd5e07e30f7b6f5d3
1183,dataset/Vinmec_2D/train/train_image/1183.JPG,dataset/Vinmec_2D/train/train_label/label/1183.PNG,SIM-5FFD67FDF9,791a2914d33affdaa611bd04de586272bdb96ab4e03e05c07adfc665c538a6f7
304,dataset/Vinmec_2D/train/train_image/304.JPG,dataset/Vinmec_2D/train/train_label/label/304.PNG,SIM-39C3F64D3F,b8e8264bd7fdb060878a36dc9aa277e8b700621009be13e762c6f18dc2290c5e
1262,dataset/Vinmec_2D/train/train_image/1262.JPG,dataset/Vinmec_2D/train/train_label/label/1262.PNG,SIM-39C3F64D3F,43bb02247f57b2f594bc813128382e310e1ed71caab3658b31b98f66c4276810
996,dataset/Vinmec_2D/train/train_image/996.JPG,dataset/Vinmec_2D/train/train_label/label/996.PNG,SIM-39C3F64D3F,7caf5c7f4af7f59e2c7ad4fc0051878fc9bd291df0714ab67d3f0b493ad7f2d7
1343,dataset/Vinmec_2D/train/train_image/1343.JPG,dataset/Vinmec_2D/train/train_label/label/1343.PNG,SIM-4E54E4516D,b04d212688db827eb465bd8e05c5ad311b4fbfb39863ad2a305bb941cbf46dfb
418,dataset/Vinmec_2D/train/train_image/418.JPG,dataset/Vinmec_2D/train/train_label/label/418.PNG,SIM-4E54E4516D,b1e9aff03fecb1b46f69bc898f6dffdd63a2dd5866ba2a5e18e82f498c3e49c6
1156,dataset/Vinmec_2D/train/train_image/1156.JPG,dataset/Vinmec_2D/train/train_label/label/1156.PNG,SIM-4E54E4516D,890970ef425f09e19ef496ef728b914e90bf4dd6ca288aba1f23970e3d8a6903
57,dataset/Vinmec_2D/train/train_image/57.JPG,dataset/Vinmec_2D/train/train_label/label/57.PNG,SIM-8A2420B128,77e3251c674e7ab820b42b280abd85110980193a2dc704192f2fa5c39bf0e2e6
369,dataset/Vinmec_2D/train/train_image/369.JPG,dataset/Vinmec_2D/train/train_label/label/369.PNG,SIM-8A2420B128,a1d3bc5e51dd938ec216899b924a774f1918f31e13b1f73b038308b41bf87cf1
1196,dataset/Vinmec_2D/train/train_image/1196.JPG,dataset/Vinmec_2D/train/train_label/label/1196.PNG,SIM-8A2420B128,683781ecdcd79273ab4abce4a84754717b61645222883280c0c06fcf65601638
599,dataset/Vinmec_2D/train/train_image/599.JPG,dataset/Vinmec_2D/train/train_label/label/599.PNG,SIM-83B9FABD4B,f5f8c77d4f7f4560dd5f33385a646176bf864e667b1ae51ab718e728a7426b7e
1426,dataset/Vinmec_2D/train/train_image/1426.JPG,dataset/Vinmec_2D/train/train_label/label/1426.PNG,SIM-83B9FABD4B,ae3a3f33616e5d5e7fea8d1b6739ac2e61eb4bcea83d44ca105745c00f858de7
561,dataset/Vinmec_2D/train/train_image/561.JPG,dataset/Vinmec_2D/train/train_label/label/561.PNG,SIM-83B9FABD4B,39be23929059186a1628d186b248c512da1a589fc74e933c9fdac0364388e72a
44,dataset/Vinmec_2D/train/train_image/44.JPG,dataset/Vinmec_2D/train/train_label/label/44.PNG,SIM-83B9FABD4B,c3efd10b0293f61b4c9b062d0afc5f830164e4bedb7ff7329298562487f29dc5
346,dataset/Vinmec_2D/train/train_image/346.JPG,dataset/Vinmec_2D/train/train_label/label/346.PNG,SIM-0287F38EB0,63a1e48a2d98106e99f21ce8346d5d8e4881e3193cf5d8e91f51f572a59eb74f
797,dataset/Vinmec_2D/train/train_image/797.JPG,dataset/Vinmec_2D/train/train_label/label/797.PNG,SIM-2B56BA0A27,4140b06b0c8cdef76e0afa48195472f6b89c71c457c146d3aefd3908ee021ff8
1439,dataset/Vinmec_2D/train/train_image/1439.JPG,dataset/Vinmec_2D/train/train_label/label/1439.PNG,SIM-2B56BA0A27,62501eeb421127f9a236b37a20ee27c83d1b866473fa48a15424c12e69296c0d
835,dataset/Vinmec_2D/train/train_image/835.JPG,dataset/Vinmec_2D/train/train_label/label/835.PNG,SIM-1F4AB6541C,67461fefdc9bc04acce61d15e44609d0af7a23b825b340921db0d099da13f09f
902,dataset/Vinmec_2D/train/train_image/902.JPG,dataset/Vinmec_2D/train/train_label/label/902.PNG,SIM-1F4AB6541C,524a817c4f86e8c19e828e2f5948a3db10b7acfbb0ab6d9fe7071b866eb4c0b8
1182,dataset/Vinmec_2D/train/train_image/1182.JPG,dataset/Vinmec_2D/train/train_label/label/1182.PNG,SIM-1F4AB6541C,2bd6772db7e231f0647ccb8322d652bb6014c589c058a13423be68683b87eafb
593,dataset/Vinmec_2D/train/train_image/593.JPG,dataset/Vinmec_2D/train/train_label/label/593.PNG,SIM-11A8174677,20ab6af9a6506b24f5b0f2f016b83e42d8a8a0c599a7ae5be668222096ece269
451,dataset/Vinmec_2D/train/train_image/451.JPG,dataset/Vinmec_2D/train/train_label/label/451.PNG,SIM-11A8174677,7aabfca4ac6204c72f3bc0a80d2eab2ccb06d1318697b80f56ee72c91290e77b
1215,dataset/Vinmec_2D/train/train_image/1215.JPG,dataset/Vinmec_2D/train/train_label/label/1215.PNG,SIM-11A8174677,e29b889f52ba4c382eebf308b171024ce93b2218e7e1c836216f13b67d4854bd
1211,dataset/Vinmec_2D/train/train_image/1211.JPG,dataset/Vinmec_2D/train/train_label/label/1211.PNG,SIM-11A8174677,2ebb3541f814adb48ca4549c8061a5d6974e6a2d40cb950eccabb070d860aca1
547,dataset/Vinmec_2D/train/train_image/547.JPG,dataset/Vinmec_2D/train/train_label/label/547.PNG,SIM-81DE5C5D1F,54b80d75d509d9153e102e94180c61fd07f500f7e6de1d48728ec8435ed451af
841,dataset/Vinmec_2D/train/train_image/841.JPG,dataset/Vinmec_2D/train/train_label/label/841.PNG,SIM-81DE5C5D1F,51253c6d1b8ea77a9284affd3f0337a8d5eda85e48f6c951808f0200ace4e26d
1312,dataset/Vinmec_2D/train/train_image/1312.JPG,dataset/Vinmec_2D/train/train_label/label/1312.PNG,SIM-38C27178B8,d192041d88acea57974ae92744d7f4bc538d73ad86bdcb116273e11a2660f763
60,dataset/Vinmec_2D/train/train_image/60.JPG,dataset/Vinmec_2D/train/train_label/label/60.PNG,SIM-38C27178B8,70fd65a3b72abe306e0ca9f21075a0f7fa36ed99b70814320719b647f62419fd
283,dataset/Vinmec_2D/train/train_image/283.JPG,dataset/Vinmec_2D/train/train_label/label/283.PNG,SIM-38C27178B8,f977ea2c9bf6a99c6ed1355117524411ea947a3addf06256555762188b00cf9d
1299,dataset/Vinmec_2D/train/train_image/1299.JPG,dataset/Vinmec_2D/train/train_label/label/1299.PNG,SIM-418A4B6B70,af6dbb04b9873d57ea9e6a695f1247ee71cfecfea0912aac96eba6af4472a677
708,dataset/Vinmec_2D/train/train_image/708.JPG,dataset/Vinmec_2D/train/train_label/label/708.PNG,SIM-418A4B6B70,6900f4a238448816ec112cb84775749a09ed85914da9f37f95d5614d536846b1
1019,dataset/Vinmec_2D/train/train_image/1019.JPG,dataset/Vinmec_2D/train/train_label/label/1019.PNG,SIM-7600D39C5A,f121aa5b92c73856ffd249e2b806c874963b4694bdc6c9dd042064253cc43f2a
1344,dataset/Vinmec_2D/train/train_image/1344.JPG,dataset/Vinmec_2D/train/train_label/label/1344.PNG,SIM-7600D39C5A,eeca95c86ad5f04481b90f0557f07723f53a02dbd5b5893c7b419974fe7621d5
211,dataset/Vinmec_2D/train/train_image/211.JPG,dataset/Vinmec_2D/train/train_label/label/211.PNG,SIM-51F5D40D1B,3546e51bd7e07850bfef0f2198a3e400c726b69a6277019f439f67cbed48e778
616,dataset/Vinmec_2D/train/train_image/616.JPG,dataset/Vinmec_2D/train/train_label/label/616.PNG,SIM-51F5D40D1B,79c09d0fcd5a04da2846ea64c869a69890f8615bb8fe2ad6aedb270f4338f436
290,dataset/Vinmec_2D/train/train_image/290.JPG,dataset/Vinmec_2D/train/train_label/label/290.PNG,SIM-8226F52F9D,3afdffec4a20802691e17409fdb5634a4a1b3cd0c267c0666278e636adfcdd7d
1400,dataset/Vinmec_2D/train/train_image/1400.JPG,dataset/Vinmec_2D/train/train_label/label/1400.PNG,SIM-8226F52F9D,6c69d70bba1b40030ea58e24630d25c2fede6d0ca3ae8af2c2ed954183a9d4a7
900,dataset/Vinmec_2D/train/train_image/900.JPG,dataset/Vinmec_2D/train/train_label/label/900.PNG,SIM-8226F52F9D,0b9d197a64179ea7daac2fc45b6208eb62731b6c98969a6dffa455a8af57941b
891,dataset/Vinmec_2D/train/train_image/891.JPG,dataset/Vinmec_2D/train/train_label/label/891.PNG,SIM-D318184EE7,8ae8dfd313a9c6694441da32b7a55731329eb07bc9569b3fde444e0dcaec186a
1198,dataset/Vinmec_2D/train/train_image/1198.JPG,dataset/Vinmec_2D/train/train_label/label/1198.PNG,SIM-1D9278A04F,8c4a5494a2e1ea0f44ad8db6c1afd4f46d647acc099b3c45f80f8cab9a22b7d7
775,dataset/Vinmec_2D/train/train_image/775.JPG,dataset/Vinmec_2D/train/train_label/label/775.PNG,SIM-23F476501F,a091b3fa4e4c3fe812dae74c8d15173f04ef8ec4b1f377d6080a26817a533df2
194,dataset/Vinmec_2D/train/train_image/194.JPG,dataset/Vinmec_2D/train/train_label/label/194.PNG,SIM-DAA322EE33,d82dc17c999f19d8ea593d8d7a7c401eee853e8b61ef0818e8b38540af051ac0
449,dataset/Vinmec_2D/train/train_image/449.JPG,dataset/Vinmec_2D/train/train_label/label/449.PNG,SIM-B800FDDAC5,ead496490ad73f0fccfaf8cb63e013863a712c6c52f888a81c650b06e38f2cb1
801,dataset/Vinmec_2D/train/train_image/801.JPG,dataset/Vinmec_2D/train/train_label/label/801.PNG,SIM-B800FDDAC5,2c4ac37d9638d72870380a9593c9ee713c704245d3d802d72c13542fffdad49c
319,dataset/Vinmec_2D/train/train_image/319.JPG,dataset/Vinmec_2D/train/train_label/label/319.PNG,SIM-B800FDDAC5,90608990ceedee2038befabaf202f1126c3c13e721eb2b9213e38fd80f8619cd
589,dataset/Vinmec_2D/train/train_image/589.JPG,dataset/Vinmec_2D/train/train_label/label/589.PNG,SIM-B800FDDAC5,4875a1638dc8d330cb4b60b3bab8c05014ad35c0b3060e18128c80a3c7e78f74
564,dataset/Vinmec_2D/train/train_image/564.JPG,dataset/Vinmec_2D/train/train_label/label/564.PNG,SIM-D721339439,2ca2d31ad798bfaa4d058f6023f1f8679584e738138a122f993bee7029a7db8f
10,dataset/Vinmec_2D/train/train_image/10.JPG,dataset/Vinmec_2D/train/train_label/label/10.PNG,SIM-D721339439,34d91d0b086b565fa5e39846acbcc92402789311746eb7d14908a4edfaf2551f
1037,dataset/Vinmec_2D/train/train_image/1037.JPG,dataset/Vinmec_2D/train/train_label/label/1037.PNG,SIM-D721339439,47c5e78b18d8a3abd87e6371c977e70262e6f56207b2a51c845c5fc7eb40fb08
287,dataset/Vinmec_2D/train/train_image/287.JPG,dataset/Vinmec_2D/train/train_label/label/287.PNG,SIM-F797EF7718,f560b901331dac573ecf50697d21417dbbd49043b04cdafb242b79c86bb21477
169,dataset/Vinmec_2D/train/train_image/169.JPG,dataset/Vinmec_2D/train/train_label/label/169.PNG,SIM-4CBBAAF846,dfdad5f9573239f6ac168058154100f8a9b03c67ffcb01fc2dbc954175f7ca99
208,dataset/Vinmec_2D/train/train_image/208.JPG,dataset/Vinmec_2D/train/train_label/label/208.PNG,SIM-4CBBAAF846,ac7e773657f64875376af1fc069ebfca215aeaae2b6c88ff9f051c8a6c8353eb
1253,dataset/Vinmec_2D/train/train_image/1253.JPG,dataset/Vinmec_2D/train/train_label/label/1253.PNG,SIM-CC398258C4,ac67168066137d9ed9eaf707e0e368e3d22efdd97fb3b2e8979bf6c66572467c
1189,dataset/Vinmec_2D/train/train_image/1189.JPG,dataset/Vinmec_2D/train/train_label/label/1189.PNG,SIM-CC398258C4,fa931b464a68a6d01cb8db3b4ec04caa19dd4b90dec6649f78a6505fb70c20de
1087,dataset/Vinmec_2D/train/train_image/1087.JPG,dataset/Vinmec_2D/train/train_label/label/1087.PNG,SIM-CC398258C4,bb198e336d98663059ca461b1ffb9f6da3594f2e3933a762e669eeb4eee41f1e
1159,dataset/Vinmec_2D/train/train_image/1159.JPG,dataset/Vinmec_2D/train/train_label/label/1159.PNG,SIM-CC398258C4,eb4097fc22ac565ff099658f339b8bf75fcb2f63085ffe59a8eb96cd372fcfc4
45,dataset/Vinmec_2D/train/train_image/45.JPG,dataset/Vinmec_2D/train/train_label/label/45.PNG,SIM-C98975D05D,c3f82009a783225668119e5d757a5213801d449bd230a3a794b6e153020ca855
1222,dataset/Vinmec_2D/train/train_image/1222.JPG,dataset/Vinmec_2D/train/train_label/label/1222.PNG,SIM-C98975D05D,cb60e339d4ddf69297e251538fa66e6ad9993ead2db8c235fe6cacd9da0effaf
675,dataset/Vinmec_2D/train/train_image/675.JPG,dataset/Vinmec_2D/train/train_label/label/675.PNG,SIM-C98975D05D,d145f3b432d9de83af18a58cf29827bd2eead8314a02ae3530be40f347bbc4c8
1355,dataset/Vinmec_2D/train/train_image/1355.JPG,dataset/Vinmec_2D/train/train_label/label/1355.PNG,SIM-C98975D05D,155d7960e3905aa6c0761784882653307d7e546de1369b992576f994e608eb46
696,dataset/Vinmec_2D/train/train_image/696.JPG,dataset/Vinmec_2D/train/train_label/label/696.PNG,SIM-29BB3B206A,62d6152037ae5472b714143c3512ece880d554568e1f4a19e1761ab01c9291b8
830,dataset/Vinmec_2D/train/train_image/830.JPG,dataset/Vinmec_2D/train/train_label/label/830.PNG,SIM-D06F639DBD,ec0e1045ce69ac0f559fec53a126d9a1e7c38629b94427430f7054aca3695eb5
1313,dataset/Vinmec_2D/train/train_image/1313.JPG,dataset/Vinmec_2D/train/train_label/label/1313.PNG,SIM-D06F639DBD,e825fa568b417afb8db9bfb852cd3f10e9e24222184bd7fde8ac40898daa62c4
634,dataset/Vinmec_2D/train/train_image/634.JPG,dataset/Vinmec_2D/train/train_label/label/634.PNG,SIM-D06F639DBD,792d485f5d8b9a205eb9d0706ec67bd716f77b239023760eec2a312c23ae3582
1201,dataset/Vinmec_2D/train/train_image/1201.JPG,dataset/Vinmec_2D/train/train_label/label/1201.PNG,SIM-6F9B32D2FD,26130d8c4f5f11e953da0eca4360f56dce8421fadaabb497bea33884a0d46f3a
1260,dataset/Vinmec_2D/train/train_image/1260.JPG,dataset/Vinmec_2D/train/train_label/label/1260.PNG,SIM-6F9B32D2FD,4d4a059e5a1a7985a5142409b22fceb080ebd81d16f87ad29869752be478bc36
1072,dataset/Vinmec_2D/train/train_image/1072.JPG,dataset/Vinmec_2D/train/train_label/label/1072.PNG,SIM-7DBA0323FA,1f8968934598b236b2e333fe41b7b4dd8a905fcce437b2b432ca8ba95fb7f94a
1151,dataset/Vinmec_2D/train/train_image/1151.JPG,dataset/Vinmec_2D/train/train_label/label/1151.PNG,SIM-7DBA0323FA,99235f622ff9d7354a79bf5089539d8de34ca45a95ee6637ab43bb876a8c7c8d
692,dataset/Vinmec_2D/train/train_image/692.JPG,dataset/Vinmec_2D/train/train_label/label/692.PNG,SIM-7DBA0323FA,1415d27310ffcddd19116ce43db150de8242ff25fe49b1e3ffa6f7dca26baad5
518,dataset/Vinmec_2D/train/train_image/518.JPG,dataset/Vinmec_2D/train/train_label/label/518.PNG,SIM-7DBA0323FA,2765720c76da1f5c8574f5c789de180020e379f475d529aa42ac20c7224d22be
1048,dataset/Vinmec_2D/train/train_image/1048.JPG,dataset/Vinmec_2D/train/train_label/label/1048.PNG,SIM-E031DDA9D9,c4e8e566326f2b4b81dd9b6af6b35fcabf07d291da9ee2dc510af99ea95bc4fb
456,dataset/Vinmec_2D/train/train_image/456.JPG,dataset/Vinmec_2D/train/train_label/label/456.PNG,SIM-E031DDA9D9,dfe7e6f66b566dbc952737ea848ffe980f19f80ccebb34ce6a1b405ed7ab5474
839,dataset/Vinmec_2D/train/train_image/839.JPG,dataset/Vinmec_2D/train/train_label/label/839.PNG,SIM-943F345E42,ecfa378ce6a7477e95a8195047cdd8e1067371b3ca4738177df063149e314df2
730,dataset/Vinmec_2D/train/train_image/730.JPG,dataset/Vinmec_2D/train/train_label/label/730.PNG,SIM-943F345E42,fa79bd9fe7f0fbdfc11ae30e40c4239cbd67ce6329aa1e8408f95d14c477943c
736,dataset/Vinmec_2D/train/train_image/736.JPG,dataset/Vinmec_2D/train/train_label/label/736.PNG,SIM-CAA34DB233,573238169c0675109e5554e77519b628b6abf229fb51fb3cb40479d29f3a87d8
611,dataset/Vinmec_2D/train/train_image/611.JPG,dataset/Vinmec_2D/train/train_label/label/611.PNG,SIM-BF4FE6FF1C,9408d24a896d45ff3633ecfa5548a2326164f586d3a03d25470f4c89a55c24dd
871,dataset/Vinmec_2D/train/train_image/871.JPG,dataset/Vinmec_2D/train/train_label/label/871.PNG,SIM-BF4FE6FF1C,02bf61ac432f1c01d82107aa8df28a2872cf1d3fd1f1d3d955cfcd458d7f54b1
463,dataset/Vinmec_2D/train/train_image/463.JPG,dataset/Vinmec_2D/train/train_label/label/463.PNG,SIM-205F4C0E13,49679505cc8b2826b8e025b98d7b1a9a61d146bbaed44d29bf7db89bf9bdb9ec
1333,dataset/Vinmec_2D/train/train_image/1333.JPG,dataset/Vinmec_2D/train/train_label/label/1333.PNG,SIM-4F2B28CF75,05418059e8310cadce6d466c558fdb1eb1fe7589051e730e79df43148f500b13
147,dataset/Vinmec_2D/train/train_image/147.JPG,dataset/Vinmec_2D/train/train_label/label/147.PNG,SIM-4F2B28CF75,ff7fd59272480eed20f3f716bc182f0d778f86c99682176bd2e8b93303487942
1294,dataset/Vinmec_2D/train/train_image/1294.JPG,dataset/Vinmec_2D/train/train_label/label/1294.PNG,SIM-4F2B28CF75,54fa1c36acf78d47605b0f67a925071899f1b42ea585ddff1010c7998477d085
1097,dataset/Vinmec_2D/train/train_image/1097.JPG,dataset/Vinmec_2D/train/train_label/label/1097.PNG,SIM-4F2B28CF75,2ca28fd55d48f1f473560b295c5f62841e331cacf3d709b853064b7ac3b154fe
744,dataset/Vinmec_2D/train/train_image/744.JPG,dataset/Vinmec_2D/train/train_label/label/744.PNG,SIM-C7B9736C02,41d843e736e2da251091b5c7a44f6fca57da94dc5679e1dfd0b0cab1a7748930
713,dataset/Vinmec_2D/train/train_image/713.JPG,dataset/Vinmec_2D/train/train_label/label/713.PNG,SIM-C7B9736C02,867779d6df41d0634ae62781135233dea446369b0dbcec623861cf13fdb1cf88
499,dataset/Vinmec_2D/train/train_image/499.JPG,dataset/Vinmec_2D/train/train_label/label/499.PNG,SIM-C7B9736C02,b789d102a7d0973f1367808b3593e476892a588149c0741c55a9abe422095f63
753,dataset/Vinmec_2D/train/train_image/753.JPG,dataset/Vinmec_2D/train/train_label/label/753.PNG,SIM-298382003E,5f23245279d23d7418aa9a4c8bc0b5c79e75c939b998dc05c1f87e713002e092
845,dataset/Vinmec_2D/train/train_image/845.JPG,dataset/Vinmec_2D/train/train_label/label/845.PNG,SIM-298382003E,812ac822aed058c0eb992b7ce4b1e295410ddd44e25c6314b208654a4bd00970
1327,dataset/Vinmec_2D/train/train_image/1327.JPG,dataset/Vinmec_2D/train/train_label/label/1327.PNG,SIM-298382003E,4cb3ede436617c6ab210f563ad444794965e5827b00127447e8e4253c27f09bd
608,dataset/Vinmec_2D/train/train_image/608.JPG,dataset/Vinmec_2D/train/train_label/label/608.PNG,SIM-298382003E,6050d3149f81af93fcc00e0fc233d0bf88edabde383ee9816f564ea0a9fd6236
1283,dataset/Vinmec_2D/train/train_image/1283.JPG,dataset/Vinmec_2D/train/train_label/label/1283.PNG,SIM-2274B00843,06f9c16bd038306471cc3b766424961169ac93da2b34f1e90064140a3b18273b
1135,dataset/Vinmec_2D/train/train_image/1135.JPG,dataset/Vinmec_2D/train/train_label/label/1135.PNG,SIM-2274B00843,940e16788b209b77645926418c846d46c8c66ffd60ab3a6de12bfd9d81ebb2e2
38,dataset/Vinmec_2D/train/train_image/38.JPG,dataset/Vinmec_2D/train/train_label/label/38.PNG,SIM-52FF1780ED,60346285ae971ba70cafe5a9101ac1d0a8ae6b6832517caf8d14cebfd7a7cb6e
1149,dataset/Vinmec_2D/train/train_image/1149.JPG,dataset/Vinmec_2D/train/train_label/label/1149.PNG,SIM-52FF1780ED,ab2a15b79e0ae2bff71bb25d2f55e29e267afab778b0e1ef43162104e3e40b1f
764,dataset/Vinmec_2D/train/train_image/764.JPG,dataset/Vinmec_2D/train/train_label/label/764.PNG,SIM-182B92C825,e0a2a414a43b4dbaa612a337bde9029585dd0699711bf1531088391198749509
1236,dataset/Vinmec_2D/train/train_image/1236.JPG,dataset/Vinmec_2D/train/train_label/label/1236.PNG,SIM-182B92C825,61828d8177c13bf5924639126fe1bb1ff54bc2fef993f4a4c3171a6696229d3d
933,dataset/Vinmec_2D/train/train_image/933.JPG,dataset/Vinmec_2D/train/train_label/label/933.PNG,SIM-182B92C825,cfdbafad23fc39b26882206e4db8e37640fc0ca0a2c554d6b09ac169c5dedf79
604,dataset/Vinmec_2D/train/train_image/604.JPG,dataset/Vinmec_2D/train/train_label/label/604.PNG,SIM-97ACC51F53,47c3841806e528c57170f6db4b5ffab91bee72729f0423e7c287a13b952d666a
166,dataset/Vinmec_2D/train/train_image/166.JPG,dataset/Vinmec_2D/train/train_label/label/166.PNG,SIM-97ACC51F53,fc6a100a2f77faf8b80737734f35a0586230e1453fc47ea3b79385daaedc76a6
763,dataset/Vinmec_2D/train/train_image/763.JPG,dataset/Vinmec_2D/train/train_label/label/763.PNG,SIM-5890257568,13aaa26ce6dbd548c09f02aa9ef6e2c8bd82db19f2980f3a41e7a2423020ee82
324,dataset/Vinmec_2D/train/train_image/324.JPG,dataset/Vinmec_2D/train/train_label/label/324.PNG,SIM-5890257568,94c5acca538db8546e3aa148f421be00dfa3eb913e73992e3600a8f0ee93e329
780,dataset/Vinmec_2D/train/train_image/780.JPG,dataset/Vinmec_2D/train/train_label/label/780.PNG,SIM-CB038687F2,a916bf411eaff32e7e653ffe03777eca673db9be148d5f1870283f9dd8bcede8
500,dataset/Vinmec_2D/train/train_image/500.JPG,dataset/Vinmec_2D/train/train_label/label/500.PNG,SIM-DD381A8119,8d542e556fdc6e13f50653d763c3329d3bab29f6ed1c2b649845321cc83b930a
1272,dataset/Vinmec_2D/train/train_image/1272.JPG,dataset/Vinmec_2D/train/train_label/label/1272.PNG,SIM-FFA4CFD599,3d42b025e79f33bb3fd8788658f3bcdd085999cde065081b0a8aa5bf6ea99d88
99,dataset/Vinmec_2D/train/train_image/99.JPG,dataset/Vinmec_2D/train/train_label/label/99.PNG,SIM-FFA4CFD599,a41bb660778273417abf13a09dae46d095547e1e5d4b7913ac22b67ed1e098cf
742,dataset/Vinmec_2D/train/train_image/742.JPG,dataset/Vinmec_2D/train/train_label/label/742.PNG,SIM-84043AF67D,fd6bb7cf17845e9e2b5b66eeae735019cd8e1c641fd8c2a850f390663c29fcd7
1029,dataset/Vinmec_2D/train/train_image/1029.JPG,dataset/Vinmec_2D/train/train_label/label/1029.PNG,SIM-84043AF67D,d61d0730994e76a06448a33381cf9ca3c76157a4534c106fd9956478120e33e0
469,dataset/Vinmec_2D/train/train_image/469.JPG,dataset/Vinmec_2D/train/train_label/label/469.PNG,SIM-84043AF67D,f7eaa6e7c112c12d0709653e7f1a5906ae6151cd718bddbafff4616fa1228359
188,dataset/Vinmec_2D/train/train_image/188.JPG,dataset/Vinmec_2D/train/train_label/label/188.PNG,SIM-2F997FFB54,7cc3e0d9d46b9a65ff7c90e9b8567787a52827f2a3c3826a77a07dc5be468d44
893,dataset/Vinmec_2D/train/train_image/893.JPG,dataset/Vinmec_2D/train/train_label/label/893.PNG,SIM-2F997FFB54,55ddd0b8ae45c2774067bb8d3226eb30397507d3c85a9fa0a79aac297ec38aaf
1209,dataset/Vinmec_2D/train/train_image/1209.JPG,dataset/Vinmec_2D/train/train_label/label/1209.PNG,SIM-2F997FFB54,8a253b4a9abbd6e59b12fc401222bb75cb08ccf41fc5b70c2c536dece247fd71
1322,dataset/Vinmec_2D/train/train_image/1322.JPG,dataset/Vinmec_2D/train/train_label/label/1322.PNG,SIM-2CF7737052,d7d75600deedcfa59305c7d8a9a40148bee0f3ec584687cf8c945b97d74f4ee4
1153,dataset/Vinmec_2D/train/train_image/1153.JPG,dataset/Vinmec_2D/train/train_label/label/1153.PNG,SIM-2CF7737052,8934d661691a8577198d1e0d1dbc428dde852b9a649b652fca9db12fc3c1a29f
413,dataset/Vinmec_2D/train/train_image/413.JPG,dataset/Vinmec_2D/train/train_label/label/413.PNG,SIM-2CF7737052,d0e3d5fda32da06a4cc47234fd479c7a16ce35bf343c2cb0153873484d36115c
811,dataset/Vinmec_2D/train/train_image/811.JPG,dataset/Vinmec_2D/train/train_label/label/811.PNG,SIM-27843BD437,a2cfe44b708917d825b9a5cc13f8e67148983c049234384ec35f4ec444356bd3
381,dataset/Vinmec_2D/train/train_image/381.JPG,dataset/Vinmec_2D/train/train_label/label/381.PNG,SIM-27843BD437,4e38d403ee252ae4f1a41c04d696b84b2cce882b62b857583b841ad79daf4d5a
767,dataset/Vinmec_2D/train/train_image/767.JPG,dataset/Vinmec_2D/train/train_label/label/767.PNG,SIM-3ADC890246,a2c4e80b3730bc15c98a6674fdc8629fcee583c4b2c14315d7c06bb84e6996c1
943,dataset/Vinmec_2D/train/train_image/943.JPG,dataset/Vinmec_2D/train/train_label/label/943.PNG,SIM-3ADC890246,cd84d1b815ad331766b2a946ee723a75db552fd9d8f5a978187481af34594d55
838,dataset/Vinmec_2D/train/train_image/838.JPG,dataset/Vinmec_2D/train/train_label/label/838.PNG,SIM-3ADC890246,82cc1495d931a2ff0470a469f4dae5547170ee4310603a7a54ebae8fb9599570
1303,dataset/Vinmec_2D/train/train_image/1303.JPG,dataset/Vinmec_2D/train/train_label/label/1303.PNG,SIM-7BBA7C425D,ee14288cae59fb6b1320cccbc9ec404ac3263817f1b05879f35e03f2cf974548
1147,dataset/Vinmec_2D/train/train_image/1147.JPG,dataset/Vinmec_2D/train/train_label/label/1147.PNG,SIM-7BBA7C425D,7b99b58b273d14a0009d26e1108c24118f90b507bf30b89cb6d26d0de83235b5
213,dataset/Vinmec_2D/train/train_image/213.JPG,dataset/Vinmec_2D/train/train_label/label/213.PNG,SIM-E47A715532,ab09e1eaae3329050117a279374d5845586fb5ec50aaf8f647372c08f2240bb0
273,dataset/Vinmec_2D/train/train_image/273.JPG,dataset/Vinmec_2D/train/train_label/label/273.PNG,SIM-E47A715532,a77f7938326ef0965672abcfaca53f6235bcd4dce4a0a9b848692c6bc13dfe06
459,dataset/Vinmec_2D/train/train_image/459.JPG,dataset/Vinmec_2D/train/train_label/label/459.PNG,SIM-E47A715532,ecd99af3a24a71f7378cc734ad2d863f962de13409942a8cdda570cbd129758b
1423,dataset/Vinmec_2D/train/train_image/1423.JPG,dataset/Vinmec_2D/train/train_label/label/1423.PNG,SIM-0D9098567A,62b9f119bdb06aba937cfbcbf4d334775c8b664be16a6a550a5ffc7617ed503d
1187,dataset/Vinmec_2D/train/train_image/1187.JPG,dataset/Vinmec_2D/train/train_label/label/1187.PNG,SIM-0D9098567A,8f42c2612293dd15214f591e90388332d069f67419d6e1f98a206500bda18886
977,dataset/Vinmec_2D/train/train_image/977.JPG,dataset/Vinmec_2D/train/train_label/label/977.PNG,SIM-698F45A2DF,dc62c0c8b568e3dac78740a65919dadfedd6709db0d295bc1069cec17069f2d5
997,dataset/Vinmec_2D/train/train_image/997.JPG,dataset/Vinmec_2D/train/train_label/label/997.PNG,SIM-698F45A2DF,d1daa3179c2f6dbcdf05355cecb7e915cbfdbb92939727fc1474b38a2148ba5f
92,dataset/Vinmec_2D/train/train_image/92.JPG,dataset/Vinmec_2D/train/train_label/label/92.PNG,SIM-698F45A2DF,dee25838d726045258a89b484a1dbbe3892c098e7535971d517507a12ed718ea
1231,dataset/Vinmec_2D/train/train_image/1231.JPG,dataset/Vinmec_2D/train/train_label/label/1231.PNG,SIM-C49C656F99,38857635493dcb98396dc5b1443da99f1e0cba2eca4cdbc3dd675adb0dae7c58
368,dataset/Vinmec_2D/train/train_image/368.JPG,dataset/Vinmec_2D/train/train_label/label/368.PNG,SIM-A1B6130940,7cb030a53c158276464f89d7d046f3f50c10d92bc1f2eba9fd10fa65fbe6ad7b
1047,dataset/Vinmec_2D/train/train_image/1047.JPG,dataset/Vinmec_2D/train/train_label/label/1047.PNG,SIM-A1B6130940,b7ac6f5cd3ac8b59f4756235a7e7ed5b5704f8a313f77adedd659aa4ec962481
895,dataset/Vinmec_2D/train/train_image/895.JPG,dataset/Vinmec_2D/train/train_label/label/895.PNG,SIM-A1B6130940,c847b44d727565ab2f741a5b3bce3e8010e8a8edac7b9328814ca2c770ece9ad
341,dataset/Vinmec_2D/train/train_image/341.JPG,dataset/Vinmec_2D/train/train_label/label/341.PNG,SIM-A1B6130940,c643c9421599b1d103800472d0d87a3f719609d873ba400d8e726eec51cabc78
