case_id,image_path,mask_path,patient_id,image_sha256
003ba47b63e46e9a61bfe5c030cf9177b58b2cc1389ff139d637d31b9d8ad70f,dataset/Vinmec/Vinmec_2d/images/1168.JPG,dataset/Vinmec/Vinmec_2d/annotations/1168_binary.PNG,,003ba47b63e46e9a61bfe5c030cf9177b58b2cc1389ff139d637d31b9d8ad70f
012d0ffdd0fd7c2a8ddc2dff55c5e65b3079dc027936ef2badf7ee1266784dc4,dataset/Vinmec/Vinmec_2d/images/562.JPG,dataset/Vinmec/Vinmec_2d/annotations/562_binary.PNG,,012d0ffdd0fd7c2a8ddc2dff55c5e65b3079dc027936ef2badf7ee1266784dc4
018134358d88543802fb499b132f1afa37e910edb82837bc282be03fe7a509a5,dataset/Vinmec/Vinmec_2d/images/1348.JPG,dataset/Vinmec/Vinmec_2d/annotations/1348_binary.PNG,,018134358d88543802fb499b132f1afa37e910edb82837bc282be03fe7a509a5
01a563bcec0bbd74177e7b26b61910c167a345535c28f08d58a2a91574b4fb46,dataset/Vinmec/Vinmec_2d/images/247.JPG,dataset/Vinmec/Vinmec_2d/annotations/247_binary.PNG,,01a563bcec0bbd74177e7b26b61910c167a345535c28f08d58a2a91574b4fb46
01bef77af648a4b9508ffa3a4aa0495ba153f0dcc469ad4d6210caf876f92f5b,dataset/Vinmec/Vinmec_2d/images/1268.JPG,dataset/Vinmec/Vinmec_2d/annotations/1268_binary.PNG,,01bef77af648a4b9508ffa3a4aa0495ba153f0dcc469ad4d6210caf876f92f5b
02779ab9f311746097f2628eff98de3c5c535dead41eb0ec91fa7af50691fbb3,dataset/Vinmec/Vinmec_2d/images/285.JPG,dataset/Vinmec/Vinmec_2d/annotations/285_binary.PNG,,02779ab9f311746097f2628eff98de3c5c535dead41eb0ec91fa7af50691fbb3
02afa568e60fae987c0ec32d6ac0e2e97a1941e5fc3e2730ecc013df5dd5c869,dataset/Vinmec/Vinmec_2d/images/320.JPG,dataset/Vinmec/Vinmec_2d/annotations/320_binary.PNG,,02afa568e60fae987c0ec32d6ac0e2e97a1941e5fc3e2730ecc013df5dd5c869
03202a3c07e430634fb2ff54ab9ba94b92690732113c855cd118381da5d0558b,dataset/Vinmec/Vinmec_2d/images/596.JPG,dataset/Vinmec/Vinmec_2d/annotations/596_binary.PNG,,03202a3c07e430634fb2ff54ab9ba94b92690732113c855cd118381da5d0558b
03d1a0205121f392f97320b6eeaa800e90195cefd7dd8967396ea0e27958902f,dataset/Vinmec/Vinmec_2d/images/1106.JPG,dataset/Vinmec/Vinmec_2d/annotations/1106_binary.PNG,,03d1a0205121f392f97320b6eeaa800e90195cefd7dd8967396ea0e27958902f
04a19c8a86ed2149f44ecdbe62c8d46842e2901dab91581ea03e28e857564916,dataset/Vinmec/Vinmec_2d/images/1163.JPG,dataset/Vinmec/Vinmec_2d/annotations/1163_binary.PNG,,04a19c8a86ed2149f44ecdbe62c8d46842e2901dab91581ea03e28e857564916
0505b8073da4daff20756ee42df740293fe9c9d753936e96a7c9e2c63d898554,dataset/Vinmec/Vinmec_2d/images/115.JPG,dataset/Vinmec/Vinmec_2d/annotations/115_binary.PNG,,0505b8073da4daff20756ee42df740293fe9c9d753936e96a7c9e2c63d898554
0540d46150d7b356b3e613c6bb77ed2035fe46cee0e1dec96b7e26c094a032fc,dataset/Vinmec/Vinmec_2d/images/11.JPG,dataset/Vinmec/Vinmec_2d/annotations/11_binary.PNG,,0540d46150d7b356b3e613c6bb77ed2035fe46cee0e1dec96b7e26c094a032fc
057d3d9ee1fce62da042c065a218ef4fa20752a171ea942a4ddf455e41f34c5f,dataset/Vinmec/Vinmec_2d/images/1456.JPG,dataset/Vinmec/Vinmec_2d/annotations/1456_binary.PNG,,057d3d9ee1fce62da042c065a218ef4fa20752a171ea942a4ddf455e41f34c5f
059ff1b58a69cc407c6a03a46c86ef471fd4d94f89767e6f0a552ba2ef0a0267,dataset/Vinmec/Vinmec_3d/images/9.JPG,dataset/Vinmec/Vinmec_3d/annotations/9_binary.PNG,,059ff1b58a69cc407c6a03a46c86ef471fd4d94f89767e6f0a552ba2ef0a0267
05f93504e1c21187def0722e02ba53f86d39ff803e47e4cb64a7a9dd7b78778f,dataset/Vinmec/Vinmec_2d/images/1264.JPG,dataset/Vinmec/Vinmec_2d/annotations/1264_binary.PNG,,05f93504e1c21187def0722e02ba53f86d39ff803e47e4cb64a7a9dd7b78778f
0724db7fe15ceabf13071903f9543bb5bc3b88087004b086e923f0e5e65c2e5d,dataset/Vinmec/Vinmec_3d/images/18.JPG,dataset/Vinmec/Vinmec_3d/annotations/18_binary.PNG,,0724db7fe15ceabf13071903f9543bb5bc3b88087004b086e923f0e5e65c2e5d
07358605bd9d9c72c766524e0dbb16a5bd35d85c3a3e9723824c715eb4965ad0,dataset/Vinmec/Vinmec_2d/images/922.JPG,dataset/Vinmec/Vinmec_2d/annotations/922_binary.PNG,,07358605bd9d9c72c766524e0dbb16a5bd35d85c3a3e9723824c715eb4965ad0
074bd5b64e6cfa748aae926ef69e421a5571019d66fbf1ff347cd6d4efde7c65,dataset/Vinmec/Vinmec_2d/images/972.JPG,dataset/Vinmec/Vinmec_2d/annotations/972_binary.PNG,,074bd5b64e6cfa748aae926ef69e421a5571019d66fbf1ff347cd6d4efde7c65
074eeba60752fd7042efd67747a40a05fa3b86be8f70ccb1da061a0edc4123e5,dataset/Vinmec/Vinmec_2d/images/59.JPG,dataset/Vinmec/Vinmec_2d/annotations/59_binary.PNG,,074eeba60752fd7042efd67747a40a05fa3b86be8f70ccb1da061a0edc4123e5
07c9792131089aaf1e75a9c87462a463e36681060dc25726cc7ab36013382635,dataset/Vinmec/Vinmec_2d/images/1328.JPG,dataset/Vinmec/Vinmec_2d/annotations/1328_binary.PNG,,07c9792131089aaf1e75a9c87462a463e36681060dc25726cc7ab36013382635
09371d65e37f4c102470035d73ce4ef0885b76bb6505147edf5ac124085e485c,dataset/Vinmec/Vinmec_2d/images/724.JPG,dataset/Vinmec/Vinmec_2d/annotations/724_binary.PNG,,09371d65e37f4c102470035d73ce4ef0885b76bb6505147edf5ac124085e485c
09747e96bd67a1c617ab61199cd1d43d57753f3163f7f03a058620152804c77a,dataset/Vinmec/Vinmec_2d/images/277.JPG,dataset/Vinmec/Vinmec_2d/annotations/277_binary.PNG,,09747e96bd67a1c617ab61199cd1d43d57753f3163f7f03a058620152804c77a
09dc20910105ff649c479bb6a075c729dad8ff8c9afa10b5328d283320b071e8,dataset/Vinmec/Vinmec_2d/images/239.JPG,dataset/Vinmec/Vinmec_2d/annotations/239_binary.PNG,,09dc20910105ff649c479bb6a075c729dad8ff8c9afa10b5328d283320b071e8
0a473d7fbcb5dfe2c063c2d5f503b320e779accbcd9bee62dd49957904df89d2,dataset/Vinmec/Vinmec_2d/images/1016.JPG,dataset/Vinmec/Vinmec_2d/annotations/1016_binary.PNG,,0a473d7fbcb5dfe2c063c2d5f503b320e779accbcd9bee62dd49957904df89d2
0a55df3dd81ebf67f3d894acbb21b3a113081518b53e2ae3a80d2ab7d6984090,dataset/Vinmec/Vinmec_2d/images/1084.JPG,dataset/Vinmec/Vinmec_2d/annotations/1084_binary.PNG,,0a55df3dd81ebf67f3d894acbb21b3a113081518b53e2ae3a80d2ab7d6984090
0b292e9b0f3a38bc0c7ad8c31cb4a532efb79957d0334e0009f408af5d64afef,dataset/Vinmec/Vinmec_2d/images/1154.JPG,dataset/Vinmec/Vinmec_2d/annotations/1154_binary.PNG,,0b292e9b0f3a38bc0c7ad8c31cb4a532efb79957d0334e0009f408af5d64afef
0b4085625466691a113449785fc32ba36a36bb9521efcd94a60a39befb0f9e88,dataset/Vinmec/Vinmec_2d/images/1120.JPG,dataset/Vinmec/Vinmec_2d/annotations/1120_binary.PNG,,0b4085625466691a113449785fc32ba36a36bb9521efcd94a60a39befb0f9e88
0b42cc61aff3a0518a6583dd2f7acea67a4d9bedcd5257fb21540927f7edec8d,dataset/Vinmec/Vinmec_2d/images/1314.JPG,dataset/Vinmec/Vinmec_2d/annotations/1314_binary.PNG,,0b42cc61aff3a0518a6583dd2f7acea67a4d9bedcd5257fb21540927f7edec8d
0b58652d6ab552f7a8d936f1d0eda31ebc65de35fde52d2ded9aafc8a42e92f3,dataset/Vinmec/Vinmec_2d/images/1389.JPG,dataset/Vinmec/Vinmec_2d/annotations/1389_binary.PNG,,0b58652d6ab552f7a8d936f1d0eda31ebc65de35fde52d2ded9aafc8a42e92f3
0bbe70f6a1338052a4b0ff2c6746953f054b61646406c0be30eb044151ca2381,dataset/Vinmec/Vinmec_2d/images/1237.JPG,dataset/Vinmec/Vinmec_2d/annotations/1237_binary.PNG,,0bbe70f6a1338052a4b0ff2c6746953f054b61646406c0be30eb044151ca2381
0bc1a70ddb8a378d706d864dfd462adac9229c58d1970a704fe220bd03570262,dataset/Vinmec/Vinmec_2d/images/1455.JPG,dataset/Vinmec/Vinmec_2d/annotations/1455_binary.PNG,,0bc1a70ddb8a378d706d864dfd462adac9229c58d1970a704fe220bd03570262
0ceca8c4835299045b97557afad917b8fd7f909a0a3f95c7585a87c1af2e87ec,dataset/Vinmec/Vinmec_2d/images/961.JPG,dataset/Vinmec/Vinmec_2d/annotations/961_binary.PNG,,0ceca8c4835299045b97557afad917b8fd7f909a0a3f95c7585a87c1af2e87ec
0cf7d7e7b0ce5e658e3014ab574bd3ad6ea8d3d9ba3949329d3e33782f7b9176,dataset/Vinmec/Vinmec_2d/images/216.JPG,dataset/Vinmec/Vinmec_2d/annotations/216_binary.PNG,,0cf7d7e7b0ce5e658e3014ab574bd3ad6ea8d3d9ba3949329d3e33782f7b9176
0daf12c7a4fca07ccc937def36c9362d25b34f07abf914da3d3cb814156a6750,dataset/Vinmec/Vinmec_2d/images/111.JPG,dataset/Vinmec/Vinmec_2d/annotations/111_binary.PNG,,0daf12c7a4fca07ccc937def36c9362d25b34f07abf914da3d3cb814156a6750
0ddd845e282e2d486d42a8ea6fb67f2f1bec428793aa53b223f901b2221791bc,dataset/Vinmec/Vinmec_2d/images/807.JPG,dataset/Vinmec/Vinmec_2d/annotations/807_binary.PNG,,0ddd845e282e2d486d42a8ea6fb67f2f1bec428793aa53b223f901b2221791bc
0e05b3a678e25b01387eca97f47b39960772f5d73e71daa87f66f796c352db83,dataset/Vinmec/Vinmec_2d/images/1345.JPG,dataset/Vinmec/Vinmec_2d/annotations/1345_binary.PNG,,0e05b3a678e25b01387eca97f47b39960772f5d73e71daa87f66f796c352db83
0ece74ef96f2b855280cc4724a5593b51fffd56d482e1b37837a2ed0fa748cf8,dataset/Vinmec/Vinmec_2d/images/1275.JPG,dataset/Vinmec/Vinmec_2d/annotations/1275_binary.PNG,,0ece74ef96f2b855280cc4724a5593b51fffd56d482e1b37837a2ed0fa748cf8
0f410fd063fa762e2438377a31eb468608bfa0e5b702cc2e1255c4afcb207aba,dataset/Vinmec/Vinmec_2d/images/664.JPG,dataset/Vinmec/Vinmec_2d/annotations/664_binary.PNG,,0f410fd063fa762e2438377a31eb468608bfa0e5b702cc2e1255c4afcb207aba
0fb21e4334d8282ab91351341267c1371ccb43af1bb82508e6d4401cbe660e23,dataset/Vinmec/Vinmec_2d/images/650.JPG,dataset/Vinmec/Vinmec_2d/annotations/650_binary.PNG,,0fb21e4334d8282ab91351341267c1371ccb43af1bb82508e6d4401cbe660e23
103f934f32e8b7a6ea021532bb3709bad2a9606d2df0358c3f32304b38faf341,dataset/Vinmec/Vinmec_2d/images/651.JPG,dataset/Vinmec/Vinmec_2d/annotations/651_binary.PNG,,103f934f32e8b7a6ea021532bb3709bad2a9606d2df0358c3f32304b38faf341
105a522523bd26395f9bd618bdc6384a0dd4719de6906d5ee88e5af17e3885ea,dataset/Vinmec/Vinmec_2d/images/980.JPG,dataset/Vinmec/Vinmec_2d/annotations/980_binary.PNG,,105a522523bd26395f9bd618bdc6384a0dd4719de6906d5ee88e5af17e3885ea
10776886f7c58264084699be55f6965d7247f80838cf88336bc93e3863d4a71b,dataset/Vinmec/Vinmec_2d/images/1116.JPG,dataset/Vinmec/Vinmec_2d/annotations/1116_binary.PNG,,10776886f7c58264084699be55f6965d7247f80838cf88336bc93e3863d4a71b
109572d315df8a761c52515f1378751fd3aa1f0fb41df25d93bc1def2c6d8ba2,dataset/Vinmec/Vinmec_2d/images/542.JPG,dataset/Vinmec/Vinmec_2d/annotations/542_binary.PNG,,109572d315df8a761c52515f1378751fd3aa1f0fb41df25d93bc1def2c6d8ba2
1120f57cbbed1132734e9d815dae8b0d4c4a8a30991a01971a8cef19b92e532a,dataset/Vinmec/Vinmec_2d/images/845.JPG,dataset/Vinmec/Vinmec_2d/annotations/845_binary.PNG,,1120f57cbbed1132734e9d815dae8b0d4c4a8a30991a01971a8cef19b92e532a
117033b7f436b95469633f1777defbf613fd51a47dfab87855126f5f20f23f7b,dataset/Vinmec/Vinmec_2d/images/812.JPG,dataset/Vinmec/Vinmec_2d/annotations/812_binary.PNG,,117033b7f436b95469633f1777defbf613fd51a47dfab87855126f5f20f23f7b
1177617efed1fa73368fc773291a9cad7726cf4c2d272504219f4244f0bfd9f5,dataset/Vinmec/Vinmec_2d/images/873.JPG,dataset/Vinmec/Vinmec_2d/annotations/873_binary.PNG,,1177617efed1fa73368fc773291a9cad7726cf4c2d272504219f4244f0bfd9f5
11e71b7d87e5b69c6f1fed830cf5c891701293691fc373512965ad423bbe1620,dataset/Vinmec/Vinmec_2d/images/997.JPG,dataset/Vinmec/Vinmec_2d/annotations/997_binary.PNG,,11e71b7d87e5b69c6f1fed830cf5c891701293691fc373512965ad423bbe1620
1288d4734bd64b179bf1e4ec7949618a2a10f0027773cdabffee0f00e77fec23,dataset/Vinmec/Vinmec_2d/images/319.JPG,dataset/Vinmec/Vinmec_2d/annotations/319_binary.PNG,,1288d4734bd64b179bf1e4ec7949618a2a10f0027773cdabffee0f00e77fec23
1294eebda860581275a4a796689c37dc33ed707d688064403a6982fe68fe024f,dataset/Vinmec/Vinmec_2d/images/1193.JPG,dataset/Vinmec/Vinmec_2d/annotations/1193_binary.PNG,,1294eebda860581275a4a796689c37dc33ed707d688064403a6982fe68fe024f
12ecc09b328779e75234b6448ea6c764a01508b2c082a86dfe85f9835faaf05e,dataset/Vinmec/Vinmec_3d/images/57.JPG,dataset/Vinmec/Vinmec_3d/annotations/57_binary.PNG,,12ecc09b328779e75234b6448ea6c764a01508b2c082a86dfe85f9835faaf05e
12ee3130479f489dd20d87c5207724fdf310619b3fcc037382e3b7f6699b7361,dataset/Vinmec/Vinmec_2d/images/426.JPG,dataset/Vinmec/Vinmec_2d/annotations/426_binary.PNG,,12ee3130479f489dd20d87c5207724fdf310619b3fcc037382e3b7f6699b7361
1306f793c6f306244dcd94ab283626c6acee4501c18a71148a4decd80f3ffd9e,dataset/Vinmec/Vinmec_2d/images/1334.JPG,dataset/Vinmec/Vinmec_2d/annotations/1334_binary.PNG,,1306f793c6f306244dcd94ab283626c6acee4501c18a71148a4decd80f3ffd9e
133bc50fa2fc5a6f9e826ba58b6d97ef38a42e3a466a37ecbb23f209d5b2d540,dataset/Vinmec/Vinmec_2d/images/1395.JPG,dataset/Vinmec/Vinmec_2d/annotations/1395_binary.PNG,,133bc50fa2fc5a6f9e826ba58b6d97ef38a42e3a466a37ecbb23f209d5b2d540
134d0d64650d4a9f62d5c292e5dcbd9755b7832bf85453e0f6aaaf1ef2ad63d9,dataset/Vinmec/Vinmec_2d/images/373.JPG,dataset/Vinmec/Vinmec_2d/annotations/373_binary.PNG,,134d0d64650d4a9f62d5c292e5dcbd9755b7832bf85453e0f6aaaf1ef2ad63d9
13ed1bf85ee083d1faba576910e139a1670c5f5b3218acac0cc4dea475d5a83e,dataset/Vinmec/Vinmec_2d/images/104.JPG,dataset/Vinmec/Vinmec_2d/annotations/104_binary.PNG,,13ed1bf85ee083d1faba576910e139a1670c5f5b3218acac0cc4dea475d5a83e
1414675144ff509659d048895097c30fc90d0ca0ef27172091d7bab3cc5aefa0,dataset/Vinmec/Vinmec_2d/images/563.JPG,dataset/Vinmec/Vinmec_2d/annotations/563_binary.PNG,,1414675144ff509659d048895097c30fc90d0ca0ef27172091d7bab3cc5aefa0
142ebf032dd7221d50b6302d95d50251b1565c9505c1592980d108f808cca5a8,dataset/Vinmec/Vinmec_2d/images/1422.JPG,dataset/Vinmec/Vinmec_2d/annotations/1422_binary.PNG,,142ebf032dd7221d50b6302d95d50251b1565c9505c1592980d108f808cca5a8
1456a30f4f69b3f49ba9864867724271877f6d5bd1ef173294cd1625d1064f01,dataset/Vinmec/Vinmec_2d/images/721.JPG,dataset/Vinmec/Vinmec_2d/annotations/721_binary.PNG,,1456a30f4f69b3f49ba9864867724271877f6d5bd1ef173294cd1625d1064f01
14b12159bd6f0418d2f87592e40e547929bfb8b184e801455098dcebef904619,dataset/Vinmec/Vinmec_2d/images/444.JPG,dataset/Vinmec/Vinmec_2d/annotations/444_binary.PNG,,14b12159bd6f0418d2f87592e40e547929bfb8b184e801455098dcebef904619
14b283e0aa795622fd16e85f73a532da8a8c1e7acf54cc87dae8dd3d86372fac,dataset/Vinmec/Vinmec_2d/images/982.JPG,dataset/Vinmec/Vinmec_2d/annotations/982_binary.PNG,,14b283e0aa795622fd16e85f73a532da8a8c1e7acf54cc87dae8dd3d86372fac
14e3c7ebbbf9f25328bba933f0aa7e34d1f76af8edb299537b3a8fe6bded86c5,dataset/Vinmec/Vinmec_2d/images/161.JPG,dataset/Vinmec/Vinmec_2d/annotations/161_binary.PNG,,14e3c7ebbbf9f25328bba933f0aa7e34d1f76af8edb299537b3a8fe6bded86c5
14f46c2edc353a8f93baa1e221770460dfb6614a7153461a9b6005cdc1cce3db,dataset/Vinmec/Vinmec_3d/images/167.JPG,dataset/Vinmec/Vinmec_3d/annotations/167_binary.PNG,,14f46c2edc353a8f93baa1e221770460dfb6614a7153461a9b6005cdc1cce3db
1535eb17ad3e92977cb2f5bd9c30ec26788d748bf7d06df74965914aedd4dae8,dataset/Vinmec/Vinmec_2d/images/327.JPG,dataset/Vinmec/Vinmec_2d/annotations/327_binary.PNG,,1535eb17ad3e92977cb2f5bd9c30ec26788d748bf7d06df74965914aedd4dae8
1571ed9f92a9ae63398b732dca669d9077f158f3b8cceca21c9590cb9ac92774,dataset/Vinmec/Vinmec_3d/images/38.JPG,dataset/Vinmec/Vinmec_3d/annotations/38_binary.PNG,,1571ed9f92a9ae63398b732dca669d9077f158f3b8cceca21c9590cb9ac92774
157ff874f1d63b15a94e19d112b87ee036779ae1eff6dd45397fbb44b4fef322,dataset/Vinmec/Vinmec_2d/images/60.JPG,dataset/Vinmec/Vinmec_2d/annotations/60_binary.PNG,,157ff874f1d63b15a94e19d112b87ee036779ae1eff6dd45397fbb44b4fef322
18496f54f03f0615758baee314a8e9c53b8665c36e733a325b69eba7c27f86f4,dataset/Vinmec/Vinmec_2d/images/775.JPG,dataset/Vinmec/Vinmec_2d/annotations/775_binary.PNG,,18496f54f03f0615758baee314a8e9c53b8665c36e733a325b69eba7c27f86f4
186c1e4ce314baee9569e6a53b67502cbb2fdd7cc44aa86e761a6ca2cc2be1b7,dataset/Vinmec/Vinmec_2d/images/829.JPG,dataset/Vinmec/Vinmec_2d/annotations/829_binary.PNG,,186c1e4ce314baee9569e6a53b67502cbb2fdd7cc44aa86e761a6ca2cc2be1b7
1880713fc52410b42920b2fd643a79691c1bdcdde00d2081a8523ed5a1171197,dataset/Vinmec/Vinmec_2d/images/38.JPG,dataset/Vinmec/Vinmec_2d/annotations/38_binary.PNG,,1880713fc52410b42920b2fd643a79691c1bdcdde00d2081a8523ed5a1171197
188891f578433e5e4387673ecdc2bfc07f6a3032c9a99077cb6350e93a7ae28f,dataset/Vinmec/Vinmec_2d/images/194.JPG,dataset/Vinmec/Vinmec_2d/annotations/194_binary.PNG,,188891f578433e5e4387673ecdc2bfc07f6a3032c9a99077cb6350e93a7ae28f
18a7c4c668910aac3e9392299d33a7c2a75d5c4f40529019f9c806831d96888c,dataset/Vinmec/Vinmec_2d/images/236.JPG,dataset/Vinmec/Vinmec_2d/annotations/236_binary.PNG,,18a7c4c668910aac3e9392299d33a7c2a75d5c4f40529019f9c806831d96888c
1902b71d2fb528c4af46d317aba348852c66cdb1253879b3c567bc004c4421fc,dataset/Vinmec/Vinmec_2d/images/604.JPG,dataset/Vinmec/Vinmec_2d/annotations/604_binary.PNG,,1902b71d2fb528c4af46d317aba348852c66cdb1253879b3c567bc004c4421fc
19d5d4d99f9cc3a832b985eb5d94563c1b4433c3e4e6b7b016df5ed837d62fe7,dataset/Vinmec/Vinmec_2d/images/782.JPG,dataset/Vinmec/Vinmec_2d/annotations/782_binary.PNG,,19d5d4d99f9cc3a832b985eb5d94563c1b4433c3e4e6b7b016df5ed837d62fe7
1a4f791c8e482a13388a59027dd78493a063896c98e92a4d300b0d8e8829596e,dataset/Vinmec/Vinmec_2d/images/822.JPG,dataset/Vinmec/Vinmec_2d/annotations/822_binary.PNG,,1a4f791c8e482a13388a59027dd78493a063896c98e92a4d300b0d8e8829596e
1a97091f818742fed0cc5b1a415bc6dcae8eea1e203bb9627e798ef4329afdf2,dataset/Vinmec/Vinmec_2d/images/321.JPG,dataset/Vinmec/Vinmec_2d/annotations/321_binary.PNG,,1a97091f818742fed0cc5b1a415bc6dcae8eea1e203bb9627e798ef4329afdf2
1b552c5c8d486c97e931dafb1f74eada612bd11654e59c6149305045199474bf,dataset/Vinmec/Vinmec_2d/images/130.JPG,dataset/Vinmec/Vinmec_2d/annotations/130_binary.PNG,,1b552c5c8d486c97e931dafb1f74eada612bd11654e59c6149305045199474bf
1c0e1d9fe5b17fc4f0338912a80bcbad53f02e33f09df2c6a8c48fd18062a619,dataset/Vinmec/Vinmec_2d/images/147.JPG,dataset/Vinmec/Vinmec_2d/annotations/147_binary.PNG,,1c0e1d9fe5b17fc4f0338912a80bcbad53f02e33f09df2c6a8c48fd18062a619
1d0023bc4245dcf66bfd4068431e747e90a8038860376bbd2eb7228d2e8dad70,dataset/Vinmec/Vinmec_2d/images/1037.JPG,dataset/Vinmec/Vinmec_2d/annotations/1037_binary.PNG,,1d0023bc4245dcf66bfd4068431e747e90a8038860376bbd2eb7228d2e8dad70
1d98bb7b3d12d60248f68b9b633c12ea4d65fe43b14cd1dd0d10c3efc1fe6caa,dataset/Vinmec/Vinmec_2d/images/593.JPG,dataset/Vinmec/Vinmec_2d/annotations/593_binary.PNG,,1d98bb7b3d12d60248f68b9b633c12ea4d65fe43b14cd1dd0d10c3efc1fe6caa
1dbb74893c09b2deafccc692a786fbb6385936ecdd491bdf2c707e809a58bc17,dataset/Vinmec/Vinmec_2d/images/1.JPG,dataset/Vinmec/Vinmec_2d/annotations/1_binary.PNG,,1dbb74893c09b2deafccc692a786fbb6385936ecdd491bdf2c707e809a58bc17
1dda0ba80452b704fbb0a1c9defbdf85e0c7af0847d9d0a68a302490e0e496fd,dataset/Vinmec/Vinmec_2d/images/543.JPG,dataset/Vinmec/Vinmec_2d/annotations/543_binary.PNG,,1dda0ba80452b704fbb0a1c9defbdf85e0c7af0847d9d0a68a302490e0e496fd
20649a4b2c32974fe492710ff9dae87c0b54ae42d122526acee3f0d4acd8110a,dataset/Vinmec/Vinmec_2d/images/1448.JPG,dataset/Vinmec/Vinmec_2d/annotations/1448_binary.PNG,,20649a4b2c32974fe492710ff9dae87c0b54ae42d122526acee3f0d4acd8110a
20738ca8845196d4246a71e2ca064ff1bf81acbd693cfd77e98a4098bf05f346,dataset/Vinmec/Vinmec_2d/images/742.JPG,dataset/Vinmec/Vinmec_2d/annotations/742_binary.PNG,,20738ca8845196d4246a71e2ca064ff1bf81acbd693cfd77e98a4098bf05f346
208b6ee6874ac0eba97deda7eb605fbf4bb49480c11c47445ba3d11733193022,dataset/Vinmec/Vinmec_2d/images/72.JPG,dataset/Vinmec/Vinmec_2d/annotations/72_binary.PNG,,208b6ee6874ac0eba97deda7eb605fbf4bb49480c11c47445ba3d11733193022
20b4da9ad65a2cea9e384969706610b3d5f78222c1a3559a43689415dbb72fd5,dataset/Vinmec/Vinmec_2d/images/940.JPG,dataset/Vinmec/Vinmec_2d/annotations/940_binary.PNG,,20b4da9ad65a2cea9e384969706610b3d5f78222c1a3559a43689415dbb72fd5
20d1dbdbe0674f09d023f0d91603b680e9950f501b8855869baf6c39c94650ec,dataset/Vinmec/Vinmec_2d/images/55.JPG,dataset/Vinmec/Vinmec_2d/annotations/55_binary.PNG,,20d1dbdbe0674f09d023f0d91603b680e9950f501b8855869baf6c39c94650ec
21002776f99ebd155a0aa30d66cc0e51fceb4d4e4e333416ca4d1371a2fff618,dataset/Vinmec/Vinmec_2d/images/165.JPG,dataset/Vinmec/Vinmec_2d/annotations/165_binary.PNG,,21002776f99ebd155a0aa30d66cc0e51fceb4d4e4e333416ca4d1371a2fff618
21409d423e4532b5c116594600d14e868ca624caae88dbd31f5cea26cabb9a18,dataset/Vinmec/Vinmec_2d/images/1414.JPG,dataset/Vinmec/Vinmec_2d/annotations/1414_binary.PNG,,21409d423e4532b5c116594600d14e868ca624caae88dbd31f5cea26cabb9a18
2179b179830bdc55a763c3372647329dc19818ef7d2bb793b43052de43777af0,dataset/Vinmec/Vinmec_3d/images/67.JPG,dataset/Vinmec/Vinmec_3d/annotations/67_binary.PNG,,2179b179830bdc55a763c3372647329dc19818ef7d2bb793b43052de43777af0
21938e7c0e76e30aaf5464b5106a98691e69c5c1c6cf1439fe407e3e756b086e,dataset/Vinmec/Vinmec_2d/images/857.JPG,dataset/Vinmec/Vinmec_2d/annotations/857_binary.PNG,,21938e7c0e76e30aaf5464b5106a98691e69c5c1c6cf1439fe407e3e756b086e
21b3f7cbabfcbd92cfde0b42c7925f248a295a449cea588a4e09cb719678a64b,dataset/Vinmec/Vinmec_2d/images/901.JPG,dataset/Vinmec/Vinmec_2d/annotations/901_binary.PNG,,21b3f7cbabfcbd92cfde0b42c7925f248a295a449cea588a4e09cb719678a64b
2224cf25bc2d95e3824c5a68f2de7285dd4d8e83af608a0c072200e216e05fd9,dataset/Vinmec/Vinmec_2d/images/235.JPG,dataset/Vinmec/Vinmec_2d/annotations/235_binary.PNG,,2224cf25bc2d95e3824c5a68f2de7285dd4d8e83af608a0c072200e216e05fd9
22907a788dd8b5942075f5304c6e381d926e8a5ec5ebf23ba6900c83ce700309,dataset/Vinmec/Vinmec_2d/images/176.JPG,dataset/Vinmec/Vinmec_2d/annotations/176_binary.PNG,,22907a788dd8b5942075f5304c6e381d926e8a5ec5ebf23ba6900c83ce700309
22c16ee0e20e380e10351b8c0c73549c1e47d28516849384b6ba8db6203f63e2,dataset/Vinmec/Vinmec_2d/images/913.JPG,dataset/Vinmec/Vinmec_2d/annotations/913_binary.PNG,,22c16ee0e20e380e10351b8c0c73549c1e47d28516849384b6ba8db6203f63e2
2310715e4a3a7701f35e5d84e1d4033b1f421dcdb4e3b39d5447ee78f03f301a,dataset/Vinmec/Vinmec_2d/images/1136.JPG,dataset/Vinmec/Vinmec_2d/annotations/1136_binary.PNG,,2310715e4a3a7701f35e5d84e1d4033b1f421dcdb4e3b39d5447ee78f03f301a
234d337c354d73a6c9b912d00adbc8d691a665d17cb02322f2f253f663eec2ef,dataset/Vinmec/Vinmec_2d/images/305.JPG,dataset/Vinmec/Vinmec_2d/annotations/305_binary.PNG,,234d337c354d73a6c9b912d00adbc8d691a665d17cb02322f2f253f663eec2ef
23682bbdb8fba945f25253098668ebed962c06dff41def48934505c67872b500,dataset/Vinmec/Vinmec_2d/images/549.JPG,dataset/Vinmec/Vinmec_2d/annotations/549_binary.PNG,,23682bbdb8fba945f25253098668ebed962c06dff41def48934505c67872b500
2379f25fd13baada15ba8f43991291b8e9ac6e1753032ac6d882f5772bcf561f,dataset/Vinmec/Vinmec_2d/images/990.JPG,dataset/Vinmec/Vinmec_2d/annotations/990_binary.PNG,,2379f25fd13baada15ba8f43991291b8e9ac6e1753032ac6d882f5772bcf561f
245f61115f6c65a2a60cffd04c0de6ea051ffb7d42997ef77238c37bc23fdb33,dataset/Vinmec/Vinmec_3d/images/35.JPG,dataset/Vinmec/Vinmec_3d/annotations/35_binary.PNG,,245f61115f6c65a2a60cffd04c0de6ea051ffb7d42997ef77238c37bc23fdb33
247fed10e5ccf69ff40bca3d99665d831d536a39bce9600407da92f66ca439bc,dataset/Vinmec/Vinmec_2d/images/6.JPG,dataset/Vinmec/Vinmec_2d/annotations/6_binary.PNG,,247fed10e5ccf69ff40bca3d99665d831d536a39bce9600407da92f66ca439bc
24a80788b9bc6613e75124261fb603232eb65a9d2e4cefcf3e8b675f92fc538a,dataset/Vinmec/Vinmec_2d/images/798.JPG,dataset/Vinmec/Vinmec_2d/annotations/798_binary.PNG,,24a80788b9bc6613e75124261fb603232eb65a9d2e4cefcf3e8b675f92fc538a
24b00d8b9fcca05e6275a2a0c042057667bdefbf0d0e7bf9f6b05d2ddebe7ee1,dataset/Vinmec/Vinmec_2d/images/303.JPG,dataset/Vinmec/Vinmec_2d/annotations/303_binary.PNG,,24b00d8b9fcca05e6275a2a0c042057667bdefbf0d0e7bf9f6b05d2ddebe7ee1
2521786ec8d6cf10b9e5e130b5f95f0b879cd2b79742ebecc9442839d4a5f8dc,dataset/Vinmec/Vinmec_3d/images/49.JPG,dataset/Vinmec/Vinmec_3d/annotations/49_binary.PNG,,2521786ec8d6cf10b9e5e130b5f95f0b879cd2b79742ebecc9442839d4a5f8dc
25eb8306926f714bf60b81d68bcbe94b32d6b0b7765b4de26307ef5c86531939,dataset/Vinmec/Vinmec_2d/images/572.JPG,dataset/Vinmec/Vinmec_2d/annotations/572_binary.PNG,,25eb8306926f714bf60b81d68bcbe94b32d6b0b7765b4de26307ef5c86531939
260700ffd2698ebafc6481ee16ea3ced0f90905674e5d9d18c320d8d630f51a6,dataset/Vinmec/Vinmec_2d/images/324.JPG,dataset/Vinmec/Vinmec_2d/annotations/324_binary.PNG,,260700ffd2698ebafc6481ee16ea3ced0f90905674e5d9d18c320d8d630f51a6
26312cb1bb7b5b2565d4a2a9d003481e06111c6287d2520299bc74891b6738fe,dataset/Vinmec/Vinmec_2d/images/871.JPG,dataset/Vinmec/Vinmec_2d/annotations/871_binary.PNG,,26312cb1bb7b5b2565d4a2a9d003481e06111c6287d2520299bc74891b6738fe
28386040efbaae4c772f8df58845fb215cd7f524de84b0906d1046c2a31a569c,dataset/Vinmec/Vinmec_2d/images/843.JPG,dataset/Vinmec/Vinmec_2d/annotations/843_binary.PNG,,28386040efbaae4c772f8df58845fb215cd7f524de84b0906d1046c2a31a569c
28a251c680b8398ac84186b002f54615079c3c4fdafe1dcfbfa681559a2414b7,dataset/Vinmec/Vinmec_2d/images/1077.JPG,dataset/Vinmec/Vinmec_2d/annotations/1077_binary.PNG,,28a251c680b8398ac84186b002f54615079c3c4fdafe1dcfbfa681559a2414b7
298298e9a6db17f9644f5f97e163441bbe2c491e462fe8350380ec264fef0b35,dataset/Vinmec/Vinmec_2d/images/252.JPG,dataset/Vinmec/Vinmec_2d/annotations/252_binary.PNG,,298298e9a6db17f9644f5f97e163441bbe2c491e462fe8350380ec264fef0b35
298a183f4a0399acf0c1a2fddbf3b1b219411c6ab56e453e3fb939204cc93c61,dataset/Vinmec/Vinmec_2d/images/411.JPG,dataset/Vinmec/Vinmec_2d/annotations/411_binary.PNG,,298a183f4a0399acf0c1a2fddbf3b1b219411c6ab56e453e3fb939204cc93c61
29f9125b306afacb7a1d9c5ab174a44efbe2efb4472bda11119860d24c7a61af,dataset/Vinmec/Vinmec_2d/images/1274.JPG,dataset/Vinmec/Vinmec_2d/annotations/1274_binary.PNG,,29f9125b306afacb7a1d9c5ab174a44efbe2efb4472bda11119860d24c7a61af
2a6ec78d61bde00ad94ddd9b27961fcf25c0f2f2a06b249b285e68ff76a75c3f,dataset/Vinmec/Vinmec_2d/images/243.JPG,dataset/Vinmec/Vinmec_2d/annotations/243_binary.PNG,,2a6ec78d61bde00ad94ddd9b27961fcf25c0f2f2a06b249b285e68ff76a75c3f
2a946db18702925502e182acbf2844294055ba30aa9d07efb87201a3eee842e1,dataset/Vinmec/Vinmec_3d/images/17.JPG,dataset/Vinmec/Vinmec_3d/annotations/17_binary.PNG,,2a946db18702925502e182acbf2844294055ba30aa9d07efb87201a3eee842e1
2b3533c9ec32c4632ce731167e29445f94b7231e24cff40c4794b3ec0502ee0a,dataset/Vinmec/Vinmec_2d/images/942.JPG,dataset/Vinmec/Vinmec_2d/annotations/942_binary.PNG,,2b3533c9ec32c4632ce731167e29445f94b7231e24cff40c4794b3ec0502ee0a
2b72b277aaad1d4bacc85b408c7604758277e229666b090dab515bdb45d9e888,dataset/Vinmec/Vinmec_2d/images/1312.JPG,dataset/Vinmec/Vinmec_2d/annotations/1312_binary.PNG,,2b72b277aaad1d4bacc85b408c7604758277e229666b090dab515bdb45d9e888
2b8ec00b1e7337eca5e8a9c0688445489ecdab9e2e02aab05e5810a4b9cd7e4d,dataset/Vinmec/Vinmec_2d/images/833.JPG,dataset/Vinmec/Vinmec_2d/annotations/833_binary.PNG,,2b8ec00b1e7337eca5e8a9c0688445489ecdab9e2e02aab05e5810a4b9cd7e4d
2bf09579ab5cf4698ccc223ab17b37671ff642b91043e380a7be21da72389675,dataset/Vinmec/Vinmec_3d/images/103.JPG,dataset/Vinmec/Vinmec_3d/annotations/103_binary.PNG,,2bf09579ab5cf4698ccc223ab17b37671ff642b91043e380a7be21da72389675
2cd97f46b33929439b440408b105a75006a03141e9ac7fed30ebc7e29eb0f503,dataset/Vinmec/Vinmec_2d/images/1113.JPG,dataset/Vinmec/Vinmec_2d/annotations/1113_binary.PNG,,2cd97f46b33929439b440408b105a75006a03141e9ac7fed30ebc7e29eb0f503
2d0f44c57282ad24d0cb5fa6f14e83d2d26209ea79c923f97ae1772fe294f6ba,dataset/Vinmec/Vinmec_2d/images/892.JPG,dataset/Vinmec/Vinmec_2d/annotations/892_binary.PNG,,2d0f44c57282ad24d0cb5fa6f14e83d2d26209ea79c923f97ae1772fe294f6ba
2d2d4e16ab2363569d1562d224155066773c1c1a25bcb5e990a367174f5b88f1,dataset/Vinmec/Vinmec_2d/images/1398.JPG,dataset/Vinmec/Vinmec_2d/annotations/1398_binary.PNG,,2d2d4e16ab2363569d1562d224155066773c1c1a25bcb5e990a367174f5b88f1
2e6cc05a2b6103c2e04169332313d840c374334fd3220129dd3dc9ee5e82fe85,dataset/Vinmec/Vinmec_3d/images/106.JPG,dataset/Vinmec/Vinmec_3d/annotations/106_binary.PNG,,2e6cc05a2b6103c2e04169332313d840c374334fd3220129dd3dc9ee5e82fe85
2f61f184ca17ed814414cbc4dd5e8490cd1113aa8fb990be0e014fc03f37d12a,dataset/Vinmec/Vinmec_2d/images/353.JPG,dataset/Vinmec/Vinmec_2d/annotations/353_binary.PNG,,2f61f184ca17ed814414cbc4dd5e8490cd1113aa8fb990be0e014fc03f37d12a
3023c659ff1d9fcc5563f80434357357f71924a937db4efd12c34c378e5c447b,dataset/Vinmec/Vinmec_2d/images/902.JPG,dataset/Vinmec/Vinmec_2d/annotations/902_binary.PNG,,3023c659ff1d9fcc5563f80434357357f71924a937db4efd12c34c378e5c447b
3083a0f5a9eb847c5a6fc1f13b35e4d1fd396f95acbae010a4baa5c5ce158597,dataset/Vinmec/Vinmec_2d/images/74.JPG,dataset/Vinmec/Vinmec_2d/annotations/74_binary.PNG,,3083a0f5a9eb847c5a6fc1f13b35e4d1fd396f95acbae010a4baa5c5ce158597
30874017eda51f023218ff1b50ad90cd95b5f79fe600567780e0846118240afc,dataset/Vinmec/Vinmec_2d/images/1074.JPG,dataset/Vinmec/Vinmec_2d/annotations/1074_binary.PNG,,30874017eda51f023218ff1b50ad90cd95b5f79fe600567780e0846118240afc
31c4b18d1125721eb10487be2c5442ee470b4de6303aaf3a0a6759b49821b568,dataset/Vinmec/Vinmec_2d/images/409.JPG,dataset/Vinmec/Vinmec_2d/annotations/409_binary.PNG,,31c4b18d1125721eb10487be2c5442ee470b4de6303aaf3a0a6759b49821b568
3220ce9c003dfba03f76b78ae40f3eeef1c8f82920cbdd534d7d77c360690ba3,dataset/Vinmec/Vinmec_3d/images/43.JPG,dataset/Vinmec/Vinmec_3d/annotations/43_binary.PNG,,3220ce9c003dfba03f76b78ae40f3eeef1c8f82920cbdd534d7d77c360690ba3
3297686dc84e193f72fa10acef85be0deb7523002c14fcf8897c0af60de6e507,dataset/Vinmec/Vinmec_2d/images/120.JPG,dataset/Vinmec/Vinmec_2d/annotations/120_binary.PNG,,3297686dc84e193f72fa10acef85be0deb7523002c14fcf8897c0af60de6e507
32d1100169d46ecb8e6300758815f836a4ec19015aaae725fd37faca0f64e826,dataset/Vinmec/Vinmec_2d/images/1198.JPG,dataset/Vinmec/Vinmec_2d/annotations/1198_binary.PNG,,32d1100169d46ecb8e6300758815f836a4ec19015aaae725fd37faca0f64e826
32ef0abb42881a05087b6d3cc2bcaf7a720a8ee397c58186188db2f1ec4b4545,dataset/Vinmec/Vinmec_2d/images/1126.JPG,dataset/Vinmec/Vinmec_2d/annotations/1126_binary.PNG,,32ef0abb42881a05087b6d3cc2bcaf7a720a8ee397c58186188db2f1ec4b4545
3354d895ecc70481c210f18481968da18f499642bc737451a05288b56778dc86,dataset/Vinmec/Vinmec_2d/images/459.JPG,dataset/Vinmec/Vinmec_2d/annotations/459_binary.PNG,,3354d895ecc70481c210f18481968da18f499642bc737451a05288b56778dc86
33965638da94cd204a582ed7744a80a1a5c1a29bc777fb6f3136cd93eb9ae6da,dataset/Vinmec/Vinmec_2d/images/42.JPG,dataset/Vinmec/Vinmec_2d/annotations/42_binary.PNG,,33965638da94cd204a582ed7744a80a1a5c1a29bc777fb6f3136cd93eb9ae6da
33c83d13f2ea1df2b2b2a410b6af4ade092854ba3bca54b6454294c5fb706898,dataset/Vinmec/Vinmec_2d/images/932.JPG,dataset/Vinmec/Vinmec_2d/annotations/932_binary.PNG,,33c83d13f2ea1df2b2b2a410b6af4ade092854ba3bca54b6454294c5fb706898
33fe8bebaf05f77a1764d6eb5de06f916dcdc2922fe660299da29ae0cfc28453,dataset/Vinmec/Vinmec_2d/images/783.JPG,dataset/Vinmec/Vinmec_2d/annotations/783_binary.PNG,,33fe8bebaf05f77a1764d6eb5de06f916dcdc2922fe660299da29ae0cfc28453
3447114edb168ba39334bbd5c3c655d78de4705dc53df1f3740dad9fe27489b9,dataset/Vinmec/Vinmec_2d/images/451.JPG,dataset/Vinmec/Vinmec_2d/annotations/451_binary.PNG,,3447114edb168ba39334bbd5c3c655d78de4705dc53df1f3740dad9fe27489b9
34a0f286a21641b16f04a1f7fda1609dd5e014968b534f83257b11c183da9c07,dataset/Vinmec/Vinmec_2d/images/704.JPG,dataset/Vinmec/Vinmec_2d/annotations/704_binary.PNG,,34a0f286a21641b16f04a1f7fda1609dd5e014968b534f83257b11c183da9c07
352825ae49bbd1ed06eb3e9b218c645afbc8a6eaa061aee4b18446c9f7e6c6d8,dataset/Vinmec/Vinmec_2d/images/485.JPG,dataset/Vinmec/Vinmec_2d/annotations/485_binary.PNG,,352825ae49bbd1ed06eb3e9b218c645afbc8a6eaa061aee4b18446c9f7e6c6d8
3549a9e873e30ca23eb244f541b2ff4cc9ee93952dadf81993dd290b879ad6d2,dataset/Vinmec/Vinmec_2d/images/389.JPG,dataset/Vinmec/Vinmec_2d/annotations/389_binary.PNG,,3549a9e873e30ca23eb244f541b2ff4cc9ee93952dadf81993dd290b879ad6d2
37e658a1175a24ce1371bf438d167bbc8906c643d09ff24028b151960e15972a,dataset/Vinmec/Vinmec_2d/images/1194.JPG,dataset/Vinmec/Vinmec_2d/annotations/1194_binary.PNG,,37e658a1175a24ce1371bf438d167bbc8906c643d09ff24028b151960e15972a
37f3d8b0ba1f21b56c50ef5a4c62bbdab4ea7848b6c84b40bf4241761b2575a4,dataset/Vinmec/Vinmec_2d/images/995.JPG,dataset/Vinmec/Vinmec_2d/annotations/995_binary.PNG,,37f3d8b0ba1f21b56c50ef5a4c62bbdab4ea7848b6c84b40bf4241761b2575a4
37fe4dbf9fc7312798a5e3be4eaf3f75ed576762049b56b7ae51070c95b5d34c,dataset/Vinmec/Vinmec_2d/images/1248.JPG,dataset/Vinmec/Vinmec_2d/annotations/1248_binary.PNG,,37fe4dbf9fc7312798a5e3be4eaf3f75ed576762049b56b7ae51070c95b5d34c
38606e859efca436eafd9b0b1724fa70e1b16ad6b0470553e9c40194f13b34fd,dataset/Vinmec/Vinmec_2d/images/790.JPG,dataset/Vinmec/Vinmec_2d/annotations/790_binary.PNG,,38606e859efca436eafd9b0b1724fa70e1b16ad6b0470553e9c40194f13b34fd
38702ee10fbbabb0f1bcb6db61f2a4ffabaefddca3a16571a912fab4f9c82b34,dataset/Vinmec/Vinmec_2d/images/860.JPG,dataset/Vinmec/Vinmec_2d/annotations/860_binary.PNG,,38702ee10fbbabb0f1bcb6db61f2a4ffabaefddca3a16571a912fab4f9c82b34
3873ac76b4b3839f2589e6c2675e1d81eb62859ff56e4d9cdc45e858f3a1b13b,dataset/Vinmec/Vinmec_2d/images/1419.JPG,dataset/Vinmec/Vinmec_2d/annotations/1419_binary.PNG,,3873ac76b4b3839f2589e6c2675e1d81eb62859ff56e4d9cdc45e858f3a1b13b
387ec3ba2a8b9e84b3810b821656f8890c8f0ea0e046ce949bda25d53c0347e6,dataset/Vinmec/Vinmec_2d/images/564.JPG,dataset/Vinmec/Vinmec_2d/annotations/564_binary.PNG,,387ec3ba2a8b9e84b3810b821656f8890c8f0ea0e046ce949bda25d53c0347e6
38a322370dc1aa4c768c48b91914964eae7a0c367aca1c9468337b4ecae2d501,dataset/Vinmec/Vinmec_2d/images/151.JPG,dataset/Vinmec/Vinmec_2d/annotations/151_binary.PNG,,38a322370dc1aa4c768c48b91914964eae7a0c367aca1c9468337b4ecae2d501
38aa4fa1bac0226b3b978d0bcc1202c19fac1840bb4fda9f246ae658024cdd96,dataset/Vinmec/Vinmec_2d/images/663.JPG,dataset/Vinmec/Vinmec_2d/annotations/663_binary.PNG,,38aa4fa1bac0226b3b978d0bcc1202c19fac1840bb4fda9f246ae658024cdd96
38b6c1c73a35980e5bc57b4a91e4eefc3ba3d92027b61bcdd9cce860d5c5f9ef,dataset/Vinmec/Vinmec_2d/images/1402.JPG,dataset/Vinmec/Vinmec_2d/annotations/1402_binary.PNG,,38b6c1c73a35980e5bc57b4a91e4eefc3ba3d92027b61bcdd9cce860d5c5f9ef
38cf5e4a9274b50fc9317be3ea710ffd11e18ffe79f78aa7035ac15a36be2e86,dataset/Vinmec/Vinmec_3d/images/130.JPG,dataset/Vinmec/Vinmec_3d/annotations/130_binary.PNG,,38cf5e4a9274b50fc9317be3ea710ffd11e18ffe79f78aa7035ac15a36be2e86
3a19e22ff1294d41c6cb98c517392ba63c01744b30b93ec1c1551c784c5e9d45,dataset/Vinmec/Vinmec_2d/images/31.JPG,dataset/Vinmec/Vinmec_2d/annotations/31_binary.PNG,,3a19e22ff1294d41c6cb98c517392ba63c01744b30b93ec1c1551c784c5e9d45
3a792db0287753cf86af96c327b62d974f2db1a08d02a6aa07ca6b0836e90300,dataset/Vinmec/Vinmec_2d/images/749.JPG,dataset/Vinmec/Vinmec_2d/annotations/749_binary.PNG,,3a792db0287753cf86af96c327b62d974f2db1a08d02a6aa07ca6b0836e90300
3b347ef3cc37451e765ffaa0694b37b4db32f0101db79c5857c073f70245d020,dataset/Vinmec/Vinmec_2d/images/224.JPG,dataset/Vinmec/Vinmec_2d/annotations/224_binary.PNG,,3b347ef3cc37451e765ffaa0694b37b4db32f0101db79c5857c073f70245d020
3b629b16c21d927e5dd08b2b04d8697a8ef27a3ff3482fb5bdbd520a8530cdb1,dataset/Vinmec/Vinmec_2d/images/1139.JPG,dataset/Vinmec/Vinmec_2d/annotations/1139_binary.PNG,,3b629b16c21d927e5dd08b2b04d8697a8ef27a3ff3482fb5bdbd520a8530cdb1
3b62d888486f7af2189a04e26ffe2f5b9db9d13cfc92ee6052b0dbeb585f583f,dataset/Vinmec/Vinmec_2d/images/447.JPG,dataset/Vinmec/Vinmec_2d/annotations/447_binary.PNG,,3b62d888486f7af2189a04e26ffe2f5b9db9d13cfc92ee6052b0dbeb585f583f
3baa9bfa5460d5d1fd243814b1d9890911e50a25124da7260e7d2cecb48f24f6,dataset/Vinmec/Vinmec_2d/images/419.JPG,dataset/Vinmec/Vinmec_2d/annotations/419_binary.PNG,,3baa9bfa5460d5d1fd243814b1d9890911e50a25124da7260e7d2cecb48f24f6
3c3148a8ef052ecf7e7e70bf80e5790dd9f18d5d1761248e6cd549e2da902cdd,dataset/Vinmec/Vinmec_2d/images/956.JPG,dataset/Vinmec/Vinmec_2d/annotations/956_binary.PNG,,3c3148a8ef052ecf7e7e70bf80e5790dd9f18d5d1761248e6cd549e2da902cdd
3c51d64eef82547748da5b6837beaaf22bb7d515c6a0745497e1e8a74cf567e5,dataset/Vinmec/Vinmec_2d/images/196.JPG,dataset/Vinmec/Vinmec_2d/annotations/196_binary.PNG,,3c51d64eef82547748da5b6837beaaf22bb7d515c6a0745497e1e8a74cf567e5
3c9ca7400f30ee13d5ea027ca73df4bf62c21a1876f0a8bbeb5531dc6c07cd0b,dataset/Vinmec/Vinmec_2d/images/122.JPG,dataset/Vinmec/Vinmec_2d/annotations/122_binary.PNG,,3c9ca7400f30ee13d5ea027ca73df4bf62c21a1876f0a8bbeb5531dc6c07cd0b
3d03a5effcd8c2acff4a2e4f8f757d4e528236fd01c63e92a99b891893ea7e8d,dataset/Vinmec/Vinmec_2d/images/381.JPG,dataset/Vinmec/Vinmec_2d/annotations/381_binary.PNG,,3d03a5effcd8c2acff4a2e4f8f757d4e528236fd01c63e92a99b891893ea7e8d
3d49892f83caa8e7fcef2b0c6656a6be92a2558fdde1747665cc2eb9042e9205,dataset/Vinmec/Vinmec_2d/images/660.JPG,dataset/Vinmec/Vinmec_2d/annotations/660_binary.PNG,,3d49892f83caa8e7fcef2b0c6656a6be92a2558fdde1747665cc2eb9042e9205
3dd488509388b29f5bb93c70539973407076adc0a0d16396d802a7dfe95248a3,dataset/Vinmec/Vinmec_2d/images/1405.JPG,dataset/Vinmec/Vinmec_2d/annotations/1405_binary.PNG,,3dd488509388b29f5bb93c70539973407076adc0a0d16396d802a7dfe95248a3
3e67ad28348f15d6fe1b2c0d416c13f0f9095f0210f0fc3aeab7a6e1ab4de9d2,dataset/Vinmec/Vinmec_2d/images/80.JPG,dataset/Vinmec/Vinmec_2d/annotations/80_binary.PNG,,3e67ad28348f15d6fe1b2c0d416c13f0f9095f0210f0fc3aeab7a6e1ab4de9d2
3e6eb87b80337b8a07e15f5f44dd55b0880b56a61a901002e57df8f8730f21eb,dataset/Vinmec/Vinmec_2d/images/202.JPG,dataset/Vinmec/Vinmec_2d/annotations/202_binary.PNG,,3e6eb87b80337b8a07e15f5f44dd55b0880b56a61a901002e57df8f8730f21eb
3e9b2c9f4f60a0ae802166e7636ab8a145de21a678cd5d8f66a37f89759cbabb,dataset/Vinmec/Vinmec_2d/images/68.JPG,dataset/Vinmec/Vinmec_2d/annotations/68_binary.PNG,,3e9b2c9f4f60a0ae802166e7636ab8a145de21a678cd5d8f66a37f89759cbabb
3ed427f86a47cb71f96ff58f019d7ad44e77db906a0cbbd31aadf58ddc3eddbf,dataset/Vinmec/Vinmec_2d/images/1344.JPG,dataset/Vinmec/Vinmec_2d/annotations/1344_binary.PNG,,3ed427f86a47cb71f96ff58f019d7ad44e77db906a0cbbd31aadf58ddc3eddbf
3efb0b692c730fb987eaaedeb4c47f67249ac2fd441dc95488060ff1a25c097e,dataset/Vinmec/Vinmec_2d/images/1195.JPG,dataset/Vinmec/Vinmec_2d/annotations/1195_binary.PNG,,3efb0b692c730fb987eaaedeb4c47f67249ac2fd441dc95488060ff1a25c097e
3f09b5fcfb61cc064004fa1f699412614ba075dc928ef83aee2fcf75e2c168e4,dataset/Vinmec/Vinmec_2d/images/665.JPG,dataset/Vinmec/Vinmec_2d/annotations/665_binary.PNG,,3f09b5fcfb61cc064004fa1f699412614ba075dc928ef83aee2fcf75e2c168e4
3f2473dbfba3890861e462a0087160aeaa2d83752d30ba38d84aa643a9a01912,dataset/Vinmec/Vinmec_2d/images/250.JPG,dataset/Vinmec/Vinmec_2d/annotations/250_binary.PNG,,3f2473dbfba3890861e462a0087160aeaa2d83752d30ba38d84aa643a9a01912
3f5664b5c784a34b82fd223cd7a2838354e49000193a665353a06eaa0bb6669f,dataset/Vinmec/Vinmec_2d/images/976.JPG,dataset/Vinmec/Vinmec_2d/annotations/976_binary.PNG,,3f5664b5c784a34b82fd223cd7a2838354e49000193a665353a06eaa0bb6669f
3f869728bf79cadbb6aa30921e7e0771cd06cab3fd718129419744a8f3f70b35,dataset/Vinmec/Vinmec_2d/images/1418.JPG,dataset/Vinmec/Vinmec_2d/annotations/1418_binary.PNG,,3f869728bf79cadbb6aa30921e7e0771cd06cab3fd718129419744a8f3f70b35
3f87ada2eec3956e9dcc7f7524f46099ed4d797dc1cbeaa06db96aa557bf97ef,dataset/Vinmec/Vinmec_2d/images/625.JPG,dataset/Vinmec/Vinmec_2d/annotations/625_binary.PNG,,3f87ada2eec3956e9dcc7f7524f46099ed4d797dc1cbeaa06db96aa557bf97ef
3fdec2d2bc7795d822e7cca196ea6bf4e6146bb9150052a11ba56b3fe3b310dd,dataset/Vinmec/Vinmec_2d/images/470.JPG,dataset/Vinmec/Vinmec_2d/annotations/470_binary.PNG,,3fdec2d2bc7795d822e7cca196ea6bf4e6146bb9150052a11ba56b3fe3b310dd
401326f25459658ae5ee735eb58dbeeb71a61dc68f30bb7cb923310dfaeadf36,dataset/Vinmec/Vinmec_3d/images/138.JPG,dataset/Vinmec/Vinmec_3d/annotations/138_binary.PNG,,401326f25459658ae5ee735eb58dbeeb71a61dc68f30bb7cb923310dfaeadf36
4127d4339b550eee8ba0b3b39e8e54919cde992a9469a5ec096afab6de45250d,dataset/Vinmec/Vinmec_2d/images/713.JPG,dataset/Vinmec/Vinmec_2d/annotations/713_binary.PNG,,4127d4339b550eee8ba0b3b39e8e54919cde992a9469a5ec096afab6de45250d
4181acb3b68bc12a84c30ba1339a647b316f3e08a2baa2bcd4039f4eee520722,dataset/Vinmec/Vinmec_2d/images/1161.JPG,dataset/Vinmec/Vinmec_2d/annotations/1161_binary.PNG,,4181acb3b68bc12a84c30ba1339a647b316f3e08a2baa2bcd4039f4eee520722
44407ebc6c6b0d1c0da510408907f01866a171c286d260ab9dea4893d4cbe299,dataset/Vinmec/Vinmec_2d/images/617.JPG,dataset/Vinmec/Vinmec_2d/annotations/617_binary.PNG,,44407ebc6c6b0d1c0da510408907f01866a171c286d260ab9dea4893d4cbe299
44f2130c1869b9504ad7fc25c917bee164cdc78b091e4e7e9a8f36807bcc935d,dataset/Vinmec/Vinmec_2d/images/712.JPG,dataset/Vinmec/Vinmec_2d/annotations/712_binary.PNG,,44f2130c1869b9504ad7fc25c917bee164cdc78b091e4e7e9a8f36807bcc935d
455de283f54bbb35c19767cbf53ba61fc8bad23e86ee4555db4a9415416c6eeb,dataset/Vinmec/Vinmec_2d/images/875.JPG,dataset/Vinmec/Vinmec_2d/annotations/875_binary.PNG,,455de283f54bbb35c19767cbf53ba61fc8bad23e86ee4555db4a9415416c6eeb
4570ed0375fff06c64a885770194dee834914318ad24f9ca9ef50b95a782db73,dataset/Vinmec/Vinmec_3d/images/86.JPG,dataset/Vinmec/Vinmec_3d/annotations/86_binary.PNG,,4570ed0375fff06c64a885770194dee834914318ad24f9ca9ef50b95a782db73
4590162a6b1b44217310d361d6c27c6ba34866017f4c04decb1ffa8b7270be98,dataset/Vinmec/Vinmec_2d/images/1353.JPG,dataset/Vinmec/Vinmec_2d/annotations/1353_binary.PNG,,4590162a6b1b44217310d361d6c27c6ba34866017f4c04decb1ffa8b7270be98
46140a3a92f95a5528c0fff3f66c6b24240467c424d496ed9aee96cbb17b9e29,dataset/Vinmec/Vinmec_2d/images/428.JPG,dataset/Vinmec/Vinmec_2d/annotations/428_binary.PNG,,46140a3a92f95a5528c0fff3f66c6b24240467c424d496ed9aee96cbb17b9e29
463c3f73af44e8ccb2d330728b4a985fe18a319f426d8c30342fff3b54bfb97a,dataset/Vinmec/Vinmec_2d/images/1406.JPG,dataset/Vinmec/Vinmec_2d/annotations/1406_binary.PNG,,463c3f73af44e8ccb2d330728b4a985fe18a319f426d8c30342fff3b54bfb97a
4744079446cf88cd9e90ca2a1aded09578b43edf9bd850e632c710a2750c3b66,dataset/Vinmec/Vinmec_2d/images/688.JPG,dataset/Vinmec/Vinmec_2d/annotations/688_binary.PNG,,4744079446cf88cd9e90ca2a1aded09578b43edf9bd850e632c710a2750c3b66
477c13793600e22cbd9f549bc5a5f6497349715541e40668919091906d5f0431,dataset/Vinmec/Vinmec_2d/images/774.JPG,dataset/Vinmec/Vinmec_2d/annotations/774_binary.PNG,,477c13793600e22cbd9f549bc5a5f6497349715541e40668919091906d5f0431
479213f2f51092918030c6116bdb8b9d6d2fdf1cf0c4b80441908dfb695bd9db,dataset/Vinmec/Vinmec_2d/images/1072.JPG,dataset/Vinmec/Vinmec_2d/annotations/1072_binary.PNG,,479213f2f51092918030c6116bdb8b9d6d2fdf1cf0c4b80441908dfb695bd9db
47ebdc419396a6294ea8da04ecac21a8f38b876cc2e626ab9be7a039f2ba298c,dataset/Vinmec/Vinmec_2d/images/1316.JPG,dataset/Vinmec/Vinmec_2d/annotations/1316_binary.PNG,,47ebdc419396a6294ea8da04ecac21a8f38b876cc2e626ab9be7a039f2ba298c
484b34f9b727abc3e3a9c27a6fac5d982af646f3c93649e11fa8fec697a055f0,dataset/Vinmec/Vinmec_2d/images/142.JPG,dataset/Vinmec/Vinmec_2d/annotations/142_binary.PNG,,484b34f9b727abc3e3a9c27a6fac5d982af646f3c93649e11fa8fec697a055f0
49000569ce23daedd009a85375783b2bafe010e5a4e0d55c9943be84151ec1d5,dataset/Vinmec/Vinmec_2d/images/1387.JPG,dataset/Vinmec/Vinmec_2d/annotations/1387_binary.PNG,,49000569ce23daedd009a85375783b2bafe010e5a4e0d55c9943be84151ec1d5
494935bda7e97595703274066660b9df8a85546ddf2a5f6d995e6b72712e0bf2,dataset/Vinmec/Vinmec_2d/images/1069.JPG,dataset/Vinmec/Vinmec_2d/annotations/1069_binary.PNG,,494935bda7e97595703274066660b9df8a85546ddf2a5f6d995e6b72712e0bf2
49a219c5097f666fdf1cf3c5075db04c4e70d8efb594cd6c3679f4d99a760db9,dataset/Vinmec/Vinmec_2d/images/226.JPG,dataset/Vinmec/Vinmec_2d/annotations/226_binary.PNG,,49a219c5097f666fdf1cf3c5075db04c4e70d8efb594cd6c3679f4d99a760db9
49c3c38a2efc338a4b85a6e60def2f12e2c85d273dcf76c3ffb7b1e30212af28,dataset/Vinmec/Vinmec_2d/images/424.JPG,dataset/Vinmec/Vinmec_2d/annotations/424_binary.PNG,,49c3c38a2efc338a4b85a6e60def2f12e2c85d273dcf76c3ffb7b1e30212af28
4a3b8e974028e418caa0231d44ab78259ca191f846b601fdffa891336b54061c,dataset/Vinmec/Vinmec_2d/images/513.JPG,dataset/Vinmec/Vinmec_2d/annotations/513_binary.PNG,,4a3b8e974028e418caa0231d44ab78259ca191f846b601fdffa891336b54061c
4aa012bbe2e4b5239f934801a3577f75aba6685a1f82de52d4fc268859e56630,dataset/Vinmec/Vinmec_2d/images/1445.JPG,dataset/Vinmec/Vinmec_2d/annotations/1445_binary.PNG,,4aa012bbe2e4b5239f934801a3577f75aba6685a1f82de52d4fc268859e56630
4baa373676bdf1e7b1d5a01e81178e869a6f5d2a1b0e4c218ee2cbe9b013301d,dataset/Vinmec/Vinmec_2d/images/1278.JPG,dataset/Vinmec/Vinmec_2d/annotations/1278_binary.PNG,,4baa373676bdf1e7b1d5a01e81178e869a6f5d2a1b0e4c218ee2cbe9b013301d
4c4f54e479df5968b5fb9787680fb14837ce608551b50584b0deb49d46aea720,dataset/Vinmec/Vinmec_3d/images/7.JPG,dataset/Vinmec/Vinmec_3d/annotations/7_binary.PNG,,4c4f54e479df5968b5fb9787680fb14837ce608551b50584b0deb49d46aea720
4c84a468d695e3d8df1c8a639f65801baa2c1ab5c8bb441c7b170a0f678dcf4a,dataset/Vinmec/Vinmec_2d/images/799.JPG,dataset/Vinmec/Vinmec_2d/annotations/799_binary.PNG,,4c84a468d695e3d8df1c8a639f65801baa2c1ab5c8bb441c7b170a0f678dcf4a
4c98f63d622fe9e265b1c6dc4960504ff6c8970083d355b0f063426e01046bd9,dataset/Vinmec/Vinmec_2d/images/204.JPG,dataset/Vinmec/Vinmec_2d/annotations/204_binary.PNG,,4c98f63d622fe9e265b1c6dc4960504ff6c8970083d355b0f063426e01046bd9
4cab5841d478756e2855657131a50677d1baf72936df35d8fa31a48dc1a5a40c,dataset/Vinmec/Vinmec_2d/images/808.JPG,dataset/Vinmec/Vinmec_2d/annotations/808_binary.PNG,,4cab5841d478756e2855657131a50677d1baf72936df35d8fa31a48dc1a5a40c
4cd43a74d01be01e3f18b9c1ee41bad5f5455fec40ea90c6cb4e082bed477928,dataset/Vinmec/Vinmec_2d/images/1178.JPG,dataset/Vinmec/Vinmec_2d/annotations/1178_binary.PNG,,4cd43a74d01be01e3f18b9c1ee41bad5f5455fec40ea90c6cb4e082bed477928
4ceb8ffe39d615bdac86ca6d3c1d29bde796c9dbf3770f8daa6d37a77f5575ae,dataset/Vinmec/Vinmec_2d/images/588.JPG,dataset/Vinmec/Vinmec_2d/annotations/588_binary.PNG,,4ceb8ffe39d615bdac86ca6d3c1d29bde796c9dbf3770f8daa6d37a77f5575ae
4d5d21d4f911e9134af09bf366cbbe8ae3b495f42be2d80dbf1d5d7b070622fe,dataset/Vinmec/Vinmec_2d/images/458.JPG,dataset/Vinmec/Vinmec_2d/annotations/458_binary.PNG,,4d5d21d4f911e9134af09bf366cbbe8ae3b495f42be2d80dbf1d5d7b070622fe
4dc5c106c83bd5d8c616e393af821cfe0d571ffe24ea161eec54c257e424e331,dataset/Vinmec/Vinmec_2d/images/1117.JPG,dataset/Vinmec/Vinmec_2d/annotations/1117_binary.PNG,,4dc5c106c83bd5d8c616e393af821cfe0d571ffe24ea161eec54c257e424e331
4e319dcdc92c27d274ae9e0cde81cde111b31d7cfbd9c2c5644cf7957f942d7e,dataset/Vinmec/Vinmec_2d/images/318.JPG,dataset/Vinmec/Vinmec_2d/annotations/318_binary.PNG,,4e319dcdc92c27d274ae9e0cde81cde111b31d7cfbd9c2c5644cf7957f942d7e
4e4f3964dc79758e458654fab5f7f14f52d9557e8a41826e5c72982974549551,dataset/Vinmec/Vinmec_2d/images/1149.JPG,dataset/Vinmec/Vinmec_2d/annotations/1149_binary.PNG,,4e4f3964dc79758e458654fab5f7f14f52d9557e8a41826e5c72982974549551
4e61a700ce1a64c700563162fc69c4644f32ad7ff02396ff56bbe65a01431e2c,dataset/Vinmec/Vinmec_2d/images/728.JPG,dataset/Vinmec/Vinmec_2d/annotations/728_binary.PNG,,4e61a700ce1a64c700563162fc69c4644f32ad7ff02396ff56bbe65a01431e2c
4f13fb9eb0a43c0152c1d50a835288fa45c1cbac679eadd5e30f69203a62bd32,dataset/Vinmec/Vinmec_2d/images/1236.JPG,dataset/Vinmec/Vinmec_2d/annotations/1236_binary.PNG,,4f13fb9eb0a43c0152c1d50a835288fa45c1cbac679eadd5e30f69203a62bd32
4f51ed85de64d70352bdf882de2b8409fb00f88b30669082c9f9bbf1337c5ca2,dataset/Vinmec/Vinmec_2d/images/67.JPG,dataset/Vinmec/Vinmec_2d/annotations/67_binary.PNG,,4f51ed85de64d70352bdf882de2b8409fb00f88b30669082c9f9bbf1337c5ca2
4fa2479c58c829cea5fc6f012225b9fa4218d0aeccad71a6c0dd8085f2940b3d,dataset/Vinmec/Vinmec_2d/images/759.JPG,dataset/Vinmec/Vinmec_2d/annotations/759_binary.PNG,,4fa2479c58c829cea5fc6f012225b9fa4218d0aeccad71a6c0dd8085f2940b3d
4fac867bc75347603276960304da92f006fd1938f11d2bbab3d1a70b27845031,dataset/Vinmec/Vinmec_2d/images/153.JPG,dataset/Vinmec/Vinmec_2d/annotations/153_binary.PNG,,4fac867bc75347603276960304da92f006fd1938f11d2bbab3d1a70b27845031
4fc2e7c5bea0b156c145f03c5f42c76b2702d59ba44bf3d03feae333167167cd,dataset/Vinmec/Vinmec_2d/images/1051.JPG,dataset/Vinmec/Vinmec_2d/annotations/1051_binary.PNG,,4fc2e7c5bea0b156c145f03c5f42c76b2702d59ba44bf3d03feae333167167cd
502b804fbd59548718d69df8c885f4f5b6f687ae10ca31be8b87558305d5eeef,dataset/Vinmec/Vinmec_2d/images/964.JPG,dataset/Vinmec/Vinmec_2d/annotations/964_binary.PNG,,502b804fbd59548718d69df8c885f4f5b6f687ae10ca31be8b87558305d5eeef
5089586aa59541e1497f9a92c1ae45c2015f5b4dcc7362404f8008389583e4f6,dataset/Vinmec/Vinmec_2d/images/471.JPG,dataset/Vinmec/Vinmec_2d/annotations/471_binary.PNG,,5089586aa59541e1497f9a92c1ae45c2015f5b4dcc7362404f8008389583e4f6
509dda93d1041001387606d6ecb1cfc51d187cb21941cb026c90a226e1f17a07,dataset/Vinmec/Vinmec_2d/images/209.JPG,dataset/Vinmec/Vinmec_2d/annotations/209_binary.PNG,,509dda93d1041001387606d6ecb1cfc51d187cb21941cb026c90a226e1f17a07
511d655e73bf31c94e6b8059648691fe4a562ed2b014116022379639036bbc7d,dataset/Vinmec/Vinmec_3d/images/68.JPG,dataset/Vinmec/Vinmec_3d/annotations/68_binary.PNG,,511d655e73bf31c94e6b8059648691fe4a562ed2b014116022379639036bbc7d
512d370df5e0ba91b6ac5e43d47581ea61d5424e770e30e613acfc5d8447a266,dataset/Vinmec/Vinmec_2d/images/380.JPG,dataset/Vinmec/Vinmec_2d/annotations/380_binary.PNG,,512d370df5e0ba91b6ac5e43d47581ea61d5424e770e30e613acfc5d8447a266
5152a52dc2c6b3037e343f65a0f8425e720847cded290baaf54d236d9d29bd26,dataset/Vinmec/Vinmec_2d/images/213.JPG,dataset/Vinmec/Vinmec_2d/annotations/213_binary.PNG,,5152a52dc2c6b3037e343f65a0f8425e720847cded290baaf54d236d9d29bd26
51674909d5390adb58a7918f367630f97d6eb6799bdc027d6a469ccf7ae84a56,dataset/Vinmec/Vinmec_2d/images/408.JPG,dataset/Vinmec/Vinmec_2d/annotations/408_binary.PNG,,51674909d5390adb58a7918f367630f97d6eb6799bdc027d6a469ccf7ae84a56
51751c1e1d63f16b71c964813db1d7b7ec205d71b806b05d7b3fd1653162f6d3,dataset/Vinmec/Vinmec_2d/images/929.JPG,dataset/Vinmec/Vinmec_2d/annotations/929_binary.PNG,,51751c1e1d63f16b71c964813db1d7b7ec205d71b806b05d7b3fd1653162f6d3
517dd1e8e464bd73bf44e479175a1f5cdc57b0cd9bb6d50615c9d03f19319272,dataset/Vinmec/Vinmec_2d/images/146.JPG,dataset/Vinmec/Vinmec_2d/annotations/146_binary.PNG,,517dd1e8e464bd73bf44e479175a1f5cdc57b0cd9bb6d50615c9d03f19319272
5194928b5e25bb28376f7e661939b60467cbd3ffec22d1ff8e6efd5bc8e3dccd,dataset/Vinmec/Vinmec_2d/images/335.JPG,dataset/Vinmec/Vinmec_2d/annotations/335_binary.PNG,,5194928b5e25bb28376f7e661939b60467cbd3ffec22d1ff8e6efd5bc8e3dccd
51b37c5b9d7cec2493ad2e3b08a7e4d35071e0a95321cc24a1700ef01d871b64,dataset/Vinmec/Vinmec_2d/images/1297.JPG,dataset/Vinmec/Vinmec_2d/annotations/1297_binary.PNG,,51b37c5b9d7cec2493ad2e3b08a7e4d35071e0a95321cc24a1700ef01d871b64
5248ad040ca6927f25b57e7e58072c7fc918e1fa421de4c6c404d30d1e9b4bbd,dataset/Vinmec/Vinmec_2d/images/781.JPG,dataset/Vinmec/Vinmec_2d/annotations/781_binary.PNG,,5248ad040ca6927f25b57e7e58072c7fc918e1fa421de4c6c404d30d1e9b4bbd
52aeab0de1ff6c0eea3ddf53f2581bc70fa1b59153f0086c16275fbde521ddc2,dataset/Vinmec/Vinmec_2d/images/674.JPG,dataset/Vinmec/Vinmec_2d/annotations/674_binary.PNG,,52aeab0de1ff6c0eea3ddf53f2581bc70fa1b59153f0086c16275fbde521ddc2
52dcad62635f38c2a96ad4b8df7ea97f9575374153433e2583bf6910a124ba45,dataset/Vinmec/Vinmec_2d/images/1147.JPG,dataset/Vinmec/Vinmec_2d/annotations/1147_binary.PNG,,52dcad62635f38c2a96ad4b8df7ea97f9575374153433e2583bf6910a124ba45
52ea5b3e253823c661129eb1f66183fbbbe89aecbbf6246a90925eb4828238b3,dataset/Vinmec/Vinmec_2d/images/531.JPG,dataset/Vinmec/Vinmec_2d/annotations/531_binary.PNG,,52ea5b3e253823c661129eb1f66183fbbbe89aecbbf6246a90925eb4828238b3
52f8b0ea52b7bef8fc889e36495e35c8d528587533274117d037c6de94db651c,dataset/Vinmec/Vinmec_2d/images/1060.JPG,dataset/Vinmec/Vinmec_2d/annotations/1060_binary.PNG,,52f8b0ea52b7bef8fc889e36495e35c8d528587533274117d037c6de94db651c
5318cf2241a80161a70922e1cc257b8aa3f393ff864c6b9ea5ca0c90baddd64c,dataset/Vinmec/Vinmec_2d/images/525.JPG,dataset/Vinmec/Vinmec_2d/annotations/525_binary.PNG,,5318cf2241a80161a70922e1cc257b8aa3f393ff864c6b9ea5ca0c90baddd64c
53238c3d28019ea4e0e7c5cfee6d918d88394ead37295da94add49fe5e69defe,dataset/Vinmec/Vinmec_2d/images/795.JPG,dataset/Vinmec/Vinmec_2d/annotations/795_binary.PNG,,53238c3d28019ea4e0e7c5cfee6d918d88394ead37295da94add49fe5e69defe
5364bca55185f1388918a0c0f1f60f6023836dff0100c1087654522f6d46a21c,dataset/Vinmec/Vinmec_2d/images/705.JPG,dataset/Vinmec/Vinmec_2d/annotations/705_binary.PNG,,5364bca55185f1388918a0c0f1f60f6023836dff0100c1087654522f6d46a21c
540e44c3f836727812c69c7d0a4ada29fe0c98a7f7f19607fa6b99aed0b5a313,dataset/Vinmec/Vinmec_2d/images/865.JPG,dataset/Vinmec/Vinmec_2d/annotations/865_binary.PNG,,540e44c3f836727812c69c7d0a4ada29fe0c98a7f7f19607fa6b99aed0b5a313
544b8f84c49b3af90bbf64e4af4ba9c5f12d185f00de76b744ef5bba7898a783,dataset/Vinmec/Vinmec_2d/images/87.JPG,dataset/Vinmec/Vinmec_2d/annotations/87_binary.PNG,,544b8f84c49b3af90bbf64e4af4ba9c5f12d185f00de76b744ef5bba7898a783
54547bf9fc5b2bcf7c6fc41636bad97483f772649bb340e49917e98524c852bb,dataset/Vinmec/Vinmec_2d/images/30.JPG,dataset/Vinmec/Vinmec_2d/annotations/30_binary.PNG,,54547bf9fc5b2bcf7c6fc41636bad97483f772649bb340e49917e98524c852bb
549604377d342c9c05389c1cd445eebf992f25cf8763cb4bb0bbafbe636dadc2,dataset/Vinmec/Vinmec_2d/images/128.JPG,dataset/Vinmec/Vinmec_2d/annotations/128_binary.PNG,,549604377d342c9c05389c1cd445eebf992f25cf8763cb4bb0bbafbe636dadc2
54ba03acfa5f3a5b57828f31087fedd6f9626fdcf7c656969709874c110feee9,dataset/Vinmec/Vinmec_2d/images/1172.JPG,dataset/Vinmec/Vinmec_2d/annotations/1172_binary.PNG,,54ba03acfa5f3a5b57828f31087fedd6f9626fdcf7c656969709874c110feee9
54e282e4e46e1a2245f3f9db0026a001b2034a0b8d0b6411825c7c19d2c61ecb,dataset/Vinmec/Vinmec_2d/images/242.JPG,dataset/Vinmec/Vinmec_2d/annotations/242_binary.PNG,,54e282e4e46e1a2245f3f9db0026a001b2034a0b8d0b6411825c7c19d2c61ecb
55497c93f66bcb37263d25fab40bf9c3b6556e6fccd1ab191cdb1e7dbcc9b541,dataset/Vinmec/Vinmec_3d/images/81.JPG,dataset/Vinmec/Vinmec_3d/annotations/81_binary.PNG,,55497c93f66bcb37263d25fab40bf9c3b6556e6fccd1ab191cdb1e7dbcc9b541
55c56e2f305d3a39f7af36dd77127fc0f9a7c8329cc76d59655827e67e938e37,dataset/Vinmec/Vinmec_2d/images/486.JPG,dataset/Vinmec/Vinmec_2d/annotations/486_binary.PNG,,55c56e2f305d3a39f7af36dd77127fc0f9a7c8329cc76d59655827e67e938e37
55deb96b50f7e06181aa96cdbb1fddd7d5a28eef516c1b212453445a63bd47d0,dataset/Vinmec/Vinmec_2d/images/519.JPG,dataset/Vinmec/Vinmec_2d/annotations/519_binary.PNG,,55deb96b50f7e06181aa96cdbb1fddd7d5a28eef516c1b212453445a63bd47d0
561a1011ddf7330c357743cd1bc8d7597f75f1ed37461702bc2b5a5b348a64b3,dataset/Vinmec/Vinmec_2d/images/461.JPG,dataset/Vinmec/Vinmec_2d/annotations/461_binary.PNG,,561a1011ddf7330c357743cd1bc8d7597f75f1ed37461702bc2b5a5b348a64b3
5686f138f4795fe6cc99dcf8526ae471396ce27c1f9d7e662029cffb701bf4f6,dataset/Vinmec/Vinmec_2d/images/275.JPG,dataset/Vinmec/Vinmec_2d/annotations/275_binary.PNG,,5686f138f4795fe6cc99dcf8526ae471396ce27c1f9d7e662029cffb701bf4f6
578b25f23e082d400b7f969e331e750d0b1ed4374592ac518a9a919be2853820,dataset/Vinmec/Vinmec_2d/images/273.JPG,dataset/Vinmec/Vinmec_2d/annotations/273_binary.PNG,,578b25f23e082d400b7f969e331e750d0b1ed4374592ac518a9a919be2853820
57c8ad0af0f9c998778b7311b3273e07f9d9b38977e589c68dcf6f9d51137f2e,dataset/Vinmec/Vinmec_2d/images/914.JPG,dataset/Vinmec/Vinmec_2d/annotations/914_binary.PNG,,57c8ad0af0f9c998778b7311b3273e07f9d9b38977e589c68dcf6f9d51137f2e
57cd9785f549674aeece6eaf7b43d3c09a1ea81657906b9efb978e01d6778b79,dataset/Vinmec/Vinmec_3d/images/22.JPG,dataset/Vinmec/Vinmec_3d/annotations/22_binary.PNG,,57cd9785f549674aeece6eaf7b43d3c09a1ea81657906b9efb978e01d6778b79
57e8994d77657b017fdd040d5132a0beee2cc842651925d258af6be152df3333,dataset/Vinmec/Vinmec_2d/images/1245.JPG,dataset/Vinmec/Vinmec_2d/annotations/1245_binary.PNG,,57e8994d77657b017fdd040d5132a0beee2cc842651925d258af6be152df3333
5818dbe4de10a68503198d03ab49014e050a79fc24452cef69d8e18ed089a725,dataset/Vinmec/Vinmec_2d/images/346.JPG,dataset/Vinmec/Vinmec_2d/annotations/346_binary.PNG,,5818dbe4de10a68503198d03ab49014e050a79fc24452cef69d8e18ed089a725
5832ff41d5cbb7c8cda6489887a4b1bf720cd17f5e86cc51242bc0d6c880d482,dataset/Vinmec/Vinmec_2d/images/246.JPG,dataset/Vinmec/Vinmec_2d/annotations/246_binary.PNG,,5832ff41d5cbb7c8cda6489887a4b1bf720cd17f5e86cc51242bc0d6c880d482
58f48c5903773da89b3a6a7188c5bfe5b02556ea8cf71a6ed8996c3ada4e5958,dataset/Vinmec/Vinmec_2d/images/571.JPG,dataset/Vinmec/Vinmec_2d/annotations/571_binary.PNG,,58f48c5903773da89b3a6a7188c5bfe5b02556ea8cf71a6ed8996c3ada4e5958
590e3faf01e6a40935d5d70905fb270c8beae50c3a5472a05aee68886b0950ff,dataset/Vinmec/Vinmec_2d/images/294.JPG,dataset/Vinmec/Vinmec_2d/annotations/294_binary.PNG,,590e3faf01e6a40935d5d70905fb270c8beae50c3a5472a05aee68886b0950ff
5956e71a430bd3b8144e97b1bd289f057df0f31dfbf3d9ec031e9e85df8d4c1c,dataset/Vinmec/Vinmec_2d/images/1112.JPG,dataset/Vinmec/Vinmec_2d/annotations/1112_binary.PNG,,5956e71a430bd3b8144e97b1bd289f057df0f31dfbf3d9ec031e9e85df8d4c1c
59bd0a886d95e8f43c7abca61abb601a29a042a6bfacb7ac3034492b60a0aa47,dataset/Vinmec/Vinmec_2d/images/1372.JPG,dataset/Vinmec/Vinmec_2d/annotations/1372_binary.PNG,,59bd0a886d95e8f43c7abca61abb601a29a042a6bfacb7ac3034492b60a0aa47
59e2e5921cd186cda0dd6b32fab48ababe8970aa52c0b0b0c20aba83d84bcce1,dataset/Vinmec/Vinmec_2d/images/1006.JPG,dataset/Vinmec/Vinmec_2d/annotations/1006_binary.PNG,,59e2e5921cd186cda0dd6b32fab48ababe8970aa52c0b0b0c20aba83d84bcce1
5a0f9620aa3a1215bca3d339584c378a0707e9042858c8623a596bbad55c44fe,dataset/Vinmec/Vinmec_2d/images/1202.JPG,dataset/Vinmec/Vinmec_2d/annotations/1202_binary.PNG,,5a0f9620aa3a1215bca3d339584c378a0707e9042858c8623a596bbad55c44fe
5a35244c64dc93c9e8680b47b9c0e7cfddd55645cd297a5681d1791abddb26b0,dataset/Vinmec/Vinmec_2d/images/314.JPG,dataset/Vinmec/Vinmec_2d/annotations/314_binary.PNG,,5a35244c64dc93c9e8680b47b9c0e7cfddd55645cd297a5681d1791abddb26b0
5a77d854e93b47e0f2d6cc8fd9d32ab2f0f6eb9350fd8e2987d357c9d1393460,dataset/Vinmec/Vinmec_2d/images/706.JPG,dataset/Vinmec/Vinmec_2d/annotations/706_binary.PNG,,5a77d854e93b47e0f2d6cc8fd9d32ab2f0f6eb9350fd8e2987d357c9d1393460
5ae192201e8599bf4fa2e77b7835df9cfb919b30b13358ec4bfd967eb257dc70,dataset/Vinmec/Vinmec_2d/images/1128.JPG,dataset/Vinmec/Vinmec_2d/annotations/1128_binary.PNG,,5ae192201e8599bf4fa2e77b7835df9cfb919b30b13358ec4bfd967eb257dc70
5ae8ddab7fcc561425aba6beee8bba9913ab508fdc78e80736a133d0e4bc6b05,dataset/Vinmec/Vinmec_2d/images/1420.JPG,dataset/Vinmec/Vinmec_2d/annotations/1420_binary.PNG,,5ae8ddab7fcc561425aba6beee8bba9913ab508fdc78e80736a133d0e4bc6b05
5b3dd0a3885c60d0cc47d469905aa9e4c1f042c6cbc5f1f61d77ef625a98d9f5,dataset/Vinmec/Vinmec_3d/images/117.JPG,dataset/Vinmec/Vinmec_3d/annotations/117_binary.PNG,,5b3dd0a3885c60d0cc47d469905aa9e4c1f042c6cbc5f1f61d77ef625a98d9f5
5b3ef48dde80005b9cf8ca4727e6426f89cc57a92d7b5136a9674e289edc25c0,dataset/Vinmec/Vinmec_2d/images/963.JPG,dataset/Vinmec/Vinmec_2d/annotations/963_binary.PNG,,5b3ef48dde80005b9cf8ca4727e6426f89cc57a92d7b5136a9674e289edc25c0
5ba1750c3b21fadff91074ae543e4fae562314ec3839b28afd314fbd72dc8278,dataset/Vinmec/Vinmec_2d/images/666.JPG,dataset/Vinmec/Vinmec_2d/annotations/666_binary.PNG,,5ba1750c3b21fadff91074ae543e4fae562314ec3839b28afd314fbd72dc8278
5c0906dd833555c539f7f899dfb615579c52538ecb31d2c5d0bf9b75bd1e28db,dataset/Vinmec/Vinmec_3d/images/92.JPG,dataset/Vinmec/Vinmec_3d/annotations/92_binary.PNG,,5c0906dd833555c539f7f899dfb615579c52538ecb31d2c5d0bf9b75bd1e28db
5c2ea34e676f0a1ff207ee420f69424a9132ee60902e01d1eade11af0927ce65,dataset/Vinmec/Vinmec_2d/images/1391.JPG,dataset/Vinmec/Vinmec_2d/annotations/1391_binary.PNG,,5c2ea34e676f0a1ff207ee420f69424a9132ee60902e01d1eade11af0927ce65
5cc217adfbee9b8b31c69fe419274846b0e48f9e81fb19b1f3bfbebd28dd45c3,dataset/Vinmec/Vinmec_2d/images/384.JPG,dataset/Vinmec/Vinmec_2d/annotations/384_binary.PNG,,5cc217adfbee9b8b31c69fe419274846b0e48f9e81fb19b1f3bfbebd28dd45c3
5cf13bd172fbe75eb3ffbd3e0082917aa98a917185ab2405399f604fc0fb749e,dataset/Vinmec/Vinmec_2d/images/270.JPG,dataset/Vinmec/Vinmec_2d/annotations/270_binary.PNG,,5cf13bd172fbe75eb3ffbd3e0082917aa98a917185ab2405399f604fc0fb749e
5ddf92f193fab49e775a5db14d2c39363d06cbef70c4576c12648201e1fa5933,dataset/Vinmec/Vinmec_2d/images/909.JPG,dataset/Vinmec/Vinmec_2d/annotations/909_binary.PNG,,5ddf92f193fab49e775a5db14d2c39363d06cbef70c4576c12648201e1fa5933
5e11d20216080aa1d97a9ff639bc2a51aef62a804eb48143a39c2644dfc6854b,dataset/Vinmec/Vinmec_2d/images/1177.JPG,dataset/Vinmec/Vinmec_2d/annotations/1177_binary.PNG,,5e11d20216080aa1d97a9ff639bc2a51aef62a804eb48143a39c2644dfc6854b
5e358ac1c87056ac3cc25a8c1dbf03ab0699315e25c674c3ca9383d85e4304b6,dataset/Vinmec/Vinmec_2d/images/736.JPG,dataset/Vinmec/Vinmec_2d/annotations/736_binary.PNG,,5e358ac1c87056ac3cc25a8c1dbf03ab0699315e25c674c3ca9383d85e4304b6
5e7714b20f104958b296f177cbc9c7576e863795e692d254f763decb39b81ebc,dataset/Vinmec/Vinmec_2d/images/989.JPG,dataset/Vinmec/Vinmec_2d/annotations/989_binary.PNG,,5e7714b20f104958b296f177cbc9c7576e863795e692d254f763decb39b81ebc
5e79697abd299dbc375e9cc3ccc1359c47143da5c4719df7e56394929252b1ac,dataset/Vinmec/Vinmec_2d/images/482.JPG,dataset/Vinmec/Vinmec_2d/annotations/482_binary.PNG,,5e79697abd299dbc375e9cc3ccc1359c47143da5c4719df7e56394929252b1ac
5e87a25db0355a7c78eab9fbd9280dd43cc2b2936cc410d0a781f989436c73ca,dataset/Vinmec/Vinmec_2d/images/1276.JPG,dataset/Vinmec/Vinmec_2d/annotations/1276_binary.PNG,,5e87a25db0355a7c78eab9fbd9280dd43cc2b2936cc410d0a781f989436c73ca
5ea69697859dd36ceeb856a2012b636e3b33a252abe8723f3da0b6ad282ae83e,dataset/Vinmec/Vinmec_2d/images/505.JPG,dataset/Vinmec/Vinmec_2d/annotations/505_binary.PNG,,5ea69697859dd36ceeb856a2012b636e3b33a252abe8723f3da0b6ad282ae83e
5ef16559b598ad8a09da85af273a6e6a21e72c0a5dce7eb642f9dbbaa252f3f0,dataset/Vinmec/Vinmec_2d/images/503.JPG,dataset/Vinmec/Vinmec_2d/annotations/503_binary.PNG,,5ef16559b598ad8a09da85af273a6e6a21e72c0a5dce7eb642f9dbbaa252f3f0
5f152138aec815fb010767dfdee776f9d540635fbc298825991c8c51c8965b8c,dataset/Vinmec/Vinmec_3d/images/118.JPG,dataset/Vinmec/Vinmec_3d/annotations/118_binary.PNG,,5f152138aec815fb010767dfdee776f9d540635fbc298825991c8c51c8965b8c
5f4b3880619343022425e6f38bc1ca1623758a00c57d1887d5a45b6a804ba564,dataset/Vinmec/Vinmec_2d/images/801.JPG,dataset/Vinmec/Vinmec_2d/annotations/801_binary.PNG,,5f4b3880619343022425e6f38bc1ca1623758a00c57d1887d5a45b6a804ba564
5fd7f8723f15cddae6a3143d770891dcadff0e8d9c37e7a9552d82e0edeb119b,dataset/Vinmec/Vinmec_2d/images/423.JPG,dataset/Vinmec/Vinmec_2d/annotations/423_binary.PNG,,5fd7f8723f15cddae6a3143d770891dcadff0e8d9c37e7a9552d82e0edeb119b
6059fd67765e8ffe317a770b9064c86002ba34953b8752692bb42a0e73f093a3,dataset/Vinmec/Vinmec_2d/images/1227.JPG,dataset/Vinmec/Vinmec_2d/annotations/1227_binary.PNG,,6059fd67765e8ffe317a770b9064c86002ba34953b8752692bb42a0e73f093a3
6087d5eeda75f3df73b3a3326a580087fa0e1d70e7bb2d3a71e5797380ae32ea,dataset/Vinmec/Vinmec_3d/images/10.JPG,dataset/Vinmec/Vinmec_3d/annotations/10_binary.PNG,,6087d5eeda75f3df73b3a3326a580087fa0e1d70e7bb2d3a71e5797380ae32ea
60b8cf28dc2a87e81c5c9334503b3b3740ea8bbbc95930bbd50abf3d5b58a5d0,dataset/Vinmec/Vinmec_2d/images/467.JPG,dataset/Vinmec/Vinmec_2d/annotations/467_binary.PNG,,60b8cf28dc2a87e81c5c9334503b3b3740ea8bbbc95930bbd50abf3d5b58a5d0
618ac03bd756bccadf1b2ed48d48ea06c94da97f99cd83ab705cdceb9042a87d,dataset/Vinmec/Vinmec_2d/images/1036.JPG,dataset/Vinmec/Vinmec_2d/annotations/1036_binary.PNG,,618ac03bd756bccadf1b2ed48d48ea06c94da97f99cd83ab705cdceb9042a87d
61f001be5c47bfc7b894f016dd90f595635d77a7dc56dfaa5cc56d533a427a95,dataset/Vinmec/Vinmec_2d/images/450.JPG,dataset/Vinmec/Vinmec_2d/annotations/450_binary.PNG,,61f001be5c47bfc7b894f016dd90f595635d77a7dc56dfaa5cc56d533a427a95
62041fe36f2d4c78144860d58478f7802d7421d5c4fa3a9d727b6443d7130ce2,dataset/Vinmec/Vinmec_2d/images/222.JPG,dataset/Vinmec/Vinmec_2d/annotations/222_binary.PNG,,62041fe36f2d4c78144860d58478f7802d7421d5c4fa3a9d727b6443d7130ce2
6226eee8e3011abd237f0ae2beb2a9321edb6579ec3862a3b7a93b29ee5358e7,dataset/Vinmec/Vinmec_2d/images/91.JPG,dataset/Vinmec/Vinmec_2d/annotations/91_binary.PNG,,6226eee8e3011abd237f0ae2beb2a9321edb6579ec3862a3b7a93b29ee5358e7
62978e389de96b9d149cc7ed0f2e9bf3b245d8851de36ddf470fd58f54d2ab05,dataset/Vinmec/Vinmec_2d/images/500.JPG,dataset/Vinmec/Vinmec_2d/annotations/500_binary.PNG,,62978e389de96b9d149cc7ed0f2e9bf3b245d8851de36ddf470fd58f54d2ab05
638c4fe04af0128c595ca268b050cc89b0d0b005cdfbe9a0f138a1693a5eae2f,dataset/Vinmec/Vinmec_2d/images/332.JPG,dataset/Vinmec/Vinmec_2d/annotations/332_binary.PNG,,638c4fe04af0128c595ca268b050cc89b0d0b005cdfbe9a0f138a1693a5eae2f
63d28d4719c5f080488c04141886db7443e8e1243b63e18a3c5ee13789c87822,dataset/Vinmec/Vinmec_2d/images/662.JPG,dataset/Vinmec/Vinmec_2d/annotations/662_binary.PNG,,63d28d4719c5f080488c04141886db7443e8e1243b63e18a3c5ee13789c87822
63fec0c81ff5e712ef012f131d98dfb053acbc9124539d99be76f98a67f5fc1f,dataset/Vinmec/Vinmec_2d/images/954.JPG,dataset/Vinmec/Vinmec_2d/annotations/954_binary.PNG,,63fec0c81ff5e712ef012f131d98dfb053acbc9124539d99be76f98a67f5fc1f
640e99330b8329c40d41a651cc2171af899111561f20dd28c1e37074ca5e0123,dataset/Vinmec/Vinmec_2d/images/221.JPG,dataset/Vinmec/Vinmec_2d/annotations/221_binary.PNG,,640e99330b8329c40d41a651cc2171af899111561f20dd28c1e37074ca5e0123
644ae3cd6e57908f40cbd9b10a9a5032f1c46571f2c847f77bfc7ed94ef8aa04,dataset/Vinmec/Vinmec_2d/images/597.JPG,dataset/Vinmec/Vinmec_2d/annotations/597_binary.PNG,,644ae3cd6e57908f40cbd9b10a9a5032f1c46571f2c847f77bfc7ed94ef8aa04
64a705e2a223fd51fa979270fcfa29a2226a6114929f5a1efb1c994fa4b516ea,dataset/Vinmec/Vinmec_2d/images/943.JPG,dataset/Vinmec/Vinmec_2d/annotations/943_binary.PNG,,64a705e2a223fd51fa979270fcfa29a2226a6114929f5a1efb1c994fa4b516ea
6537857fe569f1e264152b3e78552cdbc6cb8eea3e2f195da39dd4c4289ea800,dataset/Vinmec/Vinmec_2d/images/955.JPG,dataset/Vinmec/Vinmec_2d/annotations/955_binary.PNG,,6537857fe569f1e264152b3e78552cdbc6cb8eea3e2f195da39dd4c4289ea800
658ff72769b822f3625beaf87a4b0d84c43607d6dd2dc5dc8f9c355154935c81,dataset/Vinmec/Vinmec_2d/images/1233.JPG,dataset/Vinmec/Vinmec_2d/annotations/1233_binary.PNG,,658ff72769b822f3625beaf87a4b0d84c43607d6dd2dc5dc8f9c355154935c81
65bf1942cfdb2686f4030f923701b7a4fdeb307756befe3ecba0ff3e5d2d8c50,dataset/Vinmec/Vinmec_2d/images/1100.JPG,dataset/Vinmec/Vinmec_2d/annotations/1100_binary.PNG,,65bf1942cfdb2686f4030f923701b7a4fdeb307756befe3ecba0ff3e5d2d8c50
665b4b7a9efb8e721595d0e3adaf6e07602fe65169f61d140d96808c4f465b4f,dataset/Vinmec/Vinmec_2d/images/777.JPG,dataset/Vinmec/Vinmec_2d/annotations/777_binary.PNG,,665b4b7a9efb8e721595d0e3adaf6e07602fe65169f61d140d96808c4f465b4f
666905734d65b9efc6859e467b137661bd1b4caa0607317cedda6f9b8a67fb1d,dataset/Vinmec/Vinmec_2d/images/1001.JPG,dataset/Vinmec/Vinmec_2d/annotations/1001_binary.PNG,,666905734d65b9efc6859e467b137661bd1b4caa0607317cedda6f9b8a67fb1d
66b9d28f528650cbcff2154d4a765b2176bbcc2dd713b5731bcf9692dac4b656,dataset/Vinmec/Vinmec_2d/images/648.JPG,dataset/Vinmec/Vinmec_2d/annotations/648_binary.PNG,,66b9d28f528650cbcff2154d4a765b2176bbcc2dd713b5731bcf9692dac4b656
66f83e5043920eac33f48950fea4a9168c2f2c2c04331778fa0960b0722bdf60,dataset/Vinmec/Vinmec_2d/images/787.JPG,dataset/Vinmec/Vinmec_2d/annotations/787_binary.PNG,,66f83e5043920eac33f48950fea4a9168c2f2c2c04331778fa0960b0722bdf60
67024f00258b5b8d305292d5bf80bd83f46c283d21f9cdabe8f7cfc0357f9349,dataset/Vinmec/Vinmec_3d/images/13.JPG,dataset/Vinmec/Vinmec_3d/annotations/13_binary.PNG,,67024f00258b5b8d305292d5bf80bd83f46c283d21f9cdabe8f7cfc0357f9349
670cb867574a35e3ee0c59962858402ff165b234a4a8a8b0188f119e05c3b621,dataset/Vinmec/Vinmec_2d/images/959.JPG,dataset/Vinmec/Vinmec_2d/annotations/959_binary.PNG,,670cb867574a35e3ee0c59962858402ff165b234a4a8a8b0188f119e05c3b621
674065f5a54a0a3b13077b4a987a2870c69fe14296a3633037eecbe869e8877a,dataset/Vinmec/Vinmec_2d/images/1040.JPG,dataset/Vinmec/Vinmec_2d/annotations/1040_binary.PNG,,674065f5a54a0a3b13077b4a987a2870c69fe14296a3633037eecbe869e8877a
67ddcc862c3e0849936e76919a13f1d66fd44923e929609817f68ae90bd29a8e,dataset/Vinmec/Vinmec_2d/images/483.JPG,dataset/Vinmec/Vinmec_2d/annotations/483_binary.PNG,,67ddcc862c3e0849936e76919a13f1d66fd44923e929609817f68ae90bd29a8e
67ec1a54f24074d42e850a13a96e19124914a68ebf7cd802f1590c0670418dde,dataset/Vinmec/Vinmec_2d/images/1249.JPG,dataset/Vinmec/Vinmec_2d/annotations/1249_binary.PNG,,67ec1a54f24074d42e850a13a96e19124914a68ebf7cd802f1590c0670418dde
68577e7405add3751f7e123fe2a43e19a9b6c7a3f9cbdb308b1e1d59a2505c72,dataset/Vinmec/Vinmec_2d/images/1207.JPG,dataset/Vinmec/Vinmec_2d/annotations/1207_binary.PNG,,68577e7405add3751f7e123fe2a43e19a9b6c7a3f9cbdb308b1e1d59a2505c72
694c86fdda4b76d78812e21d926e47c32e326a2699c5a75cae34c8e294b5e98e,dataset/Vinmec/Vinmec_2d/images/1160.JPG,dataset/Vinmec/Vinmec_2d/annotations/1160_binary.PNG,,694c86fdda4b76d78812e21d926e47c32e326a2699c5a75cae34c8e294b5e98e
69bf08f332470c09a638e48178192fb6f3eafd30f28d27d0a7dbfa7185546f24,dataset/Vinmec/Vinmec_2d/images/1131.JPG,dataset/Vinmec/Vinmec_2d/annotations/1131_binary.PNG,,69bf08f332470c09a638e48178192fb6f3eafd30f28d27d0a7dbfa7185546f24
69e4eeabce6d36451baf8ce4fce97267b5826503c8e436a10f966393a6933896,dataset/Vinmec/Vinmec_2d/images/1174.JPG,dataset/Vinmec/Vinmec_2d/annotations/1174_binary.PNG,,69e4eeabce6d36451baf8ce4fce97267b5826503c8e436a10f966393a6933896
6a847da4bc67ee5227d8e909bf0f11a7204fdc67aa19688f3183d811b608eacc,dataset/Vinmec/Vinmec_2d/images/608.JPG,dataset/Vinmec/Vinmec_2d/annotations/608_binary.PNG,,6a847da4bc67ee5227d8e909bf0f11a7204fdc67aa19688f3183d811b608eacc
6ae8e51b61a53e52386436fbdb9fc06b7cc64aa9843fb040e347445193a53729,dataset/Vinmec/Vinmec_2d/images/686.JPG,dataset/Vinmec/Vinmec_2d/annotations/686_binary.PNG,,6ae8e51b61a53e52386436fbdb9fc06b7cc64aa9843fb040e347445193a53729
6b108126e90111e8fb3092d0f241d381eb5bd1508936cf3c1f54afb4e7ae698c,dataset/Vinmec/Vinmec_2d/images/362.JPG,dataset/Vinmec/Vinmec_2d/annotations/362_binary.PNG,,6b108126e90111e8fb3092d0f241d381eb5bd1508936cf3c1f54afb4e7ae698c
6b284ca8986a8490d0f9587d67105c02f4a41c5e8a8753f8a47f7fd4d6be29b9,dataset/Vinmec/Vinmec_2d/images/533.JPG,dataset/Vinmec/Vinmec_2d/annotations/533_binary.PNG,,6b284ca8986a8490d0f9587d67105c02f4a41c5e8a8753f8a47f7fd4d6be29b9
6be62c7091b58d2e6fddd5e0abd8784d6fc97019cd4ad6209be4d1762a1cc9ac,dataset/Vinmec/Vinmec_3d/images/82.JPG,dataset/Vinmec/Vinmec_3d/annotations/82_binary.PNG,,6be62c7091b58d2e6fddd5e0abd8784d6fc97019cd4ad6209be4d1762a1cc9ac
6c06a9008bc45d978616c7ad4ece8a16966790490412df7051d1aab97d5a224b,dataset/Vinmec/Vinmec_2d/images/939.JPG,dataset/Vinmec/Vinmec_2d/annotations/939_binary.PNG,,6c06a9008bc45d978616c7ad4ece8a16966790490412df7051d1aab97d5a224b
6c7e3009fb19e25fd546d7367da00d636e56ac804e5cc5bc234d2a8f76d9f6f2,dataset/Vinmec/Vinmec_2d/images/1459.JPG,dataset/Vinmec/Vinmec_2d/annotations/1459_binary.PNG,,6c7e3009fb19e25fd546d7367da00d636e56ac804e5cc5bc234d2a8f76d9f6f2
6d2850d701ac7b0eab03bbdb5edcbf8c29897800a2e27815bac15935be9c71a8,dataset/Vinmec/Vinmec_2d/images/291.JPG,dataset/Vinmec/Vinmec_2d/annotations/291_binary.PNG,,6d2850d701ac7b0eab03bbdb5edcbf8c29897800a2e27815bac15935be9c71a8
6de85154d393fd1d710112c9544d0c7c0faf9cf1395fd45a08f007fae4c7a5af,dataset/Vinmec/Vinmec_2d/images/93.JPG,dataset/Vinmec/Vinmec_2d/annotations/93_binary.PNG,,6de85154d393fd1d710112c9544d0c7c0faf9cf1395fd45a08f007fae4c7a5af
6e2289e0cba6cdd0fef15a73da8dd6777121dae4f46cc3a7de934ec2eb93851e,dataset/Vinmec/Vinmec_2d/images/668.JPG,dataset/Vinmec/Vinmec_2d/annotations/668_binary.PNG,,6e2289e0cba6cdd0fef15a73da8dd6777121dae4f46cc3a7de934ec2eb93851e
6ed728edef25d1730496d100bade766b2c14fbb49899df797eb1ba30792de71d,dataset/Vinmec/Vinmec_2d/images/891.JPG,dataset/Vinmec/Vinmec_2d/annotations/891_binary.PNG,,6ed728edef25d1730496d100bade766b2c14fbb49899df797eb1ba30792de71d
6f1f1a7078e19116253d51366f2d3746e05866eb8d044a56fe07587818b804e3,dataset/Vinmec/Vinmec_3d/images/147.JPG,dataset/Vinmec/Vinmec_3d/annotations/147_binary.PNG,,6f1f1a7078e19116253d51366f2d3746e05866eb8d044a56fe07587818b804e3
6fb3800e4a06bc8f5c872f8ad3fdea7c6a307b0d610e33171867e521c72dad0a,dataset/Vinmec/Vinmec_2d/images/1298.JPG,dataset/Vinmec/Vinmec_2d/annotations/1298_binary.PNG,,6fb3800e4a06bc8f5c872f8ad3fdea7c6a307b0d610e33171867e521c72dad0a
6fcfb48577c944231860bdcf468eed306198194b1e947de381a7bd0c23282285,dataset/Vinmec/Vinmec_2d/images/103.JPG,dataset/Vinmec/Vinmec_2d/annotations/103_binary.PNG,,6fcfb48577c944231860bdcf468eed306198194b1e947de381a7bd0c23282285
70318db7207e06aaf096ef200f5e1aa2714f775269a4e86c9b1704037ef757bb,dataset/Vinmec/Vinmec_2d/images/1152.JPG,dataset/Vinmec/Vinmec_2d/annotations/1152_binary.PNG,,70318db7207e06aaf096ef200f5e1aa2714f775269a4e86c9b1704037ef757bb
7149a9fb2df3b1a91637c15cc940c39ee7fa00b6a1afd7843f31888b79b9d743,dataset/Vinmec/Vinmec_2d/images/828.JPG,dataset/Vinmec/Vinmec_2d/annotations/828_binary.PNG,,7149a9fb2df3b1a91637c15cc940c39ee7fa00b6a1afd7843f31888b79b9d743
72165c2654169654b83b0aacbc5e264bde366adfbe167a25196a95dd652da794,dataset/Vinmec/Vinmec_2d/images/615.JPG,dataset/Vinmec/Vinmec_2d/annotations/615_binary.PNG,,72165c2654169654b83b0aacbc5e264bde366adfbe167a25196a95dd652da794
72637058721374e500bb6da2f2825f49b02540e127aa802475938a4d1d41c3ba,dataset/Vinmec/Vinmec_2d/images/667.JPG,dataset/Vinmec/Vinmec_2d/annotations/667_binary.PNG,,72637058721374e500bb6da2f2825f49b02540e127aa802475938a4d1d41c3ba
72d28797a312fc771a1b4e9dbef1151b50caf5944f3c460e0b665eb61d2859f5,dataset/Vinmec/Vinmec_2d/images/480.JPG,dataset/Vinmec/Vinmec_2d/annotations/480_binary.PNG,,72d28797a312fc771a1b4e9dbef1151b50caf5944f3c460e0b665eb61d2859f5
7363ee890bfd1d3420e6966ecddd28ab030b951e40c3d2f756b1230e065df9e8,dataset/Vinmec/Vinmec_2d/images/56.JPG,dataset/Vinmec/Vinmec_2d/annotations/56_binary.PNG,,7363ee890bfd1d3420e6966ecddd28ab030b951e40c3d2f756b1230e065df9e8
7364da23535003385ef44effef6634a8346dacbf130452de4faa9cfd3311969b,dataset/Vinmec/Vinmec_2d/images/755.JPG,dataset/Vinmec/Vinmec_2d/annotations/755_binary.PNG,,7364da23535003385ef44effef6634a8346dacbf130452de4faa9cfd3311969b
736615c11b3f28a38ec3ab3b9ad062a686a3c84fc1b6e975018f56fbc357f9f1,dataset/Vinmec/Vinmec_2d/images/259.JPG,dataset/Vinmec/Vinmec_2d/annotations/259_binary.PNG,,736615c11b3f28a38ec3ab3b9ad062a686a3c84fc1b6e975018f56fbc357f9f1
7398f313280f61cb77347849cbb7041660f0c82e7c9cab280c6463dd0c32aa10,dataset/Vinmec/Vinmec_2d/images/1363.JPG,dataset/Vinmec/Vinmec_2d/annotations/1363_binary.PNG,,7398f313280f61cb77347849cbb7041660f0c82e7c9cab280c6463dd0c32aa10
73bbca7521a59c11340ab2811d49b41405796113a33da0262f8a13fbddfec0c4,dataset/Vinmec/Vinmec_2d/images/1380.JPG,dataset/Vinmec/Vinmec_2d/annotations/1380_binary.PNG,,73bbca7521a59c11340ab2811d49b41405796113a33da0262f8a13fbddfec0c4
753b383ba36ee8e0b0e6146712f798f5f11711e4063fbf5d1b692a74e77f4613,dataset/Vinmec/Vinmec_2d/images/437.JPG,dataset/Vinmec/Vinmec_2d/annotations/437_binary.PNG,,753b383ba36ee8e0b0e6146712f798f5f11711e4063fbf5d1b692a74e77f4613
764a5a5346dc8ffe7edaa8bb4597e282ca4f16b138a21ab86f4c0400fbefa52e,dataset/Vinmec/Vinmec_2d/images/421.JPG,dataset/Vinmec/Vinmec_2d/annotations/421_binary.PNG,,764a5a5346dc8ffe7edaa8bb4597e282ca4f16b138a21ab86f4c0400fbefa52e
76c62cff8de8242a50c8e94d32a25485c97265f02af9c87fe7204ada51b9059b,dataset/Vinmec/Vinmec_2d/images/767.JPG,dataset/Vinmec/Vinmec_2d/annotations/767_binary.PNG,,76c62cff8de8242a50c8e94d32a25485c97265f02af9c87fe7204ada51b9059b
774c37c494b18b7cc49ddf18e28eef3bdc348d6294e48b31645e5c928421c55c,dataset/Vinmec/Vinmec_2d/images/887.JPG,dataset/Vinmec/Vinmec_2d/annotations/887_binary.PNG,,774c37c494b18b7cc49ddf18e28eef3bdc348d6294e48b31645e5c928421c55c
7769fa3a0572e6aa2c30948a723d5fca6c7759cc67605bb7256045d9352ad12b,dataset/Vinmec/Vinmec_3d/images/127.JPG,dataset/Vinmec/Vinmec_3d/annotations/127_binary.PNG,,7769fa3a0572e6aa2c30948a723d5fca6c7759cc67605bb7256045d9352ad12b
77f1e22f7c844067d3fa30bf94d2daf65dd61452bacb6c84715fc3a449f943f9,dataset/Vinmec/Vinmec_2d/images/434.JPG,dataset/Vinmec/Vinmec_2d/annotations/434_binary.PNG,,77f1e22f7c844067d3fa30bf94d2daf65dd61452bacb6c84715fc3a449f943f9
7823a1b470d00550f80004d63d037699abf0e664a3840bc7946b1031cbe2b0d2,dataset/Vinmec/Vinmec_2d/images/1281.JPG,dataset/Vinmec/Vinmec_2d/annotations/1281_binary.PNG,,7823a1b470d00550f80004d63d037699abf0e664a3840bc7946b1031cbe2b0d2
78aa3bd064a3a6ae590d858a6641a012f6f73fcddb7b6e0ccea5c428699164f6,dataset/Vinmec/Vinmec_2d/images/1155.JPG,dataset/Vinmec/Vinmec_2d/annotations/1155_binary.PNG,,78aa3bd064a3a6ae590d858a6641a012f6f73fcddb7b6e0ccea5c428699164f6
78abc13a9a7b4557b587c029d526670cbe4400b2b8be2ce913c6efe72122cd3b,dataset/Vinmec/Vinmec_2d/images/308.JPG,dataset/Vinmec/Vinmec_2d/annotations/308_binary.PNG,,78abc13a9a7b4557b587c029d526670cbe4400b2b8be2ce913c6efe72122cd3b
78da5e219469de0cb9f3b5ce645d3b35d835dd083cff2b85dffdc0c7b52fea1e,dataset/Vinmec/Vinmec_2d/images/241.JPG,dataset/Vinmec/Vinmec_2d/annotations/241_binary.PNG,,78da5e219469de0cb9f3b5ce645d3b35d835dd083cff2b85dffdc0c7b52fea1e
79f23c307642a0ce81bd43fd8d660ac070e492daceac64049e910e4081140581,dataset/Vinmec/Vinmec_2d/images/1292.JPG,dataset/Vinmec/Vinmec_2d/annotations/1292_binary.PNG,,79f23c307642a0ce81bd43fd8d660ac070e492daceac64049e910e4081140581
7a1824b595d386352a99f035674ca0fff67650f67b935e812340552c56b43054,dataset/Vinmec/Vinmec_2d/images/219.JPG,dataset/Vinmec/Vinmec_2d/annotations/219_binary.PNG,,7a1824b595d386352a99f035674ca0fff67650f67b935e812340552c56b43054
7b0fd3d6d65d7f82c9c7b07f84ab5b72a073843fa75f975988863a22f2bfd9cf,dataset/Vinmec/Vinmec_2d/images/1379.JPG,dataset/Vinmec/Vinmec_2d/annotations/1379_binary.PNG,,7b0fd3d6d65d7f82c9c7b07f84ab5b72a073843fa75f975988863a22f2bfd9cf
7d8b084b0f6a640cec5594f0e8cb0539c9c91dfa9c247eb40298fdcd3777cd16,dataset/Vinmec/Vinmec_2d/images/1215.JPG,dataset/Vinmec/Vinmec_2d/annotations/1215_binary.PNG,,7d8b084b0f6a640cec5594f0e8cb0539c9c91dfa9c247eb40298fdcd3777cd16
7ddd09491a5445aeb12f0619811d20cf0844a367db7080927d595d96ca214069,dataset/Vinmec/Vinmec_2d/images/66.JPG,dataset/Vinmec/Vinmec_2d/annotations/66_binary.PNG,,7ddd09491a5445aeb12f0619811d20cf0844a367db7080927d595d96ca214069
7e0b71029ca454f9fac03a9022d114f833e32d6646acd88a2d22158acc3b1c0b,dataset/Vinmec/Vinmec_2d/images/417.JPG,dataset/Vinmec/Vinmec_2d/annotations/417_binary.PNG,,7e0b71029ca454f9fac03a9022d114f833e32d6646acd88a2d22158acc3b1c0b
7e4fb24b7b7a7218a2516f4e4796e5c05ccdc781b8d4dc4af36b1824f6af230e,dataset/Vinmec/Vinmec_2d/images/744.JPG,dataset/Vinmec/Vinmec_2d/annotations/744_binary.PNG,,7e4fb24b7b7a7218a2516f4e4796e5c05ccdc781b8d4dc4af36b1824f6af230e
7ecd98379bc5f4345dbdba536b1696e0435d024ff7dc1a758f80a49a39aa4277,dataset/Vinmec/Vinmec_2d/images/1242.JPG,dataset/Vinmec/Vinmec_2d/annotations/1242_binary.PNG,,7ecd98379bc5f4345dbdba536b1696e0435d024ff7dc1a758f80a49a39aa4277
7fb386442906c7b65bffe8f5afb95024303368b3273ce75e504b78528a57ba39,dataset/Vinmec/Vinmec_2d/images/279.JPG,dataset/Vinmec/Vinmec_2d/annotations/279_binary.PNG,,7fb386442906c7b65bffe8f5afb95024303368b3273ce75e504b78528a57ba39
7ffd165cffb557345485782699f67e084c80237e7a0e270466ec8f845dc0fa14,dataset/Vinmec/Vinmec_2d/images/813.JPG,dataset/Vinmec/Vinmec_2d/annotations/813_binary.PNG,,7ffd165cffb557345485782699f67e084c80237e7a0e270466ec8f845dc0fa14
81b3bfb3f7514681c68f5e3fa3b15a4c60d416b68f527db3a4bfd461eb586c2b,dataset/Vinmec/Vinmec_2d/images/530.JPG,dataset/Vinmec/Vinmec_2d/annotations/530_binary.PNG,,81b3bfb3f7514681c68f5e3fa3b15a4c60d416b68f527db3a4bfd461eb586c2b
81dd8c3a3c46addcae8311a162a850f8bff67485c824b30af5bb746d4f47d6ed,dataset/Vinmec/Vinmec_2d/images/17.JPG,dataset/Vinmec/Vinmec_2d/annotations/17_binary.PNG,,81dd8c3a3c46addcae8311a162a850f8bff67485c824b30af5bb746d4f47d6ed
81ddd9cd77fa62b66e0a7552824366cf1c6443ee1abb4673c60c49b418196a39,dataset/Vinmec/Vinmec_2d/images/992.JPG,dataset/Vinmec/Vinmec_2d/annotations/992_binary.PNG,,81ddd9cd77fa62b66e0a7552824366cf1c6443ee1abb4673c60c49b418196a39
825d92a97ba3c948382b3bee8de2c33d4fdb6cf66cfb7e7fe0f79b6059c63888,dataset/Vinmec/Vinmec_2d/images/121.JPG,dataset/Vinmec/Vinmec_2d/annotations/121_binary.PNG,,825d92a97ba3c948382b3bee8de2c33d4fdb6cf66cfb7e7fe0f79b6059c63888
82a4dd024c965ac1d12f2da05424a41caead74f624a0fa4c36735dacf2e9172d,dataset/Vinmec/Vinmec_2d/images/490.JPG,dataset/Vinmec/Vinmec_2d/annotations/490_binary.PNG,,82a4dd024c965ac1d12f2da05424a41caead74f624a0fa4c36735dacf2e9172d
82abfa40b89e8ce712ff19c1f253465f077dbdddba716e5587a4309560930550,dataset/Vinmec/Vinmec_2d/images/1019.JPG,dataset/Vinmec/Vinmec_2d/annotations/1019_binary.PNG,,82abfa40b89e8ce712ff19c1f253465f077dbdddba716e5587a4309560930550
82d2603c4ec0250958587865f9c3660cd62e20ddbe7b4c71b6bc4649fb1084af,dataset/Vinmec/Vinmec_2d/images/293.JPG,dataset/Vinmec/Vinmec_2d/annotations/293_binary.PNG,,82d2603c4ec0250958587865f9c3660cd62e20ddbe7b4c71b6bc4649fb1084af
8328dacf6fd4f93d5346f855567044c301f465a134c8b280f1215edc3082f765,dataset/Vinmec/Vinmec_2d/images/140.JPG,dataset/Vinmec/Vinmec_2d/annotations/140_binary.PNG,,8328dacf6fd4f93d5346f855567044c301f465a134c8b280f1215edc3082f765
834700ba2dff6e516d23a133141ef247ec17c1b30ffa3316714c81ea7d21e3e3,dataset/Vinmec/Vinmec_2d/images/523.JPG,dataset/Vinmec/Vinmec_2d/annotations/523_binary.PNG,,834700ba2dff6e516d23a133141ef247ec17c1b30ffa3316714c81ea7d21e3e3
8446aab67e266e4c91d33687c3efbe33119c21014febf802bc05a1a7269cca9d,dataset/Vinmec/Vinmec_2d/images/905.JPG,dataset/Vinmec/Vinmec_2d/annotations/905_binary.PNG,,8446aab67e266e4c91d33687c3efbe33119c21014febf802bc05a1a7269cca9d
848f2bffe88237c801eee4cd48d6114e5dfa4e89b1aceacb262f0eaeba4202fa,dataset/Vinmec/Vinmec_2d/images/931.JPG,dataset/Vinmec/Vinmec_2d/annotations/931_binary.PNG,,848f2bffe88237c801eee4cd48d6114e5dfa4e89b1aceacb262f0eaeba4202fa
8492bf86df8dbbfc648b52e732e08e2477b2892f4d7efe773cfa7ca9f600b36b,dataset/Vinmec/Vinmec_2d/images/603.JPG,dataset/Vinmec/Vinmec_2d/annotations/603_binary.PNG,,8492bf86df8dbbfc648b52e732e08e2477b2892f4d7efe773cfa7ca9f600b36b
855932f94d9e4338103f8826873b67ab7eeb36bd18f1ac14c68aee9769c1c0fd,dataset/Vinmec/Vinmec_2d/images/835.JPG,dataset/Vinmec/Vinmec_2d/annotations/835_binary.PNG,,855932f94d9e4338103f8826873b67ab7eeb36bd18f1ac14c68aee9769c1c0fd
86b7c607d73c50c13419b28718944440e4cf4848dd2cf089762208437fbee68c,dataset/Vinmec/Vinmec_2d/images/1228.JPG,dataset/Vinmec/Vinmec_2d/annotations/1228_binary.PNG,,86b7c607d73c50c13419b28718944440e4cf4848dd2cf089762208437fbee68c
86e9aa12b1135169dd854437b1cbde025699beaa46f5364cbf3e5af7bea2c544,dataset/Vinmec/Vinmec_2d/images/435.JPG,dataset/Vinmec/Vinmec_2d/annotations/435_binary.PNG,,86e9aa12b1135169dd854437b1cbde025699beaa46f5364cbf3e5af7bea2c544
86ee5d4da3e7e00e2a3ddeeceaa7435da0657ea5d94296cb823a5a9cd31a23da,dataset/Vinmec/Vinmec_2d/images/1044.JPG,dataset/Vinmec/Vinmec_2d/annotations/1044_binary.PNG,,86ee5d4da3e7e00e2a3ddeeceaa7435da0657ea5d94296cb823a5a9cd31a23da
87682e54ea28b34ad0bfda8f878e449b255cfc5390854efee4cbfde0f1df9eea,dataset/Vinmec/Vinmec_2d/images/1216.JPG,dataset/Vinmec/Vinmec_2d/annotations/1216_binary.PNG,,87682e54ea28b34ad0bfda8f878e449b255cfc5390854efee4cbfde0f1df9eea
883dad2d3b3aaef486e0eb962035c190d2ff32c20566051ed511adf821762415,dataset/Vinmec/Vinmec_3d/images/72.JPG,dataset/Vinmec/Vinmec_3d/annotations/72_binary.PNG,,883dad2d3b3aaef486e0eb962035c190d2ff32c20566051ed511adf821762415
88818462df127abfc49dbb71719e2e28b45d0fcbc54fb1470cb33a28c0b70d50,dataset/Vinmec/Vinmec_2d/images/57.JPG,dataset/Vinmec/Vinmec_2d/annotations/57_binary.PNG,,88818462df127abfc49dbb71719e2e28b45d0fcbc54fb1470cb33a28c0b70d50
8895aba6715c5e577097d817b738ee7983f455ef41fe62e47edde177a2172994,dataset/Vinmec/Vinmec_2d/images/920.JPG,dataset/Vinmec/Vinmec_2d/annotations/920_binary.PNG,,8895aba6715c5e577097d817b738ee7983f455ef41fe62e47edde177a2172994
88a2d93454685cf0d106221060e76d878a195b36f16d5bc6786fe977a607f926,dataset/Vinmec/Vinmec_2d/images/1110.JPG,dataset/Vinmec/Vinmec_2d/annotations/1110_binary.PNG,,88a2d93454685cf0d106221060e76d878a195b36f16d5bc6786fe977a607f926
892e43bc87f56da53579f27c574d43e8b15f72a5248530a360f4f06b52587b36,dataset/Vinmec/Vinmec_2d/images/809.JPG,dataset/Vinmec/Vinmec_2d/annotations/809_binary.PNG,,892e43bc87f56da53579f27c574d43e8b15f72a5248530a360f4f06b52587b36
894d28e65de5e1ee7aa3f9602a9c2cc8a9ab99a8d89fe292032fe3f678451dbf,dataset/Vinmec/Vinmec_2d/images/566.JPG,dataset/Vinmec/Vinmec_2d/annotations/566_binary.PNG,,894d28e65de5e1ee7aa3f9602a9c2cc8a9ab99a8d89fe292032fe3f678451dbf
89644042bbfe7bc2824a1dca8d0f6eae200de223e063a38af481c86e0ed64415,dataset/Vinmec/Vinmec_2d/images/645.JPG,dataset/Vinmec/Vinmec_2d/annotations/645_binary.PNG,,89644042bbfe7bc2824a1dca8d0f6eae200de223e063a38af481c86e0ed64415
898cf3b3a166fd6a5cadc722aaccbeddd129f7b917c3fb314961db8923cae93a,dataset/Vinmec/Vinmec_2d/images/1426.JPG,dataset/Vinmec/Vinmec_2d/annotations/1426_binary.PNG,,898cf3b3a166fd6a5cadc722aaccbeddd129f7b917c3fb314961db8923cae93a
8a04a73e34088a9dce91cbc27c7e3b0a66bec0192ddec41717fcdc074c515480,dataset/Vinmec/Vinmec_2d/images/675.JPG,dataset/Vinmec/Vinmec_2d/annotations/675_binary.PNG,,8a04a73e34088a9dce91cbc27c7e3b0a66bec0192ddec41717fcdc074c515480
8a09e244dbb668c56abb3eeb599a3705fff2e08554c4a67db5b13757ff0133ef,dataset/Vinmec/Vinmec_2d/images/110.JPG,dataset/Vinmec/Vinmec_2d/annotations/110_binary.PNG,,8a09e244dbb668c56abb3eeb599a3705fff2e08554c4a67db5b13757ff0133ef
8a72c136b0eab06fef77a3e6527dac03e2615830dbfad072f125db2442b0166c,dataset/Vinmec/Vinmec_2d/images/156.JPG,dataset/Vinmec/Vinmec_2d/annotations/156_binary.PNG,,8a72c136b0eab06fef77a3e6527dac03e2615830dbfad072f125db2442b0166c
8a94f59ec686de184db2dee7dbc7deeeb07e6611ed487085abd93c93bb0c7293,dataset/Vinmec/Vinmec_3d/images/41.JPG,dataset/Vinmec/Vinmec_3d/annotations/41_binary.PNG,,8a94f59ec686de184db2dee7dbc7deeeb07e6611ed487085abd93c93bb0c7293
8aabe11e2f05c877d8c645e70af1c82d5efcc95cb7f7e70b6a113bb728d37521,dataset/Vinmec/Vinmec_2d/images/1165.JPG,dataset/Vinmec/Vinmec_2d/annotations/1165_binary.PNG,,8aabe11e2f05c877d8c645e70af1c82d5efcc95cb7f7e70b6a113bb728d37521
8c05dd796eea333a9df8d30ff9717461fc21ba1760b97f3bd4d2ec814e01fe59,dataset/Vinmec/Vinmec_3d/images/6.JPG,dataset/Vinmec/Vinmec_3d/annotations/6_binary.PNG,,8c05dd796eea333a9df8d30ff9717461fc21ba1760b97f3bd4d2ec814e01fe59
8c2e604b9f7a50eace32ba4ffe09252862a406604a10f405da7699c244b9106c,dataset/Vinmec/Vinmec_2d/images/402.JPG,dataset/Vinmec/Vinmec_2d/annotations/402_binary.PNG,,8c2e604b9f7a50eace32ba4ffe09252862a406604a10f405da7699c244b9106c
8d14bbc34911d4a5ef5404d3d1e7dc9493f973d77bb35beb121d77866e5b65e9,dataset/Vinmec/Vinmec_2d/images/1338.JPG,dataset/Vinmec/Vinmec_2d/annotations/1338_binary.PNG,,8d14bbc34911d4a5ef5404d3d1e7dc9493f973d77bb35beb121d77866e5b65e9
8d4bed849e81804311809ce188a9bd10e22cfd4a39e448b930515eff6c459a6d,dataset/Vinmec/Vinmec_2d/images/933.JPG,dataset/Vinmec/Vinmec_2d/annotations/933_binary.PNG,,8d4bed849e81804311809ce188a9bd10e22cfd4a39e448b930515eff6c459a6d
8dcf989d592345346ae5d11b9ae6f2e9593d0086f2320a8632dd09d5b52765a5,dataset/Vinmec/Vinmec_2d/images/805.JPG,dataset/Vinmec/Vinmec_2d/annotations/805_binary.PNG,,8dcf989d592345346ae5d11b9ae6f2e9593d0086f2320a8632dd09d5b52765a5
8dd2dbaf20476f108db34096f836e9e3a6d086ea594e39d9b5f5630a591a14fa,dataset/Vinmec/Vinmec_2d/images/1309.JPG,dataset/Vinmec/Vinmec_2d/annotations/1309_binary.PNG,,8dd2dbaf20476f108db34096f836e9e3a6d086ea594e39d9b5f5630a591a14fa
8e4db41649dadaca24e923a56f829d56e1f6d5cf2714c66f3513a312a572989f,dataset/Vinmec/Vinmec_3d/images/119.JPG,dataset/Vinmec/Vinmec_3d/annotations/119_binary.PNG,,8e4db41649dadaca24e923a56f829d56e1f6d5cf2714c66f3513a312a572989f
8e6e303a6020c0cf7d2334ca861497fd8c5d6c30e66d529751801a434dd6efce,dataset/Vinmec/Vinmec_2d/images/654.JPG,dataset/Vinmec/Vinmec_2d/annotations/654_binary.PNG,,8e6e303a6020c0cf7d2334ca861497fd8c5d6c30e66d529751801a434dd6efce
8e7277a2e29a4fc6ab246b9de4a9b51f6e9f64916c5baaeee9abf82601a2d82e,dataset/Vinmec/Vinmec_2d/images/366.JPG,dataset/Vinmec/Vinmec_2d/annotations/366_binary.PNG,,8e7277a2e29a4fc6ab246b9de4a9b51f6e9f64916c5baaeee9abf82601a2d82e
8ec4e3510fdc56ef8a1004b3b2e4008aef4b21962b21b92d9c481126ff674e27,dataset/Vinmec/Vinmec_2d/images/116.JPG,dataset/Vinmec/Vinmec_2d/annotations/116_binary.PNG,,8ec4e3510fdc56ef8a1004b3b2e4008aef4b21962b21b92d9c481126ff674e27
8ede4ca102a37b111edcd0718ce40bdbe1b533d344795717f8011ec5ad2177b8,dataset/Vinmec/Vinmec_2d/images/498.JPG,dataset/Vinmec/Vinmec_2d/annotations/498_binary.PNG,,8ede4ca102a37b111edcd0718ce40bdbe1b533d344795717f8011ec5ad2177b8
8ef0229640c9d7429798da7d743646b674ae77bd8ec5c08c9e57e5b2fd87f6a0,dataset/Vinmec/Vinmec_2d/images/983.JPG,dataset/Vinmec/Vinmec_2d/annotations/983_binary.PNG,,8ef0229640c9d7429798da7d743646b674ae77bd8ec5c08c9e57e5b2fd87f6a0
8f3db2b60a0a9631b1a7cdd4bf62a0282621b11d042dc08f0b027eeaa08433d1,dataset/Vinmec/Vinmec_2d/images/1301.JPG,dataset/Vinmec/Vinmec_2d/annotations/1301_binary.PNG,,8f3db2b60a0a9631b1a7cdd4bf62a0282621b11d042dc08f0b027eeaa08433d1
8f72779f3eaec91ed85cd181dbf39741e9a3b4bcc39cecae536cec56dce0dbda,dataset/Vinmec/Vinmec_2d/images/1231.JPG,dataset/Vinmec/Vinmec_2d/annotations/1231_binary.PNG,,8f72779f3eaec91ed85cd181dbf39741e9a3b4bcc39cecae536cec56dce0dbda
8fab25c01bbf1ab13f159039d65a1569838bb2eb0ef1ecc6e1a5bda6972fc301,dataset/Vinmec/Vinmec_2d/images/731.JPG,dataset/Vinmec/Vinmec_2d/annotations/731_binary.PNG,,8fab25c01bbf1ab13f159039d65a1569838bb2eb0ef1ecc6e1a5bda6972fc301
8fc90eac8049fe5e5e35936ea561b5bc6f40e85f694f12b889bcca4964bd4e0f,dataset/Vinmec/Vinmec_2d/images/491.JPG,dataset/Vinmec/Vinmec_2d/annotations/491_binary.PNG,,8fc90eac8049fe5e5e35936ea561b5bc6f40e85f694f12b889bcca4964bd4e0f
8fd7524a229a987241af1fc5a2ed610008e5d5dad44c0eadc62e0426fa5cf237,dataset/Vinmec/Vinmec_3d/images/44.JPG,dataset/Vinmec/Vinmec_3d/annotations/44_binary.PNG,,8fd7524a229a987241af1fc5a2ed610008e5d5dad44c0eadc62e0426fa5cf237
902141e87e3f7ceb11020d942a8e69cf3e070a4d8a0b15658087377b9004ab9e,dataset/Vinmec/Vinmec_2d/images/406.JPG,dataset/Vinmec/Vinmec_2d/annotations/406_binary.PNG,,902141e87e3f7ceb11020d942a8e69cf3e070a4d8a0b15658087377b9004ab9e
90462fe6cbc60bbde37b445639b3954e7675c3c38db42a1e44a1e7b27bb1d365,dataset/Vinmec/Vinmec_2d/images/415.JPG,dataset/Vinmec/Vinmec_2d/annotations/415_binary.PNG,,90462fe6cbc60bbde37b445639b3954e7675c3c38db42a1e44a1e7b27bb1d365
9124f4296c35daf98bc9073bcbae38a7ace3cbca2e549da1aa980c8c1ba96810,dataset/Vinmec/Vinmec_2d/images/840.JPG,dataset/Vinmec/Vinmec_2d/annotations/840_binary.PNG,,9124f4296c35daf98bc9073bcbae38a7ace3cbca2e549da1aa980c8c1ba96810
913f5714872b8d73758074c663fc1a09ba85c81920b128a253b71dd83ddcc8e8,dataset/Vinmec/Vinmec_2d/images/657.JPG,dataset/Vinmec/Vinmec_2d/annotations/657_binary.PNG,,913f5714872b8d73758074c663fc1a09ba85c81920b128a253b71dd83ddcc8e8
919432109f026de5c6011f5bb7bdc68dac74a50fd75ea1f6eca6f7aa1c17c2aa,dataset/Vinmec/Vinmec_2d/images/723.JPG,dataset/Vinmec/Vinmec_2d/annotations/723_binary.PNG,,919432109f026de5c6011f5bb7bdc68dac74a50fd75ea1f6eca6f7aa1c17c2aa
927a3b6d2ddc58e41d63cfd3fa9dff3d3a032c40d71417dcdcec9e4af284dfbb,dataset/Vinmec/Vinmec_2d/images/803.JPG,dataset/Vinmec/Vinmec_2d/annotations/803_binary.PNG,,927a3b6d2ddc58e41d63cfd3fa9dff3d3a032c40d71417dcdcec9e4af284dfbb
93089cc25653e510cf2b4976368cd760bcf92b38e72da46a5c9a48c69dcd6048,dataset/Vinmec/Vinmec_2d/images/1409.JPG,dataset/Vinmec/Vinmec_2d/annotations/1409_binary.PNG,,93089cc25653e510cf2b4976368cd760bcf92b38e72da46a5c9a48c69dcd6048
93762f9fe232a80a60a7dddb305454217fa3a955159ab549d61ad529b51a31f7,dataset/Vinmec/Vinmec_2d/images/635.JPG,dataset/Vinmec/Vinmec_2d/annotations/635_binary.PNG,,93762f9fe232a80a60a7dddb305454217fa3a955159ab549d61ad529b51a31f7
9539b128a1ba452b5b318f4814a6d0b8fa6d750d9f4eb24f7f04aa5684d89ece,dataset/Vinmec/Vinmec_2d/images/1425.JPG,dataset/Vinmec/Vinmec_2d/annotations/1425_binary.PNG,,9539b128a1ba452b5b318f4814a6d0b8fa6d750d9f4eb24f7f04aa5684d89ece
95c89c20942e6c696730e929bd8c001620ee662d7111891a1816008925a3173c,dataset/Vinmec/Vinmec_2d/images/260.JPG,dataset/Vinmec/Vinmec_2d/annotations/260_binary.PNG,,95c89c20942e6c696730e929bd8c001620ee662d7111891a1816008925a3173c
95d4c60d76c7ac57c1a72f88e80971fa55457cb5a75feb36ab1dbeabe2445ee9,dataset/Vinmec/Vinmec_2d/images/28.JPG,dataset/Vinmec/Vinmec_2d/annotations/28_binary.PNG,,95d4c60d76c7ac57c1a72f88e80971fa55457cb5a75feb36ab1dbeabe2445ee9
96b197a1880c5dc1b2ff8fbb70475ad050f79ab12d08fe24d3f7f5d966b42123,dataset/Vinmec/Vinmec_2d/images/1056.JPG,dataset/Vinmec/Vinmec_2d/annotations/1056_binary.PNG,,96b197a1880c5dc1b2ff8fbb70475ad050f79ab12d08fe24d3f7f5d966b42123
96eaa6fa60aad311f757eddd0517dde7fb3fd6eb1ce1795c84196a2ee3353e1d,dataset/Vinmec/Vinmec_2d/images/337.JPG,dataset/Vinmec/Vinmec_2d/annotations/337_binary.PNG,,96eaa6fa60aad311f757eddd0517dde7fb3fd6eb1ce1795c84196a2ee3353e1d
9755c87ddd55382183eda2c5a635fe960a3cc7c144b6764b1801847f518fc6b9,dataset/Vinmec/Vinmec_2d/images/367.JPG,dataset/Vinmec/Vinmec_2d/annotations/367_binary.PNG,,9755c87ddd55382183eda2c5a635fe960a3cc7c144b6764b1801847f518fc6b9
97b873a1f949a97a7780f971a4765db5f7392efa1510e46d9e3974b322215846,dataset/Vinmec/Vinmec_2d/images/1009.JPG,dataset/Vinmec/Vinmec_2d/annotations/1009_binary.PNG,,97b873a1f949a97a7780f971a4765db5f7392efa1510e46d9e3974b322215846
97d3073c9fa572a4e780316d86b69a1731f2600ae343160b0216bfb61dc59679,dataset/Vinmec/Vinmec_2d/images/1034.JPG,dataset/Vinmec/Vinmec_2d/annotations/1034_binary.PNG,,97d3073c9fa572a4e780316d86b69a1731f2600ae343160b0216bfb61dc59679
98ccc9f89c4e0cca060581ad8ea3a9c0d8b204707d9411d2771153cceb93cff7,dataset/Vinmec/Vinmec_2d/images/569.JPG,dataset/Vinmec/Vinmec_2d/annotations/569_binary.PNG,,98ccc9f89c4e0cca060581ad8ea3a9c0d8b204707d9411d2771153cceb93cff7
9937c96f28c88775cceb4798dca9ad2c025b02aae14f839d628e11b007042a63,dataset/Vinmec/Vinmec_2d/images/284.JPG,dataset/Vinmec/Vinmec_2d/annotations/284_binary.PNG,,9937c96f28c88775cceb4798dca9ad2c025b02aae14f839d628e11b007042a63
99718b05d5f3c995cdb074a5dac6894df4506eed605e779f871103b8f72ac9b1,dataset/Vinmec/Vinmec_2d/images/75.JPG,dataset/Vinmec/Vinmec_2d/annotations/75_binary.PNG,,99718b05d5f3c995cdb074a5dac6894df4506eed605e779f871103b8f72ac9b1
9a4f1477286d7865d99f2e02c69a6dd5373c308a8e54ef3df36c820492658920,dataset/Vinmec/Vinmec_2d/images/641.JPG,dataset/Vinmec/Vinmec_2d/annotations/641_binary.PNG,,9a4f1477286d7865d99f2e02c69a6dd5373c308a8e54ef3df36c820492658920
9a7b72905593ebf9cdc7b1862ba3f5debf3175b3d346a1452a57b41ce120339c,dataset/Vinmec/Vinmec_2d/images/106.JPG,dataset/Vinmec/Vinmec_2d/annotations/106_binary.PNG,,9a7b72905593ebf9cdc7b1862ba3f5debf3175b3d346a1452a57b41ce120339c
9a85123c3f0952f384cba5d70432da0b51d48b090b5aae93adb2d8d8c69a5917,dataset/Vinmec/Vinmec_3d/images/28.JPG,dataset/Vinmec/Vinmec_3d/annotations/28_binary.PNG,,9a85123c3f0952f384cba5d70432da0b51d48b090b5aae93adb2d8d8c69a5917
9b0a812edfd0f7249e895b052c3d456a0d344663b26f07e30e4c72cb3050ce23,dataset/Vinmec/Vinmec_3d/images/69.JPG,dataset/Vinmec/Vinmec_3d/annotations/69_binary.PNG,,9b0a812edfd0f7249e895b052c3d456a0d344663b26f07e30e4c72cb3050ce23
9b33b82a0698214153cd5196e200cb53f34c2c4aee7dea125b12d05c21febf08,dataset/Vinmec/Vinmec_2d/images/899.JPG,dataset/Vinmec/Vinmec_2d/annotations/899_binary.PNG,,9b33b82a0698214153cd5196e200cb53f34c2c4aee7dea125b12d05c21febf08
9c14e543d879ff60957a8093911e66d69cec9c99144cbc92d787e1e017e15a7d,dataset/Vinmec/Vinmec_2d/images/545.JPG,dataset/Vinmec/Vinmec_2d/annotations/545_binary.PNG,,9c14e543d879ff60957a8093911e66d69cec9c99144cbc92d787e1e017e15a7d
9c88d0ed098fa9b5cfa6de9ef5674ebdb76404002992b5e79dc37629332f5d22,dataset/Vinmec/Vinmec_2d/images/696.JPG,dataset/Vinmec/Vinmec_2d/annotations/696_binary.PNG,,9c88d0ed098fa9b5cfa6de9ef5674ebdb76404002992b5e79dc37629332f5d22
9ccae31ddee8faf25e0a2d720cced5ae800fec6aad89458670ff7d1188db069b,dataset/Vinmec/Vinmec_2d/images/1240.JPG,dataset/Vinmec/Vinmec_2d/annotations/1240_binary.PNG,,9ccae31ddee8faf25e0a2d720cced5ae800fec6aad89458670ff7d1188db069b
9d06b2f5ddaf386a5ef51531c162c9ebac3c26f3069ae263621d4baef38b41a6,dataset/Vinmec/Vinmec_2d/images/1386.JPG,dataset/Vinmec/Vinmec_2d/annotations/1386_binary.PNG,,9d06b2f5ddaf386a5ef51531c162c9ebac3c26f3069ae263621d4baef38b41a6
9d97c2702e1021f60f5b3aa5796715d5c010b55e779f9e7672928e7dfe26b309,dataset/Vinmec/Vinmec_2d/images/541.JPG,dataset/Vinmec/Vinmec_2d/annotations/541_binary.PNG,,9d97c2702e1021f60f5b3aa5796715d5c010b55e779f9e7672928e7dfe26b309
9df0a1dc47cc5675127a1c32d5a58f8416298dbfe69c9b95be0f69a0a340685b,dataset/Vinmec/Vinmec_2d/images/1070.JPG,dataset/Vinmec/Vinmec_2d/annotations/1070_binary.PNG,,9df0a1dc47cc5675127a1c32d5a58f8416298dbfe69c9b95be0f69a0a340685b
9dfde20563e1fe0cfb1bde5d478179a45ad07cb27ce0fa9e524e866c2b63eadf,dataset/Vinmec/Vinmec_2d/images/1138.JPG,dataset/Vinmec/Vinmec_2d/annotations/1138_binary.PNG,,9dfde20563e1fe0cfb1bde5d478179a45ad07cb27ce0fa9e524e866c2b63eadf
9e42dcc19821f60a953470489c8e6ceea3ade167b088a1fdc26c38decbbbd0b4,dataset/Vinmec/Vinmec_3d/images/135.JPG,dataset/Vinmec/Vinmec_3d/annotations/135_binary.PNG,,9e42dcc19821f60a953470489c8e6ceea3ade167b088a1fdc26c38decbbbd0b4
9e53ba8c51d1b97edecffea1f522d4c7557c3a010505b396a378877f946621a0,dataset/Vinmec/Vinmec_2d/images/265.JPG,dataset/Vinmec/Vinmec_2d/annotations/265_binary.PNG,,9e53ba8c51d1b97edecffea1f522d4c7557c3a010505b396a378877f946621a0
9f062703ab431a9f2cbb6e86624d969925f972b061c10de6ad75006537793e5c,dataset/Vinmec/Vinmec_2d/images/574.JPG,dataset/Vinmec/Vinmec_2d/annotations/574_binary.PNG,,9f062703ab431a9f2cbb6e86624d969925f972b061c10de6ad75006537793e5c
9f4f7eb70c9f05a17494103d139285c97995656f165d4779d191b44f74c20269,dataset/Vinmec/Vinmec_2d/images/212.JPG,dataset/Vinmec/Vinmec_2d/annotations/212_binary.PNG,,9f4f7eb70c9f05a17494103d139285c97995656f165d4779d191b44f74c20269
9f564bcc4b30a97656098ba02866998c11e5dcce8e844e563c3cfbc122ae4387,dataset/Vinmec/Vinmec_2d/images/886.JPG,dataset/Vinmec/Vinmec_2d/annotations/886_binary.PNG,,9f564bcc4b30a97656098ba02866998c11e5dcce8e844e563c3cfbc122ae4387
9f6be4f253065ccae9113bb85ca8a25e447ae151588284dd82dd4de055295dd5,dataset/Vinmec/Vinmec_2d/images/1423.JPG,dataset/Vinmec/Vinmec_2d/annotations/1423_binary.PNG,,9f6be4f253065ccae9113bb85ca8a25e447ae151588284dd82dd4de055295dd5
a07855e2782c9d6df378d06a9867f1f3bd830c74c36072d5ca4d43a663094877,dataset/Vinmec/Vinmec_2d/images/123.JPG,dataset/Vinmec/Vinmec_2d/annotations/123_binary.PNG,,a07855e2782c9d6df378d06a9867f1f3bd830c74c36072d5ca4d43a663094877
a07dca6c6b602b4e4a2dd548a17c2b1e6b7889802f33eb00958bed658b9d318b,dataset/Vinmec/Vinmec_2d/images/1451.JPG,dataset/Vinmec/Vinmec_2d/annotations/1451_binary.PNG,,a07dca6c6b602b4e4a2dd548a17c2b1e6b7889802f33eb00958bed658b9d318b
a0832940bf26cda5298dcda14741c19cb1b379585c4828ce078dd349b4c6ef6f,dataset/Vinmec/Vinmec_2d/images/1008.JPG,dataset/Vinmec/Vinmec_2d/annotations/1008_binary.PNG,,a0832940bf26cda5298dcda14741c19cb1b379585c4828ce078dd349b4c6ef6f
a0d63c5f7bb218ebc9969c79eb0eb7523ced3c2f233368793259fcd0bd9f2a58,dataset/Vinmec/Vinmec_2d/images/1015.JPG,dataset/Vinmec/Vinmec_2d/annotations/1015_binary.PNG,,a0d63c5f7bb218ebc9969c79eb0eb7523ced3c2f233368793259fcd0bd9f2a58
a1d2ef4504590c540ac22e3e8e8bb2383d10a7d84a6f028af8fd5da208c3fccd,dataset/Vinmec/Vinmec_3d/images/123.JPG,dataset/Vinmec/Vinmec_3d/annotations/123_binary.PNG,,a1d2ef4504590c540ac22e3e8e8bb2383d10a7d84a6f028af8fd5da208c3fccd
a2236079e799ae8b3d1d761c9c01642c42273127642c58af5014fe7fec61a734,dataset/Vinmec/Vinmec_2d/images/400.JPG,dataset/Vinmec/Vinmec_2d/annotations/400_binary.PNG,,a2236079e799ae8b3d1d761c9c01642c42273127642c58af5014fe7fec61a734
a26411d3f0d597fb3fd82c857c1955fe45865c1f9978d330aa861bb3bd59ad3d,dataset/Vinmec/Vinmec_2d/images/455.JPG,dataset/Vinmec/Vinmec_2d/annotations/455_binary.PNG,,a26411d3f0d597fb3fd82c857c1955fe45865c1f9978d330aa861bb3bd59ad3d
a3ad8c4c3b0d78774aa2bae06c0f4e3f97300fec459983c706e06c28daeb0ee7,dataset/Vinmec/Vinmec_2d/images/86.JPG,dataset/Vinmec/Vinmec_2d/annotations/86_binary.PNG,,a3ad8c4c3b0d78774aa2bae06c0f4e3f97300fec459983c706e06c28daeb0ee7
a3c1f254656dd730ea1b0a8e81aaab2f5667749b291d3055f2c8162e7553ab93,dataset/Vinmec/Vinmec_2d/images/692.JPG,dataset/Vinmec/Vinmec_2d/annotations/692_binary.PNG,,a3c1f254656dd730ea1b0a8e81aaab2f5667749b291d3055f2c8162e7553ab93
a45af52a4718ce940bce73f67ac2495727e4bbace125a999e8753ac3a4031977,dataset/Vinmec/Vinmec_2d/images/410.JPG,dataset/Vinmec/Vinmec_2d/annotations/410_binary.PNG,,a45af52a4718ce940bce73f67ac2495727e4bbace125a999e8753ac3a4031977
a477f6c34df3de52c4f8e8237d5106c801f7db45e49bba0970af10c8d0f7fdfb,dataset/Vinmec/Vinmec_2d/images/859.JPG,dataset/Vinmec/Vinmec_2d/annotations/859_binary.PNG,,a477f6c34df3de52c4f8e8237d5106c801f7db45e49bba0970af10c8d0f7fdfb
a4b1a43e96965950ea2d67211ecf504c5cd8b1789f201ad520dd0f4ba67aaee5,dataset/Vinmec/Vinmec_2d/images/637.JPG,dataset/Vinmec/Vinmec_2d/annotations/637_binary.PNG,,a4b1a43e96965950ea2d67211ecf504c5cd8b1789f201ad520dd0f4ba67aaee5
a569498321535e9c6f5aa4b8bfd6e6723306019969400175d3ba873e38610905,dataset/Vinmec/Vinmec_2d/images/633.JPG,dataset/Vinmec/Vinmec_2d/annotations/633_binary.PNG,,a569498321535e9c6f5aa4b8bfd6e6723306019969400175d3ba873e38610905
a61a148eb74280457e1fe07012447bf8bff87e24b8c4af514ca517a513eb66c3,dataset/Vinmec/Vinmec_2d/images/1035.JPG,dataset/Vinmec/Vinmec_2d/annotations/1035_binary.PNG,,a61a148eb74280457e1fe07012447bf8bff87e24b8c4af514ca517a513eb66c3
a66eff201490f1ef557ebb0283e0629bade0210a7ba9acf383cdcc582558bf2a,dataset/Vinmec/Vinmec_2d/images/280.JPG,dataset/Vinmec/Vinmec_2d/annotations/280_binary.PNG,,a66eff201490f1ef557ebb0283e0629bade0210a7ba9acf383cdcc582558bf2a
a670cf5cbb415a9889dee506caf6f7ce75bd2abeb90d9fc6b612495eb192050f,dataset/Vinmec/Vinmec_3d/images/153.JPG,dataset/Vinmec/Vinmec_3d/annotations/153_binary.PNG,,a670cf5cbb415a9889dee506caf6f7ce75bd2abeb90d9fc6b612495eb192050f
a6dac2cffd01c89a20d1a0771d916a63ccbc7ae015bf08b0c58e447047837ab3,dataset/Vinmec/Vinmec_2d/images/1029.JPG,dataset/Vinmec/Vinmec_2d/annotations/1029_binary.PNG,,a6dac2cffd01c89a20d1a0771d916a63ccbc7ae015bf08b0c58e447047837ab3
a79945f9e33fed7a5c118b554881a9ee20c2810e1379ed6b3b32949e89fd3547,dataset/Vinmec/Vinmec_2d/images/1148.JPG,dataset/Vinmec/Vinmec_2d/annotations/1148_binary.PNG,,a79945f9e33fed7a5c118b554881a9ee20c2810e1379ed6b3b32949e89fd3547
a79ca066efa4b0386dc519804f9a43c05d41d527ca61d94af4f3ce8602c373db,dataset/Vinmec/Vinmec_2d/images/754.JPG,dataset/Vinmec/Vinmec_2d/annotations/754_binary.PNG,,a79ca066efa4b0386dc519804f9a43c05d41d527ca61d94af4f3ce8602c373db
a7d2747434d9fe036c334a954efe08d6b6dfd9091b3bb65057440aae0234cd06,dataset/Vinmec/Vinmec_2d/images/82.JPG,dataset/Vinmec/Vinmec_2d/annotations/82_binary.PNG,,a7d2747434d9fe036c334a954efe08d6b6dfd9091b3bb65057440aae0234cd06
a7d97d9facdfe4355ee36f321f4af0ba291f6d5bbaeef6a2bbaf6b3b2b043f04,dataset/Vinmec/Vinmec_2d/images/300.JPG,dataset/Vinmec/Vinmec_2d/annotations/300_binary.PNG,,a7d97d9facdfe4355ee36f321f4af0ba291f6d5bbaeef6a2bbaf6b3b2b043f04
a895d2f5fb991e414bea1d35f832dbde2fa597d11abb5f62238192cdbdd39342,dataset/Vinmec/Vinmec_2d/images/1383.JPG,dataset/Vinmec/Vinmec_2d/annotations/1383_binary.PNG,,a895d2f5fb991e414bea1d35f832dbde2fa597d11abb5f62238192cdbdd39342
a8b600f875132448ccb08502c725fcfcbf62ca196300f647d9c3e380a2d1b51d,dataset/Vinmec/Vinmec_2d/images/1094.JPG,dataset/Vinmec/Vinmec_2d/annotations/1094_binary.PNG,,a8b600f875132448ccb08502c725fcfcbf62ca196300f647d9c3e380a2d1b51d
a8de630b90062e881e78d378d68e91b62ef1420b49f322a482bcc90af68a4587,dataset/Vinmec/Vinmec_2d/images/484.JPG,dataset/Vinmec/Vinmec_2d/annotations/484_binary.PNG,,a8de630b90062e881e78d378d68e91b62ef1420b49f322a482bcc90af68a4587
a929b39253c65d24b895f1cb2a51a59bacf0f4635e5cb77adc244101a1dce05d,dataset/Vinmec/Vinmec_2d/images/888.JPG,dataset/Vinmec/Vinmec_2d/annotations/888_binary.PNG,,a929b39253c65d24b895f1cb2a51a59bacf0f4635e5cb77adc244101a1dce05d
a9b822157b939d73a0c89dae84d0810e98cd9bb8ae6cf4ce966cef489ca18dd2,dataset/Vinmec/Vinmec_2d/images/772.JPG,dataset/Vinmec/Vinmec_2d/annotations/772_binary.PNG,,a9b822157b939d73a0c89dae84d0810e98cd9bb8ae6cf4ce966cef489ca18dd2
a9dadd08710e611920af51a0e9953e99a5938ddc8f566a2a890d175c47dff82d,dataset/Vinmec/Vinmec_2d/images/1197.JPG,dataset/Vinmec/Vinmec_2d/annotations/1197_binary.PNG,,a9dadd08710e611920af51a0e9953e99a5938ddc8f566a2a890d175c47dff82d
aa76684baf3699b6fd4b8b6acfd6815d46aead92ef4eca8df4fcad04ac35e2ec,dataset/Vinmec/Vinmec_3d/images/110.JPG,dataset/Vinmec/Vinmec_3d/annotations/110_binary.PNG,,aa76684baf3699b6fd4b8b6acfd6815d46aead92ef4eca8df4fcad04ac35e2ec
aabd1bfb3e9d2e1a05a309e073f12e4f8efcdc991037730d3357111bc0387d72,dataset/Vinmec/Vinmec_2d/images/1428.JPG,dataset/Vinmec/Vinmec_2d/annotations/1428_binary.PNG,,aabd1bfb3e9d2e1a05a309e073f12e4f8efcdc991037730d3357111bc0387d72
ab121b9f1701ef44f4d04dbb047f900475b76aa6d4590a77dec84fff4dc5171e,dataset/Vinmec/Vinmec_2d/images/401.JPG,dataset/Vinmec/Vinmec_2d/annotations/401_binary.PNG,,ab121b9f1701ef44f4d04dbb047f900475b76aa6d4590a77dec84fff4dc5171e
ab47fb7f46c6beb85b62f8be286c4279fb249056fddffcf715b87c78e154ed20,dataset/Vinmec/Vinmec_2d/images/157.JPG,dataset/Vinmec/Vinmec_2d/annotations/157_binary.PNG,,ab47fb7f46c6beb85b62f8be286c4279fb249056fddffcf715b87c78e154ed20
abbf7501ef88b1e0b8926ccae8f737746938614c1f138be2baf15c757e4766cb,dataset/Vinmec/Vinmec_2d/images/278.JPG,dataset/Vinmec/Vinmec_2d/annotations/278_binary.PNG,,abbf7501ef88b1e0b8926ccae8f737746938614c1f138be2baf15c757e4766cb
aca20a4aea8e88e2c309d3d5970ce7a90141f7b79acc74bb97441cd4bc980625,dataset/Vinmec/Vinmec_2d/images/1107.JPG,dataset/Vinmec/Vinmec_2d/annotations/1107_binary.PNG,,aca20a4aea8e88e2c309d3d5970ce7a90141f7b79acc74bb97441cd4bc980625
acab4157285dfa2b688354ae9207561f70085d7304dda8ba71d7b60d2ea7cea9,dataset/Vinmec/Vinmec_2d/images/988.JPG,dataset/Vinmec/Vinmec_2d/annotations/988_binary.PNG,,acab4157285dfa2b688354ae9207561f70085d7304dda8ba71d7b60d2ea7cea9
ad6850e74a8460502ea37b3a8ff49a92d6b5ffc8dd7b4152f9ebe8858ccff31a,dataset/Vinmec/Vinmec_2d/images/433.JPG,dataset/Vinmec/Vinmec_2d/annotations/433_binary.PNG,,ad6850e74a8460502ea37b3a8ff49a92d6b5ffc8dd7b4152f9ebe8858ccff31a
ad9f11c802270c9c660f8f7b316896e5b1fe1fbf974f03d782771ea0e3d5ba27,dataset/Vinmec/Vinmec_2d/images/1222.JPG,dataset/Vinmec/Vinmec_2d/annotations/1222_binary.PNG,,ad9f11c802270c9c660f8f7b316896e5b1fe1fbf974f03d782771ea0e3d5ba27
adbdd4f823f098cecc76c4ae6d465c03075a9f3b894c554570497a9eebe862f4,dataset/Vinmec/Vinmec_2d/images/1159.JPG,dataset/Vinmec/Vinmec_2d/annotations/1159_binary.PNG,,adbdd4f823f098cecc76c4ae6d465c03075a9f3b894c554570497a9eebe862f4
ae7ebfae7109087c1d1d881281df6da4b6b7d13139d3069273c4b18fb9114cdb,dataset/Vinmec/Vinmec_2d/images/393.JPG,dataset/Vinmec/Vinmec_2d/annotations/393_binary.PNG,,ae7ebfae7109087c1d1d881281df6da4b6b7d13139d3069273c4b18fb9114cdb
af40cd829777e477bd9439dc2df6df7be24384691ecd23ac7a236284f6210df2,dataset/Vinmec/Vinmec_3d/images/62.JPG,dataset/Vinmec/Vinmec_3d/annotations/62_binary.PNG,,af40cd829777e477bd9439dc2df6df7be24384691ecd23ac7a236284f6210df2
af9383a47abedcd62d8f3ca9ec70506e99256fcd4dab712a63ab8caa86a6ff55,dataset/Vinmec/Vinmec_2d/images/263.JPG,dataset/Vinmec/Vinmec_2d/annotations/263_binary.PNG,,af9383a47abedcd62d8f3ca9ec70506e99256fcd4dab712a63ab8caa86a6ff55
afb792a6fe9312654a540b411fc999ed26ac1201bf926585830fefe072d1af83,dataset/Vinmec/Vinmec_2d/images/1137.JPG,dataset/Vinmec/Vinmec_2d/annotations/1137_binary.PNG,,afb792a6fe9312654a540b411fc999ed26ac1201bf926585830fefe072d1af83
b1265266036ce2e07f55bc6a13ac51b64f44bb07570383267cb637cb60b65d08,dataset/Vinmec/Vinmec_2d/images/1005.JPG,dataset/Vinmec/Vinmec_2d/annotations/1005_binary.PNG,,b1265266036ce2e07f55bc6a13ac51b64f44bb07570383267cb637cb60b65d08
b13732bf9af371d392e959dd7b00fe51caef2235317d72fee18396d0c06ced6a,dataset/Vinmec/Vinmec_2d/images/1105.JPG,dataset/Vinmec/Vinmec_2d/annotations/1105_binary.PNG,,b13732bf9af371d392e959dd7b00fe51caef2235317d72fee18396d0c06ced6a
b165c76132a40cc0116451c1052c2e9d864d15bb2adc6521ba9f3717ef8428aa,dataset/Vinmec/Vinmec_2d/images/4.JPG,dataset/Vinmec/Vinmec_2d/annotations/4_binary.PNG,,b165c76132a40cc0116451c1052c2e9d864d15bb2adc6521ba9f3717ef8428aa
b195854ebf8a4142ad9fb8688641ebac5bba54d43b624af9e8054f2ab071b671,dataset/Vinmec/Vinmec_2d/images/818.JPG,dataset/Vinmec/Vinmec_2d/annotations/818_binary.PNG,,b195854ebf8a4142ad9fb8688641ebac5bba54d43b624af9e8054f2ab071b671
b1e095f482648835b86bbbf3473119bfdaa12179350e2195dc39ea67da1f078a,dataset/Vinmec/Vinmec_2d/images/189.JPG,dataset/Vinmec/Vinmec_2d/annotations/189_binary.PNG,,b1e095f482648835b86bbbf3473119bfdaa12179350e2195dc39ea67da1f078a
b20eea636a9450428769c34ec6aa9bc0cfd169acd737744f0579436d507607b0,dataset/Vinmec/Vinmec_2d/images/599.JPG,dataset/Vinmec/Vinmec_2d/annotations/599_binary.PNG,,b20eea636a9450428769c34ec6aa9bc0cfd169acd737744f0579436d507607b0
b265869d0b7f757bf6d7721c051736fef51cf605545274a649e556bd824e706f,dataset/Vinmec/Vinmec_2d/images/1196.JPG,dataset/Vinmec/Vinmec_2d/annotations/1196_binary.PNG,,b265869d0b7f757bf6d7721c051736fef51cf605545274a649e556bd824e706f
b343174a2adb621b0f8d7c961fd66f5b5df808605378decae6b81faf4e9de6a0,dataset/Vinmec/Vinmec_2d/images/1408.JPG,dataset/Vinmec/Vinmec_2d/annotations/1408_binary.PNG,,b343174a2adb621b0f8d7c961fd66f5b5df808605378decae6b81faf4e9de6a0
b352f8f5a6533c1eb6ebe902d7a33472864b35752f23584e36a29642963232b2,dataset/Vinmec/Vinmec_3d/images/46.JPG,dataset/Vinmec/Vinmec_3d/annotations/46_binary.PNG,,b352f8f5a6533c1eb6ebe902d7a33472864b35752f23584e36a29642963232b2
b3ee811b139ca4fd2b2266a448fe85215ac9750038bdcd9da88b6aa6dd883c23,dataset/Vinmec/Vinmec_2d/images/951.JPG,dataset/Vinmec/Vinmec_2d/annotations/951_binary.PNG,,b3ee811b139ca4fd2b2266a448fe85215ac9750038bdcd9da88b6aa6dd883c23
b41e47ddc227feb8061272ce28cf740a985dfcd6493e0574b6a150198e784a6e,dataset/Vinmec/Vinmec_2d/images/1031.JPG,dataset/Vinmec/Vinmec_2d/annotations/1031_binary.PNG,,b41e47ddc227feb8061272ce28cf740a985dfcd6493e0574b6a150198e784a6e
b4a84cce2cb8d8925b6509791f2073fa058e8e6a39872e5b44a0045621f39941,dataset/Vinmec/Vinmec_2d/images/286.JPG,dataset/Vinmec/Vinmec_2d/annotations/286_binary.PNG,,b4a84cce2cb8d8925b6509791f2073fa058e8e6a39872e5b44a0045621f39941
b4b2a80e15f9e6c05a9ef15f997c6ff6b6484bee65954597e0b8d67cfae1820f,dataset/Vinmec/Vinmec_2d/images/51.JPG,dataset/Vinmec/Vinmec_2d/annotations/51_binary.PNG,,b4b2a80e15f9e6c05a9ef15f997c6ff6b6484bee65954597e0b8d67cfae1820f
b4fbd197f5f4dd1eb7e08f6d34e0eb1a22b01d079beae78370a0c4a8e4c2e79e,dataset/Vinmec/Vinmec_2d/images/1021.JPG,dataset/Vinmec/Vinmec_2d/annotations/1021_binary.PNG,,b4fbd197f5f4dd1eb7e08f6d34e0eb1a22b01d079beae78370a0c4a8e4c2e79e
b6276f324ecf447f26b921b000bab023d48c81ec92d65b40ff135a877ee2f9b1,dataset/Vinmec/Vinmec_2d/images/1045.JPG,dataset/Vinmec/Vinmec_2d/annotations/1045_binary.PNG,,b6276f324ecf447f26b921b000bab023d48c81ec92d65b40ff135a877ee2f9b1
b6ca68de9375c0cb218ac9c095735bb9e0fb488639775344b3cb3644fe4fc06c,dataset/Vinmec/Vinmec_2d/images/1326.JPG,dataset/Vinmec/Vinmec_2d/annotations/1326_binary.PNG,,b6ca68de9375c0cb218ac9c095735bb9e0fb488639775344b3cb3644fe4fc06c
b70fbbfebde1883281346b69fd667d95a8e94e71f695c4d59426ceb4cdac66ab,dataset/Vinmec/Vinmec_2d/images/81.JPG,dataset/Vinmec/Vinmec_2d/annotations/81_binary.PNG,,b70fbbfebde1883281346b69fd667d95a8e94e71f695c4d59426ceb4cdac66ab
b729599c22ca61677ceb70317f35692c4214552e4d2f64ae55c2a1c61cc4ea27,dataset/Vinmec/Vinmec_2d/images/192.JPG,dataset/Vinmec/Vinmec_2d/annotations/192_binary.PNG,,b729599c22ca61677ceb70317f35692c4214552e4d2f64ae55c2a1c61cc4ea27
b734cd3ae6a9dea88028eee484b325129b62016c2322b08833e934055ee56b42,dataset/Vinmec/Vinmec_2d/images/1053.JPG,dataset/Vinmec/Vinmec_2d/annotations/1053_binary.PNG,,b734cd3ae6a9dea88028eee484b325129b62016c2322b08833e934055ee56b42
b7c527fc1aac0fb407a7953fe05bac2c4adc90c84cab0b77d3884f1368f78e95,dataset/Vinmec/Vinmec_2d/images/601.JPG,dataset/Vinmec/Vinmec_2d/annotations/601_binary.PNG,,b7c527fc1aac0fb407a7953fe05bac2c4adc90c84cab0b77d3884f1368f78e95
b7fd89e76d129262bcef1545074a8fc4ccd4fe92f186d7619e996438466628fc,dataset/Vinmec/Vinmec_2d/images/1180.JPG,dataset/Vinmec/Vinmec_2d/annotations/1180_binary.PNG,,b7fd89e76d129262bcef1545074a8fc4ccd4fe92f186d7619e996438466628fc
b8a6225219a112918f02eff4ebf27f34e017dbcf3b6b41ec1023824d51664e70,dataset/Vinmec/Vinmec_2d/images/23.JPG,dataset/Vinmec/Vinmec_2d/annotations/23_binary.PNG,,b8a6225219a112918f02eff4ebf27f34e017dbcf3b6b41ec1023824d51664e70
b94db58930ae102332fcd3cebbac386389e66a0b3b69d691be87b8dbfde19f3d,dataset/Vinmec/Vinmec_2d/images/725.JPG,dataset/Vinmec/Vinmec_2d/annotations/725_binary.PNG,,b94db58930ae102332fcd3cebbac386389e66a0b3b69d691be87b8dbfde19f3d
b9943b9f234ada43c752066d70bdd2bee659d88ab29722dff1bbdb2d0b779aca,dataset/Vinmec/Vinmec_2d/images/13.JPG,dataset/Vinmec/Vinmec_2d/annotations/13_binary.PNG,,b9943b9f234ada43c752066d70bdd2bee659d88ab29722dff1bbdb2d0b779aca
b9db04655f6909d431d48fd69c56df49d965ef439f97454c94a67dfabea3a88b,dataset/Vinmec/Vinmec_2d/images/439.JPG,dataset/Vinmec/Vinmec_2d/annotations/439_binary.PNG,,b9db04655f6909d431d48fd69c56df49d965ef439f97454c94a67dfabea3a88b
ba80abf3472529374d78ee11533d34a4fdf3431147329f61f32b59d0e866af92,dataset/Vinmec/Vinmec_2d/images/469.JPG,dataset/Vinmec/Vinmec_2d/annotations/469_binary.PNG,,ba80abf3472529374d78ee11533d34a4fdf3431147329f61f32b59d0e866af92
babf216c7d57855b7e4a04c61d820cd443998bfae7a111550b56b8b8259cf81f,dataset/Vinmec/Vinmec_2d/images/726.JPG,dataset/Vinmec/Vinmec_2d/annotations/726_binary.PNG,,babf216c7d57855b7e4a04c61d820cd443998bfae7a111550b56b8b8259cf81f
bc44f3fb8079f1aecbfe11fe5a2f1ba5300e612eb3dcbbbf22fee0be5929337e,dataset/Vinmec/Vinmec_2d/images/612.JPG,dataset/Vinmec/Vinmec_2d/annotations/612_binary.PNG,,bc44f3fb8079f1aecbfe11fe5a2f1ba5300e612eb3dcbbbf22fee0be5929337e
bcb15cb5f9315717cfd784857f54f38c6f7905437d7e6ce490e471d74b04b51d,dataset/Vinmec/Vinmec_2d/images/462.JPG,dataset/Vinmec/Vinmec_2d/annotations/462_binary.PNG,,bcb15cb5f9315717cfd784857f54f38c6f7905437d7e6ce490e471d74b04b51d
bcddc9dd528ed01f3020617fbc97b083e4e1d6a71a183e710d09cfbc21d16f9a,dataset/Vinmec/Vinmec_2d/images/1397.JPG,dataset/Vinmec/Vinmec_2d/annotations/1397_binary.PNG,,bcddc9dd528ed01f3020617fbc97b083e4e1d6a71a183e710d09cfbc21d16f9a
bd31a2ccfcd156495ee7e273bf840e174aba074d792a6ea4b6faf337bd1ec341,dataset/Vinmec/Vinmec_2d/images/185.JPG,dataset/Vinmec/Vinmec_2d/annotations/185_binary.PNG,,bd31a2ccfcd156495ee7e273bf840e174aba074d792a6ea4b6faf337bd1ec341
bda200bf642e4053f22e1169b8b2d8a025c3a0596bdc7f8efac023d7c5f0593a,dataset/Vinmec/Vinmec_2d/images/568.JPG,dataset/Vinmec/Vinmec_2d/annotations/568_binary.PNG,,bda200bf642e4053f22e1169b8b2d8a025c3a0596bdc7f8efac023d7c5f0593a
be10d43e64b875c4dbdb3cc42e9407b100818625664a7c387e9328d497cdbe86,dataset/Vinmec/Vinmec_3d/images/146.JPG,dataset/Vinmec/Vinmec_3d/annotations/146_binary.PNG,,be10d43e64b875c4dbdb3cc42e9407b100818625664a7c387e9328d497cdbe86
be43bc207d2ebb591c1c9f6b8b013e99d1cee94ea4227e192ba979c2932beacd,dataset/Vinmec/Vinmec_2d/images/761.JPG,dataset/Vinmec/Vinmec_2d/annotations/761_binary.PNG,,be43bc207d2ebb591c1c9f6b8b013e99d1cee94ea4227e192ba979c2932beacd
be8f7e39fd19694675e51535e0b83a49f502d0b15c8d030b7751383fdffe1f31,dataset/Vinmec/Vinmec_2d/images/425.JPG,dataset/Vinmec/Vinmec_2d/annotations/425_binary.PNG,,be8f7e39fd19694675e51535e0b83a49f502d0b15c8d030b7751383fdffe1f31
becf23559584d8a828898e17cc8b26129c489ea5962739f7b040a185fb3febe3,dataset/Vinmec/Vinmec_2d/images/1219.JPG,dataset/Vinmec/Vinmec_2d/annotations/1219_binary.PNG,,becf23559584d8a828898e17cc8b26129c489ea5962739f7b040a185fb3febe3
bed1f963d41a408308e5e28c328034441b9d9980c2a1e06d51cbee43172bd63a,dataset/Vinmec/Vinmec_2d/images/1223.JPG,dataset/Vinmec/Vinmec_2d/annotations/1223_binary.PNG,,bed1f963d41a408308e5e28c328034441b9d9980c2a1e06d51cbee43172bd63a
bee3642a7f7cd54a515cc1acee56f945779e6987b706b60ddb1e2f56ecd8edf1,dataset/Vinmec/Vinmec_2d/images/207.JPG,dataset/Vinmec/Vinmec_2d/annotations/207_binary.PNG,,bee3642a7f7cd54a515cc1acee56f945779e6987b706b60ddb1e2f56ecd8edf1
bfa0799a2e041c7015d8e440ab753c94736abfcf74f1c18967fae19cc653e167,dataset/Vinmec/Vinmec_2d/images/659.JPG,dataset/Vinmec/Vinmec_2d/annotations/659_binary.PNG,,bfa0799a2e041c7015d8e440ab753c94736abfcf74f1c18967fae19cc653e167
bff06669b61df6ff99631f12252eccd05493f444b6d002a20d5ec811c75c5e31,dataset/Vinmec/Vinmec_2d/images/1399.JPG,dataset/Vinmec/Vinmec_2d/annotations/1399_binary.PNG,,bff06669b61df6ff99631f12252eccd05493f444b6d002a20d5ec811c75c5e31
c0395b33d7202c6ecb97d9de2c1dcf02427c673bca7c5ece7c73c58decb12122,dataset/Vinmec/Vinmec_2d/images/232.JPG,dataset/Vinmec/Vinmec_2d/annotations/232_binary.PNG,,c0395b33d7202c6ecb97d9de2c1dcf02427c673bca7c5ece7c73c58decb12122
c07203e1e64b6fd60f5796391c7750f1688abafcaf8341c6a0e2dd98ba9f63c6,dataset/Vinmec/Vinmec_3d/images/165.JPG,dataset/Vinmec/Vinmec_3d/annotations/165_binary.PNG,,c07203e1e64b6fd60f5796391c7750f1688abafcaf8341c6a0e2dd98ba9f63c6
c11acb3095574ca5df54884e83e04779184e1f2c223609594ef031813e429175,dataset/Vinmec/Vinmec_3d/images/30.JPG,dataset/Vinmec/Vinmec_3d/annotations/30_binary.PNG,,c11acb3095574ca5df54884e83e04779184e1f2c223609594ef031813e429175
c155572d86845f5159a8446055c3a42de4c936bf66a038e3cacc98d33dab650b,dataset/Vinmec/Vinmec_2d/images/190.JPG,dataset/Vinmec/Vinmec_2d/annotations/190_binary.PNG,,c155572d86845f5159a8446055c3a42de4c936bf66a038e3cacc98d33dab650b
c22332e0effa41ebc7cd8b55de0eee245c03a228651aa82949f61fe2528b3b98,dataset/Vinmec/Vinmec_2d/images/975.JPG,dataset/Vinmec/Vinmec_2d/annotations/975_binary.PNG,,c22332e0effa41ebc7cd8b55de0eee245c03a228651aa82949f61fe2528b3b98
c29ccd498a4af71d2af76e453c594ed3ecd07487c8f65470b6b1e682a3b834f5,dataset/Vinmec/Vinmec_2d/images/465.JPG,dataset/Vinmec/Vinmec_2d/annotations/465_binary.PNG,,c29ccd498a4af71d2af76e453c594ed3ecd07487c8f65470b6b1e682a3b834f5
c4192799a0d5327cf77635790b7523391c2a1dbf218a146bf9d5547a7194edf2,dataset/Vinmec/Vinmec_2d/images/256.JPG,dataset/Vinmec/Vinmec_2d/annotations/256_binary.PNG,,c4192799a0d5327cf77635790b7523391c2a1dbf218a146bf9d5547a7194edf2
c4c4e1abbb0d0bf1a393787615c83fc1e94802e5fdcef4c1f291018d1cadfb77,dataset/Vinmec/Vinmec_2d/images/789.JPG,dataset/Vinmec/Vinmec_2d/annotations/789_binary.PNG,,c4c4e1abbb0d0bf1a393787615c83fc1e94802e5fdcef4c1f291018d1cadfb77
c4ea3286065af68deb1bcdef2783eb7e00f4cef9aba6cb4a2473c0007c26e60b,dataset/Vinmec/Vinmec_2d/images/449.JPG,dataset/Vinmec/Vinmec_2d/annotations/449_binary.PNG,,c4ea3286065af68deb1bcdef2783eb7e00f4cef9aba6cb4a2473c0007c26e60b
c5282e08a258ce7590e894a17ef68772360fd26089a04d41f81dcddb3ddef152,dataset/Vinmec/Vinmec_3d/images/141.JPG,dataset/Vinmec/Vinmec_3d/annotations/141_binary.PNG,,c5282e08a258ce7590e894a17ef68772360fd26089a04d41f81dcddb3ddef152
c580dfe28b6d3cd7e41d144597cb0ba13094b235e538377886ebbc1f26ef6bf5,dataset/Vinmec/Vinmec_2d/images/407.JPG,dataset/Vinmec/Vinmec_2d/annotations/407_binary.PNG,,c580dfe28b6d3cd7e41d144597cb0ba13094b235e538377886ebbc1f26ef6bf5
c5bd9e8139319726dcbf51830299e8923aa6d589f067c4f2517213cdc71a625d,dataset/Vinmec/Vinmec_2d/images/1310.JPG,dataset/Vinmec/Vinmec_2d/annotations/1310_binary.PNG,,c5bd9e8139319726dcbf51830299e8923aa6d589f067c4f2517213cdc71a625d
c606692694fdbf60d60e42c2e28efaa384621ff31d3bf5f40de3b83cfc87686a,dataset/Vinmec/Vinmec_2d/images/1114.JPG,dataset/Vinmec/Vinmec_2d/annotations/1114_binary.PNG,,c606692694fdbf60d60e42c2e28efaa384621ff31d3bf5f40de3b83cfc87686a
c63df35e25fdaba7396ca84013299a22a3da3094ac485c866eff41901037ab67,dataset/Vinmec/Vinmec_2d/images/1280.JPG,dataset/Vinmec/Vinmec_2d/annotations/1280_binary.PNG,,c63df35e25fdaba7396ca84013299a22a3da3094ac485c866eff41901037ab67
c6770d44340e041733fc6bb88eb023f972f9b461afef427381dfaa5159978f8a,dataset/Vinmec/Vinmec_3d/images/143.JPG,dataset/Vinmec/Vinmec_3d/annotations/143_binary.PNG,,c6770d44340e041733fc6bb88eb023f972f9b461afef427381dfaa5159978f8a
c77cc654d8582270fb48a19e3f601c672e12175d23f33f317078095a248cdb2c,dataset/Vinmec/Vinmec_2d/images/734.JPG,dataset/Vinmec/Vinmec_2d/annotations/734_binary.PNG,,c77cc654d8582270fb48a19e3f601c672e12175d23f33f317078095a248cdb2c
c8d0fe7331df6da3409c08133780cf740028e1807e117168b49243992fa29627,dataset/Vinmec/Vinmec_2d/images/673.JPG,dataset/Vinmec/Vinmec_2d/annotations/673_binary.PNG,,c8d0fe7331df6da3409c08133780cf740028e1807e117168b49243992fa29627
c8da174b4935f9a35e0bc9b77575bb2e33fbeb714f5ea137a35148cc8ce15177,dataset/Vinmec/Vinmec_3d/images/25.JPG,dataset/Vinmec/Vinmec_3d/annotations/25_binary.PNG,,c8da174b4935f9a35e0bc9b77575bb2e33fbeb714f5ea137a35148cc8ce15177
c906e88ecb48ec3cc2e80edce57c439f58fad60c9a7b1189fc6535ddb3c17983,dataset/Vinmec/Vinmec_2d/images/1272.JPG,dataset/Vinmec/Vinmec_2d/annotations/1272_binary.PNG,,c906e88ecb48ec3cc2e80edce57c439f58fad60c9a7b1189fc6535ddb3c17983
c910a16548016a152819ffa9833593d82f3cbef538089ee88d4590b5f7a0f87c,dataset/Vinmec/Vinmec_2d/images/49.JPG,dataset/Vinmec/Vinmec_2d/annotations/49_binary.PNG,,c910a16548016a152819ffa9833593d82f3cbef538089ee88d4590b5f7a0f87c
c9ebe00775029087de88efb48498cc754ff42a2ff0ca9de12fdb0b851ab4f885,dataset/Vinmec/Vinmec_2d/images/852.JPG,dataset/Vinmec/Vinmec_2d/annotations/852_binary.PNG,,c9ebe00775029087de88efb48498cc754ff42a2ff0ca9de12fdb0b851ab4f885
cc182c9302c21f7b7b0270aa5bdfeee3792b5634df2af901a0c82eb7fee0283d,dataset/Vinmec/Vinmec_2d/images/1429.JPG,dataset/Vinmec/Vinmec_2d/annotations/1429_binary.PNG,,cc182c9302c21f7b7b0270aa5bdfeee3792b5634df2af901a0c82eb7fee0283d
cc436ac8c0866fb482b859ad8ef8111daf8809a7f7831d8a9432350f3fbd9939,dataset/Vinmec/Vinmec_2d/images/898.JPG,dataset/Vinmec/Vinmec_2d/annotations/898_binary.PNG,,cc436ac8c0866fb482b859ad8ef8111daf8809a7f7831d8a9432350f3fbd9939
cc58cdf4013fb1aef93173562be55683d01c86e941f55df9a87d01894738e3b3,dataset/Vinmec/Vinmec_2d/images/238.JPG,dataset/Vinmec/Vinmec_2d/annotations/238_binary.PNG,,cc58cdf4013fb1aef93173562be55683d01c86e941f55df9a87d01894738e3b3
cc5ab565c7071f660f4252942c408c6ae8f576cf2cbaedacc6bad70c79fbc695,dataset/Vinmec/Vinmec_3d/images/23.JPG,dataset/Vinmec/Vinmec_3d/annotations/23_binary.PNG,,cc5ab565c7071f660f4252942c408c6ae8f576cf2cbaedacc6bad70c79fbc695
cc84f2e3ce46708cbbf181aafe2279cae219155b87bbbaf4934abedf6214629d,dataset/Vinmec/Vinmec_3d/images/157.JPG,dataset/Vinmec/Vinmec_3d/annotations/157_binary.PNG,,cc84f2e3ce46708cbbf181aafe2279cae219155b87bbbaf4934abedf6214629d
ccfedf5a588c3bdfd4ff5e015da51378c01d6040f358b0f5d29ce24d774457a8,dataset/Vinmec/Vinmec_2d/images/1067.JPG,dataset/Vinmec/Vinmec_2d/annotations/1067_binary.PNG,,ccfedf5a588c3bdfd4ff5e015da51378c01d6040f358b0f5d29ce24d774457a8
cf26082a119efea80cdfa03127027f0c114d109f35c092b0372aa3c9f2fc0447,dataset/Vinmec/Vinmec_2d/images/839.JPG,dataset/Vinmec/Vinmec_2d/annotations/839_binary.PNG,,cf26082a119efea80cdfa03127027f0c114d109f35c092b0372aa3c9f2fc0447
cfac73c586edf62fcbb7a975b512a07f78176975720fdd8dd4eaebe54032a9b1,dataset/Vinmec/Vinmec_2d/images/528.JPG,dataset/Vinmec/Vinmec_2d/annotations/528_binary.PNG,,cfac73c586edf62fcbb7a975b512a07f78176975720fdd8dd4eaebe54032a9b1
cff45165fade654818372d9c293712da1cce34194c3ade1e2f835f8a692ae3b5,dataset/Vinmec/Vinmec_2d/images/317.JPG,dataset/Vinmec/Vinmec_2d/annotations/317_binary.PNG,,cff45165fade654818372d9c293712da1cce34194c3ade1e2f835f8a692ae3b5
d0a4170554d46cde79d68ab39cb5e326221157760fe00d1e83aa5f97d3091216,dataset/Vinmec/Vinmec_2d/images/1028.JPG,dataset/Vinmec/Vinmec_2d/annotations/1028_binary.PNG,,d0a4170554d46cde79d68ab39cb5e326221157760fe00d1e83aa5f97d3091216
d0b0cc2d97926e3328614a068df8fe97a7c3b59845ab96208ba500967612f900,dataset/Vinmec/Vinmec_3d/images/60.JPG,dataset/Vinmec/Vinmec_3d/annotations/60_binary.PNG,,d0b0cc2d97926e3328614a068df8fe97a7c3b59845ab96208ba500967612f900
d2db973607867310fbd7dfdbfd0cd1995b554c4b74c5864abe7774a83daa1494,dataset/Vinmec/Vinmec_2d/images/244.JPG,dataset/Vinmec/Vinmec_2d/annotations/244_binary.PNG,,d2db973607867310fbd7dfdbfd0cd1995b554c4b74c5864abe7774a83daa1494
d44073b1ea6cc11b9f5b1e27933ffc76d52ea4af43e6e904735afb0488f4f877,dataset/Vinmec/Vinmec_2d/images/257.JPG,dataset/Vinmec/Vinmec_2d/annotations/257_binary.PNG,,d44073b1ea6cc11b9f5b1e27933ffc76d52ea4af43e6e904735afb0488f4f877
d46bf2e7c52e63209a8e99b9967f9af24362e09858952cad9faf1b833d87bfba,dataset/Vinmec/Vinmec_2d/images/1370.JPG,dataset/Vinmec/Vinmec_2d/annotations/1370_binary.PNG,,d46bf2e7c52e63209a8e99b9967f9af24362e09858952cad9faf1b833d87bfba
d46dbc12008426d09bd00723415608d033b9043ad980ef520a45550041604073,dataset/Vinmec/Vinmec_2d/images/1324.JPG,dataset/Vinmec/Vinmec_2d/annotations/1324_binary.PNG,,d46dbc12008426d09bd00723415608d033b9043ad980ef520a45550041604073
d4e2d3938582189eff9b0e886109c6d9525f3df7ce3328921b87dbaed81aa92b,dataset/Vinmec/Vinmec_2d/images/544.JPG,dataset/Vinmec/Vinmec_2d/annotations/544_binary.PNG,,d4e2d3938582189eff9b0e886109c6d9525f3df7ce3328921b87dbaed81aa92b
d54f0190ada07913c0c5c8637b582efbbb3b1d94a46453f8449284ace7acf0f2,dataset/Vinmec/Vinmec_2d/images/466.JPG,dataset/Vinmec/Vinmec_2d/annotations/466_binary.PNG,,d54f0190ada07913c0c5c8637b582efbbb3b1d94a46453f8449284ace7acf0f2
d5676e1e4729531645be89f58c1d221be1be69c3e616f152f0d5ed1ff13b9ada,dataset/Vinmec/Vinmec_2d/images/1462.JPG,dataset/Vinmec/Vinmec_2d/annotations/1462_binary.PNG,,d5676e1e4729531645be89f58c1d221be1be69c3e616f152f0d5ed1ff13b9ada
d56a6c0aa0b10395d1b856b45fd27cb058166d9dda74b01ba3c56d0093bbd21f,dataset/Vinmec/Vinmec_2d/images/167.JPG,dataset/Vinmec/Vinmec_2d/annotations/167_binary.PNG,,d56a6c0aa0b10395d1b856b45fd27cb058166d9dda74b01ba3c56d0093bbd21f
d5f2b92bd7b36c3bb5bfb2f2bbab05920245b433907aff5b4222e46727525747,dataset/Vinmec/Vinmec_2d/images/117.JPG,dataset/Vinmec/Vinmec_2d/annotations/117_binary.PNG,,d5f2b92bd7b36c3bb5bfb2f2bbab05920245b433907aff5b4222e46727525747
d5f9a2bb25ef91b35e3271f9467f7df5eb5bfaa1bc3406b16aee9d79e18ef93b,dataset/Vinmec/Vinmec_2d/images/1007.JPG,dataset/Vinmec/Vinmec_2d/annotations/1007_binary.PNG,,d5f9a2bb25ef91b35e3271f9467f7df5eb5bfaa1bc3406b16aee9d79e18ef93b
d632d6608f137058659c7331549ceb31d1d5e6b0f4c581e176962d7fe6e2960e,dataset/Vinmec/Vinmec_2d/images/1064.JPG,dataset/Vinmec/Vinmec_2d/annotations/1064_binary.PNG,,d632d6608f137058659c7331549ceb31d1d5e6b0f4c581e176962d7fe6e2960e
d67c6dea2ac199afe7f4cba11a7e3ad0cab10c5c1be8b9e9ca7e9a9f2e9245f4,dataset/Vinmec/Vinmec_2d/images/1145.JPG,dataset/Vinmec/Vinmec_2d/annotations/1145_binary.PNG,,d67c6dea2ac199afe7f4cba11a7e3ad0cab10c5c1be8b9e9ca7e9a9f2e9245f4
d694299d70bd2a6a6dc2db2e27d78a4c23a4f62045766cd95ab130d6c8a4137b,dataset/Vinmec/Vinmec_2d/images/141.JPG,dataset/Vinmec/Vinmec_2d/annotations/141_binary.PNG,,d694299d70bd2a6a6dc2db2e27d78a4c23a4f62045766cd95ab130d6c8a4137b
d7068b938d88922015b85f71fe3dee24962282a4c1f01d121629326c084b7421,dataset/Vinmec/Vinmec_2d/images/1282.JPG,dataset/Vinmec/Vinmec_2d/annotations/1282_binary.PNG,,d7068b938d88922015b85f71fe3dee24962282a4c1f01d121629326c084b7421
d7239da0c8051a916ed030b2567573c1efa428d9a9fc1cdddbe570e5f049c624,dataset/Vinmec/Vinmec_2d/images/987.JPG,dataset/Vinmec/Vinmec_2d/annotations/987_binary.PNG,,d7239da0c8051a916ed030b2567573c1efa428d9a9fc1cdddbe570e5f049c624
d736c56cc09dc177f386de48cfc498c7ed867bf9525a217593a5a29c004d1d9b,dataset/Vinmec/Vinmec_2d/images/351.JPG,dataset/Vinmec/Vinmec_2d/annotations/351_binary.PNG,,d736c56cc09dc177f386de48cfc498c7ed867bf9525a217593a5a29c004d1d9b
d752741842314378720ba8928c27f0ef06175322e63264503150a04c11a43a51,dataset/Vinmec/Vinmec_2d/images/1189.JPG,dataset/Vinmec/Vinmec_2d/annotations/1189_binary.PNG,,d752741842314378720ba8928c27f0ef06175322e63264503150a04c11a43a51
d760fb6749be3626e7b2461dc635a8152a99ddb9eb5ac4d0582373a3c8dfafbb,dataset/Vinmec/Vinmec_2d/images/175.JPG,dataset/Vinmec/Vinmec_2d/annotations/175_binary.PNG,,d760fb6749be3626e7b2461dc635a8152a99ddb9eb5ac4d0582373a3c8dfafbb
d77566ec6951baa59cd8c9128b37a034c09814d1608a0a4b0c693483d65f70fc,dataset/Vinmec/Vinmec_2d/images/903.JPG,dataset/Vinmec/Vinmec_2d/annotations/903_binary.PNG,,d77566ec6951baa59cd8c9128b37a034c09814d1608a0a4b0c693483d65f70fc
d7b178ab4e3fbf7ff1ffac82ea5d16e2d7291443d5b3d29c5e8b03c909112ace,dataset/Vinmec/Vinmec_2d/images/184.JPG,dataset/Vinmec/Vinmec_2d/annotations/184_binary.PNG,,d7b178ab4e3fbf7ff1ffac82ea5d16e2d7291443d5b3d29c5e8b03c909112ace
d88923b104f256f3e0878f40e8fcd0875743d038cc4490c57e7055ef7ddb7bc3,dataset/Vinmec/Vinmec_2d/images/230.JPG,dataset/Vinmec/Vinmec_2d/annotations/230_binary.PNG,,d88923b104f256f3e0878f40e8fcd0875743d038cc4490c57e7055ef7ddb7bc3
d89134a15197d75869d82cce03f90e7b6724c3879efdd86105866d9b3c183612,dataset/Vinmec/Vinmec_2d/images/516.JPG,dataset/Vinmec/Vinmec_2d/annotations/516_binary.PNG,,d89134a15197d75869d82cce03f90e7b6724c3879efdd86105866d9b3c183612
d89d0ae780cf94839ab065285dfcbfa2cf42b0e282026f021768011851ccbb98,dataset/Vinmec/Vinmec_2d/images/187.JPG,dataset/Vinmec/Vinmec_2d/annotations/187_binary.PNG,,d89d0ae780cf94839ab065285dfcbfa2cf42b0e282026f021768011851ccbb98
d8e7a52d23ed92d727bd731853c5a5aff90089b2ccd7338332e25bbcedd3347e,dataset/Vinmec/Vinmec_2d/images/786.JPG,dataset/Vinmec/Vinmec_2d/annotations/786_binary.PNG,,d8e7a52d23ed92d727bd731853c5a5aff90089b2ccd7338332e25bbcedd3347e
da71f799cdcdff84e030aea3d4e772d6e32ba3ceba2e7128c96dcbe23b6cfd12,dataset/Vinmec/Vinmec_2d/images/986.JPG,dataset/Vinmec/Vinmec_2d/annotations/986_binary.PNG,,da71f799cdcdff84e030aea3d4e772d6e32ba3ceba2e7128c96dcbe23b6cfd12
dad01be2a95a26334253bf28c4c88cec18041c4594c8a352176d596c898d1a78,dataset/Vinmec/Vinmec_2d/images/507.JPG,dataset/Vinmec/Vinmec_2d/annotations/507_binary.PNG,,dad01be2a95a26334253bf28c4c88cec18041c4594c8a352176d596c898d1a78
db1f090a1acb150b2888fc48439111b85f5425754f769918f4a58d6714dc124f,dataset/Vinmec/Vinmec_2d/images/40.JPG,dataset/Vinmec/Vinmec_2d/annotations/40_binary.PNG,,db1f090a1acb150b2888fc48439111b85f5425754f769918f4a58d6714dc124f
db23af7d5c662a1af826372bb334a289f72b7a84148a95fc51c26dbaae238edf,dataset/Vinmec/Vinmec_2d/images/552.JPG,dataset/Vinmec/Vinmec_2d/annotations/552_binary.PNG,,db23af7d5c662a1af826372bb334a289f72b7a84148a95fc51c26dbaae238edf
db2c0a57b84ac6bdb9d9389fecb2cc59ca95646b2fa16b59d3b906c4e8ec488a,dataset/Vinmec/Vinmec_2d/images/1286.JPG,dataset/Vinmec/Vinmec_2d/annotations/1286_binary.PNG,,db2c0a57b84ac6bdb9d9389fecb2cc59ca95646b2fa16b59d3b906c4e8ec488a
db85b01ed2290d4e688135a2f398e574764268022aa3d50c60c43a69cdcc5cef,dataset/Vinmec/Vinmec_2d/images/1003.JPG,dataset/Vinmec/Vinmec_2d/annotations/1003_binary.PNG,,db85b01ed2290d4e688135a2f398e574764268022aa3d50c60c43a69cdcc5cef
dba207dd92a2e2d70c2e1dbe73290121d9805db22a0ddc379865e66064c00000,dataset/Vinmec/Vinmec_2d/images/372.JPG,dataset/Vinmec/Vinmec_2d/annotations/372_binary.PNG,,dba207dd92a2e2d70c2e1dbe73290121d9805db22a0ddc379865e66064c00000
dbc83edfb768d91e596742b88eeb2f006064a248a4c69edbc52fe7e435ca3743,dataset/Vinmec/Vinmec_2d/images/357.JPG,dataset/Vinmec/Vinmec_2d/annotations/357_binary.PNG,,dbc83edfb768d91e596742b88eeb2f006064a248a4c69edbc52fe7e435ca3743
dc410f5ec920f54b01ebf186ed397ea66d50fd2ab96a950d15ce74a728adc0f6,dataset/Vinmec/Vinmec_2d/images/416.JPG,dataset/Vinmec/Vinmec_2d/annotations/416_binary.PNG,,dc410f5ec920f54b01ebf186ed397ea66d50fd2ab96a950d15ce74a728adc0f6
dc478e6d2e92bc6f525529ece506e088811b7c3c24b187d24968ec63e375760c,dataset/Vinmec/Vinmec_2d/images/287.JPG,dataset/Vinmec/Vinmec_2d/annotations/287_binary.PNG,,dc478e6d2e92bc6f525529ece506e088811b7c3c24b187d24968ec63e375760c
dcbc6c8df6b968135d3bf44acda5b8f4a43f8a0d082646cb119e201a47b6f5a6,dataset/Vinmec/Vinmec_2d/images/727.JPG,dataset/Vinmec/Vinmec_2d/annotations/727_binary.PNG,,dcbc6c8df6b968135d3bf44acda5b8f4a43f8a0d082646cb119e201a47b6f5a6
dd8ea36d4a1f161ba731d6518ba814def01e92728ddbdd10661bce8264626418,dataset/Vinmec/Vinmec_2d/images/1421.JPG,dataset/Vinmec/Vinmec_2d/annotations/1421_binary.PNG,,dd8ea36d4a1f161ba731d6518ba814def01e92728ddbdd10661bce8264626418
dda42ab6ee4bdd387d27a125599d04ff56542f9089d4a82206eb63996daf5011,dataset/Vinmec/Vinmec_2d/images/1119.JPG,dataset/Vinmec/Vinmec_2d/annotations/1119_binary.PNG,,dda42ab6ee4bdd387d27a125599d04ff56542f9089d4a82206eb63996daf5011
de33c4785acfa937d825cb46b9fbf616fb6c1d00675e6583421fb14b261bf9be,dataset/Vinmec/Vinmec_2d/images/1026.JPG,dataset/Vinmec/Vinmec_2d/annotations/1026_binary.PNG,,de33c4785acfa937d825cb46b9fbf616fb6c1d00675e6583421fb14b261bf9be
de4a3c9536274834135e58b4067eeda04200cf24e431014c792294b50dc7c8f2,dataset/Vinmec/Vinmec_2d/images/1058.JPG,dataset/Vinmec/Vinmec_2d/annotations/1058_binary.PNG,,de4a3c9536274834135e58b4067eeda04200cf24e431014c792294b50dc7c8f2
de752274fa21d91103dc95dda42601d323b1a3078828af916563f262ef6a1c7a,dataset/Vinmec/Vinmec_2d/images/348.JPG,dataset/Vinmec/Vinmec_2d/annotations/348_binary.PNG,,de752274fa21d91103dc95dda42601d323b1a3078828af916563f262ef6a1c7a
de8071074a6c39b5970e968a37d11b0af5a07bade4166877e717007c428d3051,dataset/Vinmec/Vinmec_2d/images/969.JPG,dataset/Vinmec/Vinmec_2d/annotations/969_binary.PNG,,de8071074a6c39b5970e968a37d11b0af5a07bade4166877e717007c428d3051
dfa7c989dbd2244132c929f7b3d69857b96e74f43972a881b161d4ab0b9b5ace,dataset/Vinmec/Vinmec_2d/images/143.JPG,dataset/Vinmec/Vinmec_2d/annotations/143_binary.PNG,,dfa7c989dbd2244132c929f7b3d69857b96e74f43972a881b161d4ab0b9b5ace
dfa890840f5226d326071f1825114f421c3d213f3e4cc10529a03eac393d97ef,dataset/Vinmec/Vinmec_2d/images/1129.JPG,dataset/Vinmec/Vinmec_2d/annotations/1129_binary.PNG,,dfa890840f5226d326071f1825114f421c3d213f3e4cc10529a03eac393d97ef
e032ffe4feca5afe78a1997776c39d6dee69f4a80be69ed4b97ec091b6c94d97,dataset/Vinmec/Vinmec_2d/images/753.JPG,dataset/Vinmec/Vinmec_2d/annotations/753_binary.PNG,,e032ffe4feca5afe78a1997776c39d6dee69f4a80be69ed4b97ec091b6c94d97
e0dfe23b7f22a3d1d10004b97198746450817cc28082da6b1f11e3f560818c0f,dataset/Vinmec/Vinmec_3d/images/104.JPG,dataset/Vinmec/Vinmec_3d/annotations/104_binary.PNG,,e0dfe23b7f22a3d1d10004b97198746450817cc28082da6b1f11e3f560818c0f
e129b960891e54955b2da8fe2de6aa1c8d815cfd13adb6c763480ee5d87b4c1a,dataset/Vinmec/Vinmec_2d/images/881.JPG,dataset/Vinmec/Vinmec_2d/annotations/881_binary.PNG,,e129b960891e54955b2da8fe2de6aa1c8d815cfd13adb6c763480ee5d87b4c1a
e17b859395a36d30c3794185b88ba2c085e8a0dc267df681138658c573c95b00,dataset/Vinmec/Vinmec_2d/images/994.JPG,dataset/Vinmec/Vinmec_2d/annotations/994_binary.PNG,,e17b859395a36d30c3794185b88ba2c085e8a0dc267df681138658c573c95b00
e20a5e810caab3b6ae71aa0a9d5e2025936bb9756c28d6a2dade8b051d8e5992,dataset/Vinmec/Vinmec_2d/images/223.JPG,dataset/Vinmec/Vinmec_2d/annotations/223_binary.PNG,,e20a5e810caab3b6ae71aa0a9d5e2025936bb9756c28d6a2dade8b051d8e5992
e29518f56b85d9cc807efdceab1c2fa8a31c2b54f2d741f059f7fa6d88c0ceea,dataset/Vinmec/Vinmec_3d/images/156.JPG,dataset/Vinmec/Vinmec_3d/annotations/156_binary.PNG,,e29518f56b85d9cc807efdceab1c2fa8a31c2b54f2d741f059f7fa6d88c0ceea
e2d0a94b3cb86280c5fb4f67f846da74421461dd4c87bd07581cdc2c35d04a34,dataset/Vinmec/Vinmec_2d/images/171.JPG,dataset/Vinmec/Vinmec_2d/annotations/171_binary.PNG,,e2d0a94b3cb86280c5fb4f67f846da74421461dd4c87bd07581cdc2c35d04a34
e2d6551e88f9ee8b71c89b980bf5d3a1c0587bb03f9458ececac521b1a1503c0,dataset/Vinmec/Vinmec_2d/images/683.JPG,dataset/Vinmec/Vinmec_2d/annotations/683_binary.PNG,,e2d6551e88f9ee8b71c89b980bf5d3a1c0587bb03f9458ececac521b1a1503c0
e309835e2e1e30cf7ca4bfcd92c52fccd0b0130dfbdab568329975a769aca928,dataset/Vinmec/Vinmec_2d/images/274.JPG,dataset/Vinmec/Vinmec_2d/annotations/274_binary.PNG,,e309835e2e1e30cf7ca4bfcd92c52fccd0b0130dfbdab568329975a769aca928
e3d5630c7074b91ff8b6407cfb9d9ac5737b29d64b9f72710b93b777f827363c,dataset/Vinmec/Vinmec_2d/images/722.JPG,dataset/Vinmec/Vinmec_2d/annotations/722_binary.PNG,,e3d5630c7074b91ff8b6407cfb9d9ac5737b29d64b9f72710b93b777f827363c
e3f15b8174e8b4b596156ce5295b28d7b8356e09bcc415236bfdbc53c801be85,dataset/Vinmec/Vinmec_2d/images/642.JPG,dataset/Vinmec/Vinmec_2d/annotations/642_binary.PNG,,e3f15b8174e8b4b596156ce5295b28d7b8356e09bcc415236bfdbc53c801be85
e4494411ac427937b4f3e0b67b655b08d3b4c0796fde1671f331f9e2abbdd8c1,dataset/Vinmec/Vinmec_2d/images/131.JPG,dataset/Vinmec/Vinmec_2d/annotations/131_binary.PNG,,e4494411ac427937b4f3e0b67b655b08d3b4c0796fde1671f331f9e2abbdd8c1
e4af1a746ccce53581162a6240d05358f7afc94a7a6c4c6cf981d3be2be871cf,dataset/Vinmec/Vinmec_2d/images/174.JPG,dataset/Vinmec/Vinmec_2d/annotations/174_binary.PNG,,e4af1a746ccce53581162a6240d05358f7afc94a7a6c4c6cf981d3be2be871cf
e4b56a0c27609cd5a2ce62c894fe4bf27c60529b9b16363dcc85d0d907ac33fe,dataset/Vinmec/Vinmec_2d/images/29.JPG,dataset/Vinmec/Vinmec_2d/annotations/29_binary.PNG,,e4b56a0c27609cd5a2ce62c894fe4bf27c60529b9b16363dcc85d0d907ac33fe
e5abe56672a5c70b7c747c79fca4c4958de9da98ac4a76c4249a0590e225ea66,dataset/Vinmec/Vinmec_2d/images/1000.JPG,dataset/Vinmec/Vinmec_2d/annotations/1000_binary.PNG,,e5abe56672a5c70b7c747c79fca4c4958de9da98ac4a76c4249a0590e225ea66
e62885524c248a6573e49cd836736e4dea0b7ed8e0ecb779915c862ba7209e99,dataset/Vinmec/Vinmec_2d/images/1075.JPG,dataset/Vinmec/Vinmec_2d/annotations/1075_binary.PNG,,e62885524c248a6573e49cd836736e4dea0b7ed8e0ecb779915c862ba7209e99
e64135cf9615e1d00cd25420b16747b330451eb7250713229df54d3a2023d08e,dataset/Vinmec/Vinmec_2d/images/329.JPG,dataset/Vinmec/Vinmec_2d/annotations/329_binary.PNG,,e64135cf9615e1d00cd25420b16747b330451eb7250713229df54d3a2023d08e
e6558f501d6f8343e76a37733ebc243e9915e8afb2f3c2d44e0d32a01da800fa,dataset/Vinmec/Vinmec_2d/images/1209.JPG,dataset/Vinmec/Vinmec_2d/annotations/1209_binary.PNG,,e6558f501d6f8343e76a37733ebc243e9915e8afb2f3c2d44e0d32a01da800fa
e67461360de035fae1c1f4232f51ef732f74e7b2db0d486ba6ae9b368d61313e,dataset/Vinmec/Vinmec_2d/images/199.JPG,dataset/Vinmec/Vinmec_2d/annotations/199_binary.PNG,,e67461360de035fae1c1f4232f51ef732f74e7b2db0d486ba6ae9b368d61313e
e763abb8ce0a902397b9910388370f82f49b71b787a333cbe13171121337b586,dataset/Vinmec/Vinmec_2d/images/1093.JPG,dataset/Vinmec/Vinmec_2d/annotations/1093_binary.PNG,,e763abb8ce0a902397b9910388370f82f49b71b787a333cbe13171121337b586
e7720b9eda87b319312857306105bf8187a9d58d4497bad1118ec1ec2bfa322c,dataset/Vinmec/Vinmec_2d/images/758.JPG,dataset/Vinmec/Vinmec_2d/annotations/758_binary.PNG,,e7720b9eda87b319312857306105bf8187a9d58d4497bad1118ec1ec2bfa322c
e7b010e4effdacbe8c36ce81160db27e262c5f53ef8dbd298e23f315ed8da086,dataset/Vinmec/Vinmec_2d/images/1258.JPG,dataset/Vinmec/Vinmec_2d/annotations/1258_binary.PNG,,e7b010e4effdacbe8c36ce81160db27e262c5f53ef8dbd298e23f315ed8da086
e95ecf40a782583f5405074c16660a88c088d235653c41f3b541a679adf9871c,dataset/Vinmec/Vinmec_2d/images/1121.JPG,dataset/Vinmec/Vinmec_2d/annotations/1121_binary.PNG,,e95ecf40a782583f5405074c16660a88c088d235653c41f3b541a679adf9871c
e9b0d40dc03664510fefd7aa292853c5c8eb68b94a88803a4eac04000f888155,dataset/Vinmec/Vinmec_2d/images/509.JPG,dataset/Vinmec/Vinmec_2d/annotations/509_binary.PNG,,e9b0d40dc03664510fefd7aa292853c5c8eb68b94a88803a4eac04000f888155
ea072c099c81a65ceb738e0b1a410e6c992cb54119a115db4c9e5840876a7dc2,dataset/Vinmec/Vinmec_2d/images/876.JPG,dataset/Vinmec/Vinmec_2d/annotations/876_binary.PNG,,ea072c099c81a65ceb738e0b1a410e6c992cb54119a115db4c9e5840876a7dc2
eaac14f3cf982e5e4952371fd601e74dd2f7a395451b536d622325d92547cd23,dataset/Vinmec/Vinmec_2d/images/646.JPG,dataset/Vinmec/Vinmec_2d/annotations/646_binary.PNG,,eaac14f3cf982e5e4952371fd601e74dd2f7a395451b536d622325d92547cd23
eb688186ca7e6d0fa10f3b779590edfd101710fea5c10b836e2f49b0fd01633e,dataset/Vinmec/Vinmec_2d/images/200.JPG,dataset/Vinmec/Vinmec_2d/annotations/200_binary.PNG,,eb688186ca7e6d0fa10f3b779590edfd101710fea5c10b836e2f49b0fd01633e
ec2ebf8cb6cf0112ed7ce92766be88ffc0ea2544103e48c95925fbb30e01564e,dataset/Vinmec/Vinmec_2d/images/866.JPG,dataset/Vinmec/Vinmec_2d/annotations/866_binary.PNG,,ec2ebf8cb6cf0112ed7ce92766be88ffc0ea2544103e48c95925fbb30e01564e
ec8dd3acbc9aff4b12644fed221a035cbc677c7633687c61b25976b439153de2,dataset/Vinmec/Vinmec_2d/images/576.JPG,dataset/Vinmec/Vinmec_2d/annotations/576_binary.PNG,,ec8dd3acbc9aff4b12644fed221a035cbc677c7633687c61b25976b439153de2
ed26758ca8a3a067589efd2b487c4cf15e33358775944a5063463a5871fe4fc6,dataset/Vinmec/Vinmec_2d/images/510.JPG,dataset/Vinmec/Vinmec_2d/annotations/510_binary.PNG,,ed26758ca8a3a067589efd2b487c4cf15e33358775944a5063463a5871fe4fc6
ed2ed392f14c3883eef71c06388016d767181ae0d7ba0f8fd9157b50b76b9e74,dataset/Vinmec/Vinmec_2d/images/647.JPG,dataset/Vinmec/Vinmec_2d/annotations/647_binary.PNG,,ed2ed392f14c3883eef71c06388016d767181ae0d7ba0f8fd9157b50b76b9e74
ed8aaa6277dda53d0cd339960b2107afc001faccfa2658b508883ffbd1a64035,dataset/Vinmec/Vinmec_2d/images/797.JPG,dataset/Vinmec/Vinmec_2d/annotations/797_binary.PNG,,ed8aaa6277dda53d0cd339960b2107afc001faccfa2658b508883ffbd1a64035
eda81ad47ede78de49b68b47febbab093b7313d4a58d97b94a6f0294416e0cfd,dataset/Vinmec/Vinmec_2d/images/502.JPG,dataset/Vinmec/Vinmec_2d/annotations/502_binary.PNG,,eda81ad47ede78de49b68b47febbab093b7313d4a58d97b94a6f0294416e0cfd
edd8067c939c81e1fa1569ff26dfb95aa79d976d00308f67917656743e584e7a,dataset/Vinmec/Vinmec_2d/images/198.JPG,dataset/Vinmec/Vinmec_2d/annotations/198_binary.PNG,,edd8067c939c81e1fa1569ff26dfb95aa79d976d00308f67917656743e584e7a
ee0b55fe28774898bf420caeefd64d7beef33ab47d1fb01c2785c68a3ee5d4f7,dataset/Vinmec/Vinmec_2d/images/1442.JPG,dataset/Vinmec/Vinmec_2d/annotations/1442_binary.PNG,,ee0b55fe28774898bf420caeefd64d7beef33ab47d1fb01c2785c68a3ee5d4f7
ef3257fa1388ee9f32939a467321f4c4c304972c8c43506dd6036d45f3a35236,dataset/Vinmec/Vinmec_2d/images/172.JPG,dataset/Vinmec/Vinmec_2d/annotations/172_binary.PNG,,ef3257fa1388ee9f32939a467321f4c4c304972c8c43506dd6036d45f3a35236
ef7ce7737d6e6f34616bb0bc2a9d7d9da42eae0a8ecce0b0959e14fdf0c737fe,dataset/Vinmec/Vinmec_2d/images/139.JPG,dataset/Vinmec/Vinmec_2d/annotations/139_binary.PNG,,ef7ce7737d6e6f34616bb0bc2a9d7d9da42eae0a8ecce0b0959e14fdf0c737fe
ef9cadec9a47fd1a6998480402e2fe68ced165a6b74ee6ecb694c713c899ba59,dataset/Vinmec/Vinmec_2d/images/570.JPG,dataset/Vinmec/Vinmec_2d/annotations/570_binary.PNG,,ef9cadec9a47fd1a6998480402e2fe68ced165a6b74ee6ecb694c713c899ba59
efa40b0cf7c243e5a2618ccc38f9c9f1aafd71094c59cf35b4f326452a4fa84b,dataset/Vinmec/Vinmec_2d/images/97.JPG,dataset/Vinmec/Vinmec_2d/annotations/97_binary.PNG,,efa40b0cf7c243e5a2618ccc38f9c9f1aafd71094c59cf35b4f326452a4fa84b
efdb18a160c70cafdce2dd6bce3955a47883f5180888bc438561ec76eab4ba39,dataset/Vinmec/Vinmec_2d/images/1294.JPG,dataset/Vinmec/Vinmec_2d/annotations/1294_binary.PNG,,efdb18a160c70cafdce2dd6bce3955a47883f5180888bc438561ec76eab4ba39
f029767c7bd74f6546e7e760ef6188552ed8537721c3a2e63f05bf8ae78ce8ef,dataset/Vinmec/Vinmec_3d/images/121.JPG,dataset/Vinmec/Vinmec_3d/annotations/121_binary.PNG,,f029767c7bd74f6546e7e760ef6188552ed8537721c3a2e63f05bf8ae78ce8ef
f15da829db510b34ea8fe40646fc7161f8c9283151151e672f1d01f21902cbd4,dataset/Vinmec/Vinmec_2d/images/52.JPG,dataset/Vinmec/Vinmec_2d/annotations/52_binary.PNG,,f15da829db510b34ea8fe40646fc7161f8c9283151151e672f1d01f21902cbd4
f1987589635a5357369a64ece9bf94c2a30a8b968ff9902079ab48cd6e5f49f7,dataset/Vinmec/Vinmec_2d/images/1342.JPG,dataset/Vinmec/Vinmec_2d/annotations/1342_binary.PNG,,f1987589635a5357369a64ece9bf94c2a30a8b968ff9902079ab48cd6e5f49f7
f1c058a3e754f05055f659cd0620f4c479f791f2c32128b19459171152036b25,dataset/Vinmec/Vinmec_3d/images/24.JPG,dataset/Vinmec/Vinmec_3d/annotations/24_binary.PNG,,f1c058a3e754f05055f659cd0620f4c479f791f2c32128b19459171152036b25
f28fc8676e200e8a24b4fb2b92c99b86276611118e2daa217a66d3e052c5b7cb,dataset/Vinmec/Vinmec_2d/images/432.JPG,dataset/Vinmec/Vinmec_2d/annotations/432_binary.PNG,,f28fc8676e200e8a24b4fb2b92c99b86276611118e2daa217a66d3e052c5b7cb
f327b2cc831f2ad6c2da67b1e05501dd9a195f0d6bdc1b51a09e7a1d57f53d46,dataset/Vinmec/Vinmec_2d/images/671.JPG,dataset/Vinmec/Vinmec_2d/annotations/671_binary.PNG,,f327b2cc831f2ad6c2da67b1e05501dd9a195f0d6bdc1b51a09e7a1d57f53d46
f41c6ef23362b2a184e3eaaae2c93ba99e95aa9d5aa929b69c9eb72bd4d0844e,dataset/Vinmec/Vinmec_2d/images/527.JPG,dataset/Vinmec/Vinmec_2d/annotations/527_binary.PNG,,f41c6ef23362b2a184e3eaaae2c93ba99e95aa9d5aa929b69c9eb72bd4d0844e
f538eeee6b3a7aa32a461b1efb788822f88c6ebc2f4156747522ba63f0e1652b,dataset/Vinmec/Vinmec_2d/images/611.JPG,dataset/Vinmec/Vinmec_2d/annotations/611_binary.PNG,,f538eeee6b3a7aa32a461b1efb788822f88c6ebc2f4156747522ba63f0e1652b
f5ab9aab2eedd8931e8b3d9e328bde691e0621fc6179876a9d0d2ae4e39a2bec,dataset/Vinmec/Vinmec_2d/images/1115.JPG,dataset/Vinmec/Vinmec_2d/annotations/1115_binary.PNG,,f5ab9aab2eedd8931e8b3d9e328bde691e0621fc6179876a9d0d2ae4e39a2bec
f5eb0ab69cfee14feddf7cddc560443293370cb1d708ed09b0ad1c481fe7ec7f,dataset/Vinmec/Vinmec_2d/images/716.JPG,dataset/Vinmec/Vinmec_2d/annotations/716_binary.PNG,,f5eb0ab69cfee14feddf7cddc560443293370cb1d708ed09b0ad1c481fe7ec7f
f647f04904dac1aa6f28a9e5f9c4b0d8e4a7d0cf1dbaddaca6bc537a326eb5a3,dataset/Vinmec/Vinmec_2d/images/1183.JPG,dataset/Vinmec/Vinmec_2d/annotations/1183_binary.PNG,,f647f04904dac1aa6f28a9e5f9c4b0d8e4a7d0cf1dbaddaca6bc537a326eb5a3
f6810385070fb2889fa91b1e958aaf213da0624399c57e05a4532ae821773dbf,dataset/Vinmec/Vinmec_2d/images/950.JPG,dataset/Vinmec/Vinmec_2d/annotations/950_binary.PNG,,f6810385070fb2889fa91b1e958aaf213da0624399c57e05a4532ae821773dbf
f70099610a3b06884ffb93bb8b19765e00cbbe62cd4f96c665d0b9395bad517e,dataset/Vinmec/Vinmec_2d/images/820.JPG,dataset/Vinmec/Vinmec_2d/annotations/820_binary.PNG,,f70099610a3b06884ffb93bb8b19765e00cbbe62cd4f96c665d0b9395bad517e
f74906b0d71c2f2f00f6f1ff3372e4f572ea3cc22f1c012225ef8b7017d7f3fe,dataset/Vinmec/Vinmec_2d/images/272.JPG,dataset/Vinmec/Vinmec_2d/annotations/272_binary.PNG,,f74906b0d71c2f2f00f6f1ff3372e4f572ea3cc22f1c012225ef8b7017d7f3fe
f7c4b68be9a1ee76647a6830d4737e273296073f77b177eed57e856a7b938e1d,dataset/Vinmec/Vinmec_2d/images/737.JPG,dataset/Vinmec/Vinmec_2d/annotations/737_binary.PNG,,f7c4b68be9a1ee76647a6830d4737e273296073f77b177eed57e856a7b938e1d
faaa0306fb7a706e588c04c9a6f47bdcbce6660bf1b16ff4f7f71f827a9cdc6b,dataset/Vinmec/Vinmec_2d/images/678.JPG,dataset/Vinmec/Vinmec_2d/annotations/678_binary.PNG,,faaa0306fb7a706e588c04c9a6f47bdcbce6660bf1b16ff4f7f71f827a9cdc6b
face00c87f3d8d620453f3cd9651896db47d2e1cfc6e30d3345816e9d1386b84,dataset/Vinmec/Vinmec_2d/images/205.JPG,dataset/Vinmec/Vinmec_2d/annotations/205_binary.PNG,,face00c87f3d8d620453f3cd9651896db47d2e1cfc6e30d3345816e9d1386b84
fb4350a6d6eb174f6b60b43c78568b7af4b84ee8e174c90f25b1009abb013a0d,dataset/Vinmec/Vinmec_2d/images/283.JPG,dataset/Vinmec/Vinmec_2d/annotations/283_binary.PNG,,fb4350a6d6eb174f6b60b43c78568b7af4b84ee8e174c90f25b1009abb013a0d
fb765e5ec334d048a341ed18a7bcf7cf3965eb9d88d728b369f0f1ff8adbab60,dataset/Vinmec/Vinmec_2d/images/567.JPG,dataset/Vinmec/Vinmec_2d/annotations/567_binary.PNG,,fb765e5ec334d048a341ed18a7bcf7cf3965eb9d88d728b369f0f1ff8adbab60
fbbda4d03d637f51344a102c632cae5bfb807ecea0277d3ad24a8d6bd10964c4,dataset/Vinmec/Vinmec_2d/images/967.JPG,dataset/Vinmec/Vinmec_2d/annotations/967_binary.PNG,,fbbda4d03d637f51344a102c632cae5bfb807ecea0277d3ad24a8d6bd10964c4
fbc46f715845f90f529560d5438dc3778ec8187fd5b9b08ebb5ed6da190cf3d4,dataset/Vinmec/Vinmec_2d/images/334.JPG,dataset/Vinmec/Vinmec_2d/annotations/334_binary.PNG,,fbc46f715845f90f529560d5438dc3778ec8187fd5b9b08ebb5ed6da190cf3d4
fbea536506d600933635fc03680576f940a6ef7d436eb3fe27c35f5d230594c4,dataset/Vinmec/Vinmec_2d/images/977.JPG,dataset/Vinmec/Vinmec_2d/annotations/977_binary.PNG,,fbea536506d600933635fc03680576f940a6ef7d436eb3fe27c35f5d230594c4
fc946e57b5aff9080a161cc7c5d238841d768d732e168c5f00e2145248784434,dataset/Vinmec/Vinmec_2d/images/1166.JPG,dataset/Vinmec/Vinmec_2d/annotations/1166_binary.PNG,,fc946e57b5aff9080a161cc7c5d238841d768d732e168c5f00e2145248784434
fcadb83957758e0e30332f123276cfb4aaae2decf22a9bbd2575cd87e43cf5ca,dataset/Vinmec/Vinmec_3d/images/29.JPG,dataset/Vinmec/Vinmec_3d/annotations/29_binary.PNG,,fcadb83957758e0e30332f123276cfb4aaae2decf22a9bbd2575cd87e43cf5ca
fcbf710295a06b6f414db8420ae903ebc4d4eb11c47fb9d9bb2397f3772d32c4,dataset/Vinmec/Vinmec_2d/images/557.JPG,dataset/Vinmec/Vinmec_2d/annotations/557_binary.PNG,,fcbf710295a06b6f414db8420ae903ebc4d4eb11c47fb9d9bb2397f3772d32c4
fd246a0bb96833b2b0d5dc2e681115f77e8e9582224de935fb5f09c45ebd8723,dataset/Vinmec/Vinmec_2d/images/214.JPG,dataset/Vinmec/Vinmec_2d/annotations/214_binary.PNG,,fd246a0bb96833b2b0d5dc2e681115f77e8e9582224de935fb5f09c45ebd8723
fd6ed27539f9636343541bd98cd4b3f906c2a4fdcc5a931b6f3a0aefbce0b2d9,dataset/Vinmec/Vinmec_2d/images/587.JPG,dataset/Vinmec/Vinmec_2d/annotations/587_binary.PNG,,fd6ed27539f9636343541bd98cd4b3f906c2a4fdcc5a931b6f3a0aefbce0b2d9
fd8480e390307f9149f4fcc173557568ed27b46964b0536d0065d3f37d529396,dataset/Vinmec/Vinmec_2d/images/1127.JPG,dataset/Vinmec/Vinmec_2d/annotations/1127_binary.PNG,,fd8480e390307f9149f4fcc173557568ed27b46964b0536d0065d3f37d529396
fdb6725cbd4fd443e6187bb71a1567c775b1fdb7c8e58a9283734f0be91f7d48,dataset/Vinmec/Vinmec_2d/images/178.JPG,dataset/Vinmec/Vinmec_2d/annotations/178_binary.PNG,,fdb6725cbd4fd443e6187bb71a1567c775b1fdb7c8e58a9283734f0be91f7d48
fdf763f5a5292f827ce9c3ab2b92ee8bb72a86fd044061846214f2672abf51a4,dataset/Vinmec/Vinmec_2d/images/231.JPG,dataset/Vinmec/Vinmec_2d/annotations/231_binary.PNG,,fdf763f5a5292f827ce9c3ab2b92ee8bb72a86fd044061846214f2672abf51a4
fe51aeb9758be55d63bbf109a560c6a1631a49953680c1776c730ff4c3ae36e5,dataset/Vinmec/Vinmec_2d/images/522.JPG,dataset/Vinmec/Vinmec_2d/annotations/522_binary.PNG,,fe51aeb9758be55d63bbf109a560c6a1631a49953680c1776c730ff4c3ae36e5
fe70c48e1a5f9334ed1b52dbd103fa69dd7a1e5d6dfe10e77f7224ff45830ffd,dataset/Vinmec/Vinmec_2d/images/738.JPG,dataset/Vinmec/Vinmec_2d/annotations/738_binary.PNG,,fe70c48e1a5f9334ed1b52dbd103fa69dd7a1e5d6dfe10e77f7224ff45830ffd
fe915b47892d046c4915ece8a62574b0c653c38926af799c8e3300f3b264be57,dataset/Vinmec/Vinmec_2d/images/1424.JPG,dataset/Vinmec/Vinmec_2d/annotations/1424_binary.PNG,,fe915b47892d046c4915ece8a62574b0c653c38926af799c8e3300f3b264be57
ff510cf3e3663830375b7f74255f8a4989a4a6f92bbe63723f20f61f97b91914,dataset/Vinmec/Vinmec_2d/images/889.JPG,dataset/Vinmec/Vinmec_2d/annotations/889_binary.PNG,,ff510cf3e3663830375b7f74255f8a4989a4a6f92bbe63723f20f61f97b91914
