case_id,image_path,mask_path,patient_id,image_sha256
167,dataset/Vinmec_2D/train/train_image/167.JPG,dataset/Vinmec_2D/train/train_label/label/167.PNG,,36f26f24eecd0651de4d5e1b442ce7eade3c4254c6b56a7c469642d6fd7468c8
744,dataset/Vinmec_2D/train/train_image/744.JPG,dataset/Vinmec_2D/train/train_label/label/744.PNG,,41d843e736e2da251091b5c7a44f6fca57da94dc5679e1dfd0b0cab1a7748930
713,dataset/Vinmec_2D/train/train_image/713.JPG,dataset/Vinmec_2D/train/train_label/label/713.PNG,,867779d6df41d0634ae62781135233dea446369b0dbcec623861cf13fdb1cf88
499,dataset/Vinmec_2D/train/train_image/499.JPG,dataset/Vinmec_2D/train/train_label/label/499.PNG,,b789d102a7d0973f1367808b3593e476892a588149c0741c55a9abe422095f63
1395,dataset/Vinmec_2D/train/train_image/1395.JPG,dataset/Vinmec_2D/train/train_label/label/1395.PNG,,039cae6b7cdb36be322bde7c29dd1af942d92d8a5f004b20a896e6365dce9747
302,dataset/Vinmec_2D/train/train_image/302.JPG,dataset/Vinmec_2D/train/train_label/label/302.PNG,,6982ea5bde8e8d7325135cfaaf7d5f5435aaf76c8bd4389ad58d96bb54e695d8
723,dataset/Vinmec_2D/train/train_image/723.JPG,dataset/Vinmec_2D/train/train_label/label/723.PNG,,7c72b11eba989e44521bbf87b632198240c75d53c2b56edde36cceaa4f15b33c
329,dataset/Vinmec_2D/train/train_image/329.JPG,dataset/Vinmec_2D/train/train_label/label/329.PNG,,c6de405311651418d643c13e231224a9c312c438da5d40b3856c33c451c74da3
434,dataset/Vinmec_2D/train/train_image/434.JPG,dataset/Vinmec_2D/train/train_label/label/434.PNG,,11ba775e7bb66487377e4c30547912d5f39b72869daccd890d0785c60eb733c6
866,dataset/Vinmec_2D/train/train_image/866.JPG,dataset/Vinmec_2D/train/train_label/label/866.PNG,,5065528ecd7030ce4ec809e3758264de92bd1f45a1a7a0ead29095ab6ac0a9de
1409,dataset/Vinmec_2D/train/train_image/1409.JPG,dataset/Vinmec_2D/train/train_label/label/1409.PNG,,b7fb11f30d31f3a68460c40d2ce53e317697130e832f485ef5fc0e2aef0e54b8
615,dataset/Vinmec_2D/train/train_image/615.JPG,dataset/Vinmec_2D/train/train_label/label/615.PNG,,e3e5a03d518db13f425b3e73ce65b16649b18ba7726918654469ac235e9f988f
467,dataset/Vinmec_2D/train/train_image/467.JPG,dataset/Vinmec_2D/train/train_label/label/467.PNG,,6e52917824e1d310a9767fb8bc2ee88b2709df9c98f14a3731a07263192274c2
55,dataset/Vinmec_2D/train/train_image/55.JPG,dataset/Vinmec_2D/train/train_label/label/55.PNG,,6b8c08e791fcef1a3480627a7e83bbdd136843ca3a695011d53d51ec51899090
308,dataset/Vinmec_2D/train/train_image/308.JPG,dataset/Vinmec_2D/train/train_label/label/308.PNG,,92abe7c98b2adc43e196b56f13003321b12ad232903eb19cab63da410000e54f
843,dataset/Vinmec_2D/train/train_image/843.JPG,dataset/Vinmec_2D/train/train_label/label/843.PNG,,18e4f4d028fdaea4254dab4a146cd4e5e976f6364cc66cf8585edded70e7a09a
928,dataset/Vinmec_2D/train/train_image/928.JPG,dataset/Vinmec_2D/train/train_label/label/928.PNG,,9e051b2b8b5686230052e4eb407650beff9482758612345f8c33fa873e4cc030
849,dataset/Vinmec_2D/train/train_image/849.JPG,dataset/Vinmec_2D/train/train_label/label/849.PNG,,072786aa3a9afaabfe62a3c4f7b6c74a9ef13c0c5596dc389cbbd8374af5f204
630,dataset/Vinmec_2D/train/train_image/630.JPG,dataset/Vinmec_2D/train/train_label/label/630.PNG,,403f9766a42b9f70e9e296e4317d18000c5ee047a140f4140b61d2241696545e
1282,dataset/Vinmec_2D/train/train_image/1282.JPG,dataset/Vinmec_2D/train/train_label/label/1282.PNG,,3f155f6059f7e846140e8464d0bd7aa6279170e7c42d83a736a52debf408c47f
1070,dataset/Vinmec_2D/train/train_image/1070.JPG,dataset/Vinmec_2D/train/train_label/label/1070.PNG,,9b7358c42974f0b9b8c3bb4f8d4f5d597a744a873fbc75ec6573da1f13121c8d
858,dataset/Vinmec_2D/train/train_image/858.JPG,dataset/Vinmec_2D/train/train_label/label/858.PNG,,14ff385e0f2a610654ad3cfddf0ba5a3a10f1e4b253854947a3c69ee84fbdcae
196,dataset/Vinmec_2D/train/train_image/196.JPG,dataset/Vinmec_2D/train/train_label/label/196.PNG,,56d068c46fd733a4a66baaad19bd9655540d0d2d762d464d0ea341e8a2dc320c
1442,dataset/Vinmec_2D/train/train_image/1442.JPG,dataset/Vinmec_2D/train/train_label/label/1442.PNG,,fed234e08db794786a564c99c25df9ba786fb001e37e881b6da7cac047ee4a8b
642,dataset/Vinmec_2D/train/train_image/642.JPG,dataset/Vinmec_2D/train/train_label/label/642.PNG,,e94ebd6d5ba8fa23b261abf015370a0fc3b1bb3955ec4211a6c665657f034f8f
559,dataset/Vinmec_2D/train/train_image/559.JPG,dataset/Vinmec_2D/train/train_label/label/559.PNG,,0cb2d017e754d880fd56e456a51e3ef40266e8627e485e30d44570917331a7ae
596,dataset/Vinmec_2D/train/train_image/596.JPG,dataset/Vinmec_2D/train/train_label/label/596.PNG,,89f2899a4873d507a7a50598d80f8bf488b1f385dab4534ff826d70a5cda58f2
992,dataset/Vinmec_2D/train/train_image/992.JPG,dataset/Vinmec_2D/train/train_label/label/992.PNG,,ae92fc701a28d851ddd1cb0ce2a6e889b196e965404e988e7c4e168a96eac154
625,dataset/Vinmec_2D/train/train_image/625.JPG,dataset/Vinmec_2D/train/train_label/label/625.PNG,,bbdfc548efbad4e1e68070a2ff622965a1fc38d9dbb1930860f5210e47c66de5
132,dataset/Vinmec_2D/train/train_image/132.JPG,dataset/Vinmec_2D/train/train_label/label/132.PNG,,ad763697a110d7feb3261fa8738e1c335c6cdc8c9970012c5bb52094f778fe24
280,dataset/Vinmec_2D/train/train_image/280.JPG,dataset/Vinmec_2D/train/train_label/label/280.PNG,,1c88b486e08f7434f2d963d48574a1f9bbb45b37c7509330ee51c003fba66583
160,dataset/Vinmec_2D/train/train_image/160.JPG,dataset/Vinmec_2D/train/train_label/label/160.PNG,,068d4e4b17a69a74d9d49972e27763e9a6498b07a877e936d7603e80dcb8ce03
537,dataset/Vinmec_2D/train/train_image/537.JPG,dataset/Vinmec_2D/train/train_label/label/537.PNG,,f70227999f8a270bfb38eb137bf6fc70fa64b1c59256e8c5ea9e20698e2c85c7
1225,dataset/Vinmec_2D/train/train_image/1225.JPG,dataset/Vinmec_2D/train/train_label/label/1225.PNG,,e3f78e89303e3a43308529d008812660b51c06b44020377751d12b9a6c851dfd
252,dataset/Vinmec_2D/train/train_image/252.JPG,dataset/Vinmec_2D/train/train_label/label/252.PNG,,e7df0ebc05b3c182eb763e23ff65d17d5f3ff09665761735d98e4a2e7097095a
1420,dataset/Vinmec_2D/train/train_image/1420.JPG,dataset/Vinmec_2D/train/train_label/label/1420.PNG,,58acfcbe6650668aa0560ff5e065ba1f66a473acc553476cedc3cd254b786bd5
334,dataset/Vinmec_2D/train/train_image/334.JPG,dataset/Vinmec_2D/train/train_label/label/334.PNG,,b0509f23ac67c5d9bc19fb07fd222b42a931ea09bac84b612df9bf38d9e29531
710,dataset/Vinmec_2D/train/train_image/710.JPG,dataset/Vinmec_2D/train/train_label/label/710.PNG,,84508e8cb38edaab19c5db026c34a9b31e07a21f42cc7887696d8f9e43ecc563
1418,dataset/Vinmec_2D/train/train_image/1418.JPG,dataset/Vinmec_2D/train/train_label/label/1418.PNG,,158a635b5f82080a18f71eb9a96256d84f9a1633590b5782756e56786ce16abc
454,dataset/Vinmec_2D/train/train_image/454.JPG,dataset/Vinmec_2D/train/train_label/label/454.PNG,,7fb20018563b97cec1271ad710b53c946469455f61d2d4769c5b9e5c69945518
305,dataset/Vinmec_2D/train/train_image/305.JPG,dataset/Vinmec_2D/train/train_label/label/305.PNG,,4640a27caed84cd30ba2bb30bc7fd11c62e33f9a0ea35e4192eddc3fc3d33e35
1242,dataset/Vinmec_2D/train/train_image/1242.JPG,dataset/Vinmec_2D/train/train_label/label/1242.PNG,,06b79e49b4fbe620042c773db9902236eafe2d2075654459c5e194a48f3c1edd
1006,dataset/Vinmec_2D/train/train_image/1006.JPG,dataset/Vinmec_2D/train/train_label/label/1006.PNG,,0d18bb3a8b98e0e134ec941e8b1bf7ce2c3e242980470b1f51be5fd67a34b91c
1245,dataset/Vinmec_2D/train/train_image/1245.JPG,dataset/Vinmec_2D/train/train_label/label/1245.PNG,,0b6a898b7f7b053e987879bd3c73aa18769f97316a83fdb630ac008f570b882c
755,dataset/Vinmec_2D/train/train_image/755.JPG,dataset/Vinmec_2D/train/train_label/label/755.PNG,,e662d4a6a6f910fc216f46a2dba26006d8474270dd7fd4ccc1e8c0388e9bc6be
855,dataset/Vinmec_2D/train/train_image/855.JPG,dataset/Vinmec_2D/train/train_label/label/855.PNG,,fdc83bd43a102fc10cb8aaa8eda82a3572cc3b1c84eee339e72e4c9226c0824d
347,dataset/Vinmec_2D/train/train_image/347.JPG,dataset/Vinmec_2D/train/train_label/label/347.PNG,,8bad7ee3322a5233b540b2a625081012f598973f8382f82923bf2c12ee4ce584
57,dataset/Vinmec_2D/train/train_image/57.JPG,dataset/Vinmec_2D/train/train_label/label/57.PNG,,77e3251c674e7ab820b42b280abd85110980193a2dc704192f2fa5c39bf0e2e6
369,dataset/Vinmec_2D/train/train_image/369.JPG,dataset/Vinmec_2D/train/train_label/label/369.PNG,,a1d3bc5e51dd938ec216899b924a774f1918f31e13b1f73b038308b41bf87cf1
1196,dataset/Vinmec_2D/train/train_image/1196.JPG,dataset/Vinmec_2D/train/train_label/label/1196.PNG,,683781ecdcd79273ab4abce4a84754717b61645222883280c0c06fcf65601638
38,dataset/Vinmec_2D/train/train_image/38.JPG,dataset/Vinmec_2D/train/train_label/label/38.PNG,,60346285ae971ba70cafe5a9101ac1d0a8ae6b6832517caf8d14cebfd7a7cb6e
1149,dataset/Vinmec_2D/train/train_image/1149.JPG,dataset/Vinmec_2D/train/train_label/label/1149.PNG,,ab2a15b79e0ae2bff71bb25d2f55e29e267afab778b0e1ef43162104e3e40b1f
375,dataset/Vinmec_2D/train/train_image/375.JPG,dataset/Vinmec_2D/train/train_label/label/375.PNG,,58c81bb17b7ea206c005584af10f66a050a88ca069e6562a177d139cb374a331
1180,dataset/Vinmec_2D/train/train_image/1180.JPG,dataset/Vinmec_2D/train/train_label/label/1180.PNG,,f63c63c0cde369cf9893fc0bafd21263026893793d42ee3e5479586d97eac5cb
1026,dataset/Vinmec_2D/train/train_image/1026.JPG,dataset/Vinmec_2D/train/train_label/label/1026.PNG,,27244008321fa19b384c2dbf0d2ed0404131932fddeca309bd606207d8f6733e
393,dataset/Vinmec_2D/train/train_image/393.JPG,dataset/Vinmec_2D/train/train_label/label/393.PNG,,836830e7ebb29ce6ed3220136a66a0b25d4eaeda706ac0bd1863c4b641f832ac
1060,dataset/Vinmec_2D/train/train_image/1060.JPG,dataset/Vinmec_2D/train/train_label/label/1060.PNG,,6ac3330aeecaf7541922f9e43a4379063e24dc100b46dd15c3588a7391da379e
1289,dataset/Vinmec_2D/train/train_image/1289.JPG,dataset/Vinmec_2D/train/train_label/label/1289.PNG,,fa40343377e88d4b753977d60ef6b24fc08cde77c4c39e7bce39dd22bd06abca
169,dataset/Vinmec_2D/train/train_image/169.JPG,dataset/Vinmec_2D/train/train_label/label/169.PNG,,dfdad5f9573239f6ac168058154100f8a9b03c67ffcb01fc2dbc954175f7ca99
208,dataset/Vinmec_2D/train/train_image/208.JPG,dataset/Vinmec_2D/train/train_label/label/208.PNG,,ac7e773657f64875376af1fc069ebfca215aeaae2b6c88ff9f051c8a6c8353eb
541,dataset/Vinmec_2D/train/train_image/541.JPG,dataset/Vinmec_2D/train/train_label/label/541.PNG,,c0b884c5b1c49c65ea2e0c53a3351e70c0625eee6a6355a6c771c18413b528d6
190,dataset/Vinmec_2D/train/train_image/190.JPG,dataset/Vinmec_2D/train/train_label/label/190.PNG,,b3fc566e669d2780395672d93a55ae8c316f916ef4da2e1b226dabea12b6b173
318,dataset/Vinmec_2D/train/train_image/318.JPG,dataset/Vinmec_2D/train/train_label/label/318.PNG,,9911fac897e7558c7bfee4fefbd649a7bd63ce6fb97fc452f05610d4a968f3fa
1226,dataset/Vinmec_2D/train/train_image/1226.JPG,dataset/Vinmec_2D/train/train_label/label/1226.PNG,,aa32f712a8fe5877cfee72afeed9fc3512406638d8ba6843a174917ec74ad6fb
1361,dataset/Vinmec_2D/train/train_image/1361.JPG,dataset/Vinmec_2D/train/train_label/label/1361.PNG,,a83f006bc372045b221c6532d330dce4e59ba896795bb9a2738b1496207b961f
1150,dataset/Vinmec_2D/train/train_image/1150.JPG,dataset/Vinmec_2D/train/train_label/label/1150.PNG,,6c19d2be4aba8fe89fd86723c1397b91fb52d16e15afa86b5a3e74de54e6f16c
731,dataset/Vinmec_2D/train/train_image/731.JPG,dataset/Vinmec_2D/train/train_label/label/731.PNG,,9f463c68471df5e24ab268d8c6d2db608586f69b0881b56eed29090aa221c927
556,dataset/Vinmec_2D/train/train_image/556.JPG,dataset/Vinmec_2D/train/train_label/label/556.PNG,,57786f7d50321fed2c9bc2e9aec2d393f8127d31c21ef30a20f4e1c7993a7ef9
839,dataset/Vinmec_2D/train/train_image/839.JPG,dataset/Vinmec_2D/train/train_label/label/839.PNG,,ecfa378ce6a7477e95a8195047cdd8e1067371b3ca4738177df063149e314df2
730,dataset/Vinmec_2D/train/train_image/730.JPG,dataset/Vinmec_2D/train/train_label/label/730.PNG,,fa79bd9fe7f0fbdfc11ae30e40c4239cbd67ce6329aa1e8408f95d14c477943c
22,dataset/Vinmec_2D/train/train_image/22.JPG,dataset/Vinmec_2D/train/train_label/label/22.PNG,,2b04fd411595e4ecc43561846fe075e0e5b426bd010d378e8ca0d540bd189390
768,dataset/Vinmec_2D/train/train_image/768.JPG,dataset/Vinmec_2D/train/train_label/label/768.PNG,,4e20391898ee788743835460bd79820852d2d282ed6385f22ec05bc4e23c6cfa
450,dataset/Vinmec_2D/train/train_image/450.JPG,dataset/Vinmec_2D/train/train_label/label/450.PNG,,4e393f758c0eb81153f95d65a1b3872bf29a275d0e18464eb6d501ccc88f93f2
489,dataset/Vinmec_2D/train/train_image/489.JPG,dataset/Vinmec_2D/train/train_label/label/489.PNG,,29dfbb92547bb453d4cd2db2b13954ae126d64ba1d1a29fd19c831a84def1562
218,dataset/Vinmec_2D/train/train_image/218.JPG,dataset/Vinmec_2D/train/train_label/label/218.PNG,,cecb309cdacec212b1dad7d5660191018d6564684adc30b94b5b1560c8afd2a5
1206,dataset/Vinmec_2D/train/train_image/1206.JPG,dataset/Vinmec_2D/train/train_label/label/1206.PNG,,eb7bf6ad584d7ea9ab6a084913261b661fca3c084ac07e4f5987ea266ad37b41
23,dataset/Vinmec_2D/train/train_image/23.JPG,dataset/Vinmec_2D/train/train_label/label/23.PNG,,067b1bfee271d7db6bfacc951291112df412067e5780f2703b411f42d175d7f0
829,dataset/Vinmec_2D/train/train_image/829.JPG,dataset/Vinmec_2D/train/train_label/label/829.PNG,,d119b30f054d961edbbd01bf1710e50da2ab73725a08122399bc77011d61055c
1425,dataset/Vinmec_2D/train/train_image/1425.JPG,dataset/Vinmec_2D/train/train_label/label/1425.PNG,,f680a780a05ef1a456bfe5f28a9fc264e96936d6fbc655c57bc8c38758807386
492,dataset/Vinmec_2D/train/train_image/492.JPG,dataset/Vinmec_2D/train/train_label/label/492.PNG,,0d17b3319b977ac98bf9d73caf09752ba61bb10272ce8c0767c0e1959a80d519
765,dataset/Vinmec_2D/train/train_image/765.JPG,dataset/Vinmec_2D/train/train_label/label/765.PNG,,cfac06d6c1dce7e129b4139d6a2eb864a94ccc7161c6a93985fe0839cb03f3f9
1386,dataset/Vinmec_2D/train/train_image/1386.JPG,dataset/Vinmec_2D/train/train_label/label/1386.PNG,,5c1a7d11e275c94f0a87b1489bf0e5eb85ad2c92ff7c7c3038229fe19c6e8138
1415,dataset/Vinmec_2D/train/train_image/1415.JPG,dataset/Vinmec_2D/train/train_label/label/1415.PNG,,8ceb030c6c4a9bf7641cd73e042f6c079aac71751a99210388158c8f5b1d7d13
351,dataset/Vinmec_2D/train/train_image/351.JPG,dataset/Vinmec_2D/train/train_label/label/351.PNG,,8a98fb667ccb1c260f56d2d9d1809ae7c9c2b904077b81c3790a11ff34842bb1
462,dataset/Vinmec_2D/train/train_image/462.JPG,dataset/Vinmec_2D/train/train_label/label/462.PNG,,3c37a5a54b8834824a99967c4d4fc88ac05c37533331a2c1c3a5e88366643691
851,dataset/Vinmec_2D/train/train_image/851.JPG,dataset/Vinmec_2D/train/train_label/label/851.PNG,,ae4df33837baab6c570bee5dd0da204532e334edac9768993cd1d20c0f7191e0
500,dataset/Vinmec_2D/train/train_image/500.JPG,dataset/Vinmec_2D/train/train_label/label/500.PNG,,8d542e556fdc6e13f50653d763c3329d3bab29f6ed1c2b649845321cc83b930a
1063,dataset/Vinmec_2D/train/train_image/1063.JPG,dataset/Vinmec_2D/train/train_label/label/1063.PNG,,4b20eba8ad8a869ebc2912fdf4a119526a7e2f493ded46706573767ff8bb0f15
272,dataset/Vinmec_2D/train/train_image/272.JPG,dataset/Vinmec_2D/train/train_label/label/272.PNG,,92ce0cb1f74026e186f8cc02a7b3fef8f0d10fb35726a2f3706ab610c38f3b1d
1228,dataset/Vinmec_2D/train/train_image/1228.JPG,dataset/Vinmec_2D/train/train_label/label/1228.PNG,,5c2bb62c1c58253c501f6eedf230fed527964ad72ae9e167603159268246ee95
37,dataset/Vinmec_2D/train/train_image/37.JPG,dataset/Vinmec_2D/train/train_label/label/37.PNG,,a07f0d61e073b357aeadcb4135f50ed09823c94625e42a2fa557e085b5bb21a3
410,dataset/Vinmec_2D/train/train_image/410.JPG,dataset/Vinmec_2D/train/train_label/label/410.PNG,,1d32890fa338645e090ce895131251747d95bb45624837d52c4de0754f23ed67
1212,dataset/Vinmec_2D/train/train_image/1212.JPG,dataset/Vinmec_2D/train/train_label/label/1212.PNG,,d832dd92f6e980c9b3349f048476587654e276f4980fffc2cd505a3cf80f3b0b
1298,dataset/Vinmec_2D/train/train_image/1298.JPG,dataset/Vinmec_2D/train/train_label/label/1298.PNG,,0ce68768e89b2fc8c144429d93f2a55e8d53b291dd9c3de7f57c167f301f10fc
307,dataset/Vinmec_2D/train/train_image/307.JPG,dataset/Vinmec_2D/train/train_label/label/307.PNG,,38e1847a90b2f71bbaa20c3da2f1f273eb2b66535549992d4889b93946189e54
901,dataset/Vinmec_2D/train/train_image/901.JPG,dataset/Vinmec_2D/train/train_label/label/901.PNG,,dbdb95b939f86fc51d76573e699e07bd0e0de351ecf8da1a0b2c400896c93532
28,dataset/Vinmec_2D/train/train_image/28.JPG,dataset/Vinmec_2D/train/train_label/label/28.PNG,,fc35d0fd59fe1099b4939745838e76075262815ff051b9d02cceb5d01f2792e4
131,dataset/Vinmec_2D/train/train_image/131.JPG,dataset/Vinmec_2D/train/train_label/label/131.PNG,,fdb9950c085f227a0773f2eb6016a16b901832f44027bbc896a2a826b4520f82
605,dataset/Vinmec_2D/train/train_image/605.JPG,dataset/Vinmec_2D/train/train_label/label/605.PNG,,b5cecfda9b22fb42a79f49312f2ff32f2bc3b82d0f1e8dbccef3d431a646dbfc
1248,dataset/Vinmec_2D/train/train_image/1248.JPG,dataset/Vinmec_2D/train/train_label/label/1248.PNG,,0d9b1d1b71c70150dc83f20c11acdd04e87721e9f7a663b6d9c38f03c34b8af0
584,dataset/Vinmec_2D/train/train_image/584.JPG,dataset/Vinmec_2D/train/train_label/label/584.PNG,,09cbf7a9811d18d82a6ad3f357075650a434e05102f86ebf9e7054c1cebe1b41
486,dataset/Vinmec_2D/train/train_image/486.JPG,dataset/Vinmec_2D/train/train_label/label/486.PNG,,d426382d725b671fcc1dc26db1f68535b200ce5ca78c4c1fcf186278ca2f0432
938,dataset/Vinmec_2D/train/train_image/938.JPG,dataset/Vinmec_2D/train/train_label/label/938.PNG,,4d5d9667b3741019db64fd591b72b68a8d437afac4f2f45e67144fdae38c7ccf
278,dataset/Vinmec_2D/train/train_image/278.JPG,dataset/Vinmec_2D/train/train_label/label/278.PNG,,84cf55b3b526258c21917fec6270e4c3a31d36e1320057abed60b9cd54255ce0
990,dataset/Vinmec_2D/train/train_image/990.JPG,dataset/Vinmec_2D/train/train_label/label/990.PNG,,858dd3cdc11d906994555fafdfe45218961ece2e94d17e1365961a5a4e32f2f1
1053,dataset/Vinmec_2D/train/train_image/1053.JPG,dataset/Vinmec_2D/train/train_label/label/1053.PNG,,9b3bc670242516e4b2ce5bac40df7fc8c3da92820c8b8797868201a79c69cec9
485,dataset/Vinmec_2D/train/train_image/485.JPG,dataset/Vinmec_2D/train/train_label/label/485.PNG,,c6dfeb67ccd63f22ef2db6f7008b950745d71f8ddf800c0fd01fe52e382c572b
1050,dataset/Vinmec_2D/train/train_image/1050.JPG,dataset/Vinmec_2D/train/train_label/label/1050.PNG,,5a65625e204a98073659de462cc550932f9f23ef90c91fb1735e8a8a8b553171
803,dataset/Vinmec_2D/train/train_image/803.JPG,dataset/Vinmec_2D/train/train_label/label/803.PNG,,5388073db5185e7e68575ed0c3eda320221aaed779d64033ab41a39f8b18b74d
478,dataset/Vinmec_2D/train/train_image/478.JPG,dataset/Vinmec_2D/train/train_label/label/478.PNG,,7d08024ce8bdc2bb45d9baa083bd773e05b22774217ff3b0cd8ea1a06eea1edf
291,dataset/Vinmec_2D/train/train_image/291.JPG,dataset/Vinmec_2D/train/train_label/label/291.PNG,,07cb4206e12d32c0d2fbdd4c95b2d4c18d5383fe0e0bc28e36a9c89b07b838e5
1437,dataset/Vinmec_2D/train/train_image/1437.JPG,dataset/Vinmec_2D/train/train_label/label/1437.PNG,,66f69f5a96e6373ddcadd8d0c9cb16365e71ed4e6f87fb07a3e0d8e17dc311b1
1195,dataset/Vinmec_2D/train/train_image/1195.JPG,dataset/Vinmec_2D/train/train_label/label/1195.PNG,,fad3f02a19727ac105328bf6ded9e7a83272455aebbf42bf21f747488582f30b
1216,dataset/Vinmec_2D/train/train_image/1216.JPG,dataset/Vinmec_2D/train/train_label/label/1216.PNG,,63099ec341b780c14be6729422747b8c12bb2911826884c7f2949d22475f3452
828,dataset/Vinmec_2D/train/train_image/828.JPG,dataset/Vinmec_2D/train/train_label/label/828.PNG,,539d571bb9fc814ecfa1c59b69638d3ddabe7510eb3a46cfb700cfeb23ad0686
674,dataset/Vinmec_2D/train/train_image/674.JPG,dataset/Vinmec_2D/train/train_label/label/674.PNG,,98d9dd1dc0d80dead39d441458f792e1347b7365eaeed40e482c8dc1dcb139e4
108,dataset/Vinmec_2D/train/train_image/108.JPG,dataset/Vinmec_2D/train/train_label/label/108.PNG,,4a92f22bb8a50cc2dfed1f81a4067f05790ced7666f43f2e69acd8e456621984
110,dataset/Vinmec_2D/train/train_image/110.JPG,dataset/Vinmec_2D/train/train_label/label/110.PNG,,c80d505eabce33b64c122f8fffa112b702e76a5c6092501a2b4d12b060ab147d
728,dataset/Vinmec_2D/train/train_image/728.JPG,dataset/Vinmec_2D/train/train_label/label/728.PNG,,0268ecc94037fc67766d48413f2874f0c5eb16126e75dfb6db98fe43fbcd8975
1320,dataset/Vinmec_2D/train/train_image/1320.JPG,dataset/Vinmec_2D/train/train_label/label/1320.PNG,,0d1b4d2b3f89c5e3510310b6c5a2f2134bd1f61cbd1aeb43b67d58b058ea7559
949,dataset/Vinmec_2D/train/train_image/949.JPG,dataset/Vinmec_2D/train/train_label/label/949.PNG,,7243716ccee7fa6275f6052a567890e87f0581537be209728dfb0ff1447a2548
332,dataset/Vinmec_2D/train/train_image/332.JPG,dataset/Vinmec_2D/train/train_label/label/332.PNG,,b2a9e358b05fb0d32cf5a9b2360d1a8719ad43d9cf2c95e9d57c1785c7286188
758,dataset/Vinmec_2D/train/train_image/758.JPG,dataset/Vinmec_2D/train/train_label/label/758.PNG,,452473de13a86fd98b372d586c32f03ebd67ad16f53aaece9d32918762ae5dac
479,dataset/Vinmec_2D/train/train_image/479.JPG,dataset/Vinmec_2D/train/train_label/label/479.PNG,,a61982b340f5a27c34ce8c894623c1c15c9293bb4fb248d2152c00da1b08f87b
1309,dataset/Vinmec_2D/train/train_image/1309.JPG,dataset/Vinmec_2D/train/train_label/label/1309.PNG,,828d69aa2a863b434be8496bcff976fede87332b52fcc17702727a299cb4f2b4
986,dataset/Vinmec_2D/train/train_image/986.JPG,dataset/Vinmec_2D/train/train_label/label/986.PNG,,83aff02df10b595911f4dbae6f41062ab5550f0f425f4e33fa35610d75135d6c
357,dataset/Vinmec_2D/train/train_image/357.JPG,dataset/Vinmec_2D/train/train_label/label/357.PNG,,c7c444393d5875309e4b84db1f94411de38fa5635aa75b1864164669d1e4f0d4
214,dataset/Vinmec_2D/train/train_image/214.JPG,dataset/Vinmec_2D/train/train_label/label/214.PNG,,4c6cbd79a756e4e629bef3314c6e4a8386eea29d0e4df8deaad2c0672b550c99
174,dataset/Vinmec_2D/train/train_image/174.JPG,dataset/Vinmec_2D/train/train_label/label/174.PNG,,26e0dee9c6b896b2fe5c51db9dcd52e70a96a211db0992e2ef4d253f3ec66d1b
4,dataset/Vinmec_2D/train/train_image/4.JPG,dataset/Vinmec_2D/train/train_label/label/4.PNG,,b122bcdc17d7c201a7dac01727a0c0f92c0b113ff19f7d48a134b432855083c4
519,dataset/Vinmec_2D/train/train_image/519.JPG,dataset/Vinmec_2D/train/train_label/label/519.PNG,,0e717edb2d6a0c8cb326e1437fbc8c5c4806f4ac2a1b5766be2d9938c046b573
279,dataset/Vinmec_2D/train/train_image/279.JPG,dataset/Vinmec_2D/train/train_label/label/279.PNG,,c404cad839c62f76f2c80f6afb759c6b4b9b79c25850c32e9d5f5fcb63a3d065
93,dataset/Vinmec_2D/train/train_image/93.JPG,dataset/Vinmec_2D/train/train_label/label/93.PNG,,c22d7e503fa7e56b9a96e8138f480f2ad0e19a3c0d085f2a83f58f8a5fad7743
590,dataset/Vinmec_2D/train/train_image/590.JPG,dataset/Vinmec_2D/train/train_label/label/590.PNG,,e338bcb3b7996f5770e6c80f7236dd0e822ab3e2c8db0041082fd48368fade92
788,dataset/Vinmec_2D/train/train_image/788.JPG,dataset/Vinmec_2D/train/train_label/label/788.PNG,,af1a49454511a5a81d9db7ed82861331739414d51e623e10a4273c861855703e
1345,dataset/Vinmec_2D/train/train_image/1345.JPG,dataset/Vinmec_2D/train/train_label/label/1345.PNG,,a364060e8f80e86243728cd48b0f2b673143a66e355d6afc41095b43976ec039
861,dataset/Vinmec_2D/train/train_image/861.JPG,dataset/Vinmec_2D/train/train_label/label/861.PNG,,1f6f3ccbe1b9c11933db50dcf968acff348735c23e8b7a129f15d03fedc0de29
892,dataset/Vinmec_2D/train/train_image/892.JPG,dataset/Vinmec_2D/train/train_label/label/892.PNG,,e1d236c121dd36376340e452186fb751e636e7b13c2839c22eb8bc0d2918501d
624,dataset/Vinmec_2D/train/train_image/624.JPG,dataset/Vinmec_2D/train/train_label/label/624.PNG,,eabe96962a3b8f2a7094bb7517307443276995ec55a1f2fa5dad7bd93093a0ce
417,dataset/Vinmec_2D/train/train_image/417.JPG,dataset/Vinmec_2D/train/train_label/label/417.PNG,,94d4c4362228baa7888956cf196afe12cf7544906438b4befaffa3eadc9dccdd
104,dataset/Vinmec_2D/train/train_image/104.JPG,dataset/Vinmec_2D/train/train_label/label/104.PNG,,cf809ff093961161905d49ccdcc7421266eb7d3765638175c99f3d091c687093
67,dataset/Vinmec_2D/train/train_image/67.JPG,dataset/Vinmec_2D/train/train_label/label/67.PNG,,6775a4c13f4343432e97516005843c2a0cc81d096a8af77986cbc9f4a2698d33
327,dataset/Vinmec_2D/train/train_image/327.JPG,dataset/Vinmec_2D/train/train_label/label/327.PNG,,e1878fc66979772d4ee9ef17065a263e4bff2af4deb69ee74e1b7044c918be1d
117,dataset/Vinmec_2D/train/train_image/117.JPG,dataset/Vinmec_2D/train/train_label/label/117.PNG,,824a57bbcdebe8f5061c7dd0b346355470126db75a60037ea4aa63165c972f61
1192,dataset/Vinmec_2D/train/train_image/1192.JPG,dataset/Vinmec_2D/train/train_label/label/1192.PNG,,14138095fdc55bcbc600c166ca04a9f8727a529cab738379135d826e57cd88b7
18,dataset/Vinmec_2D/train/train_image/18.JPG,dataset/Vinmec_2D/train/train_label/label/18.PNG,,b691d9d20297b038aa76794190a59cb642d1284e65b6e68040f11474a0cbc190
1197,dataset/Vinmec_2D/train/train_image/1197.JPG,dataset/Vinmec_2D/train/train_label/label/1197.PNG,,f329779ab27902fd768c86d81889566b7033f9830ea483530a807d10afb07063
366,dataset/Vinmec_2D/train/train_image/366.JPG,dataset/Vinmec_2D/train/train_label/label/366.PNG,,2ac8b35f1345aa78616e3d6e5c8ad6eaa75978a5f5f2c4d0a95e2cf679be978a
1281,dataset/Vinmec_2D/train/train_image/1281.JPG,dataset/Vinmec_2D/train/train_label/label/1281.PNG,,5f5b754a5b2071056bf7adf88f5d891c5df2094d93f1b81581fb66b83879b79f
1436,dataset/Vinmec_2D/train/train_image/1436.JPG,dataset/Vinmec_2D/train/train_label/label/1436.PNG,,591f8c3e33eee58704d81ddab9665b7feb5578b908997c34c57b62b425aab0df
415,dataset/Vinmec_2D/train/train_image/415.JPG,dataset/Vinmec_2D/train/train_label/label/415.PNG,,5fd3c68ece95d97a03201f69e2bf15ff9d32d849b23ed1b3019e540530ab00bb
1072,dataset/Vinmec_2D/train/train_image/1072.JPG,dataset/Vinmec_2D/train/train_label/label/1072.PNG,,1f8968934598b236b2e333fe41b7b4dd8a905fcce437b2b432ca8ba95fb7f94a
1151,dataset/Vinmec_2D/train/train_image/1151.JPG,dataset/Vinmec_2D/train/train_label/label/1151.PNG,,99235f622ff9d7354a79bf5089539d8de34ca45a95ee6637ab43bb876a8c7c8d
692,dataset/Vinmec_2D/train/train_image/692.JPG,dataset/Vinmec_2D/train/train_label/label/692.PNG,,1415d27310ffcddd19116ce43db150de8242ff25fe49b1e3ffa6f7dca26baad5
518,dataset/Vinmec_2D/train/train_image/518.JPG,dataset/Vinmec_2D/train/train_label/label/518.PNG,,2765720c76da1f5c8574f5c789de180020e379f475d529aa42ac20c7224d22be
426,dataset/Vinmec_2D/train/train_image/426.JPG,dataset/Vinmec_2D/train/train_label/label/426.PNG,,be4b55273ef205d9a2994fe7420c15eaa0ba77722eca4683cce8725fa9f6e899
432,dataset/Vinmec_2D/train/train_image/432.JPG,dataset/Vinmec_2D/train/train_label/label/432.PNG,,2ecb6e949f1b5b5d687de7ad40d784179bc830b08fd1d55f08f2d7c6d4f52b43
346,dataset/Vinmec_2D/train/train_image/346.JPG,dataset/Vinmec_2D/train/train_label/label/346.PNG,,63a1e48a2d98106e99f21ce8346d5d8e4881e3193cf5d8e91f51f572a59eb74f
859,dataset/Vinmec_2D/train/train_image/859.JPG,dataset/Vinmec_2D/train/train_label/label/859.PNG,,185761721557fdb68f13e410d043ca1dd541a32184e39604c8e00ba0ac864699
1264,dataset/Vinmec_2D/train/train_image/1264.JPG,dataset/Vinmec_2D/train/train_label/label/1264.PNG,,6aeb207c0d8298008cd2d2628f20fe6d531f348d01c3d0a9a1205792de23e5c8
192,dataset/Vinmec_2D/train/train_image/192.JPG,dataset/Vinmec_2D/train/train_label/label/192.PNG,,e339beff783cf81abbc3beb6c80a1ca40ff133c27b5c7115bb136e49050d0026
314,dataset/Vinmec_2D/train/train_image/314.JPG,dataset/Vinmec_2D/train/train_label/label/314.PNG,,0c79e1a60dd37ac5cb43592fc414931e63bc1da662c852e55459585050a889f8
796,dataset/Vinmec_2D/train/train_image/796.JPG,dataset/Vinmec_2D/train/train_label/label/796.PNG,,4e06e1f278cba50442cd47f81f54bbbf47e67a1d0f5e16b777aaff978fc75614
1251,dataset/Vinmec_2D/train/train_image/1251.JPG,dataset/Vinmec_2D/train/train_label/label/1251.PNG,,f91b765a5c5d51e2493e3491729537422905b254eb3dd93c25677a49c9efea86
42,dataset/Vinmec_2D/train/train_image/42.JPG,dataset/Vinmec_2D/train/train_label/label/42.PNG,,37cd6b14ac09efdbb1c77638db55cc9a734f7c2f41bd471b60f384d1eb4278a2
1456,dataset/Vinmec_2D/train/train_image/1456.JPG,dataset/Vinmec_2D/train/train_label/label/1456.PNG,,557fc4c4ef13300273e45bccea846e5dc8b43310f0af1043613b11cdf5983af8
1332,dataset/Vinmec_2D/train/train_image/1332.JPG,dataset/Vinmec_2D/train/train_label/label/1332.PNG,,b8dc645f2773c5b44f387e98e0f3ac8345e88cdc79c9cd58c9b735a6e6586bf5
409,dataset/Vinmec_2D/train/train_image/409.JPG,dataset/Vinmec_2D/train/train_label/label/409.PNG,,5537b08a80e5db9eab59432ccabce50b5ddf18d5477f3756959b297fb2baf8a5
975,dataset/Vinmec_2D/train/train_image/975.JPG,dataset/Vinmec_2D/train/train_label/label/975.PNG,,7b5db023edac0688cf3868235144e42289ce06f614e087dcb5853c5af373a467
527,dataset/Vinmec_2D/train/train_image/527.JPG,dataset/Vinmec_2D/train/train_label/label/527.PNG,,3a94c088e2906ba917453c44fb6996c8acea0892cbc7765f9a9a2e756f11d806
1349,dataset/Vinmec_2D/train/train_image/1349.JPG,dataset/Vinmec_2D/train/train_label/label/1349.PNG,,040cc51e3f139b215b052079d679433c9e01c85b1cd9f8482b5f7c1da51ef9a5
597,dataset/Vinmec_2D/train/train_image/597.JPG,dataset/Vinmec_2D/train/train_label/label/597.PNG,,91eb88fe8685e61038c959e77ee8050e69312785c1f29617c06b9b80698fd838
857,dataset/Vinmec_2D/train/train_image/857.JPG,dataset/Vinmec_2D/train/train_label/label/857.PNG,,0cbaae8c0cf9583ca5769e577fda078e87273bbf9e0c54143a4c1434acdd023c
389,dataset/Vinmec_2D/train/train_image/389.JPG,dataset/Vinmec_2D/train/train_label/label/389.PNG,,2c13080257fd5a2afcd47266a8f013c873bfbd62a2a86bbc548d5b7ada8b226c
1247,dataset/Vinmec_2D/train/train_image/1247.JPG,dataset/Vinmec_2D/train/train_label/label/1247.PNG,,f5320f9d5e18ac4fa9fd41f918ce70a03815bcd15cb8b2d0ddc7942479475550
49,dataset/Vinmec_2D/train/train_image/49.JPG,dataset/Vinmec_2D/train/train_label/label/49.PNG,,3a96ff183679212d7b44bf2d5ee79597e37c9a81d60c4e45a841e16094b06e78
832,dataset/Vinmec_2D/train/train_image/832.JPG,dataset/Vinmec_2D/train/train_label/label/832.PNG,,d1263cb980ba770bfb87b893c5899e6bb9186886d0a2fd1958629920de8f4f69
1334,dataset/Vinmec_2D/train/train_image/1334.JPG,dataset/Vinmec_2D/train/train_label/label/1334.PNG,,c8c737a3c9361274888b4987539a1f0be4baa148eb63b5685d4ef27015700443
53,dataset/Vinmec_2D/train/train_image/53.JPG,dataset/Vinmec_2D/train/train_label/label/53.PNG,,d8ff906ba6af98445338638a18c7c62eb569fab394ae2a930834769139746c6d
425,dataset/Vinmec_2D/train/train_image/425.JPG,dataset/Vinmec_2D/train/train_label/label/425.PNG,,0ed2714fae1b8235ecbafc03002ac2368c3bfa2785112c2b473f87788dc8aa5f
40,dataset/Vinmec_2D/train/train_image/40.JPG,dataset/Vinmec_2D/train/train_label/label/40.PNG,,d77c7e24426bcc857f54c748eb6496bec3350e1624c9d944e070ce33e169d561
1107,dataset/Vinmec_2D/train/train_image/1107.JPG,dataset/Vinmec_2D/train/train_label/label/1107.PNG,,e6068b485b5ae2d57afc383a328320e70d5f61a369ac7f16fcda2c6e51a63d93
738,dataset/Vinmec_2D/train/train_image/738.JPG,dataset/Vinmec_2D/train/train_label/label/738.PNG,,ed3c4ea04c2d8a3eebe3a58b9b43647402d27147f59868c412f72d71f4259994
668,dataset/Vinmec_2D/train/train_image/668.JPG,dataset/Vinmec_2D/train/train_label/label/668.PNG,,9e7eef834b0ab70b4ddef4f59f8e5130041c7f8cbd9412535bebfa36633832ec
449,dataset/Vinmec_2D/train/train_image/449.JPG,dataset/Vinmec_2D/train/train_label/label/449.PNG,,ead496490ad73f0fccfaf8cb63e013863a712c6c52f888a81c650b06e38f2cb1
801,dataset/Vinmec_2D/train/train_image/801.JPG,dataset/Vinmec_2D/train/train_label/label/801.PNG,,2c4ac37d9638d72870380a9593c9ee713c704245d3d802d72c13542fffdad49c
319,dataset/Vinmec_2D/train/train_image/319.JPG,dataset/Vinmec_2D/train/train_label/label/319.PNG,,90608990ceedee2038befabaf202f1126c3c13e721eb2b9213e38fd80f8619cd
589,dataset/Vinmec_2D/train/train_image/589.JPG,dataset/Vinmec_2D/train/train_label/label/589.PNG,,4875a1638dc8d330cb4b60b3bab8c05014ad35c0b3060e18128c80a3c7e78f74
797,dataset/Vinmec_2D/train/train_image/797.JPG,dataset/Vinmec_2D/train/train_label/label/797.PNG,,4140b06b0c8cdef76e0afa48195472f6b89c71c457c146d3aefd3908ee021ff8
1439,dataset/Vinmec_2D/train/train_image/1439.JPG,dataset/Vinmec_2D/train/train_label/label/1439.PNG,,62501eeb421127f9a236b37a20ee27c83d1b866473fa48a15424c12e69296c0d
717,dataset/Vinmec_2D/train/train_image/717.JPG,dataset/Vinmec_2D/train/train_label/label/717.PNG,,b327625ddc58acd68901c08d01a11fa6ac122feb306336ec86ceb1118444bf29
815,dataset/Vinmec_2D/train/train_image/815.JPG,dataset/Vinmec_2D/train/train_label/label/815.PNG,,bd28013b48bbb9bc4733b33e9e2abeb63479b3da7cd128dd84ff2bc561818837
360,dataset/Vinmec_2D/train/train_image/360.JPG,dataset/Vinmec_2D/train/train_label/label/360.PNG,,c96976aad7cce6df232eb6c72f697e3d253a39a0ecb650c3583a6d7dece28d10
1213,dataset/Vinmec_2D/train/train_image/1213.JPG,dataset/Vinmec_2D/train/train_label/label/1213.PNG,,683c2b0552428a30513be18ea2310e1080439933f253e2a844a9a95cf64e0ec2
1164,dataset/Vinmec_2D/train/train_image/1164.JPG,dataset/Vinmec_2D/train/train_label/label/1164.PNG,,316a3c3e770aab928acf3e9287242b4ccbd7b39ec1e396a31fd2710b11fd1aa9
17,dataset/Vinmec_2D/train/train_image/17.JPG,dataset/Vinmec_2D/train/train_label/label/17.PNG,,be3f8e2628845ede3705a6db0d34127ea9c5abb17f61ce7ef81264bef5e47a81
1318,dataset/Vinmec_2D/train/train_image/1318.JPG,dataset/Vinmec_2D/train/train_label/label/1318.PNG,,455de534b887f86f25c98d61e2cf1c948fb085d547c49153aa8d5a174205e768
406,dataset/Vinmec_2D/train/train_image/406.JPG,dataset/Vinmec_2D/train/train_label/label/406.PNG,,a40f25a90b73b915f4c71675ce10c62867912ca4ec0be3c62726569a1f823e89
1433,dataset/Vinmec_2D/train/train_image/1433.JPG,dataset/Vinmec_2D/train/train_label/label/1433.PNG,,b7caa265ffebc3e83fa681a5b9ba8db3dbeaa58c70ac12cbbddb912d127451bb
195,dataset/Vinmec_2D/train/train_image/195.JPG,dataset/Vinmec_2D/train/train_label/label/195.PNG,,ab1389b0074c98c5167ec4e400f674bc9224c1e5ec1a50308da51f74499526ba
954,dataset/Vinmec_2D/train/train_image/954.JPG,dataset/Vinmec_2D/train/train_label/label/954.PNG,,a7145c59bd443f5d64ebb28c840d4b8a07f869de9605dad36300d8fc1063dd9a
725,dataset/Vinmec_2D/train/train_image/725.JPG,dataset/Vinmec_2D/train/train_label/label/725.PNG,,44dec61f6131c799bea87b8be89ffb89119c7a9855f99c61b6912c436f8b3a94
1287,dataset/Vinmec_2D/train/train_image/1287.JPG,dataset/Vinmec_2D/train/train_label/label/1287.PNG,,a4f86e00cfaf11d4310b757b2ce2545ca9be644d3ad13c1371e9cbef8158d5ad
525,dataset/Vinmec_2D/train/train_image/525.JPG,dataset/Vinmec_2D/train/train_label/label/525.PNG,,337db8c0a17534792091057bbd6941d224299829ef6248468943c44872833ac0
726,dataset/Vinmec_2D/train/train_image/726.JPG,dataset/Vinmec_2D/train/train_label/label/726.PNG,,cd13cea444ce32f276e8bae8815f470fb247f9f9d74014f96883746d1b38c7c0
575,dataset/Vinmec_2D/train/train_image/575.JPG,dataset/Vinmec_2D/train/train_label/label/575.PNG,,14fdcd5030951de8c59ab6a8ad163200d3e0bcd2c41cf12c8bfe0c7ff5e4b2e5
282,dataset/Vinmec_2D/train/train_image/282.JPG,dataset/Vinmec_2D/train/train_label/label/282.PNG,,c222343f1114ca8f0faa8cd35c8d53cdc655fdd915a174945c13a1d018f4ffc0
372,dataset/Vinmec_2D/train/train_image/372.JPG,dataset/Vinmec_2D/train/train_label/label/372.PNG,,30812f97407d8d35416fa10da0b15f350133c0167fc7ba70d46827ba62100dc3
172,dataset/Vinmec_2D/train/train_image/172.JPG,dataset/Vinmec_2D/train/train_label/label/172.PNG,,bce6dcd39285711a76085e66ffc7c88dc08c00d486ed064be3312ddfeae0cb86
297,dataset/Vinmec_2D/train/train_image/297.JPG,dataset/Vinmec_2D/train/train_label/label/297.PNG,,9cb610d8364df546ff41b49be560fb11560fec2c98a11d62e62da4374057940b
756,dataset/Vinmec_2D/train/train_image/756.JPG,dataset/Vinmec_2D/train/train_label/label/756.PNG,,ce24d5304a2f5ed6ba9628b24fa7e1811a32c7e2b42aae07176434d2152c0bb6
781,dataset/Vinmec_2D/train/train_image/781.JPG,dataset/Vinmec_2D/train/train_label/label/781.PNG,,56259b9f8309c5e20edc034e7e45ac66a476c04003004b125bd7107a2d35260f
1021,dataset/Vinmec_2D/train/train_image/1021.JPG,dataset/Vinmec_2D/train/train_label/label/1021.PNG,,a7a0f61c5e9be75875c95aa55f85b2a450f82755dc1ebc7764965cb29030b8db
680,dataset/Vinmec_2D/train/train_image/680.JPG,dataset/Vinmec_2D/train/train_label/label/680.PNG,,c6f5f7bd3deefa8d4d784cfcb1954309f2ed9430ac73487c772816e2912b43ba
813,dataset/Vinmec_2D/train/train_image/813.JPG,dataset/Vinmec_2D/train/train_label/label/813.PNG,,f7b6c7de28b782112a2a85780bb5c69de98131efaca4509540308ad8df8e8bba
65,dataset/Vinmec_2D/train/train_image/65.JPG,dataset/Vinmec_2D/train/train_label/label/65.PNG,,297f86b13f516d6e27e3455dc33b93f23b1f8a44563bb0529f3c9cb22c2b3bfa
1431,dataset/Vinmec_2D/train/train_image/1431.JPG,dataset/Vinmec_2D/train/train_label/label/1431.PNG,,e651b9b76a4201a46b59ee45699341b3cb0d0fbfb43d2b1d49d995b47b291539
219,dataset/Vinmec_2D/train/train_image/219.JPG,dataset/Vinmec_2D/train/train_label/label/219.PNG,,cf02e0e038354d1cfb600eba8b7f3c0b4f4ff08d077ede3cbf6821c3e228b5f2
335,dataset/Vinmec_2D/train/train_image/335.JPG,dataset/Vinmec_2D/train/train_label/label/335.PNG,,f94b7c70b207432cc24634754afa8de4d4b85e834d03bc04091b0f9628662004
91,dataset/Vinmec_2D/train/train_image/91.JPG,dataset/Vinmec_2D/train/train_label/label/91.PNG,,9d70eddffa4e4a39314852e5afc0390e385ea4deff628100e27e56a3a234d77c
667,dataset/Vinmec_2D/train/train_image/667.JPG,dataset/Vinmec_2D/train/train_label/label/667.PNG,,56c8b97c6e025fdacd5046affcc21ad4df2feb08aacfb0cc40f361f43d008d21
794,dataset/Vinmec_2D/train/train_image/794.JPG,dataset/Vinmec_2D/train/train_label/label/794.PNG,,ae573a104fc9ae2b3369e620ab11f33cba50a03486c769d64f96798a3f8baa8d
555,dataset/Vinmec_2D/train/train_image/555.JPG,dataset/Vinmec_2D/train/train_label/label/555.PNG,,288c88be58d1b3c0f1e802715465a5825fdff2fda5ad192f140f9eec21b0d320
1328,dataset/Vinmec_2D/train/train_image/1328.JPG,dataset/Vinmec_2D/train/train_label/label/1328.PNG,,4ae5f86fb22a449ca1732dc632c03ef2a9f33348dce2028b59063d6148ebe2f3
1165,dataset/Vinmec_2D/train/train_image/1165.JPG,dataset/Vinmec_2D/train/train_label/label/1165.PNG,,101076291f4e2f0c1c5c7d0dbe931f59b69047fad87966b45ba4ae0dc3e92af6
236,dataset/Vinmec_2D/train/train_image/236.JPG,dataset/Vinmec_2D/train/train_label/label/236.PNG,,06d4f5bff7683c0c0a304d02018c531202a511242f7d974d403de0c6967881db
298,dataset/Vinmec_2D/train/train_image/298.JPG,dataset/Vinmec_2D/train/train_label/label/298.PNG,,dc51647024ead4b76584bab074c715cd0fba2660ae315140dd492a41432ab1cc
875,dataset/Vinmec_2D/train/train_image/875.JPG,dataset/Vinmec_2D/train/train_label/label/875.PNG,,cebcd5708bf2f83a156c935a071f70fdddcb10570df6ee1b3147317bfc3c5e79
1193,dataset/Vinmec_2D/train/train_image/1193.JPG,dataset/Vinmec_2D/train/train_label/label/1193.PNG,,d4b984a240f937eb04bf09d14b3daf3d63bd2379a8e1f4e673ce02b3f98027dc
876,dataset/Vinmec_2D/train/train_image/876.JPG,dataset/Vinmec_2D/train/train_label/label/876.PNG,,080e1e91f7abaa2a75b4c3537e49617723454e24237e2e864392dc70a089ba84
1292,dataset/Vinmec_2D/train/train_image/1292.JPG,dataset/Vinmec_2D/train/train_label/label/1292.PNG,,8a4e47ebd4ee16d36067773ba992d44a83972cda64d11f24debc0070441d5f2f
780,dataset/Vinmec_2D/train/train_image/780.JPG,dataset/Vinmec_2D/train/train_label/label/780.PNG,,a916bf411eaff32e7e653ffe03777eca673db9be148d5f1870283f9dd8bcede8
1172,dataset/Vinmec_2D/train/train_image/1172.JPG,dataset/Vinmec_2D/train/train_label/label/1172.PNG,,ae5ca31fdff9729c3643ebc63a1271cf007c553dfb9b90a25587576fd8b0a0c2
119,dataset/Vinmec_2D/train/train_image/119.JPG,dataset/Vinmec_2D/train/train_label/label/119.PNG,,8c4c0632a599e57edb628e2d2048431662d60d8acd2d58e3baf919061e0da156
822,dataset/Vinmec_2D/train/train_image/822.JPG,dataset/Vinmec_2D/train/train_label/label/822.PNG,,66bdc89d7db7c15f50f40487d54d27d0025095419499ceb1e6fb6ab0002b722e
712,dataset/Vinmec_2D/train/train_image/712.JPG,dataset/Vinmec_2D/train/train_label/label/712.PNG,,dad46a9f385716828d1e0893c464a9f467a7e9cd68221249b9b6eda0c5dd01dc
1312,dataset/Vinmec_2D/train/train_image/1312.JPG,dataset/Vinmec_2D/train/train_label/label/1312.PNG,,d192041d88acea57974ae92744d7f4bc538d73ad86bdcb116273e11a2660f763
60,dataset/Vinmec_2D/train/train_image/60.JPG,dataset/Vinmec_2D/train/train_label/label/60.PNG,,70fd65a3b72abe306e0ca9f21075a0f7fa36ed99b70814320719b647f62419fd
283,dataset/Vinmec_2D/train/train_image/283.JPG,dataset/Vinmec_2D/train/train_label/label/283.PNG,,f977ea2c9bf6a99c6ed1355117524411ea947a3addf06256555762188b00cf9d
86,dataset/Vinmec_2D/train/train_image/86.JPG,dataset/Vinmec_2D/train/train_label/label/86.PNG,,d5d89a9744bcfba8ce9717cf9e9647eee60fa2ed3f34d6af6b92e611a835bfc5
1223,dataset/Vinmec_2D/train/train_image/1223.JPG,dataset/Vinmec_2D/train/train_label/label/1223.PNG,,00760bcf038a0f8fd268ea32c3c3aa2a78c184ccd3c65b4263d34b8055040113
311,dataset/Vinmec_2D/train/train_image/311.JPG,dataset/Vinmec_2D/train/train_label/label/311.PNG,,d50a94e401b924689a8b0e7135ee90ed4f7be4b27f969cb32c111cdf0ec98ce0
458,dataset/Vinmec_2D/train/train_image/458.JPG,dataset/Vinmec_2D/train/train_label/label/458.PNG,,af988aa586d0c01d30f14f67df185b0ed160b630e9116c9b7ac0ca6bc740005d
1343,dataset/Vinmec_2D/train/train_image/1343.JPG,dataset/Vinmec_2D/train/train_label/label/1343.PNG,,b04d212688db827eb465bd8e05c5ad311b4fbfb39863ad2a305bb941cbf46dfb
418,dataset/Vinmec_2D/train/train_image/418.JPG,dataset/Vinmec_2D/train/train_label/label/418.PNG,,b1e9aff03fecb1b46f69bc898f6dffdd63a2dd5866ba2a5e18e82f498c3e49c6
1156,dataset/Vinmec_2D/train/train_image/1156.JPG,dataset/Vinmec_2D/train/train_label/label/1156.PNG,,890970ef425f09e19ef496ef728b914e90bf4dd6ca288aba1f23970e3d8a6903
1019,dataset/Vinmec_2D/train/train_image/1019.JPG,dataset/Vinmec_2D/train/train_label/label/1019.PNG,,f121aa5b92c73856ffd249e2b806c874963b4694bdc6c9dd042064253cc43f2a
1344,dataset/Vinmec_2D/train/train_image/1344.JPG,dataset/Vinmec_2D/train/train_label/label/1344.PNG,,eeca95c86ad5f04481b90f0557f07723f53a02dbd5b5893c7b419974fe7621d5
1155,dataset/Vinmec_2D/train/train_image/1155.JPG,dataset/Vinmec_2D/train/train_label/label/1155.PNG,,20412ee13fa1552c0d789c0cd5b7fd961240c70c2d2be625866aba2e9c97307d
1148,dataset/Vinmec_2D/train/train_image/1148.JPG,dataset/Vinmec_2D/train/train_label/label/1148.PNG,,71db494581a8305140542b3231c29b4d2e46cd8384c3b8d5ff29dc7b86e84c71
1198,dataset/Vinmec_2D/train/train_image/1198.JPG,dataset/Vinmec_2D/train/train_label/label/1198.PNG,,8c4a5494a2e1ea0f44ad8db6c1afd4f46d647acc099b3c45f80f8cab9a22b7d7
384,dataset/Vinmec_2D/train/train_image/384.JPG,dataset/Vinmec_2D/train/train_label/label/384.PNG,,6b350c5127cf369c95df328f60e473ba880ffaa5fb206bb408f0369738c1c416
470,dataset/Vinmec_2D/train/train_image/470.JPG,dataset/Vinmec_2D/train/train_label/label/470.PNG,,bf096a736d007fd2ac28040b01dd943885f2f803b29d7ac855061c2d8a60798e
1333,dataset/Vinmec_2D/train/train_image/1333.JPG,dataset/Vinmec_2D/train/train_label/label/1333.PNG,,05418059e8310cadce6d466c558fdb1eb1fe7589051e730e79df43148f500b13
147,dataset/Vinmec_2D/train/train_image/147.JPG,dataset/Vinmec_2D/train/train_label/label/147.PNG,,ff7fd59272480eed20f3f716bc182f0d778f86c99682176bd2e8b93303487942
1294,dataset/Vinmec_2D/train/train_image/1294.JPG,dataset/Vinmec_2D/train/train_label/label/1294.PNG,,54fa1c36acf78d47605b0f67a925071899f1b42ea585ddff1010c7998477d085
1097,dataset/Vinmec_2D/train/train_image/1097.JPG,dataset/Vinmec_2D/train/train_label/label/1097.PNG,,2ca28fd55d48f1f473560b295c5f62841e331cacf3d709b853064b7ac3b154fe
402,dataset/Vinmec_2D/train/train_image/402.JPG,dataset/Vinmec_2D/train/train_label/label/402.PNG,,4c7d3e4f586ec30c99e54d9448ceb66b1a7aa7330aea2e63cd2b9c962b795764
886,dataset/Vinmec_2D/train/train_image/886.JPG,dataset/Vinmec_2D/train/train_label/label/886.PNG,,6a2a1e99cd65412767c9336da2c2be90f2d9c0713785afdebf0dd614842ea0c2
263,dataset/Vinmec_2D/train/train_image/263.JPG,dataset/Vinmec_2D/train/train_label/label/263.PNG,,551287966f18ad5bd2030f4b67897f67a12907f43bd3f2870a6751ce0dc7fc57
379,dataset/Vinmec_2D/train/train_image/379.JPG,dataset/Vinmec_2D/train/train_label/label/379.PNG,,8531c9205b83e44c785c7f9044ee56ed68ef263bd3ce2285b6ff947c5870865b
1297,dataset/Vinmec_2D/train/train_image/1297.JPG,dataset/Vinmec_2D/train/train_label/label/1297.PNG,,1ccca689c1d5060bc6ead5eacfab1e0f356f784f39ab846c28b2fdb5bc953025
471,dataset/Vinmec_2D/train/train_image/471.JPG,dataset/Vinmec_2D/train/train_label/label/471.PNG,,a14af34a684373fb9ea42942a40cec54f515d8fec3f51ac677fa5cd9f2065361
13,dataset/Vinmec_2D/train/train_image/13.JPG,dataset/Vinmec_2D/train/train_label/label/13.PNG,,40088b07fb07dc90a1c6df0f232f29b51ee5db0a91f88b3fee251a59e2741678
1256,dataset/Vinmec_2D/train/train_image/1256.JPG,dataset/Vinmec_2D/train/train_label/label/1256.PNG,,e7132a15ccb2c34bdef026287076414335b87e6e5572fbcfb47986b4f2b00751
647,dataset/Vinmec_2D/train/train_image/647.JPG,dataset/Vinmec_2D/train/train_label/label/647.PNG,,a0f254925e26e072474fa21425ce866ed9e7ea16c9cfc13f702926c7d42b38a6
654,dataset/Vinmec_2D/train/train_image/654.JPG,dataset/Vinmec_2D/train/train_label/label/654.PNG,,3be38a81394bb591ccf94ae8129b3f8afd299afaf244dea6de509d644af62fcf
910,dataset/Vinmec_2D/train/train_image/910.JPG,dataset/Vinmec_2D/train/train_label/label/910.PNG,,0557fac8ca66f891bd3b6753e9b29127ada51403ef012d9b24043dad057f7c60
1138,dataset/Vinmec_2D/train/train_image/1138.JPG,dataset/Vinmec_2D/train/train_label/label/1138.PNG,,ecf004faa6651b9969fa4c564d22edd5fd76088f573e32686ac2810e20a2aa4f
799,dataset/Vinmec_2D/train/train_image/799.JPG,dataset/Vinmec_2D/train/train_label/label/799.PNG,,a7c4ea90b6c13b1f37cb174bca3c8c7c7fac75be66d3a43d5b1ed3587cc18c1c
562,dataset/Vinmec_2D/train/train_image/562.JPG,dataset/Vinmec_2D/train/train_label/label/562.PNG,,2c33609d2102392492e3d16fdb446cb1087572cd4f6419cf7911220fd4a5160d
939,dataset/Vinmec_2D/train/train_image/939.JPG,dataset/Vinmec_2D/train/train_label/label/939.PNG,,a4cfd7db80a23ec8d56e02c7e046ef1f3fffcfaeabbe7170243beae958bcd14a
1028,dataset/Vinmec_2D/train/train_image/1028.JPG,dataset/Vinmec_2D/train/train_label/label/1028.PNG,,7fa2df88171fcf7ab71bc347f771b5412e1cbb98896184f34067a288b443925f
1455,dataset/Vinmec_2D/train/train_image/1455.JPG,dataset/Vinmec_2D/train/train_label/label/1455.PNG,,90a79af4efa10a990b91476c183d3df042d38029438a0a56743352943316bbf4
1139,dataset/Vinmec_2D/train/train_image/1139.JPG,dataset/Vinmec_2D/train/train_label/label/1139.PNG,,d3ef79d6eae3190139982b5cf8fd89ee110965c549ca55ed2fa04396c0fa234f
277,dataset/Vinmec_2D/train/train_image/277.JPG,dataset/Vinmec_2D/train/train_label/label/277.PNG,,e1434b689a0cf6a9579fb3bcb9a0a0225077e6a1c265f9918b9411972762d6a0
1059,dataset/Vinmec_2D/train/train_image/1059.JPG,dataset/Vinmec_2D/train/train_label/label/1059.PNG,,dc5d7f3140888266f449432cb8367aaea525ee1025e0720da182914fb1b0c7c9
82,dataset/Vinmec_2D/train/train_image/82.JPG,dataset/Vinmec_2D/train/train_label/label/82.PNG,,55fc3704f61a5bbe73b0c072d84119276f1b8ed46108c61eab8ab0fafccb036e
404,dataset/Vinmec_2D/train/train_image/404.JPG,dataset/Vinmec_2D/train/train_label/label/404.PNG,,664717be03ec9ee12a29837b35ae9643c5f10a3b4384220a0a4779c4b7b46ea5
150,dataset/Vinmec_2D/train/train_image/150.JPG,dataset/Vinmec_2D/train/train_label/label/150.PNG,,ce0bbc9bb55a49d0e1e996eeb81fd7e158c8de9a3a7723b9b0d5fc3dc75feba9
678,dataset/Vinmec_2D/train/train_image/678.JPG,dataset/Vinmec_2D/train/train_label/label/678.PNG,,26fc744cf813cd17ab08aee8c940e13450475be3fc3d8ea0666ab9f15887fb8a
287,dataset/Vinmec_2D/train/train_image/287.JPG,dataset/Vinmec_2D/train/train_label/label/287.PNG,,f560b901331dac573ecf50697d21417dbbd49043b04cdafb242b79c86bb21477
1459,dataset/Vinmec_2D/train/train_image/1459.JPG,dataset/Vinmec_2D/train/train_label/label/1459.PNG,,31025ae6400a6b4240cdef1ff246455a7f0f90575b76331ce7a27326475285f6
1375,dataset/Vinmec_2D/train/train_image/1375.JPG,dataset/Vinmec_2D/train/train_label/label/1375.PNG,,a8b22bf4775d88a0939e34ede1164cfd338a4c211f259e46e2bc02b4466aa3a0
85,dataset/Vinmec_2D/train/train_image/85.JPG,dataset/Vinmec_2D/train/train_label/label/85.PNG,,d02de9b1d126a8bed725f1dc75274cc90ce048c87aaffe586d321bf92d1bbc68
498,dataset/Vinmec_2D/train/train_image/498.JPG,dataset/Vinmec_2D/train/train_label/label/498.PNG,,5e2f15d13852c56a0fdee1710325f37db3b31e5a6f9f054fc484dea4f916611e
1220,dataset/Vinmec_2D/train/train_image/1220.JPG,dataset/Vinmec_2D/train/train_label/label/1220.PNG,,3fd20f7f1adc476bca58b8d6a1dc7a0209cd820f52e78560a338f47c981adc8f
215,dataset/Vinmec_2D/train/train_image/215.JPG,dataset/Vinmec_2D/train/train_label/label/215.PNG,,2e4648de96954a28fbd6d307200d81c0318ef9c862f9f6097dba22dcd380b1db
1116,dataset/Vinmec_2D/train/train_image/1116.JPG,dataset/Vinmec_2D/train/train_label/label/1116.PNG,,5a882437ee489e9cc7c887847c76b27f88902bd4a7cabd9825521e7bd9f796de
760,dataset/Vinmec_2D/train/train_image/760.JPG,dataset/Vinmec_2D/train/train_label/label/760.PNG,,bbc91a7fda89966f0d764b07f3cd748779627d5ba6cec69e243eaa0dada5893a
564,dataset/Vinmec_2D/train/train_image/564.JPG,dataset/Vinmec_2D/train/train_label/label/564.PNG,,2ca2d31ad798bfaa4d058f6023f1f8679584e738138a122f993bee7029a7db8f
10,dataset/Vinmec_2D/train/train_image/10.JPG,dataset/Vinmec_2D/train/train_label/label/10.PNG,,34d91d0b086b565fa5e39846acbcc92402789311746eb7d14908a4edfaf2551f
1037,dataset/Vinmec_2D/train/train_image/1037.JPG,dataset/Vinmec_2D/train/train_label/label/1037.PNG,,47c5e78b18d8a3abd87e6371c977e70262e6f56207b2a51c845c5fc7eb40fb08
774,dataset/Vinmec_2D/train/train_image/774.JPG,dataset/Vinmec_2D/train/train_label/label/774.PNG,,2afc4f7d00602a879e8b99bf2734936a1636fb8bc229f1e39313be3ab045e492
716,dataset/Vinmec_2D/train/train_image/716.JPG,dataset/Vinmec_2D/train/train_label/label/716.PNG,,f44cb7add29a1c2100399f1f731849db4e9b54e2f8cc83cf894c5db89272c90f
373,dataset/Vinmec_2D/train/train_image/373.JPG,dataset/Vinmec_2D/train/train_label/label/373.PNG,,6124c1bab87f27cbbb052fb8e6ade5b93ee7c7e4b36faad39b1ba21eb153f4f2
1084,dataset/Vinmec_2D/train/train_image/1084.JPG,dataset/Vinmec_2D/train/train_label/label/1084.PNG,,f68b8e5c4863c5a90dcd05a809e12052a3d6c28fcdf8c7985d9f474234b16c23
1044,dataset/Vinmec_2D/train/train_image/1044.JPG,dataset/Vinmec_2D/train/train_label/label/1044.PNG,,ecfc31a84efb80fd2b39d77547c4cac2fc1ef77db408b7cb6f236a405489fc1b
69,dataset/Vinmec_2D/train/train_image/69.JPG,dataset/Vinmec_2D/train/train_label/label/69.PNG,,5b566d7ff17bfcd61c80cac03655b7a39d96b8fb6a21c83e7de3ff14c3bec07b
833,dataset/Vinmec_2D/train/train_image/833.JPG,dataset/Vinmec_2D/train/train_label/label/833.PNG,,c0552d9db67111fd479f49cfc5facc6ac2205485f6f452d0e45f7958fbcaacae
1428,dataset/Vinmec_2D/train/train_image/1428.JPG,dataset/Vinmec_2D/train/train_label/label/1428.PNG,,27550dabab72efb1e2a474f9b5b723f9d7831606a2e29a46e5a1552be27e895c
396,dataset/Vinmec_2D/train/train_image/396.JPG,dataset/Vinmec_2D/train/train_label/label/396.PNG,,4f71a70a66660e60c89d45ae3cc95ef3b2d846a31d44fdf70cc7ce7d322010cd
213,dataset/Vinmec_2D/train/train_image/213.JPG,dataset/Vinmec_2D/train/train_label/label/213.PNG,,ab09e1eaae3329050117a279374d5845586fb5ec50aaf8f647372c08f2240bb0
273,dataset/Vinmec_2D/train/train_image/273.JPG,dataset/Vinmec_2D/train/train_label/label/273.PNG,,a77f7938326ef0965672abcfaca53f6235bcd4dce4a0a9b848692c6bc13dfe06
459,dataset/Vinmec_2D/train/train_image/459.JPG,dataset/Vinmec_2D/train/train_label/label/459.PNG,,ecd99af3a24a71f7378cc734ad2d863f962de13409942a8cdda570cbd129758b
835,dataset/Vinmec_2D/train/train_image/835.JPG,dataset/Vinmec_2D/train/train_label/label/835.PNG,,67461fefdc9bc04acce61d15e44609d0af7a23b825b340921db0d099da13f09f
902,dataset/Vinmec_2D/train/train_image/902.JPG,dataset/Vinmec_2D/train/train_label/label/902.PNG,,524a817c4f86e8c19e828e2f5948a3db10b7acfbb0ab6d9fe7071b866eb4c0b8
1182,dataset/Vinmec_2D/train/train_image/1182.JPG,dataset/Vinmec_2D/train/train_label/label/1182.PNG,,2bd6772db7e231f0647ccb8322d652bb6014c589c058a13423be68683b87eafb
194,dataset/Vinmec_2D/train/train_image/194.JPG,dataset/Vinmec_2D/train/train_label/label/194.PNG,,d82dc17c999f19d8ea593d8d7a7c401eee853e8b61ef0818e8b38540af051ac0
1237,dataset/Vinmec_2D/train/train_image/1237.JPG,dataset/Vinmec_2D/train/train_label/label/1237.PNG,,292e81e4a2e820d2171b4141e72a1d43f3233b443eb579361f2652facf052961
1227,dataset/Vinmec_2D/train/train_image/1227.JPG,dataset/Vinmec_2D/train/train_label/label/1227.PNG,,6c17baed0a326b763e4bd820dffdc2ba9b78c87dcc32c61fc80cc087ec6174c0
1144,dataset/Vinmec_2D/train/train_image/1144.JPG,dataset/Vinmec_2D/train/train_label/label/1144.PNG,,53745f0866aa891df5b1df1a2e434a6290257d2aeb6772b67c064f7a8ec64399
400,dataset/Vinmec_2D/train/train_image/400.JPG,dataset/Vinmec_2D/train/train_label/label/400.PNG,,4d63f00ef8fde3fa1d8923d477539c4d2ba7a110ca75a16ee078c0b0552140dc
310,dataset/Vinmec_2D/train/train_image/310.JPG,dataset/Vinmec_2D/train/train_label/label/310.PNG,,283dd0846cedaa31036ec2e7c86c933dd8fc8a5a08e06985f47c2eb46d1b4088
1099,dataset/Vinmec_2D/train/train_image/1099.JPG,dataset/Vinmec_2D/train/train_label/label/1099.PNG,,f31774335e0cb592477c05389153e97b31cfea64c2cca02ca875e17d050218c2
52,dataset/Vinmec_2D/train/train_image/52.JPG,dataset/Vinmec_2D/train/train_label/label/52.PNG,,d49001368c03388c3e13a84f126a359a1b94478e37e08807a97ef5691194474f
424,dataset/Vinmec_2D/train/train_image/424.JPG,dataset/Vinmec_2D/train/train_label/label/424.PNG,,f63db553ea5790974d99256dad8fbe31775b5b1eb72b86b87f24cbbd33cab566
1118,dataset/Vinmec_2D/train/train_image/1118.JPG,dataset/Vinmec_2D/train/train_label/label/1118.PNG,,e60db208490a92a59231659bd585690298742cbf3e0ddb34dcb5ddeb9ec513a3
1098,dataset/Vinmec_2D/train/train_image/1098.JPG,dataset/Vinmec_2D/train/train_label/label/1098.PNG,,b92db1d0c0ef90c2d6c514e71f9d6d6c0b33166b476bd482a6c9ae3e228b9b19
239,dataset/Vinmec_2D/train/train_image/239.JPG,dataset/Vinmec_2D/train/train_label/label/239.PNG,,5232a25b3d830a0b7007ea19171151d21d37128a420767632a9b18ee340e2589
446,dataset/Vinmec_2D/train/train_image/446.JPG,dataset/Vinmec_2D/train/train_label/label/446.PNG,,89a60106317033514eb8eaf7cd2cac0e1be0cebe312d774efbb6de920abccd5d
1462,dataset/Vinmec_2D/train/train_image/1462.JPG,dataset/Vinmec_2D/train/train_label/label/1462.PNG,,2ffb47daa8177dfd3b43bff0182226a0d5f3d09e8bc952abadb4b2342c28d0bc
365,dataset/Vinmec_2D/train/train_image/365.JPG,dataset/Vinmec_2D/train/train_label/label/365.PNG,,8f73d6cc5df9c3dfadeb71e85fcf5e30d85ccb24d35a6372025f252f5e5fca97
241,dataset/Vinmec_2D/train/train_image/241.JPG,dataset/Vinmec_2D/train/train_label/label/241.PNG,,a295ab08de23098b89ba3e6ec0d19a120bf60707d000fc436a4cd2b20d5c0d75
460,dataset/Vinmec_2D/train/train_image/460.JPG,dataset/Vinmec_2D/train/train_label/label/460.PNG,,e06078d938fd4b67e15629b3e794cbf8f972ec6b061317a25fe79cea918b3a14
9,dataset/Vinmec_2D/train/train_image/9.JPG,dataset/Vinmec_2D/train/train_label/label/9.PNG,,a01ceecea66984767e9b5a4f287df2c7b373bd8566da0900255e2a60cfd0e606
232,dataset/Vinmec_2D/train/train_image/232.JPG,dataset/Vinmec_2D/train/train_label/label/232.PNG,,471032e43633f7805681007da0f9455732c6ef980bab1749a0672a4fb900be9c
355,dataset/Vinmec_2D/train/train_image/355.JPG,dataset/Vinmec_2D/train/train_label/label/355.PNG,,2845790dd329bba9fc6d9f1e00f94a060417d13a101d62d325dd3a96ce678206
198,dataset/Vinmec_2D/train/train_image/198.JPG,dataset/Vinmec_2D/train/train_label/label/198.PNG,,6764f33dea9072f0ca157341bd2bacfa4cc36e5758a18f759146fe01b665f407
1250,dataset/Vinmec_2D/train/train_image/1250.JPG,dataset/Vinmec_2D/train/train_label/label/1250.PNG,,efd6a97f398b89b10a62d5039e4f479c761a574b3190f665fd04e6ea393cedfc
286,dataset/Vinmec_2D/train/train_image/286.JPG,dataset/Vinmec_2D/train/train_label/label/286.PNG,,fab660be0a28230c3b70836053a3c40a08b6648e793d306c59eb29befa8d776c
1453,dataset/Vinmec_2D/train/train_image/1453.JPG,dataset/Vinmec_2D/train/train_label/label/1453.PNG,,b212f8ecfd9087f742f4a400369832e93bde0b0ae77ace10b1988fb9edb3d5ca
374,dataset/Vinmec_2D/train/train_image/374.JPG,dataset/Vinmec_2D/train/train_label/label/374.PNG,,b7c8f10144ccf6757ae90f15249169fc52e46a5cf14c6321307d35c23d32a9a1
775,dataset/Vinmec_2D/train/train_image/775.JPG,dataset/Vinmec_2D/train/train_label/label/775.PNG,,a091b3fa4e4c3fe812dae74c8d15173f04ef8ec4b1f377d6080a26817a533df2
698,dataset/Vinmec_2D/train/train_image/698.JPG,dataset/Vinmec_2D/train/train_label/label/698.PNG,,f66053a6fd3c92ff245a9756dd51ddde2a49b93d0dd2f99a7724a6f6fce50058
1239,dataset/Vinmec_2D/train/train_image/1239.JPG,dataset/Vinmec_2D/train/train_label/label/1239.PNG,,34f478e6d751e1885c1fdd2f574d769199e22686f517a5d2736ff14abe7d4a08
1301,dataset/Vinmec_2D/train/train_image/1301.JPG,dataset/Vinmec_2D/train/train_label/label/1301.PNG,,57c1ae73cb81082082bd653b394b17b67a060f6996012f42ed5002b7e83f8c1a
1207,dataset/Vinmec_2D/train/train_image/1207.JPG,dataset/Vinmec_2D/train/train_label/label/1207.PNG,,bb200b4c956e744a6dea9d73cc4bf98a9c9e421b56bd84cb2227ef76506664a7
407,dataset/Vinmec_2D/train/train_image/407.JPG,dataset/Vinmec_2D/train/train_label/label/407.PNG,,741719f809fc10e0c34608318bbea2bd787daa86a94e512ff12f678d70124201
1056,dataset/Vinmec_2D/train/train_image/1056.JPG,dataset/Vinmec_2D/train/train_label/label/1056.PNG,,aa569aeca9a3adc2c53de94afa0b1add91bfd82df71d9da1922c4fd574ac6f16
408,dataset/Vinmec_2D/train/train_image/408.JPG,dataset/Vinmec_2D/train/train_label/label/408.PNG,,24eb96ac0f523dc4dc15e0a7161cf1dd669d0c2bc4e9a4747b84ecb11413cf94
1290,dataset/Vinmec_2D/train/train_image/1290.JPG,dataset/Vinmec_2D/train/train_label/label/1290.PNG,,dc0466eff9586611f029da6d574335f0e184a6f5ea4ac711a58b0b7551e344e7
613,dataset/Vinmec_2D/train/train_image/613.JPG,dataset/Vinmec_2D/train/train_label/label/613.PNG,,4b39307687cbeede6b33982dc7b0a978d62bd28c52abdaa318ac16979964b060
683,dataset/Vinmec_2D/train/train_image/683.JPG,dataset/Vinmec_2D/train/train_label/label/683.PNG,,8397d9f5b6ca895a878a9167df95fd41b72ca6544bdd4fdb1198f41ac12061c7
1429,dataset/Vinmec_2D/train/train_image/1429.JPG,dataset/Vinmec_2D/train/train_label/label/1429.PNG,,08fdacb4eb696d9b3debbdf280afda20592377a9ad5e03209543a5c733e15485
1185,dataset/Vinmec_2D/train/train_image/1185.JPG,dataset/Vinmec_2D/train/train_label/label/1185.PNG,,5e4c5529816bfab20b05539557e2695b6903b952129daaa1a270ab715759769b
1450,dataset/Vinmec_2D/train/train_image/1450.JPG,dataset/Vinmec_2D/train/train_label/label/1450.PNG,,6a7c4a62ca9a4db1cfaf61b2d0901185f1dfb0aefe16b38d041de4627930ca7b
437,dataset/Vinmec_2D/train/train_image/437.JPG,dataset/Vinmec_2D/train/train_label/label/437.PNG,,7bf1413999854491ba8c7960d7670c88926d620e14367ce0e5bf3ecaf689250f
51,dataset/Vinmec_2D/train/train_image/51.JPG,dataset/Vinmec_2D/train/train_label/label/51.PNG,,9dd3d5635ba59761f445967e1343db596bf7d65fd66af4d0d9322c89eadc7fba
151,dataset/Vinmec_2D/train/train_image/151.JPG,dataset/Vinmec_2D/train/train_label/label/151.PNG,,0776a969dad053f5601e05de07ff6782af0f2ab7acc99fb8f3d3032a84e4902e
205,dataset/Vinmec_2D/train/train_image/205.JPG,dataset/Vinmec_2D/train/train_label/label/205.PNG,,3645018208c6c72fba79808568198b2cf25e4e4e5c71c454ef4604ccf77ef9a2
444,dataset/Vinmec_2D/train/train_image/444.JPG,dataset/Vinmec_2D/train/train_label/label/444.PNG,,3ee989f800cd306a95007f7a92583c0f7e5b1d3c103387e99390c62826cf08bf
1001,dataset/Vinmec_2D/train/train_image/1001.JPG,dataset/Vinmec_2D/train/train_label/label/1001.PNG,,427e640efeec8c42dbda4e22b3830310c2427444a14f7b2e86941c508ae4b080
1058,dataset/Vinmec_2D/train/train_image/1058.JPG,dataset/Vinmec_2D/train/train_label/label/1058.PNG,,11dc0090e94ab8f9ff4e50e3a9178ee4128f5cb47f4b560a18c3aae32b3d61c8
317,dataset/Vinmec_2D/train/train_image/317.JPG,dataset/Vinmec_2D/train/train_label/label/317.PNG,,074d4857cddc017ba23a2bbc2d73419b579a033c883b4f029a233a4518a692f1
435,dataset/Vinmec_2D/train/train_image/435.JPG,dataset/Vinmec_2D/train/train_label/label/435.PNG,,a1110c252e2e8342fcab9ddf4c787694751392c35fe5e4a5dec9efe847c1e093
461,dataset/Vinmec_2D/train/train_image/461.JPG,dataset/Vinmec_2D/train/train_label/label/461.PNG,,8dbf23b20c5d629f6295621710a49a76f1c1d67387d0400a478e12f1ef2229fc
635,dataset/Vinmec_2D/train/train_image/635.JPG,dataset/Vinmec_2D/train/train_label/label/635.PNG,,f00cd466d7de06f16c045bd72265c3679d23f2b43cea5d2b6c8d91559aa5900f
1249,dataset/Vinmec_2D/train/train_image/1249.JPG,dataset/Vinmec_2D/train/train_label/label/1249.PNG,,bc5d5b1a9eb1460b9bdbaa16da95118608e06b928863dd3d151e041937226983
223,dataset/Vinmec_2D/train/train_image/223.JPG,dataset/Vinmec_2D/train/train_label/label/223.PNG,,97f2722a9974cbb2585217e5681c5107fa967a39bf36c4d558166062091baf36
250,dataset/Vinmec_2D/train/train_image/250.JPG,dataset/Vinmec_2D/train/train_label/label/250.PNG,,3925dfbf48516091cc3449a2e7fd594dd491193e0d764f850284ad3b461b9f8a
812,dataset/Vinmec_2D/train/train_image/812.JPG,dataset/Vinmec_2D/train/train_label/label/812.PNG,,4b840f407d9821829553aff89a49105f2e64f0dd5be21c2146df46e29f9b4025
1326,dataset/Vinmec_2D/train/train_image/1326.JPG,dataset/Vinmec_2D/train/train_label/label/1326.PNG,,c242cf47441dfea0148e25154bf5bf40e6bf32d788122d2fd28c8f5383fff7f3
617,dataset/Vinmec_2D/train/train_image/617.JPG,dataset/Vinmec_2D/train/train_label/label/617.PNG,,5f4a4ec2f372705b8582d3aac1017a0253a3179d703de3a4b1f5b08b62136692
1201,dataset/Vinmec_2D/train/train_image/1201.JPG,dataset/Vinmec_2D/train/train_label/label/1201.PNG,,26130d8c4f5f11e953da0eca4360f56dce8421fadaabb497bea33884a0d46f3a
1260,dataset/Vinmec_2D/train/train_image/1260.JPG,dataset/Vinmec_2D/train/train_label/label/1260.PNG,,4d4a059e5a1a7985a5142409b22fceb080ebd81d16f87ad29869752be478bc36
293,dataset/Vinmec_2D/train/train_image/293.JPG,dataset/Vinmec_2D/train/train_label/label/293.PNG,,42dc8095bf191de64413f5c331d14a7c64819ead65632e4c0d721141e0412e2a
25,dataset/Vinmec_2D/train/train_image/25.JPG,dataset/Vinmec_2D/train/train_label/label/25.PNG,,0ee3c5f367d7875af8d1694038309e291ec781ac96a19ec42f68136bfa2c7961
909,dataset/Vinmec_2D/train/train_image/909.JPG,dataset/Vinmec_2D/train/train_label/label/909.PNG,,be0fa1593140d637fbead866831af12c413232c67cd85de60e932387e577b47a
1219,dataset/Vinmec_2D/train/train_image/1219.JPG,dataset/Vinmec_2D/train/train_label/label/1219.PNG,,d215c220e0509501986414d24d4b57256a6e499c0b8515c1cef00d5e2c814d82
601,dataset/Vinmec_2D/train/train_image/601.JPG,dataset/Vinmec_2D/train/train_label/label/601.PNG,,e4bf614257fa1a42b27b279dfdd5c66e0bd98870dbeedf81ed9466441d90fcef
950,dataset/Vinmec_2D/train/train_image/950.JPG,dataset/Vinmec_2D/train/train_label/label/950.PNG,,a393f1f5b508ca098df0c394560e9c70358c3cae04bcb55590d87a8d31c533c9
1441,dataset/Vinmec_2D/train/train_image/1441.JPG,dataset/Vinmec_2D/train/train_label/label/1441.PNG,,cb1d1ad99e6ebf37235c6d2f32b6ac72892bbd0b51f1f9c346717c0119a79834
153,dataset/Vinmec_2D/train/train_image/153.JPG,dataset/Vinmec_2D/train/train_label/label/153.PNG,,4f948875adf61b58ac0f2b6a018ce64226ae7c5d2b7741a9f52aba756c655e4d
173,dataset/Vinmec_2D/train/train_image/173.JPG,dataset/Vinmec_2D/train/train_label/label/173.PNG,,75176770d813fd3f8536e71a2f65d2535055a5dd16c034144f3fb3d4b09e1fa0
235,dataset/Vinmec_2D/train/train_image/235.JPG,dataset/Vinmec_2D/train/train_label/label/235.PNG,,1385930b3b4679bcd7566f96e911f175535d65a751dfec519165acb6d80993c3
848,dataset/Vinmec_2D/train/train_image/848.JPG,dataset/Vinmec_2D/train/train_label/label/848.PNG,,54bd5b91e632520135a2400200c2c769d6b7e468cb188690d5b2576f4790f48c
1064,dataset/Vinmec_2D/train/train_image/1064.JPG,dataset/Vinmec_2D/train/train_label/label/1064.PNG,,5d417634f54aff3e054ee70dff289f53bae37db3609a538126d22c7c6750bfde
200,dataset/Vinmec_2D/train/train_image/200.JPG,dataset/Vinmec_2D/train/train_label/label/200.PNG,,2fa9005cc203b79bad7c8afa93b574285f714a3300cf1a75dc96bc63147043d1
103,dataset/Vinmec_2D/train/train_image/103.JPG,dataset/Vinmec_2D/train/train_label/label/103.PNG,,4081bcaef6f9da29e94bd525083e79925fe276c42754088a77abeeaf8f562f6b
188,dataset/Vinmec_2D/train/train_image/188.JPG,dataset/Vinmec_2D/train/train_label/label/188.PNG,,7cc3e0d9d46b9a65ff7c90e9b8567787a52827f2a3c3826a77a07dc5be468d44
893,dataset/Vinmec_2D/train/train_image/893.JPG,dataset/Vinmec_2D/train/train_label/label/893.PNG,,55ddd0b8ae45c2774067bb8d3226eb30397507d3c85a9fa0a79aac297ec38aaf
1209,dataset/Vinmec_2D/train/train_image/1209.JPG,dataset/Vinmec_2D/train/train_label/label/1209.PNG,,8a253b4a9abbd6e59b12fc401222bb75cb08ccf41fc5b70c2c536dece247fd71
161,dataset/Vinmec_2D/train/train_image/161.JPG,dataset/Vinmec_2D/train/train_label/label/161.PNG,,43605f3cfff9769f56da97c8d00ef0050bf6953781f494fdd25e45743ca680d2
411,dataset/Vinmec_2D/train/train_image/411.JPG,dataset/Vinmec_2D/train/train_label/label/411.PNG,,56706e258490cc747f87d252f79bd0c251de7d7e3832f68149d5811536d8f440
447,dataset/Vinmec_2D/train/train_image/447.JPG,dataset/Vinmec_2D/train/train_label/label/447.PNG,,196cc409f8f5fff1342ccc68e21af8b74e034727c3bf8bf626d4f6ddf706bc5c
1105,dataset/Vinmec_2D/train/train_image/1105.JPG,dataset/Vinmec_2D/train/train_label/label/1105.PNG,,73b172580cc217e5aa545a7aba58e67c983978402883865e6c773b83653742f1
1330,dataset/Vinmec_2D/train/train_image/1330.JPG,dataset/Vinmec_2D/train/train_label/label/1330.PNG,,6bf79b6c249cdbe6f0a0ae19ead42ec3b75fb3c89cca39adae53ff2b1e5d169a
140,dataset/Vinmec_2D/train/train_image/140.JPG,dataset/Vinmec_2D/train/train_label/label/140.PNG,,db1247421dc118fd23675feb7c9d3a11540952935ce5f09f97c6697fa55a358f
983,dataset/Vinmec_2D/train/train_image/983.JPG,dataset/Vinmec_2D/train/train_label/label/983.PNG,,a18a99cdcbe30c8d0ffd99e0954560ba6f1336cdbcd2c5cb7fc78beafb17c951
724,dataset/Vinmec_2D/train/train_image/724.JPG,dataset/Vinmec_2D/train/train_label/label/724.PNG,,e66c019ab46ac36c48d6fcfe74c5a8780e607ebb89a4675999ce6f4acaf4d997
1303,dataset/Vinmec_2D/train/train_image/1303.JPG,dataset/Vinmec_2D/train/train_label/label/1303.PNG,,ee14288cae59fb6b1320cccbc9ec404ac3263817f1b05879f35e03f2cf974548
1147,dataset/Vinmec_2D/train/train_image/1147.JPG,dataset/Vinmec_2D/train/train_label/label/1147.PNG,,7b99b58b273d14a0009d26e1108c24118f90b507bf30b89cb6d26d0de83235b5
772,dataset/Vinmec_2D/train/train_image/772.JPG,dataset/Vinmec_2D/train/train_label/label/772.PNG,,2bfde31188cb3508b9f1fe6e9207d65f37fcda3091a3f6edd76a4801b0364588
745,dataset/Vinmec_2D/train/train_image/745.JPG,dataset/Vinmec_2D/train/train_label/label/745.PNG,,534e06c09a56d76890b08dab51604c592d4b2781ab2307d678741ecc2ca37379
497,dataset/Vinmec_2D/train/train_image/497.JPG,dataset/Vinmec_2D/train/train_label/label/497.PNG,,4617a0c446b06eecdd047df840f016923743ec93079180e9e5629893a05393c8
455,dataset/Vinmec_2D/train/train_image/455.JPG,dataset/Vinmec_2D/train/train_label/label/455.PNG,,9d597ba03eb50e39fe135b4c318e143ae56811ee02f28f9583aa7772a28f0545
570,dataset/Vinmec_2D/train/train_image/570.JPG,dataset/Vinmec_2D/train/train_label/label/570.PNG,,777858fc67ec23423bc27d64d505c158b7604303099ad1a64bb8f277861efc68
1101,dataset/Vinmec_2D/train/train_image/1101.JPG,dataset/Vinmec_2D/train/train_label/label/1101.PNG,,557c45ae6644785fe518258c5703eb1fe4d09f9808b8c3e52dc3f523598bb4b4
209,dataset/Vinmec_2D/train/train_image/209.JPG,dataset/Vinmec_2D/train/train_label/label/209.PNG,,513db3662199ee92e38d725430125283834162c564f5ad46f40744d1d87f5fda
754,dataset/Vinmec_2D/train/train_image/754.JPG,dataset/Vinmec_2D/train/train_label/label/754.PNG,,ee6ffa41d2b08832616b895f81c60277edab4a8c04e525167f8823d1bb2f8d6d
706,dataset/Vinmec_2D/train/train_image/706.JPG,dataset/Vinmec_2D/train/train_label/label/706.PNG,,02e3d455a89e74d27d74852efbf010eea25e05024ae6105ebe8faf7afa5f0b57
1362,dataset/Vinmec_2D/train/train_image/1362.JPG,dataset/Vinmec_2D/train/train_label/label/1362.PNG,,761c080f16be52ff935beb72b28f8cbbbf266eb0227c54f0e22af622e076fc50
183,dataset/Vinmec_2D/train/train_image/183.JPG,dataset/Vinmec_2D/train/train_label/label/183.PNG,,9d279f7d20889faf5da5c4f12465326ff2828913d763e5bac30805bac3c0ae64
59,dataset/Vinmec_2D/train/train_image/59.JPG,dataset/Vinmec_2D/train/train_label/label/59.PNG,,9e02cc750d23ff30497de45a9cafbbc1fcdae44804eed96360e22341e15ca860
1258,dataset/Vinmec_2D/train/train_image/1258.JPG,dataset/Vinmec_2D/train/train_label/label/1258.PNG,,fbf92af93ac15f8d150c7025d9656048956a6d433ee52b37d2e6b588f02134f4
466,dataset/Vinmec_2D/train/train_image/466.JPG,dataset/Vinmec_2D/train/train_label/label/466.PNG,,423c7931b850f41725a16ab17f755a40d42a32bb36969f7d644f9162a477a9af
604,dataset/Vinmec_2D/train/train_image/604.JPG,dataset/Vinmec_2D/train/train_label/label/604.PNG,,47c3841806e528c57170f6db4b5ffab91bee72729f0423e7c287a13b952d666a
166,dataset/Vinmec_2D/train/train_image/166.JPG,dataset/Vinmec_2D/train/train_label/label/166.PNG,,fc6a100a2f77faf8b80737734f35a0586230e1453fc47ea3b79385daaedc76a6
423,dataset/Vinmec_2D/train/train_image/423.JPG,dataset/Vinmec_2D/train/train_label/label/423.PNG,,952a62eb44f9857dfa4670b0374a73445fe4ac53fb25a43fff851a938f081905
95,dataset/Vinmec_2D/train/train_image/95.JPG,dataset/Vinmec_2D/train/train_label/label/95.PNG,,11c776ac36b97ccba5c281f3948f57e759e60cb96cd390769b50248f9e29a66e
337,dataset/Vinmec_2D/train/train_image/337.JPG,dataset/Vinmec_2D/train/train_label/label/337.PNG,,620712c5727a66a6e05a094387f559623a626607a6cdf3fdba0349e4a9020629
100,dataset/Vinmec_2D/train/train_image/100.JPG,dataset/Vinmec_2D/train/train_label/label/100.PNG,,e979109adfe952a06f5591c67d1f68f1a69447d44d8481fb0d77a8c620bbf03f
869,dataset/Vinmec_2D/train/train_image/869.JPG,dataset/Vinmec_2D/train/train_label/label/869.PNG,,9c63d20afe00c28cf57a11198a1d66e85d8855f67fc10e26293fb35b6f6ca7f2
1278,dataset/Vinmec_2D/train/train_image/1278.JPG,dataset/Vinmec_2D/train/train_label/label/1278.PNG,,d117787ed09bdff021195a4d8b2b1e32250d923a68f4f9d9e9a9b4f4b7867e72
637,dataset/Vinmec_2D/train/train_image/637.JPG,dataset/Vinmec_2D/train/train_label/label/637.PNG,,7800d7b4a257e667e6a16828f7e0a934f78b3449f292ca806ba3e206ba32b5f9
814,dataset/Vinmec_2D/train/train_image/814.JPG,dataset/Vinmec_2D/train/train_label/label/814.PNG,,6605ecd0622f1d288180650e2a0fc9e12438dea0fbd64a65db5dbde280e29a50
1353,dataset/Vinmec_2D/train/train_image/1353.JPG,dataset/Vinmec_2D/train/train_label/label/1353.PNG,,4622d883184169fa24a0a10cfe40d3387a60eb4c129d13494ed06a25d4600fec
46,dataset/Vinmec_2D/train/train_image/46.JPG,dataset/Vinmec_2D/train/train_label/label/46.PNG,,60499561352b5daad26e16bbefcf595e0dfbe0800f193aeb4343cc3add24d6e5
62,dataset/Vinmec_2D/train/train_image/62.JPG,dataset/Vinmec_2D/train/train_label/label/62.PNG,,a3b8503de2bb3e2d68725699d794d73cd93d78d7f504432e5d8f4b74d4a1ad42
612,dataset/Vinmec_2D/train/train_image/612.JPG,dataset/Vinmec_2D/train/train_label/label/612.PNG,,f054354ecd0e17038a61f4264d0851c5460e05321568319240332fb81551aebc
1280,dataset/Vinmec_2D/train/train_image/1280.JPG,dataset/Vinmec_2D/train/train_label/label/1280.PNG,,aee15b8a3d343a3f30e4236348760d499b838dbdc871ae11dd6d8a374d9efb6b
1402,dataset/Vinmec_2D/train/train_image/1402.JPG,dataset/Vinmec_2D/train/train_label/label/1402.PNG,,d4c405571ce08abff76d9470187eb8ac48bc09b6a0c12de34d81839e517a2693
967,dataset/Vinmec_2D/train/train_image/967.JPG,dataset/Vinmec_2D/train/train_label/label/967.PNG,,bdfe15ee56dafe8fc71a0fcd3e837bcf9eb0abb612b231c95454d442c241ef5d
1022,dataset/Vinmec_2D/train/train_image/1022.JPG,dataset/Vinmec_2D/train/train_label/label/1022.PNG,,2ffe09bdd1e0fe2533cfe6b0303289670d79d51d45b5f358a7dbb58c3034002c
1093,dataset/Vinmec_2D/train/train_image/1093.JPG,dataset/Vinmec_2D/train/train_label/label/1093.PNG,,cd0c971946eea68992371feaa34246718fed5ed88151a41cd693641ff24a9381
785,dataset/Vinmec_2D/train/train_image/785.JPG,dataset/Vinmec_2D/train/train_label/label/785.PNG,,e40f3b409f7f07c75d69f4d7e532046c9b15d862957817eda786607c1a5b9ea8
41,dataset/Vinmec_2D/train/train_image/41.JPG,dataset/Vinmec_2D/train/train_label/label/41.PNG,,7cf1f34c9aa61657a8cad68087b3f9b10b6baba63f5732cfdf67786d1f51ec5e
1141,dataset/Vinmec_2D/train/train_image/1141.JPG,dataset/Vinmec_2D/train/train_label/label/1141.PNG,,07bfe50670cc27c4202629df517900ae095bf3b022fe25371a40b18f0137fadf
1424,dataset/Vinmec_2D/train/train_image/1424.JPG,dataset/Vinmec_2D/train/train_label/label/1424.PNG,,983d5efeb4135f493c1c19d3f76427580c4ac95477b4d31c1271e439660514fb
831,dataset/Vinmec_2D/train/train_image/831.JPG,dataset/Vinmec_2D/train/train_label/label/831.PNG,,4af5981312dbf3232bc08790f2bab9cd02ad2735c40d317ef8b3500d40d5ad38
622,dataset/Vinmec_2D/train/train_image/622.JPG,dataset/Vinmec_2D/train/train_label/label/622.PNG,,dc1ac3cf41b5dcc98ff92012fb5d8fa6da5f269cf61177b5a3f850589e5a9cf5
130,dataset/Vinmec_2D/train/train_image/130.JPG,dataset/Vinmec_2D/train/train_label/label/130.PNG,,1d3247305f0f98878e46c79a9b7431ab6413f8dcbb9bb6b171cc7407dbd86c08
764,dataset/Vinmec_2D/train/train_image/764.JPG,dataset/Vinmec_2D/train/train_label/label/764.PNG,,e0a2a414a43b4dbaa612a337bde9029585dd0699711bf1531088391198749509
1236,dataset/Vinmec_2D/train/train_image/1236.JPG,dataset/Vinmec_2D/train/train_label/label/1236.PNG,,61828d8177c13bf5924639126fe1bb1ff54bc2fef993f4a4c3171a6696229d3d
933,dataset/Vinmec_2D/train/train_image/933.JPG,dataset/Vinmec_2D/train/train_label/label/933.PNG,,cfdbafad23fc39b26882206e4db8e37640fc0ca0a2c554d6b09ac169c5dedf79
840,dataset/Vinmec_2D/train/train_image/840.JPG,dataset/Vinmec_2D/train/train_label/label/840.PNG,,d08aea49eac505a1d7d524a50cd124588c8c5a7afe2c1958f968c464003ef2ee
611,dataset/Vinmec_2D/train/train_image/611.JPG,dataset/Vinmec_2D/train/train_label/label/611.PNG,,9408d24a896d45ff3633ecfa5548a2326164f586d3a03d25470f4c89a55c24dd
871,dataset/Vinmec_2D/train/train_image/871.JPG,dataset/Vinmec_2D/train/train_label/label/871.PNG,,02bf61ac432f1c01d82107aa8df28a2872cf1d3fd1f1d3d955cfcd458d7f54b1
1423,dataset/Vinmec_2D/train/train_image/1423.JPG,dataset/Vinmec_2D/train/train_label/label/1423.PNG,,62b9f119bdb06aba937cfbcbf4d334775c8b664be16a6a550a5ffc7617ed503d
1187,dataset/Vinmec_2D/train/train_image/1187.JPG,dataset/Vinmec_2D/train/train_label/label/1187.PNG,,8f42c2612293dd15214f591e90388332d069f67419d6e1f98a206500bda18886
260,dataset/Vinmec_2D/train/train_image/260.JPG,dataset/Vinmec_2D/train/train_label/label/260.PNG,,0850ae2d5073b56db71e0a9d92f8049db3923c78f5085362cbb5dc8a5fd4a4f1
353,dataset/Vinmec_2D/train/train_image/353.JPG,dataset/Vinmec_2D/train/train_label/label/353.PNG,,75379d979f3259a89d2c3317771d5018c4dd28f9337a8cec611fdd645ec76d46
1106,dataset/Vinmec_2D/train/train_image/1106.JPG,dataset/Vinmec_2D/train/train_label/label/1106.PNG,,d16f2d01df171aed0d7802f426e707ecd5c55ef0bd5dff4d2aa3569d2a63d48c
1168,dataset/Vinmec_2D/train/train_image/1168.JPG,dataset/Vinmec_2D/train/train_label/label/1168.PNG,,e4886f21a347d17f273c1b4c625ace69c8653aeb2ab08462de9a68243468eefc
11,dataset/Vinmec_2D/train/train_image/11.JPG,dataset/Vinmec_2D/train/train_label/label/11.PNG,,4ffd98b4e694275bad82f95e6d55b80e34d8687ea6f3361967c0d0be25806520
439,dataset/Vinmec_2D/train/train_image/439.JPG,dataset/Vinmec_2D/train/train_label/label/439.PNG,,baba843cd25fea3b38d2a3f21d315c6c26ad5f0eae334ae6cf974b00e97a5ed4
367,dataset/Vinmec_2D/train/train_image/367.JPG,dataset/Vinmec_2D/train/train_label/label/367.PNG,,6315a6c0ff330baef2592635a6d343f91ecfeece8536ab562db30776972b7078
677,dataset/Vinmec_2D/train/train_image/677.JPG,dataset/Vinmec_2D/train/train_label/label/677.PNG,,0c18a65d46d7197487000a432e9336eb3ee9eb3d3ce12cd5e5b7ab26105aad22
289,dataset/Vinmec_2D/train/train_image/289.JPG,dataset/Vinmec_2D/train/train_label/label/289.PNG,,35a8cfb3a27a19f47d820bc95058097dffc4d5008bec2b2ef6c31e92f93c8094
398,dataset/Vinmec_2D/train/train_image/398.JPG,dataset/Vinmec_2D/train/train_label/label/398.PNG,,85b2cbfc1a4b0550f97951545df8953249164c156629105979fa35da59388cb0
903,dataset/Vinmec_2D/train/train_image/903.JPG,dataset/Vinmec_2D/train/train_label/label/903.PNG,,fb7cd640beec0ba3f4d612ac7ef4c71cd27e4bef256d9edbf8e1f560fff17070
1163,dataset/Vinmec_2D/train/train_image/1163.JPG,dataset/Vinmec_2D/train/train_label/label/1163.PNG,,b3b814bf8c3d66df4a7e72d8553194d3f8ef2afbb7214d992558c773bf663ec5
1310,dataset/Vinmec_2D/train/train_image/1310.JPG,dataset/Vinmec_2D/train/train_label/label/1310.PNG,,57d4f739224589808385d1b8baa6340db1ddf5ad8d67ae39082138a80b97b2cb
362,dataset/Vinmec_2D/train/train_image/362.JPG,dataset/Vinmec_2D/train/train_label/label/362.PNG,,64e62385267f74b0fea60076878e90078c766171ba3c14087380b23ea1396173
7,dataset/Vinmec_2D/train/train_image/7.JPG,dataset/Vinmec_2D/train/train_label/label/7.PNG,,2ab87390716f3d6f2edc1825e222efa498d58a5add73eb328b9d085a440a13e6
1417,dataset/Vinmec_2D/train/train_image/1417.JPG,dataset/Vinmec_2D/train/train_label/label/1417.PNG,,55e2fd3d0029836cf21673c74b2a2ecf405e68b2ded2e330872c7d51266a8c21
45,dataset/Vinmec_2D/train/train_image/45.JPG,dataset/Vinmec_2D/train/train_label/label/45.PNG,,c3f82009a783225668119e5d757a5213801d449bd230a3a794b6e153020ca855
1222,dataset/Vinmec_2D/train/train_image/1222.JPG,dataset/Vinmec_2D/train/train_label/label/1222.PNG,,cb60e339d4ddf69297e251538fa66e6ad9993ead2db8c235fe6cacd9da0effaf
675,dataset/Vinmec_2D/train/train_image/675.JPG,dataset/Vinmec_2D/train/train_label/label/675.PNG,,d145f3b432d9de83af18a58cf29827bd2eead8314a02ae3530be40f347bbc4c8
1355,dataset/Vinmec_2D/train/train_image/1355.JPG,dataset/Vinmec_2D/train/train_label/label/1355.PNG,,155d7960e3905aa6c0761784882653307d7e546de1369b992576f994e608eb46
696,dataset/Vinmec_2D/train/train_image/696.JPG,dataset/Vinmec_2D/train/train_label/label/696.PNG,,62d6152037ae5472b714143c3512ece880d554568e1f4a19e1761ab01c9291b8
1465,dataset/Vinmec_2D/train/train_image/1465.JPG,dataset/Vinmec_2D/train/train_label/label/1465.PNG,,8ce3590511cf61eae825e14b25b5a385585d0dca179c3b3263a9b8f97d62ad51
1408,dataset/Vinmec_2D/train/train_image/1408.JPG,dataset/Vinmec_2D/train/train_label/label/1408.PNG,,2c8a7b5a8c9b3c57a81203ac04289a3d67b583ef3a3a9710c10bf71c2372ea73
526,dataset/Vinmec_2D/train/train_image/526.JPG,dataset/Vinmec_2D/train/train_label/label/526.PNG,,b1002f229d22d0c38f98a3dac340f637416e7664104f13e08e6893a522b21d39
641,dataset/Vinmec_2D/train/train_image/641.JPG,dataset/Vinmec_2D/train/train_label/label/641.PNG,,ba6ff96aa3acc9a7a36175adba6338527c5f8491ddf82cb2e46775b845c6517f
238,dataset/Vinmec_2D/train/train_image/238.JPG,dataset/Vinmec_2D/train/train_label/label/238.PNG,,f29d531d4e2be84b95cc302b3d27a80c02b04847cc97ece6f49da3c8cce2f46b
818,dataset/Vinmec_2D/train/train_image/818.JPG,dataset/Vinmec_2D/train/train_label/label/818.PNG,,36030764f01ec9804a7f289af08695dd7a46bd28eef8bcb694dd1417db4bd0e0
1119,dataset/Vinmec_2D/train/train_image/1119.JPG,dataset/Vinmec_2D/train/train_label/label/1119.PNG,,73cc243caf0bcc9d2bdf302a767153918a694f0e291a063f1067cdff1c588790
819,dataset/Vinmec_2D/train/train_image/819.JPG,dataset/Vinmec_2D/train/train_label/label/819.PNG,,9851e4b9f6f2e7488cc6d5f20b3e637443476c70a1dc91fa69b95fae534f3196
1103,dataset/Vinmec_2D/train/train_image/1103.JPG,dataset/Vinmec_2D/train/train_label/label/1103.PNG,,7996aa084b7cbc4bc18ede26b5c992355865a22e8872d22526729cb766dcb865
1128,dataset/Vinmec_2D/train/train_image/1128.JPG,dataset/Vinmec_2D/train/train_label/label/1128.PNG,,4a75ba0babac446e26b9b9f5e46e6bcef6ddf49772c5dd129e645a5a392c4feb
1008,dataset/Vinmec_2D/train/train_image/1008.JPG,dataset/Vinmec_2D/train/train_label/label/1008.PNG,,b947c8b915c3b46981dcc7577d367b7a6cd64611f268d927f29d880217654565
935,dataset/Vinmec_2D/train/train_image/935.JPG,dataset/Vinmec_2D/train/train_label/label/935.PNG,,6c18e213b9017f1545a5143ade978f20172c09df456ff339eb9569414a91a9a2
1391,dataset/Vinmec_2D/train/train_image/1391.JPG,dataset/Vinmec_2D/train/train_label/label/1391.PNG,,694904f5315f1dfedb7fcd3edfed0e04df7063d9ff22efd62be5bb72c5b13eed
6,dataset/Vinmec_2D/train/train_image/6.JPG,dataset/Vinmec_2D/train/train_label/label/6.PNG,,0ae9b9859121af5f37707d94f62f8dc982355d3e3dd69d290b7f0479d5732416
1036,dataset/Vinmec_2D/train/train_image/1036.JPG,dataset/Vinmec_2D/train/train_label/label/1036.PNG,,16b284a59d816d597e6db30fbd522561f3ac3edebc9118e1c401714d8f23aa11
259,dataset/Vinmec_2D/train/train_image/259.JPG,dataset/Vinmec_2D/train/train_label/label/259.PNG,,a76636d73688a5c7c4d0962e9ce8532c2ebae5e0c6194bbf966651ccbc81705a
761,dataset/Vinmec_2D/train/train_image/761.JPG,dataset/Vinmec_2D/train/train_label/label/761.PNG,,89f14ca64c89739bf18891cfe61f8319b5a51faf1eee2b843611624f43fd04e0
1380,dataset/Vinmec_2D/train/train_image/1380.JPG,dataset/Vinmec_2D/train/train_label/label/1380.PNG,,40e7e2e1cd061f71e2294eb5955ef168ef9cbd85ca2a13214983954a0cf6b68f
1422,dataset/Vinmec_2D/train/train_image/1422.JPG,dataset/Vinmec_2D/train/train_label/label/1422.PNG,,4ff90ff0e843f9237f6f60b85b6ccf06afca1c19f439394722f3ce70f17b4466
1205,dataset/Vinmec_2D/train/train_image/1205.JPG,dataset/Vinmec_2D/train/train_label/label/1205.PNG,,4e0f2d81dfc598afde7363d2af36632573b4748999bec17e18574853e32cfae4
419,dataset/Vinmec_2D/train/train_image/419.JPG,dataset/Vinmec_2D/train/train_label/label/419.PNG,,19ddc6a28bade3ca779e1b351c81377fc99b77e2b7af3a9a5bbc8fbfdf76659f
533,dataset/Vinmec_2D/train/train_image/533.JPG,dataset/Vinmec_2D/train/train_label/label/533.PNG,,8dbd90dbb7e40ca2599013f8eaef0a683fb0ad46e8c2232bc6e508781d0e864a
405,dataset/Vinmec_2D/train/train_image/405.JPG,dataset/Vinmec_2D/train/train_label/label/405.PNG,,95ac8131d667598a971ad2fa4bd1fa70b9ffd079af1b4a778c75cf61db710003
865,dataset/Vinmec_2D/train/train_image/865.JPG,dataset/Vinmec_2D/train/train_label/label/865.PNG,,dfe28e542eea6030540d2b4f048e36c7c41d4b33e8e25219e3469069c91ab013
78,dataset/Vinmec_2D/train/train_image/78.JPG,dataset/Vinmec_2D/train/train_label/label/78.PNG,,8d08dce4383bf855d8d1bef2ce2e879b88b11d60cc1d5ee0c4db979c77ebcf44
207,dataset/Vinmec_2D/train/train_image/207.JPG,dataset/Vinmec_2D/train/train_label/label/207.PNG,,7c5faee220c85a7b8507473b31b8127a68fdb8ebf4e395667df13a14b6b93c05
133,dataset/Vinmec_2D/train/train_image/133.JPG,dataset/Vinmec_2D/train/train_label/label/133.PNG,,37c733e7dbb7834e91fc5fa537a29f4ddb1c408f6efa36bdcaada7e47f2b5a99
727,dataset/Vinmec_2D/train/train_image/727.JPG,dataset/Vinmec_2D/train/train_label/label/727.PNG,,7cfe2580dff6cc00d996251a6ac0c10c9b2bc33fadd00f9c2e114339630b7d1d
811,dataset/Vinmec_2D/train/train_image/811.JPG,dataset/Vinmec_2D/train/train_label/label/811.PNG,,a2cfe44b708917d825b9a5cc13f8e67148983c049234384ec35f4ec444356bd3
381,dataset/Vinmec_2D/train/train_image/381.JPG,dataset/Vinmec_2D/train/train_label/label/381.PNG,,4e38d403ee252ae4f1a41c04d696b84b2cce882b62b857583b841ad79daf4d5a
56,dataset/Vinmec_2D/train/train_image/56.JPG,dataset/Vinmec_2D/train/train_label/label/56.PNG,,94ac78cc4deed26068320577d8309046b3cb838dde32cd5bb83c0fd3a0199447
795,dataset/Vinmec_2D/train/train_image/795.JPG,dataset/Vinmec_2D/train/train_label/label/795.PNG,,d0859179f5abfc04cf20ee7ebf24011d9a34e93fb06103b9a71fb9b128065473
1279,dataset/Vinmec_2D/train/train_image/1279.JPG,dataset/Vinmec_2D/train/train_label/label/1279.PNG,,27fe4f43cfaddee8e01313f45a45d6963a9dc01ed3d181c1d80a894f03b253f2
593,dataset/Vinmec_2D/train/train_image/593.JPG,dataset/Vinmec_2D/train/train_label/label/593.PNG,,20ab6af9a6506b24f5b0f2f016b83e42d8a8a0c599a7ae5be668222096ece269
451,dataset/Vinmec_2D/train/train_image/451.JPG,dataset/Vinmec_2D/train/train_label/label/451.PNG,,7aabfca4ac6204c72f3bc0a80d2eab2ccb06d1318697b80f56ee72c91290e77b
1215,dataset/Vinmec_2D/train/train_image/1215.JPG,dataset/Vinmec_2D/train/train_label/label/1215.PNG,,e29b889f52ba4c382eebf308b171024ce93b2218e7e1c836216f13b67d4854bd
1211,dataset/Vinmec_2D/train/train_image/1211.JPG,dataset/Vinmec_2D/train/train_label/label/1211.PNG,,2ebb3541f814adb48ca4549c8061a5d6974e6a2d40cb950eccabb070d860aca1
565,dataset/Vinmec_2D/train/train_image/565.JPG,dataset/Vinmec_2D/train/train_label/label/565.PNG,,b6ff6469c17d224a1d6674a7c7b6acc2287c4dace4c662685318121ade1da2d8
1125,dataset/Vinmec_2D/train/train_image/1125.JPG,dataset/Vinmec_2D/train/train_label/label/1125.PNG,,0b448facd409a85d83bb6473ce4e59d6f73f13ac6fd2445d996f273c2fa64ed1
465,dataset/Vinmec_2D/train/train_image/465.JPG,dataset/Vinmec_2D/train/train_label/label/465.PNG,,ac51ba134e25b1edbf06b7621554d0c8f04fb975bce005b87ceb28ce149559f0
1152,dataset/Vinmec_2D/train/train_image/1152.JPG,dataset/Vinmec_2D/train/train_label/label/1152.PNG,,5f1353dcdefb5a7a075d345a94958d03f6b96a062a2953c5ad90dfa8677f1e67
881,dataset/Vinmec_2D/train/train_image/881.JPG,dataset/Vinmec_2D/train/train_label/label/881.PNG,,4be0299f513d2ad28a1befb0996612bea71ed64a3e23ee2520976ac3ef8966fd
81,dataset/Vinmec_2D/train/train_image/81.JPG,dataset/Vinmec_2D/train/train_label/label/81.PNG,,858bcb2196b0ba047a1167103c65cd7eb01883a45091cebd9bef035934d37389
1414,dataset/Vinmec_2D/train/train_image/1414.JPG,dataset/Vinmec_2D/train/train_label/label/1414.PNG,,110d53acd121a1984d148db341949cc49786cb909f0bf256f4c1c4c9f75b1c32
1102,dataset/Vinmec_2D/train/train_image/1102.JPG,dataset/Vinmec_2D/train/train_label/label/1102.PNG,,7cbce6f8ef1e743821d0caf273cec93a2a6fb0fc8eeb6bcf61eaddc70e61526f
1412,dataset/Vinmec_2D/train/train_image/1412.JPG,dataset/Vinmec_2D/train/train_label/label/1412.PNG,,75fb015f17d50232015c84000f43f4f5f45cc131551b5e795aab07e85cfe0571
199,dataset/Vinmec_2D/train/train_image/199.JPG,dataset/Vinmec_2D/train/train_label/label/199.PNG,,a7b5ac4f9795e5763cb6b463aa2be73d5140b87e80825ab1cfc131b5f725f9b7
300,dataset/Vinmec_2D/train/train_image/300.JPG,dataset/Vinmec_2D/train/train_label/label/300.PNG,,e4f4791b3a97b035644f54d2dd41225b86585ae0393ec4b63d2fd079b4ce9015
742,dataset/Vinmec_2D/train/train_image/742.JPG,dataset/Vinmec_2D/train/train_label/label/742.PNG,,fd6bb7cf17845e9e2b5b66eeae735019cd8e1c641fd8c2a850f390663c29fcd7
1029,dataset/Vinmec_2D/train/train_image/1029.JPG,dataset/Vinmec_2D/train/train_label/label/1029.PNG,,d61d0730994e76a06448a33381cf9ca3c76157a4534c106fd9956478120e33e0
469,dataset/Vinmec_2D/train/train_image/469.JPG,dataset/Vinmec_2D/train/train_label/label/469.PNG,,f7eaa6e7c112c12d0709653e7f1a5906ae6151cd718bddbafff4616fa1228359
224,dataset/Vinmec_2D/train/train_image/224.JPG,dataset/Vinmec_2D/train/train_label/label/224.PNG,,4efcab8f72ef150bd8b2190ddd6035e3ecd264232ce616b4730f97a5be543c51
676,dataset/Vinmec_2D/train/train_image/676.JPG,dataset/Vinmec_2D/train/train_label/label/676.PNG,,f3e27f319fd5098590cfa43092c35d2be758e0843830f85df6c596db88fa0133
1,dataset/Vinmec_2D/train/train_image/1.JPG,dataset/Vinmec_2D/train/train_label/label/1.PNG,,c8de55e4ba5d1142e118b18764f3e225826243a0b6a62d349304de098489de1a
563,dataset/Vinmec_2D/train/train_image/563.JPG,dataset/Vinmec_2D/train/train_label/label/563.PNG,,cd12f745c7371b617d0d5db8a087b27b48a57356a6fc652ac16c790bd0069f05
577,dataset/Vinmec_2D/train/train_image/577.JPG,dataset/Vinmec_2D/train/train_label/label/577.PNG,,9668b90d0dda8f4b5aa050ed498019813b369d8e2cf1d01e7f5919c7580d55de
1265,dataset/Vinmec_2D/train/train_image/1265.JPG,dataset/Vinmec_2D/train/train_label/label/1265.PNG,,256308f4188f3315a58394772b0b53e6c96022a59afb8b20922796203f18674a
312,dataset/Vinmec_2D/train/train_image/312.JPG,dataset/Vinmec_2D/train/train_label/label/312.PNG,,ab2c51727480564abb2b74548e24741233f97bf4027bcbb7ecb838d65e607768
767,dataset/Vinmec_2D/train/train_image/767.JPG,dataset/Vinmec_2D/train/train_label/label/767.PNG,,a2c4e80b3730bc15c98a6674fdc8629fcee583c4b2c14315d7c06bb84e6996c1
943,dataset/Vinmec_2D/train/train_image/943.JPG,dataset/Vinmec_2D/train/train_label/label/943.PNG,,cd84d1b815ad331766b2a946ee723a75db552fd9d8f5a978187481af34594d55
838,dataset/Vinmec_2D/train/train_image/838.JPG,dataset/Vinmec_2D/train/train_label/label/838.PNG,,82cc1495d931a2ff0470a469f4dae5547170ee4310603a7a54ebae8fb9599570
836,dataset/Vinmec_2D/train/train_image/836.JPG,dataset/Vinmec_2D/train/train_label/label/836.PNG,,a2b92e5eee9e3b74623b6fbe3ed1382664758092e7d312cc377d2c0f0c4ba47c
189,dataset/Vinmec_2D/train/train_image/189.JPG,dataset/Vinmec_2D/train/train_label/label/189.PNG,,ed27e74c59e84007b15ab949d97215faa0f13d384c930c1a25139248def4351c
72,dataset/Vinmec_2D/train/train_image/72.JPG,dataset/Vinmec_2D/train/train_label/label/72.PNG,,fb2c73001327e131c0244071b1665f098dc670eb2d100dcbd5e07e30f7b6f5d3
1183,dataset/Vinmec_2D/train/train_image/1183.JPG,dataset/Vinmec_2D/train/train_label/label/1183.PNG,,791a2914d33affdaa611bd04de586272bdb96ab4e03e05c07adfc665c538a6f7
505,dataset/Vinmec_2D/train/train_image/505.JPG,dataset/Vinmec_2D/train/train_label/label/505.PNG,,0474b9a935f786777b33e3b3200ace2836d7676c0ddaeecff7d0286a4409773a
1296,dataset/Vinmec_2D/train/train_image/1296.JPG,dataset/Vinmec_2D/train/train_label/label/1296.PNG,,c65f48aa7d350474e826b526dcdbbb96c9ae9e521d87d94d820794721f89a065
491,dataset/Vinmec_2D/train/train_image/491.JPG,dataset/Vinmec_2D/train/train_label/label/491.PNG,,40d968f2294bd55619f89643ad7f058e774c41f1be68930931c2275821c77d0f
786,dataset/Vinmec_2D/train/train_image/786.JPG,dataset/Vinmec_2D/train/train_label/label/786.PNG,,e8230a560bf5e0bbaa98cf2299a54c56b89cd2e37e77aee0b9078813676bbe0e
1000,dataset/Vinmec_2D/train/train_image/1000.JPG,dataset/Vinmec_2D/train/train_label/label/1000.PNG,,cb3b01e8756d6ee28a7f3d7cf9a3a7a15a56efa9934f3ac768e9dd42baca7ad8
853,dataset/Vinmec_2D/train/train_image/853.JPG,dataset/Vinmec_2D/train/train_label/label/853.PNG,,dfb8293923bb24ebcaa5ca434de500656aeb601e2f93f0883e053d0572dd2b9b
1261,dataset/Vinmec_2D/train/train_image/1261.JPG,dataset/Vinmec_2D/train/train_label/label/1261.PNG,,2e75062c370d0ff1d248ae8053212bcc0f361f5f475ca397254d20a159aef403
401,dataset/Vinmec_2D/train/train_image/401.JPG,dataset/Vinmec_2D/train/train_label/label/401.PNG,,583613593f8185665b1a6c19d4c77f4fc9e9b429ca20570a1a3c8794c0956d60
977,dataset/Vinmec_2D/train/train_image/977.JPG,dataset/Vinmec_2D/train/train_label/label/977.PNG,,dc62c0c8b568e3dac78740a65919dadfedd6709db0d295bc1069cec17069f2d5
997,dataset/Vinmec_2D/train/train_image/997.JPG,dataset/Vinmec_2D/train/train_label/label/997.PNG,,d1daa3179c2f6dbcdf05355cecb7e915cbfdbb92939727fc1474b38a2148ba5f
92,dataset/Vinmec_2D/train/train_image/92.JPG,dataset/Vinmec_2D/train/train_label/label/92.PNG,,dee25838d726045258a89b484a1dbbe3892c098e7535971d517507a12ed718ea
737,dataset/Vinmec_2D/train/train_image/737.JPG,dataset/Vinmec_2D/train/train_label/label/737.PNG,,5e027f7f028176c58ab0a05923ff23528a6a8ca28ad5b9d1fab47a166180095a
942,dataset/Vinmec_2D/train/train_image/942.JPG,dataset/Vinmec_2D/train/train_label/label/942.PNG,,ff66bec5547917372ca605d4a879ecb828a29bde4133b98b7ad829166a9f3845
891,dataset/Vinmec_2D/train/train_image/891.JPG,dataset/Vinmec_2D/train/train_label/label/891.PNG,,8ae8dfd313a9c6694441da32b7a55731329eb07bc9569b3fde444e0dcaec186a
1194,dataset/Vinmec_2D/train/train_image/1194.JPG,dataset/Vinmec_2D/train/train_label/label/1194.PNG,,267fafd380ce6786bde2f5d307f52f6a4142dec8bd7a4080eb301e391f70fa35
1016,dataset/Vinmec_2D/train/train_image/1016.JPG,dataset/Vinmec_2D/train/train_label/label/1016.PNG,,f5c76b99f8ca4c86ca2623945000e8124f3d63160300ba2cb91f786dd1fb0fbe
599,dataset/Vinmec_2D/train/train_image/599.JPG,dataset/Vinmec_2D/train/train_label/label/599.PNG,,f5f8c77d4f7f4560dd5f33385a646176bf864e667b1ae51ab718e728a7426b7e
1426,dataset/Vinmec_2D/train/train_image/1426.JPG,dataset/Vinmec_2D/train/train_label/label/1426.PNG,,ae3a3f33616e5d5e7fea8d1b6739ac2e61eb4bcea83d44ca105745c00f858de7
561,dataset/Vinmec_2D/train/train_image/561.JPG,dataset/Vinmec_2D/train/train_label/label/561.PNG,,39be23929059186a1628d186b248c512da1a589fc74e933c9fdac0364388e72a
44,dataset/Vinmec_2D/train/train_image/44.JPG,dataset/Vinmec_2D/train/train_label/label/44.PNG,,c3efd10b0293f61b4c9b062d0afc5f830164e4bedb7ff7329298562487f29dc5
763,dataset/Vinmec_2D/train/train_image/763.JPG,dataset/Vinmec_2D/train/train_label/label/763.PNG,,13aaa26ce6dbd548c09f02aa9ef6e2c8bd82db19f2980f3a41e7a2423020ee82
324,dataset/Vinmec_2D/train/train_image/324.JPG,dataset/Vinmec_2D/train/train_label/label/324.PNG,,94c5acca538db8546e3aa148f421be00dfa3eb913e73992e3600a8f0ee93e329
33,dataset/Vinmec_2D/train/train_image/33.JPG,dataset/Vinmec_2D/train/train_label/label/33.PNG,,3617b02e9b84aa1c6b4caf6cd62e6199c7d37e6f6d169331aa5356ff12f8c5f0
1112,dataset/Vinmec_2D/train/train_image/1112.JPG,dataset/Vinmec_2D/train/train_label/label/1112.PNG,,6ff10623f6c4e55a8a1e644376644bdd638e9e842a428f3dd729adeea4e77552
673,dataset/Vinmec_2D/train/train_image/673.JPG,dataset/Vinmec_2D/train/train_label/label/673.PNG,,1a87d1ec07f5bbeb8a27ba319a9166103921a12f6a91763fa42696fab80f16d0
920,dataset/Vinmec_2D/train/train_image/920.JPG,dataset/Vinmec_2D/train/train_label/label/920.PNG,,393b1350f478704d9ad732551e1e8533c76a88370f8231e906feee1a06c47f46
926,dataset/Vinmec_2D/train/train_image/926.JPG,dataset/Vinmec_2D/train/train_label/label/926.PNG,,59993fcf77a1e9c77c428c5f595884af4ee3edadf4ddd68e12bda04168df4161
721,dataset/Vinmec_2D/train/train_image/721.JPG,dataset/Vinmec_2D/train/train_label/label/721.PNG,,b46d308cf556e997aef284f150a932e180f8f75552e153f53a7c83dc76381412
1253,dataset/Vinmec_2D/train/train_image/1253.JPG,dataset/Vinmec_2D/train/train_label/label/1253.PNG,,ac67168066137d9ed9eaf707e0e368e3d22efdd97fb3b2e8979bf6c66572467c
1189,dataset/Vinmec_2D/train/train_image/1189.JPG,dataset/Vinmec_2D/train/train_label/label/1189.PNG,,fa931b464a68a6d01cb8db3b4ec04caa19dd4b90dec6649f78a6505fb70c20de
1087,dataset/Vinmec_2D/train/train_image/1087.JPG,dataset/Vinmec_2D/train/train_label/label/1087.PNG,,bb198e336d98663059ca461b1ffb9f6da3594f2e3933a762e669eeb4eee41f1e
1159,dataset/Vinmec_2D/train/train_image/1159.JPG,dataset/Vinmec_2D/train/train_label/label/1159.PNG,,eb4097fc22ac565ff099658f339b8bf75fcb2f63085ffe59a8eb96cd372fcfc4
480,dataset/Vinmec_2D/train/train_image/480.JPG,dataset/Vinmec_2D/train/train_label/label/480.PNG,,4a56da3a9a97fdb2c4848c43bacbf04e8fb96e75e2a4d1126e11b136ee9258c8
513,dataset/Vinmec_2D/train/train_image/513.JPG,dataset/Vinmec_2D/train/train_label/label/513.PNG,,3ba20469fd4e7893573e41e69cd2aa92f8ed1ef6e563438928d5d0485e537974
1231,dataset/Vinmec_2D/train/train_image/1231.JPG,dataset/Vinmec_2D/train/train_label/label/1231.PNG,,38857635493dcb98396dc5b1443da99f1e0cba2eca4cdbc3dd675adb0dae7c58
823,dataset/Vinmec_2D/train/train_image/823.JPG,dataset/Vinmec_2D/train/train_label/label/823.PNG,,9e20b199663f3d754154750c327722cc257ed47a5b859cf41300c742d533181b
874,dataset/Vinmec_2D/train/train_image/874.JPG,dataset/Vinmec_2D/train/train_label/label/874.PNG,,9250fde18e2f2acc591e5b7ca66f06b4b77f15f4d483732568391ab0b85f0fcc
348,dataset/Vinmec_2D/train/train_image/348.JPG,dataset/Vinmec_2D/train/train_label/label/348.PNG,,a43d3df3c76d3c18c5d10c6256ea595c5fdbbfcf8a44218b3f8ba5d7f74c2505
645,dataset/Vinmec_2D/train/train_image/645.JPG,dataset/Vinmec_2D/train/train_label/label/645.PNG,,b0bbeaf0f2884afcc378ba09af640d51962dbac79117bc6db10120f7f6b9d1bc
395,dataset/Vinmec_2D/train/train_image/395.JPG,dataset/Vinmec_2D/train/train_label/label/395.PNG,,b863cbf86997b4a5e048eb834844a7dcd8a27203c6f48b1deb1e27874c253a4c
646,dataset/Vinmec_2D/train/train_image/646.JPG,dataset/Vinmec_2D/train/train_label/label/646.PNG,,2fe4e391b03f8c3fc2a82de2369fbe475fd4bc218b4f131bb1ea6940dca7af48
1443,dataset/Vinmec_2D/train/train_image/1443.JPG,dataset/Vinmec_2D/train/train_label/label/1443.PNG,,25f7476a4c17e61eb5465cd315f537f9178592d44a5c215a0221f2e6bf8aeab3
576,dataset/Vinmec_2D/train/train_image/576.JPG,dataset/Vinmec_2D/train/train_label/label/576.PNG,,fb4a6005190e8aadcf8f0b87926ef9bc80788f4cf92b44419a671b758fb009d4
946,dataset/Vinmec_2D/train/train_image/946.JPG,dataset/Vinmec_2D/train/train_label/label/946.PNG,,a92e7911474e3dff2668a86fc3587768c87dfa8e418a119a9076d059f0215504
1421,dataset/Vinmec_2D/train/train_image/1421.JPG,dataset/Vinmec_2D/train/train_label/label/1421.PNG,,8e73fc915f9993fa3569294b334d0017939cb1d75c675f7a1fe64ee042bf9094
984,dataset/Vinmec_2D/train/train_image/984.JPG,dataset/Vinmec_2D/train/train_label/label/984.PNG,,c5c66832259e9f578efe95d5bd3f0899e1981812336ed898c76077a5cb11eb39
1446,dataset/Vinmec_2D/train/train_image/1446.JPG,dataset/Vinmec_2D/train/train_label/label/1446.PNG,,188f5407cdca256d5245f7dff415052847489b903412f06816451b8fcbfc6c8c
1240,dataset/Vinmec_2D/train/train_image/1240.JPG,dataset/Vinmec_2D/train/train_label/label/1240.PNG,,492921254526598c15e30e787dd7fc6ff034f0e5aa6662f8048c772b6b074115
427,dataset/Vinmec_2D/train/train_image/427.JPG,dataset/Vinmec_2D/train/train_label/label/427.PNG,,796804e7ac14c2bfb6a49a34eee1190c449abf022c887b90e951d90340bdabb0
739,dataset/Vinmec_2D/train/train_image/739.JPG,dataset/Vinmec_2D/train/train_label/label/739.PNG,,353f4efb7c6708ec76f1afd7d901533f9408eb8d7579ab31d0be64588485a5ae
343,dataset/Vinmec_2D/train/train_image/343.JPG,dataset/Vinmec_2D/train/train_label/label/343.PNG,,09104239f2d6320526f78a4bf90f2eed656569e47a7a24a951125fc7fbdf40e9
490,dataset/Vinmec_2D/train/train_image/490.JPG,dataset/Vinmec_2D/train/train_label/label/490.PNG,,d156a4f92e549a8c8e9aa44df041e019acd6eb505c8f7245c0051484efa8a744
759,dataset/Vinmec_2D/train/train_image/759.JPG,dataset/Vinmec_2D/train/train_label/label/759.PNG,,f9d82eb859ae01be7565b3f9be1e5d28f38ca619f2c6a2a8aa5fe2594541fdb9
1351,dataset/Vinmec_2D/train/train_image/1351.JPG,dataset/Vinmec_2D/train/train_label/label/1351.PNG,,86f614f7a0fc8ffdceca55131a8c2d10ed85af4ccaad39eb9d0ea78bb889f26d
211,dataset/Vinmec_2D/train/train_image/211.JPG,dataset/Vinmec_2D/train/train_label/label/211.PNG,,3546e51bd7e07850bfef0f2198a3e400c726b69a6277019f439f67cbed48e778
616,dataset/Vinmec_2D/train/train_image/616.JPG,dataset/Vinmec_2D/train/train_label/label/616.PNG,,79c09d0fcd5a04da2846ea64c869a69890f8615bb8fe2ad6aedb270f4338f436
1350,dataset/Vinmec_2D/train/train_image/1350.JPG,dataset/Vinmec_2D/train/train_label/label/1350.PNG,,8e304197b48d22e4047bb5cf9d64960ff7ddd6a2bcab76d8f622a3db458ce7ce
1117,dataset/Vinmec_2D/train/train_image/1117.JPG,dataset/Vinmec_2D/train/train_label/label/1117.PNG,,5f2bf120d3eef12397e265424c598b3de59f6e9121600f5a13f52693bbcb62bc
1449,dataset/Vinmec_2D/train/train_image/1449.JPG,dataset/Vinmec_2D/train/train_label/label/1449.PNG,,6f5c8688169d341a81f6c3ad96d63c56dc0456a695f9a87af9e4a9b0ba27e262
35,dataset/Vinmec_2D/train/train_image/35.JPG,dataset/Vinmec_2D/train/train_label/label/35.PNG,,5ff83d055cf78356390ee8a7556e897f33fa53a3facc5ace9f64f460ebb00059
212,dataset/Vinmec_2D/train/train_image/212.JPG,dataset/Vinmec_2D/train/train_label/label/212.PNG,,5558395586d128d4bc788517d55b2b97c999d528389732bbc0d3ba73db8eb667
969,dataset/Vinmec_2D/train/train_image/969.JPG,dataset/Vinmec_2D/train/train_label/label/969.PNG,,6f6e8be2f3060c54c0e3b76e94f673b955b17af87efa41d11a262d35d95bfc78
139,dataset/Vinmec_2D/train/train_image/139.JPG,dataset/Vinmec_2D/train/train_label/label/139.PNG,,b2a8e07e31e7bf642199b6479aa859d5a43c7c5203ad55619ca44d5ac1b406da
1100,dataset/Vinmec_2D/train/train_image/1100.JPG,dataset/Vinmec_2D/train/train_label/label/1100.PNG,,565a6c5b842ab4722342504f5f1f2877edf8f433c0916d12f929253d18bcb4b3
226,dataset/Vinmec_2D/train/train_image/226.JPG,dataset/Vinmec_2D/train/train_label/label/226.PNG,,6b7479ec7be3cc8fa747fb8edc313f25bd0986849d2acb5ff6c67fb817179dd7
80,dataset/Vinmec_2D/train/train_image/80.JPG,dataset/Vinmec_2D/train/train_label/label/80.PNG,,33aecb3cde6c73f3a262865aed1a7a29ca686903de5ac9252822be1b24f90767
1370,dataset/Vinmec_2D/train/train_image/1370.JPG,dataset/Vinmec_2D/train/train_label/label/1370.PNG,,b1a75ca1824ecee2ec114d9ad19678e8fef4d3dc2bef7f7ff284c6efc1f07f01
603,dataset/Vinmec_2D/train/train_image/603.JPG,dataset/Vinmec_2D/train/train_label/label/603.PNG,,6d98b37a7e481c46af3db2e6057a54fb2053c508453bb56f6845f6dfa893fc53
805,dataset/Vinmec_2D/train/train_image/805.JPG,dataset/Vinmec_2D/train/train_label/label/805.PNG,,186626ffcc6883b84e3a7c556e5f043ecee454b8c75ff3b8ad7cd87879c59484
736,dataset/Vinmec_2D/train/train_image/736.JPG,dataset/Vinmec_2D/train/train_label/label/736.PNG,,573238169c0675109e5554e77519b628b6abf229fb51fb3cb40479d29f3a87d8
1451,dataset/Vinmec_2D/train/train_image/1451.JPG,dataset/Vinmec_2D/train/train_label/label/1451.PNG,,16080359bdee0bd86285af31cd078bce8f132f6c644fab360c208e9c536e1e45
320,dataset/Vinmec_2D/train/train_image/320.JPG,dataset/Vinmec_2D/train/train_label/label/320.PNG,,3661498807676ce0ea171e35f9daaec97b56a7f4e6d4e5024ccde253a1c279bf
433,dataset/Vinmec_2D/train/train_image/433.JPG,dataset/Vinmec_2D/train/train_label/label/433.PNG,,e3e12d433380cd0c62e54a0d28b3920e2983c48bf89e572e6b0457432714b66f
1272,dataset/Vinmec_2D/train/train_image/1272.JPG,dataset/Vinmec_2D/train/train_label/label/1272.PNG,,3d42b025e79f33bb3fd8788658f3bcdd085999cde065081b0a8aa5bf6ea99d88
99,dataset/Vinmec_2D/train/train_image/99.JPG,dataset/Vinmec_2D/train/train_label/label/99.PNG,,a41bb660778273417abf13a09dae46d095547e1e5d4b7913ac22b67ed1e098cf
569,dataset/Vinmec_2D/train/train_image/569.JPG,dataset/Vinmec_2D/train/train_label/label/569.PNG,,2d5202b0ff3a53786e92c72aab7088c1f374999264e68bdca6af7091624f58b8
1286,dataset/Vinmec_2D/train/train_image/1286.JPG,dataset/Vinmec_2D/train/train_label/label/1286.PNG,,8a7eb8a03c60625c1da76f770627c3240bf0af8e2fac5b445579d6d7c223243c
852,dataset/Vinmec_2D/train/train_image/852.JPG,dataset/Vinmec_2D/train/train_label/label/852.PNG,,d0837a9620ddfa113d6cc840b0033f087a269b3d48a534f05f68ded9fec00345
695,dataset/Vinmec_2D/train/train_image/695.JPG,dataset/Vinmec_2D/train/train_label/label/695.PNG,,798f0b9d910be0b15345b98bdbe2ca3240b755ff392e945ed34b8ffded623368
1129,dataset/Vinmec_2D/train/train_image/1129.JPG,dataset/Vinmec_2D/train/train_label/label/1129.PNG,,cd05d54b819192fae54b3c468d38285980830d1afac8fa871f7ded1d12635ab2
749,dataset/Vinmec_2D/train/train_image/749.JPG,dataset/Vinmec_2D/train/train_label/label/749.PNG,,028058b1b33ab48c847187faf3aa9e3ab6c4b245ba7c1f6b808ace9acedc797d
798,dataset/Vinmec_2D/train/train_image/798.JPG,dataset/Vinmec_2D/train/train_label/label/798.PNG,,757b4f23c8eca983d566932466b301bdf84f111fbe802d75b59b62d889799af7
940,dataset/Vinmec_2D/train/train_image/940.JPG,dataset/Vinmec_2D/train/train_label/label/940.PNG,,042253c6e09624b9546ba339531347e34ed76a2e3d4e6bb9825efeaf3419f6bf
1448,dataset/Vinmec_2D/train/train_image/1448.JPG,dataset/Vinmec_2D/train/train_label/label/1448.PNG,,a7155f39e8cceeae8977e009fe412f20805b7fd2a597f2c5ab274c584c662ace
777,dataset/Vinmec_2D/train/train_image/777.JPG,dataset/Vinmec_2D/train/train_label/label/777.PNG,,3c49eb1b6d92f7cf87b46d297618905bd64d11d59a829e69a6bd213eacbc3da4
1348,dataset/Vinmec_2D/train/train_image/1348.JPG,dataset/Vinmec_2D/train/train_label/label/1348.PNG,,4c49bd51165531c6819b97d0002260688d3fbfd1314ba3d926d8b000c0bb62a1
29,dataset/Vinmec_2D/train/train_image/29.JPG,dataset/Vinmec_2D/train/train_label/label/29.PNG,,8ef7150b3eedcd38777da2d98f05da82348d43984ce769f5187aa66970b5886c
31,dataset/Vinmec_2D/train/train_image/31.JPG,dataset/Vinmec_2D/train/train_label/label/31.PNG,,8a1d36a0f7fb8322221ecfc52020582975c5d50143179fd7903942b6a3c8bd03
1266,dataset/Vinmec_2D/train/train_image/1266.JPG,dataset/Vinmec_2D/train/train_label/label/1266.PNG,,ff3059a9cb7df9fad279a481c6c8f5899b272fc0007104f7fac2b7bc69e0ee52
303,dataset/Vinmec_2D/train/train_image/303.JPG,dataset/Vinmec_2D/train/train_label/label/303.PNG,,9ccbf7cadc786e171ffa4e86781028c7371ba817d857173e29f180954c5221b8
729,dataset/Vinmec_2D/train/train_image/729.JPG,dataset/Vinmec_2D/train/train_label/label/729.PNG,,e87ee85ba8ce0d62fe4d48054e3a530da70e459ecf9917c8f35249455b787dd1
420,dataset/Vinmec_2D/train/train_image/420.JPG,dataset/Vinmec_2D/train/train_label/label/420.PNG,,d7cfabde39274c3c2d59bdeb27b532fae8e787df62fb7c5cee13f5609234e3e8
918,dataset/Vinmec_2D/train/train_image/918.JPG,dataset/Vinmec_2D/train/train_label/label/918.PNG,,78914eb484f509b2a1bcd8de2b57647ed5b79b93c6e55c2909d1309dbcd9e3f5
907,dataset/Vinmec_2D/train/train_image/907.JPG,dataset/Vinmec_2D/train/train_label/label/907.PNG,,a2c9314285861801b6e9d886d68348352740e001934d686cb60bacc7bc097140
1174,dataset/Vinmec_2D/train/train_image/1174.JPG,dataset/Vinmec_2D/train/train_label/label/1174.PNG,,f0e7b4ba8868aeb6444087a7c8eaa6568400fae63b7311d73e3361d44cd4133d
951,dataset/Vinmec_2D/train/train_image/951.JPG,dataset/Vinmec_2D/train/train_label/label/951.PNG,,dddf310971406d528ab8afec12d8f688acd33e696863f1ededc6401107732fbf
1146,dataset/Vinmec_2D/train/train_image/1146.JPG,dataset/Vinmec_2D/train/train_label/label/1146.PNG,,e708b7935dc59be7941e7d052e18b72909883a2752d76625dab46321c95b8337
171,dataset/Vinmec_2D/train/train_image/171.JPG,dataset/Vinmec_2D/train/train_label/label/171.PNG,,132be5d297e4a81720e5a5ef0cb06f5036f626e4249bac413930d418105a58da
1387,dataset/Vinmec_2D/train/train_image/1387.JPG,dataset/Vinmec_2D/train/train_label/label/1387.PNG,,600b2274bbf035bdc01dbb54b68168d81d9c02f8242f685164fcafdb695bd66a
766,dataset/Vinmec_2D/train/train_image/766.JPG,dataset/Vinmec_2D/train/train_label/label/766.PNG,,0dfcc6a935bdeb465d671bccbefce3d341f7f3fb0bd8edddb0b10b5ebc8574ff
1080,dataset/Vinmec_2D/train/train_image/1080.JPG,dataset/Vinmec_2D/train/train_label/label/1080.PNG,,9be6a45d81c3de041fa91e1a7c617238bd0b988c8ce232b4a16431861e282b3d
1126,dataset/Vinmec_2D/train/train_image/1126.JPG,dataset/Vinmec_2D/train/train_label/label/1126.PNG,,b60c751317f8a02aa610813f11173c94aa2bdeba43c2331a5e6ac7dab03b8763
830,dataset/Vinmec_2D/train/train_image/830.JPG,dataset/Vinmec_2D/train/train_label/label/830.PNG,,ec0e1045ce69ac0f559fec53a126d9a1e7c38629b94427430f7054aca3695eb5
1313,dataset/Vinmec_2D/train/train_image/1313.JPG,dataset/Vinmec_2D/train/train_label/label/1313.PNG,,e825fa568b417afb8db9bfb852cd3f10e9e24222184bd7fde8ac40898daa62c4
634,dataset/Vinmec_2D/train/train_image/634.JPG,dataset/Vinmec_2D/train/train_label/label/634.PNG,,792d485f5d8b9a205eb9d0706ec67bd716f77b239023760eec2a312c23ae3582
30,dataset/Vinmec_2D/train/train_image/30.JPG,dataset/Vinmec_2D/train/train_label/label/30.PNG,,9573f209e9d03193422839b2bd6e9fafd88b61ca6f29375af25a6a02fbec8085
711,dataset/Vinmec_2D/train/train_image/711.JPG,dataset/Vinmec_2D/train/train_label/label/711.PNG,,e759707c746cb4a7d0037b5b86a58163f8dccc892224a8eb121cdebd8e02ed21
722,dataset/Vinmec_2D/train/train_image/722.JPG,dataset/Vinmec_2D/train/train_label/label/722.PNG,,57e50f09d82fbee98d238cb32d6a6156798420e94d0317309cbbed1c978cce70
178,dataset/Vinmec_2D/train/train_image/178.JPG,dataset/Vinmec_2D/train/train_label/label/178.PNG,,3bc20334ee96fa6d0e5cebfe7ad1115f7ec1a81f806f0b106a9d0c3c3cf151b1
598,dataset/Vinmec_2D/train/train_image/598.JPG,dataset/Vinmec_2D/train/train_label/label/598.PNG,,6040329c97b4569a80d8fe6dee679aea92118dc38e3a1cc9b40daad882cb5977
1145,dataset/Vinmec_2D/train/train_image/1145.JPG,dataset/Vinmec_2D/train/train_label/label/1145.PNG,,d896c6d6968fbdf1e8c9a5f7a0b7e6cd3a777d6ac101fcc25e79c1c4cb4c22f1
32,dataset/Vinmec_2D/train/train_image/32.JPG,dataset/Vinmec_2D/train/train_label/label/32.PNG,,6b0610d5003fdeeb7b17c72c9180277d3f8665f1613711e0960e392005122616
1210,dataset/Vinmec_2D/train/train_image/1210.JPG,dataset/Vinmec_2D/train/train_label/label/1210.PNG,,1416af66b12bae646726ae59f280acb5d5386efa158afe0a57a0d666766bba9d
571,dataset/Vinmec_2D/train/train_image/571.JPG,dataset/Vinmec_2D/train/train_label/label/571.PNG,,fa8cabc6cf334cd0a38a2b3e2552bd928bcdb8eb3c696bf43808830698a8b024
428,dataset/Vinmec_2D/train/train_image/428.JPG,dataset/Vinmec_2D/train/train_label/label/428.PNG,,bdd994620433e213d3cb8e18e68502b9f3ea417b590eb7bc559e56ed35bf7e0c
860,dataset/Vinmec_2D/train/train_image/860.JPG,dataset/Vinmec_2D/train/train_label/label/860.PNG,,f0b3a15643523526f35a3fcd99be5c33f2261e3e0adea623b17df2705de51219
1077,dataset/Vinmec_2D/train/train_image/1077.JPG,dataset/Vinmec_2D/train/train_label/label/1077.PNG,,8bf6e7754f6b22b7ec40ec1998f77859d95fcc375248b0c6511833c8000b12b1
1445,dataset/Vinmec_2D/train/train_image/1445.JPG,dataset/Vinmec_2D/train/train_label/label/1445.PNG,,a87f5ee28376201952be11b3352f027ad1bab372561cc93731341cb9427b0328
681,dataset/Vinmec_2D/train/train_image/681.JPG,dataset/Vinmec_2D/train/train_label/label/681.PNG,,b6f0963feaba15bb92b0715870db79fd0ee5b2b93191d8654837f51fe379ad65
276,dataset/Vinmec_2D/train/train_image/276.JPG,dataset/Vinmec_2D/train/train_label/label/276.PNG,,17ccb75cbc31769c5d79dc3ee546fca008cd3d8248b6005c7aafd61d8e071b55
294,dataset/Vinmec_2D/train/train_image/294.JPG,dataset/Vinmec_2D/train/train_label/label/294.PNG,,1e115610381f4701b9426aa99a4a878eeabd6e71d1502771712f3e774b0ba84b
1166,dataset/Vinmec_2D/train/train_image/1166.JPG,dataset/Vinmec_2D/train/train_label/label/1166.PNG,,234297e22b9d2246d53c21faa3fe693afb189d9c8b6f3ce89f56ecd8319d923a
321,dataset/Vinmec_2D/train/train_image/321.JPG,dataset/Vinmec_2D/train/train_label/label/321.PNG,,af238c5b6ac7a30db77498f5939b3b726cc82f92c1f339e4ca5155c86691a892
1160,dataset/Vinmec_2D/train/train_image/1160.JPG,dataset/Vinmec_2D/train/train_label/label/1160.PNG,,4bb48ea20f7c32478e32b34c295388a6c408c6467f1f3a198127ebbe429ac680
982,dataset/Vinmec_2D/train/train_image/982.JPG,dataset/Vinmec_2D/train/train_label/label/982.PNG,,bdeada80bee77087f94208f9329a1e9499d4388b70f305394b698ccdafa56ff2
251,dataset/Vinmec_2D/train/train_image/251.JPG,dataset/Vinmec_2D/train/train_label/label/251.PNG,,d24f00544ce98874f980c93049ee2de571837707bf3c2d25b6122e800ace0c51
1356,dataset/Vinmec_2D/train/train_image/1356.JPG,dataset/Vinmec_2D/train/train_label/label/1356.PNG,,8ab9d287263be9dae39fb62de7d3ba8b07fc565a9265eae0b21edc20f7a99d46
1259,dataset/Vinmec_2D/train/train_image/1259.JPG,dataset/Vinmec_2D/train/train_label/label/1259.PNG,,6f1cf9ad655e01cfbab4c63cc79dc1baf457e25b5e55134bf25caafefbea67cb
929,dataset/Vinmec_2D/train/train_image/929.JPG,dataset/Vinmec_2D/train/train_label/label/929.PNG,,99765d07dc92d69038ce9b42caa0e8f7b259c47d3972dcfe8cd58d0a8543135a
262,dataset/Vinmec_2D/train/train_image/262.JPG,dataset/Vinmec_2D/train/train_label/label/262.PNG,,9b60c10ae6f3a6b88b1754efeae6058431d4ce6bebb4f3023708e04b0840b7ae
972,dataset/Vinmec_2D/train/train_image/972.JPG,dataset/Vinmec_2D/train/train_label/label/972.PNG,,0b2a2775561e05654e575269e030cab6adb9738a8b1039f05617b5d11a658fa5
820,dataset/Vinmec_2D/train/train_image/820.JPG,dataset/Vinmec_2D/train/train_label/label/820.PNG,,a4c2c9ecc57ddf323bbe732e50758f696981e34165c2181550343336f1dc70c8
1263,dataset/Vinmec_2D/train/train_image/1263.JPG,dataset/Vinmec_2D/train/train_label/label/1263.PNG,,1270ac8fcc26ba6a083184d43f06557b2d9d03945be881a006f4a7bbaed988ca
915,dataset/Vinmec_2D/train/train_image/915.JPG,dataset/Vinmec_2D/train/train_label/label/915.PNG,,5d704cc0973bb1b7f47d10e1dda57835631c9e726b9cb008316fdbc0db065a59
1007,dataset/Vinmec_2D/train/train_image/1007.JPG,dataset/Vinmec_2D/train/train_label/label/1007.PNG,,729ce40d194555255f793b3361c8c9944135520aeb380ea03d6239f941634636
1463,dataset/Vinmec_2D/train/train_image/1463.JPG,dataset/Vinmec_2D/train/train_label/label/1463.PNG,,f12331017bb4ca5b851612821f6ce68dbfbf85b8a6020eebeff58cf9731bdc31
66,dataset/Vinmec_2D/train/train_image/66.JPG,dataset/Vinmec_2D/train/train_label/label/66.PNG,,9fb02920d78ec400db01e6b576a248379af7b6ed44974ee632b46b81777f7972
416,dataset/Vinmec_2D/train/train_image/416.JPG,dataset/Vinmec_2D/train/train_label/label/416.PNG,,b6e35ae5c512c201b468b4559bf7779467472d8c2ac703abb73ae21d6f31f214
1372,dataset/Vinmec_2D/train/train_image/1372.JPG,dataset/Vinmec_2D/train/train_label/label/1372.PNG,,6090373bf36a7e1585c274c178f98ea4e7c16e88606713d15c879672e26032e1
378,dataset/Vinmec_2D/train/train_image/378.JPG,dataset/Vinmec_2D/train/train_label/label/378.PNG,,55c2d3d086d545d1dacc11dec3a8c469dd7abf8ff2a15986e8aae287a33c4c6c
976,dataset/Vinmec_2D/train/train_image/976.JPG,dataset/Vinmec_2D/train/train_label/label/976.PNG,,68ed5f16c9cabdf0787730cd49373503a7ad13af85105feabbfb811bffca37fb
827,dataset/Vinmec_2D/train/train_image/827.JPG,dataset/Vinmec_2D/train/train_label/label/827.PNG,,f52a04536cb94a8dfd0f2d223496c0f2c025d20347b929f57909caf38ec14662
753,dataset/Vinmec_2D/train/train_image/753.JPG,dataset/Vinmec_2D/train/train_label/label/753.PNG,,5f23245279d23d7418aa9a4c8bc0b5c79e75c939b998dc05c1f87e713002e092
845,dataset/Vinmec_2D/train/train_image/845.JPG,dataset/Vinmec_2D/train/train_label/label/845.PNG,,812ac822aed058c0eb992b7ce4b1e295410ddd44e25c6314b208654a4bd00970
1327,dataset/Vinmec_2D/train/train_image/1327.JPG,dataset/Vinmec_2D/train/train_label/label/1327.PNG,,4cb3ede436617c6ab210f563ad444794965e5827b00127447e8e4253c27f09bd
608,dataset/Vinmec_2D/train/train_image/608.JPG,dataset/Vinmec_2D/train/train_label/label/608.PNG,,6050d3149f81af93fcc00e0fc233d0bf88edabde383ee9816f564ea0a9fd6236
1045,dataset/Vinmec_2D/train/train_image/1045.JPG,dataset/Vinmec_2D/train/train_label/label/1045.PNG,,44096c4e55774b0b3e6b4502f41f5735b5440b80c1c93bc0361ac3b129f6c465
68,dataset/Vinmec_2D/train/train_image/68.JPG,dataset/Vinmec_2D/train/train_label/label/68.PNG,,49e6824804989dad35dab0d946e0bbda3c6616e5369cb047f2a652508cbc02db
50,dataset/Vinmec_2D/train/train_image/50.JPG,dataset/Vinmec_2D/train/train_label/label/50.PNG,,0691a2d8e3c5a81281e6c44278c0a7334f6f67784dbe40242934848420797918
1396,dataset/Vinmec_2D/train/train_image/1396.JPG,dataset/Vinmec_2D/train/train_label/label/1396.PNG,,daca83f2cb93054a6b161d9a8299c4909ccd15cdbc7ae1e76b0cfd4f8c9b31bc
1368,dataset/Vinmec_2D/train/train_image/1368.JPG,dataset/Vinmec_2D/train/train_label/label/1368.PNG,,33f886b705b8720fb9d50304ea137a9e46db6f5542ad84c57247341c50939578
1161,dataset/Vinmec_2D/train/train_image/1161.JPG,dataset/Vinmec_2D/train/train_label/label/1161.PNG,,8298fce05521f478adedf18f472e5d68173e2034f98eccffdc5267394a7b2a35
105,dataset/Vinmec_2D/train/train_image/105.JPG,dataset/Vinmec_2D/train/train_label/label/105.PNG,,efab23fefd40c230e1c45137eabac01b04f2062f9495d70c238838244791212a
1051,dataset/Vinmec_2D/train/train_image/1051.JPG,dataset/Vinmec_2D/train/train_label/label/1051.PNG,,603a53ad1f3c7b4deda0d90d0d85b36e94b8ad2862ebe335386fc1070d0796ab
380,dataset/Vinmec_2D/train/train_image/380.JPG,dataset/Vinmec_2D/train/train_label/label/380.PNG,,5d29c8535f34f52e4453955550b2436a4e13006eb7fbfea143c639c19bf9e9e1
666,dataset/Vinmec_2D/train/train_image/666.JPG,dataset/Vinmec_2D/train/train_label/label/666.PNG,,d6c89c92db923bd3d4b3d1372d67ae04bff0eb25a2f296353226d9186ee8380b
1154,dataset/Vinmec_2D/train/train_image/1154.JPG,dataset/Vinmec_2D/train/train_label/label/1154.PNG,,9dbb5e08d700c4f187da3a4a0108189b8e43adddd3d387052139528c8736b726
586,dataset/Vinmec_2D/train/train_image/586.JPG,dataset/Vinmec_2D/train/train_label/label/586.PNG,,0467ceb4ad8da7a0fd793e1ec823bd9b3f5dba0b43c909ec34752a9f4c872279
879,dataset/Vinmec_2D/train/train_image/879.JPG,dataset/Vinmec_2D/train/train_label/label/879.PNG,,94615109bd914b80d1783e0cc6387980287c13029497107a58a8d978f0e986b6
787,dataset/Vinmec_2D/train/train_image/787.JPG,dataset/Vinmec_2D/train/train_label/label/787.PNG,,71fbb442037c78439568f23be71cbf577cf5dbfc8482274d5bc4f3badb5fc07f
1177,dataset/Vinmec_2D/train/train_image/1177.JPG,dataset/Vinmec_2D/train/train_label/label/1177.PNG,,767e7da62e9e2915aadd2e1dec0bb686c266aa1337c69e91b05558d036a8e631
873,dataset/Vinmec_2D/train/train_image/873.JPG,dataset/Vinmec_2D/train/train_label/label/873.PNG,,1d0e85285d56a56a8d0d10479cca99586cfdd67c4a29eff5e38fa48088a364fd
1233,dataset/Vinmec_2D/train/train_image/1233.JPG,dataset/Vinmec_2D/train/train_label/label/1233.PNG,,db2076c2d6341ec0bce2e8a9d966c3edc7610212edc1abadbe5cfeec51eaeb27
1379,dataset/Vinmec_2D/train/train_image/1379.JPG,dataset/Vinmec_2D/train/train_label/label/1379.PNG,,983d72b138b1a90c80b6fa5e617cae2a6e4c5ff784aa8baf2671da89b89d63ba
1419,dataset/Vinmec_2D/train/train_image/1419.JPG,dataset/Vinmec_2D/train/train_label/label/1419.PNG,,07ca2684f0e585dc393b6792eb42581101ce4dfdfec2cb932c43756109cc5b4a
1457,dataset/Vinmec_2D/train/train_image/1457.JPG,dataset/Vinmec_2D/train/train_label/label/1457.PNG,,da832ab7eaab9d43ed877691f9ac4f79c68b6cd3e902aa0d3b38e3eb34a74ec9
880,dataset/Vinmec_2D/train/train_image/880.JPG,dataset/Vinmec_2D/train/train_label/label/880.PNG,,208a4ef15da782832400651801502964267ef27d50dbdf80d662057d7c6d80db
1043,dataset/Vinmec_2D/train/train_image/1043.JPG,dataset/Vinmec_2D/train/train_label/label/1043.PNG,,c4a78ba76fa7298589cb11545d3f36fa56d87b1d5f9dee75455985b9f444a58d
1191,dataset/Vinmec_2D/train/train_image/1191.JPG,dataset/Vinmec_2D/train/train_label/label/1191.PNG,,7437af20b190534a281f87268e0e284dc047f5cf42f8f2ce0038fe1395aa1b0c
734,dataset/Vinmec_2D/train/train_image/734.JPG,dataset/Vinmec_2D/train/train_label/label/734.PNG,,a2e69fbbbd496d70e6407fa475944fe37f13a0d04c5454d6d1293001c8974076
