case_id,image_path,mask_path,patient_id
MMVinmec_2D-185,dataset/Vinmec/Vinmec_2d/images/185.JPG,dataset/Vinmec/Vinmec_2d/annotations/185_binary.PNG,
MMVinmec_2D-1344,dataset/Vinmec/Vinmec_2d/images/1344.JPG,dataset/Vinmec/Vinmec_2d/annotations/1344_binary.PNG,
MMVinmec_2D-1005,dataset/Vinmec/Vinmec_2d/images/1005.JPG,dataset/Vinmec/Vinmec_2d/annotations/1005_binary.PNG,
MMVinmec_2D-880,dataset/Vinmec/Vinmec_2d/images/880.JPG,dataset/Vinmec/Vinmec_2d/annotations/880_binary.PNG,
MMVinmec_2D-159,dataset/Vinmec/Vinmec_2d/images/159.JPG,dataset/Vinmec/Vinmec_2d/annotations/159_binary.PNG,
MMVinmec_2D-1051,dataset/Vinmec/Vinmec_2d/images/1051.JPG,dataset/Vinmec/Vinmec_2d/annotations/1051_binary.PNG,
MMVinmec_2D-316,dataset/Vinmec/Vinmec_2d/images/316.JPG,dataset/Vinmec/Vinmec_2d/annotations/316_binary.PNG,
MMVinmec_2D-1166,dataset/Vinmec/Vinmec_2d/images/1166.JPG,dataset/Vinmec/Vinmec_2d/annotations/1166_binary.PNG,
MMVinmec_2D-1322,dataset/Vinmec/Vinmec_2d/images/1322.JPG,dataset/Vinmec/Vinmec_2d/annotations/1322_binary.PNG,
MMVinmec_2D-873,dataset/Vinmec/Vinmec_2d/images/873.JPG,dataset/Vinmec/Vinmec_2d/annotations/873_binary.PNG,
MMVinmec_2D-1229,dataset/Vinmec/Vinmec_2d/images/1229.JPG,dataset/Vinmec/Vinmec_2d/annotations/1229_binary.PNG,
MMVinmec_2D-402,dataset/Vinmec/Vinmec_2d/images/402.JPG,dataset/Vinmec/Vinmec_2d/annotations/402_binary.PNG,
MMVinmec_2D-752,dataset/Vinmec/Vinmec_2d/images/752.JPG,dataset/Vinmec/Vinmec_2d/annotations/752_binary.PNG,
MMVinmec_2D-985,dataset/Vinmec/Vinmec_2d/images/985.JPG,dataset/Vinmec/Vinmec_2d/annotations/985_binary.PNG,
MMVinmec_2D-1363,dataset/Vinmec/Vinmec_2d/images/1363.JPG,dataset/Vinmec/Vinmec_2d/annotations/1363_binary.PNG,
MMVinmec_2D-804,dataset/Vinmec/Vinmec_2d/images/804.JPG,dataset/Vinmec/Vinmec_2d/annotations/804_binary.PNG,
MMVinmec_2D-566,dataset/Vinmec/Vinmec_2d/images/566.JPG,dataset/Vinmec/Vinmec_2d/annotations/566_binary.PNG,
MMVinmec_2D-214,dataset/Vinmec/Vinmec_2d/images/214.JPG,dataset/Vinmec/Vinmec_2d/annotations/214_binary.PNG,
MMVinmec_2D-521,dataset/Vinmec/Vinmec_2d/images/521.JPG,dataset/Vinmec/Vinmec_2d/annotations/521_binary.PNG,
MMVinmec_2D-244,dataset/Vinmec/Vinmec_2d/images/244.JPG,dataset/Vinmec/Vinmec_2d/annotations/244_binary.PNG,
MMVinmec_2D-885,dataset/Vinmec/Vinmec_2d/images/885.JPG,dataset/Vinmec/Vinmec_2d/annotations/885_binary.PNG,
MMVinmec_2D-1273,dataset/Vinmec/Vinmec_2d/images/1273.JPG,dataset/Vinmec/Vinmec_2d/annotations/1273_binary.PNG,
MMVinmec_2D-727,dataset/Vinmec/Vinmec_2d/images/727.JPG,dataset/Vinmec/Vinmec_2d/annotations/727_binary.PNG,
MMVinmec_2D-191,dataset/Vinmec/Vinmec_2d/images/191.JPG,dataset/Vinmec/Vinmec_2d/annotations/191_binary.PNG,
MMVinmec_2D-1214,dataset/Vinmec/Vinmec_2d/images/1214.JPG,dataset/Vinmec/Vinmec_2d/annotations/1214_binary.PNG,
MMVinmec_2D-1338,dataset/Vinmec/Vinmec_2d/images/1338.JPG,dataset/Vinmec/Vinmec_2d/annotations/1338_binary.PNG,
MMVinmec_2D-1218,dataset/Vinmec/Vinmec_2d/images/1218.JPG,dataset/Vinmec/Vinmec_2d/annotations/1218_binary.PNG,
MMVinmec_2D-372,dataset/Vinmec/Vinmec_2d/images/372.JPG,dataset/Vinmec/Vinmec_2d/annotations/372_binary.PNG,
MMVinmec_2D-600,dataset/Vinmec/Vinmec_2d/images/600.JPG,dataset/Vinmec/Vinmec_2d/annotations/600_binary.PNG,
MMVinmec_2D-1019,dataset/Vinmec/Vinmec_2d/images/1019.JPG,dataset/Vinmec/Vinmec_2d/annotations/1019_binary.PNG,
MMVinmec_2D-1212,dataset/Vinmec/Vinmec_2d/images/1212.JPG,dataset/Vinmec/Vinmec_2d/annotations/1212_binary.PNG,
MMVinmec_2D-981,dataset/Vinmec/Vinmec_2d/images/981.JPG,dataset/Vinmec/Vinmec_2d/annotations/981_binary.PNG,
MMVinmec_2D-1065,dataset/Vinmec/Vinmec_2d/images/1065.JPG,dataset/Vinmec/Vinmec_2d/annotations/1065_binary.PNG,
MMVinmec_2D-691,dataset/Vinmec/Vinmec_2d/images/691.JPG,dataset/Vinmec/Vinmec_2d/annotations/691_binary.PNG,
MMVinmec_2D-909,dataset/Vinmec/Vinmec_2d/images/909.JPG,dataset/Vinmec/Vinmec_2d/annotations/909_binary.PNG,
MMVinmec_2D-257,dataset/Vinmec/Vinmec_2d/images/257.JPG,dataset/Vinmec/Vinmec_2d/annotations/257_binary.PNG,
MMVinmec_2D-912,dataset/Vinmec/Vinmec_2d/images/912.JPG,dataset/Vinmec/Vinmec_2d/annotations/912_binary.PNG,
MMVinmec_2D-841,dataset/Vinmec/Vinmec_2d/images/841.JPG,dataset/Vinmec/Vinmec_2d/annotations/841_binary.PNG,
MMVinmec_2D-768,dataset/Vinmec/Vinmec_2d/images/768.JPG,dataset/Vinmec/Vinmec_2d/annotations/768_binary.PNG,
MMVinmec_2D-989,dataset/Vinmec/Vinmec_2d/images/989.JPG,dataset/Vinmec/Vinmec_2d/annotations/989_binary.PNG,
MMVinmec_2D-574,dataset/Vinmec/Vinmec_2d/images/574.JPG,dataset/Vinmec/Vinmec_2d/annotations/574_binary.PNG,
MMVinmec_2D-1154,dataset/Vinmec/Vinmec_2d/images/1154.JPG,dataset/Vinmec/Vinmec_2d/annotations/1154_binary.PNG,
MMVinmec_2D-352,dataset/Vinmec/Vinmec_2d/images/352.JPG,dataset/Vinmec/Vinmec_2d/annotations/352_binary.PNG,
MMVinmec_2D-557,dataset/Vinmec/Vinmec_2d/images/557.JPG,dataset/Vinmec/Vinmec_2d/annotations/557_binary.PNG,
MMVinmec_2D-1066,dataset/Vinmec/Vinmec_2d/images/1066.JPG,dataset/Vinmec/Vinmec_2d/annotations/1066_binary.PNG,
MMVinmec_2D-862,dataset/Vinmec/Vinmec_2d/images/862.JPG,dataset/Vinmec/Vinmec_2d/annotations/862_binary.PNG,
MMVinmec_2D-1106,dataset/Vinmec/Vinmec_2d/images/1106.JPG,dataset/Vinmec/Vinmec_2d/annotations/1106_binary.PNG,
MMVinmec_2D-663,dataset/Vinmec/Vinmec_2d/images/663.JPG,dataset/Vinmec/Vinmec_2d/annotations/663_binary.PNG,
MMVinmec_2D-641,dataset/Vinmec/Vinmec_2d/images/641.JPG,dataset/Vinmec/Vinmec_2d/annotations/641_binary.PNG,
MMVinmec_2D-1226,dataset/Vinmec/Vinmec_2d/images/1226.JPG,dataset/Vinmec/Vinmec_2d/annotations/1226_binary.PNG,
MMVinmec_2D-428,dataset/Vinmec/Vinmec_2d/images/428.JPG,dataset/Vinmec/Vinmec_2d/annotations/428_binary.PNG,
MMVinmec_2D-38,dataset/Vinmec/Vinmec_2d/images/38.JPG,dataset/Vinmec/Vinmec_2d/annotations/38_binary.PNG,
MMVinmec_2D-81,dataset/Vinmec/Vinmec_2d/images/81.JPG,dataset/Vinmec/Vinmec_2d/annotations/81_binary.PNG,
MMVinmec_2D-688,dataset/Vinmec/Vinmec_2d/images/688.JPG,dataset/Vinmec/Vinmec_2d/annotations/688_binary.PNG,
MMVinmec_2D-239,dataset/Vinmec/Vinmec_2d/images/239.JPG,dataset/Vinmec/Vinmec_2d/annotations/239_binary.PNG,
MMVinmec_2D-1189,dataset/Vinmec/Vinmec_2d/images/1189.JPG,dataset/Vinmec/Vinmec_2d/annotations/1189_binary.PNG,
MMVinmec_2D-1016,dataset/Vinmec/Vinmec_2d/images/1016.JPG,dataset/Vinmec/Vinmec_2d/annotations/1016_binary.PNG,
MMVinmec_2D-236,dataset/Vinmec/Vinmec_2d/images/236.JPG,dataset/Vinmec/Vinmec_2d/annotations/236_binary.PNG,
MMVinmec_2D-792,dataset/Vinmec/Vinmec_2d/images/792.JPG,dataset/Vinmec/Vinmec_2d/annotations/792_binary.PNG,
MMVinmec_2D-401,dataset/Vinmec/Vinmec_2d/images/401.JPG,dataset/Vinmec/Vinmec_2d/annotations/401_binary.PNG,
MMVinmec_2D-1290,dataset/Vinmec/Vinmec_2d/images/1290.JPG,dataset/Vinmec/Vinmec_2d/annotations/1290_binary.PNG,
MMVinmec_2D-329,dataset/Vinmec/Vinmec_2d/images/329.JPG,dataset/Vinmec/Vinmec_2d/annotations/329_binary.PNG,
MMVinmec_2D-1143,dataset/Vinmec/Vinmec_2d/images/1143.JPG,dataset/Vinmec/Vinmec_2d/annotations/1143_binary.PNG,
MMVinmec_2D-918,dataset/Vinmec/Vinmec_2d/images/918.JPG,dataset/Vinmec/Vinmec_2d/annotations/918_binary.PNG,
MMVinmec_2D-945,dataset/Vinmec/Vinmec_2d/images/945.JPG,dataset/Vinmec/Vinmec_2d/annotations/945_binary.PNG,
MMVinmec_2D-1078,dataset/Vinmec/Vinmec_2d/images/1078.JPG,dataset/Vinmec/Vinmec_2d/annotations/1078_binary.PNG,
MMVinmec_2D-486,dataset/Vinmec/Vinmec_2d/images/486.JPG,dataset/Vinmec/Vinmec_2d/annotations/486_binary.PNG,
MMVinmec_2D-656,dataset/Vinmec/Vinmec_2d/images/656.JPG,dataset/Vinmec/Vinmec_2d/annotations/656_binary.PNG,
MMVinmec_2D-793,dataset/Vinmec/Vinmec_2d/images/793.JPG,dataset/Vinmec/Vinmec_2d/annotations/793_binary.PNG,
MMVinmec_2D-716,dataset/Vinmec/Vinmec_2d/images/716.JPG,dataset/Vinmec/Vinmec_2d/annotations/716_binary.PNG,
MMVinmec_2D-1133,dataset/Vinmec/Vinmec_2d/images/1133.JPG,dataset/Vinmec/Vinmec_2d/annotations/1133_binary.PNG,
MMVinmec_2D-126,dataset/Vinmec/Vinmec_2d/images/126.JPG,dataset/Vinmec/Vinmec_2d/annotations/126_binary.PNG,
MMVinmec_2D-1076,dataset/Vinmec/Vinmec_2d/images/1076.JPG,dataset/Vinmec/Vinmec_2d/annotations/1076_binary.PNG,
MMVinmec_2D-221,dataset/Vinmec/Vinmec_2d/images/221.JPG,dataset/Vinmec/Vinmec_2d/annotations/221_binary.PNG,
MMVinmec_2D-1200,dataset/Vinmec/Vinmec_2d/images/1200.JPG,dataset/Vinmec/Vinmec_2d/annotations/1200_binary.PNG,
MMVinmec_2D-603,dataset/Vinmec/Vinmec_2d/images/603.JPG,dataset/Vinmec/Vinmec_2d/annotations/603_binary.PNG,
MMVinmec_2D-933,dataset/Vinmec/Vinmec_2d/images/933.JPG,dataset/Vinmec/Vinmec_2d/annotations/933_binary.PNG,
MMVinmec_2D-29,dataset/Vinmec/Vinmec_2d/images/29.JPG,dataset/Vinmec/Vinmec_2d/annotations/29_binary.PNG,
MMVinmec_2D-167,dataset/Vinmec/Vinmec_2d/images/167.JPG,dataset/Vinmec/Vinmec_2d/annotations/167_binary.PNG,
MMVinmec_2D-1326,dataset/Vinmec/Vinmec_2d/images/1326.JPG,dataset/Vinmec/Vinmec_2d/annotations/1326_binary.PNG,
MMVinmec_2D-975,dataset/Vinmec/Vinmec_2d/images/975.JPG,dataset/Vinmec/Vinmec_2d/annotations/975_binary.PNG,
MMVinmec_2D-154,dataset/Vinmec/Vinmec_2d/images/154.JPG,dataset/Vinmec/Vinmec_2d/annotations/154_binary.PNG,
MMVinmec_2D-783,dataset/Vinmec/Vinmec_2d/images/783.JPG,dataset/Vinmec/Vinmec_2d/annotations/783_binary.PNG,
MMVinmec_2D-228,dataset/Vinmec/Vinmec_2d/images/228.JPG,dataset/Vinmec/Vinmec_2d/annotations/228_binary.PNG,
MMVinmec_2D-758,dataset/Vinmec/Vinmec_2d/images/758.JPG,dataset/Vinmec/Vinmec_2d/annotations/758_binary.PNG,
MMVinmec_2D-1069,dataset/Vinmec/Vinmec_2d/images/1069.JPG,dataset/Vinmec/Vinmec_2d/annotations/1069_binary.PNG,
MMVinmec_2D-1451,dataset/Vinmec/Vinmec_2d/images/1451.JPG,dataset/Vinmec/Vinmec_2d/annotations/1451_binary.PNG,
MMVinmec_2D-1400,dataset/Vinmec/Vinmec_2d/images/1400.JPG,dataset/Vinmec/Vinmec_2d/annotations/1400_binary.PNG,
MMVinmec_2D-579,dataset/Vinmec/Vinmec_2d/images/579.JPG,dataset/Vinmec/Vinmec_2d/annotations/579_binary.PNG,
MMVinmec_2D-492,dataset/Vinmec/Vinmec_2d/images/492.JPG,dataset/Vinmec/Vinmec_2d/annotations/492_binary.PNG,
MMVinmec_2D-1192,dataset/Vinmec/Vinmec_2d/images/1192.JPG,dataset/Vinmec/Vinmec_2d/annotations/1192_binary.PNG,
MMVinmec_2D-379,dataset/Vinmec/Vinmec_2d/images/379.JPG,dataset/Vinmec/Vinmec_2d/annotations/379_binary.PNG,
MMVinmec_2D-924,dataset/Vinmec/Vinmec_2d/images/924.JPG,dataset/Vinmec/Vinmec_2d/annotations/924_binary.PNG,
MMVinmec_2D-707,dataset/Vinmec/Vinmec_2d/images/707.JPG,dataset/Vinmec/Vinmec_2d/annotations/707_binary.PNG,
MMVinmec_2D-791,dataset/Vinmec/Vinmec_2d/images/791.JPG,dataset/Vinmec/Vinmec_2d/annotations/791_binary.PNG,
MMVinmec_2D-348,dataset/Vinmec/Vinmec_2d/images/348.JPG,dataset/Vinmec/Vinmec_2d/annotations/348_binary.PNG,
MMVinmec_2D-195,dataset/Vinmec/Vinmec_2d/images/195.JPG,dataset/Vinmec/Vinmec_2d/annotations/195_binary.PNG,
MMVinmec_2D-274,dataset/Vinmec/Vinmec_2d/images/274.JPG,dataset/Vinmec/Vinmec_2d/annotations/274_binary.PNG,
MMVinmec_2D-463,dataset/Vinmec/Vinmec_2d/images/463.JPG,dataset/Vinmec/Vinmec_2d/annotations/463_binary.PNG,
MMVinmec_2D-1015,dataset/Vinmec/Vinmec_2d/images/1015.JPG,dataset/Vinmec/Vinmec_2d/annotations/1015_binary.PNG,
MMVinmec_2D-723,dataset/Vinmec/Vinmec_2d/images/723.JPG,dataset/Vinmec/Vinmec_2d/annotations/723_binary.PNG,
MMVinmec_2D-1393,dataset/Vinmec/Vinmec_2d/images/1393.JPG,dataset/Vinmec/Vinmec_2d/annotations/1393_binary.PNG,
MMVinmec_2D-951,dataset/Vinmec/Vinmec_2d/images/951.JPG,dataset/Vinmec/Vinmec_2d/annotations/951_binary.PNG,
MMVinmec_2D-1368,dataset/Vinmec/Vinmec_2d/images/1368.JPG,dataset/Vinmec/Vinmec_2d/annotations/1368_binary.PNG,
MMVinmec_2D-1256,dataset/Vinmec/Vinmec_2d/images/1256.JPG,dataset/Vinmec/Vinmec_2d/annotations/1256_binary.PNG,
MMVinmec_2D-39,dataset/Vinmec/Vinmec_2d/images/39.JPG,dataset/Vinmec/Vinmec_2d/annotations/39_binary.PNG,
MMVinmec_2D-973,dataset/Vinmec/Vinmec_2d/images/973.JPG,dataset/Vinmec/Vinmec_2d/annotations/973_binary.PNG,
MMVinmec_2D-587,dataset/Vinmec/Vinmec_2d/images/587.JPG,dataset/Vinmec/Vinmec_2d/annotations/587_binary.PNG,
MMVinmec_2D-527,dataset/Vinmec/Vinmec_2d/images/527.JPG,dataset/Vinmec/Vinmec_2d/annotations/527_binary.PNG,
MMVinmec_2D-1420,dataset/Vinmec/Vinmec_2d/images/1420.JPG,dataset/Vinmec/Vinmec_2d/annotations/1420_binary.PNG,
MMVinmec_2D-357,dataset/Vinmec/Vinmec_2d/images/357.JPG,dataset/Vinmec/Vinmec_2d/annotations/357_binary.PNG,
MMVinmec_2D-270,dataset/Vinmec/Vinmec_2d/images/270.JPG,dataset/Vinmec/Vinmec_2d/annotations/270_binary.PNG,
MMVinmec_2D-771,dataset/Vinmec/Vinmec_2d/images/771.JPG,dataset/Vinmec/Vinmec_2d/annotations/771_binary.PNG,
MMVinmec_2D-807,dataset/Vinmec/Vinmec_2d/images/807.JPG,dataset/Vinmec/Vinmec_2d/annotations/807_binary.PNG,
MMVinmec_2D-1190,dataset/Vinmec/Vinmec_2d/images/1190.JPG,dataset/Vinmec/Vinmec_2d/annotations/1190_binary.PNG,
MMVinmec_2D-525,dataset/Vinmec/Vinmec_2d/images/525.JPG,dataset/Vinmec/Vinmec_2d/annotations/525_binary.PNG,
MMVinmec_2D-990,dataset/Vinmec/Vinmec_2d/images/990.JPG,dataset/Vinmec/Vinmec_2d/annotations/990_binary.PNG,
MMVinmec_2D-623,dataset/Vinmec/Vinmec_2d/images/623.JPG,dataset/Vinmec/Vinmec_2d/annotations/623_binary.PNG,
MMVinmec_2D-1306,dataset/Vinmec/Vinmec_2d/images/1306.JPG,dataset/Vinmec/Vinmec_2d/annotations/1306_binary.PNG,
MMVinmec_2D-960,dataset/Vinmec/Vinmec_2d/images/960.JPG,dataset/Vinmec/Vinmec_2d/annotations/960_binary.PNG,
MMVinmec_2D-460,dataset/Vinmec/Vinmec_2d/images/460.JPG,dataset/Vinmec/Vinmec_2d/annotations/460_binary.PNG,
MMVinmec_2D-722,dataset/Vinmec/Vinmec_2d/images/722.JPG,dataset/Vinmec/Vinmec_2d/annotations/722_binary.PNG,
MMVinmec_2D-483,dataset/Vinmec/Vinmec_2d/images/483.JPG,dataset/Vinmec/Vinmec_2d/annotations/483_binary.PNG,
MMVinmec_2D-1464,dataset/Vinmec/Vinmec_2d/images/1464.JPG,dataset/Vinmec/Vinmec_2d/annotations/1464_binary.PNG,
MMVinmec_2D-1124,dataset/Vinmec/Vinmec_2d/images/1124.JPG,dataset/Vinmec/Vinmec_2d/annotations/1124_binary.PNG,
MMVinmec_2D-864,dataset/Vinmec/Vinmec_2d/images/864.JPG,dataset/Vinmec/Vinmec_2d/annotations/864_binary.PNG,
MMVinmec_2D-243,dataset/Vinmec/Vinmec_2d/images/243.JPG,dataset/Vinmec/Vinmec_2d/annotations/243_binary.PNG,
MMVinmec_2D-872,dataset/Vinmec/Vinmec_2d/images/872.JPG,dataset/Vinmec/Vinmec_2d/annotations/872_binary.PNG,
MMVinmec_2D-23,dataset/Vinmec/Vinmec_2d/images/23.JPG,dataset/Vinmec/Vinmec_2d/annotations/23_binary.PNG,
MMVinmec_2D-545,dataset/Vinmec/Vinmec_2d/images/545.JPG,dataset/Vinmec/Vinmec_2d/annotations/545_binary.PNG,
MMVinmec_2D-1177,dataset/Vinmec/Vinmec_2d/images/1177.JPG,dataset/Vinmec/Vinmec_2d/annotations/1177_binary.PNG,
MMVinmec_2D-384,dataset/Vinmec/Vinmec_2d/images/384.JPG,dataset/Vinmec/Vinmec_2d/annotations/384_binary.PNG,
MMVinmec_2D-852,dataset/Vinmec/Vinmec_2d/images/852.JPG,dataset/Vinmec/Vinmec_2d/annotations/852_binary.PNG,
MMVinmec_2D-1271,dataset/Vinmec/Vinmec_2d/images/1271.JPG,dataset/Vinmec/Vinmec_2d/annotations/1271_binary.PNG,
MMVinmec_2D-435,dataset/Vinmec/Vinmec_2d/images/435.JPG,dataset/Vinmec/Vinmec_2d/annotations/435_binary.PNG,
MMVinmec_2D-1318,dataset/Vinmec/Vinmec_2d/images/1318.JPG,dataset/Vinmec/Vinmec_2d/annotations/1318_binary.PNG,
MMVinmec_2D-387,dataset/Vinmec/Vinmec_2d/images/387.JPG,dataset/Vinmec/Vinmec_2d/annotations/387_binary.PNG,
MMVinmec_2D-1231,dataset/Vinmec/Vinmec_2d/images/1231.JPG,dataset/Vinmec/Vinmec_2d/annotations/1231_binary.PNG,
MMVinmec_2D-877,dataset/Vinmec/Vinmec_2d/images/877.JPG,dataset/Vinmec/Vinmec_2d/annotations/877_binary.PNG,
MMVinmec_2D-386,dataset/Vinmec/Vinmec_2d/images/386.JPG,dataset/Vinmec/Vinmec_2d/annotations/386_binary.PNG,
MMVinmec_2D-1250,dataset/Vinmec/Vinmec_2d/images/1250.JPG,dataset/Vinmec/Vinmec_2d/annotations/1250_binary.PNG,
MMVinmec_2D-177,dataset/Vinmec/Vinmec_2d/images/177.JPG,dataset/Vinmec/Vinmec_2d/annotations/177_binary.PNG,
MMVinmec_2D-595,dataset/Vinmec/Vinmec_2d/images/595.JPG,dataset/Vinmec/Vinmec_2d/annotations/595_binary.PNG,
MMVinmec_2D-1119,dataset/Vinmec/Vinmec_2d/images/1119.JPG,dataset/Vinmec/Vinmec_2d/annotations/1119_binary.PNG,
MMVinmec_2D-1320,dataset/Vinmec/Vinmec_2d/images/1320.JPG,dataset/Vinmec/Vinmec_2d/annotations/1320_binary.PNG,
MMVinmec_2D-617,dataset/Vinmec/Vinmec_2d/images/617.JPG,dataset/Vinmec/Vinmec_2d/annotations/617_binary.PNG,
MMVinmec_2D-1316,dataset/Vinmec/Vinmec_2d/images/1316.JPG,dataset/Vinmec/Vinmec_2d/annotations/1316_binary.PNG,
MMVinmec_2D-1191,dataset/Vinmec/Vinmec_2d/images/1191.JPG,dataset/Vinmec/Vinmec_2d/annotations/1191_binary.PNG,
MMVinmec_2D-297,dataset/Vinmec/Vinmec_2d/images/297.JPG,dataset/Vinmec/Vinmec_2d/annotations/297_binary.PNG,
MMVinmec_2D-1155,dataset/Vinmec/Vinmec_2d/images/1155.JPG,dataset/Vinmec/Vinmec_2d/annotations/1155_binary.PNG,
MMVinmec_2D-654,dataset/Vinmec/Vinmec_2d/images/654.JPG,dataset/Vinmec/Vinmec_2d/annotations/654_binary.PNG,
MMVinmec_2D-145,dataset/Vinmec/Vinmec_2d/images/145.JPG,dataset/Vinmec/Vinmec_2d/annotations/145_binary.PNG,
MMVinmec_2D-1299,dataset/Vinmec/Vinmec_2d/images/1299.JPG,dataset/Vinmec/Vinmec_2d/annotations/1299_binary.PNG,
MMVinmec_2D-424,dataset/Vinmec/Vinmec_2d/images/424.JPG,dataset/Vinmec/Vinmec_2d/annotations/424_binary.PNG,
MMVinmec_2D-260,dataset/Vinmec/Vinmec_2d/images/260.JPG,dataset/Vinmec/Vinmec_2d/annotations/260_binary.PNG,
MMVinmec_2D-175,dataset/Vinmec/Vinmec_2d/images/175.JPG,dataset/Vinmec/Vinmec_2d/annotations/175_binary.PNG,
MMVinmec_2D-646,dataset/Vinmec/Vinmec_2d/images/646.JPG,dataset/Vinmec/Vinmec_2d/annotations/646_binary.PNG,
MMVinmec_2D-1070,dataset/Vinmec/Vinmec_2d/images/1070.JPG,dataset/Vinmec/Vinmec_2d/annotations/1070_binary.PNG,
MMVinmec_2D-36,dataset/Vinmec/Vinmec_2d/images/36.JPG,dataset/Vinmec/Vinmec_2d/annotations/36_binary.PNG,
MMVinmec_2D-70,dataset/Vinmec/Vinmec_2d/images/70.JPG,dataset/Vinmec/Vinmec_2d/annotations/70_binary.PNG,
MMVinmec_2D-916,dataset/Vinmec/Vinmec_2d/images/916.JPG,dataset/Vinmec/Vinmec_2d/annotations/916_binary.PNG,
MMVinmec_2D-307,dataset/Vinmec/Vinmec_2d/images/307.JPG,dataset/Vinmec/Vinmec_2d/annotations/307_binary.PNG,
MMVinmec_2D-98,dataset/Vinmec/Vinmec_2d/images/98.JPG,dataset/Vinmec/Vinmec_2d/annotations/98_binary.PNG,
MMVinmec_2D-900,dataset/Vinmec/Vinmec_2d/images/900.JPG,dataset/Vinmec/Vinmec_2d/annotations/900_binary.PNG,
MMVinmec_2D-980,dataset/Vinmec/Vinmec_2d/images/980.JPG,dataset/Vinmec/Vinmec_2d/annotations/980_binary.PNG,
MMVinmec_2D-406,dataset/Vinmec/Vinmec_2d/images/406.JPG,dataset/Vinmec/Vinmec_2d/annotations/406_binary.PNG,
MMVinmec_2D-234,dataset/Vinmec/Vinmec_2d/images/234.JPG,dataset/Vinmec/Vinmec_2d/annotations/234_binary.PNG,
MMVinmec_2D-892,dataset/Vinmec/Vinmec_2d/images/892.JPG,dataset/Vinmec/Vinmec_2d/annotations/892_binary.PNG,
MMVinmec_2D-242,dataset/Vinmec/Vinmec_2d/images/242.JPG,dataset/Vinmec/Vinmec_2d/annotations/242_binary.PNG,
MMVinmec_2D-1228,dataset/Vinmec/Vinmec_2d/images/1228.JPG,dataset/Vinmec/Vinmec_2d/annotations/1228_binary.PNG,
MMVinmec_2D-1075,dataset/Vinmec/Vinmec_2d/images/1075.JPG,dataset/Vinmec/Vinmec_2d/annotations/1075_binary.PNG,
MMVinmec_2D-1413,dataset/Vinmec/Vinmec_2d/images/1413.JPG,dataset/Vinmec/Vinmec_2d/annotations/1413_binary.PNG,
MMVinmec_2D-362,dataset/Vinmec/Vinmec_2d/images/362.JPG,dataset/Vinmec/Vinmec_2d/annotations/362_binary.PNG,
MMVinmec_2D-261,dataset/Vinmec/Vinmec_2d/images/261.JPG,dataset/Vinmec/Vinmec_2d/annotations/261_binary.PNG,
MMVinmec_2D-150,dataset/Vinmec/Vinmec_2d/images/150.JPG,dataset/Vinmec/Vinmec_2d/annotations/150_binary.PNG,
MMVinmec_2D-367,dataset/Vinmec/Vinmec_2d/images/367.JPG,dataset/Vinmec/Vinmec_2d/annotations/367_binary.PNG,
MMVinmec_2D-955,dataset/Vinmec/Vinmec_2d/images/955.JPG,dataset/Vinmec/Vinmec_2d/annotations/955_binary.PNG,
MMVinmec_2D-1202,dataset/Vinmec/Vinmec_2d/images/1202.JPG,dataset/Vinmec/Vinmec_2d/annotations/1202_binary.PNG,
MMVinmec_2D-332,dataset/Vinmec/Vinmec_2d/images/332.JPG,dataset/Vinmec/Vinmec_2d/annotations/332_binary.PNG,
MMVinmec_2D-61,dataset/Vinmec/Vinmec_2d/images/61.JPG,dataset/Vinmec/Vinmec_2d/annotations/61_binary.PNG,
MMVinmec_2D-1194,dataset/Vinmec/Vinmec_2d/images/1194.JPG,dataset/Vinmec/Vinmec_2d/annotations/1194_binary.PNG,
MMVinmec_2D-59,dataset/Vinmec/Vinmec_2d/images/59.JPG,dataset/Vinmec/Vinmec_2d/annotations/59_binary.PNG,
MMVinmec_2D-116,dataset/Vinmec/Vinmec_2d/images/116.JPG,dataset/Vinmec/Vinmec_2d/annotations/116_binary.PNG,
MMVinmec_2D-931,dataset/Vinmec/Vinmec_2d/images/931.JPG,dataset/Vinmec/Vinmec_2d/annotations/931_binary.PNG,
MMVinmec_2D-209,dataset/Vinmec/Vinmec_2d/images/209.JPG,dataset/Vinmec/Vinmec_2d/annotations/209_binary.PNG,
MMVinmec_2D-1305,dataset/Vinmec/Vinmec_2d/images/1305.JPG,dataset/Vinmec/Vinmec_2d/annotations/1305_binary.PNG,
MMVinmec_2D-1324,dataset/Vinmec/Vinmec_2d/images/1324.JPG,dataset/Vinmec/Vinmec_2d/annotations/1324_binary.PNG,
MMVinmec_2D-657,dataset/Vinmec/Vinmec_2d/images/657.JPG,dataset/Vinmec/Vinmec_2d/annotations/657_binary.PNG,
MMVinmec_2D-160,dataset/Vinmec/Vinmec_2d/images/160.JPG,dataset/Vinmec/Vinmec_2d/annotations/160_binary.PNG,
MMVinmec_2D-1276,dataset/Vinmec/Vinmec_2d/images/1276.JPG,dataset/Vinmec/Vinmec_2d/annotations/1276_binary.PNG,
MMVinmec_2D-662,dataset/Vinmec/Vinmec_2d/images/662.JPG,dataset/Vinmec/Vinmec_2d/annotations/662_binary.PNG,
MMVinmec_2D-808,dataset/Vinmec/Vinmec_2d/images/808.JPG,dataset/Vinmec/Vinmec_2d/annotations/808_binary.PNG,
MMVinmec_2D-914,dataset/Vinmec/Vinmec_2d/images/914.JPG,dataset/Vinmec/Vinmec_2d/annotations/914_binary.PNG,
MMVinmec_2D-1176,dataset/Vinmec/Vinmec_2d/images/1176.JPG,dataset/Vinmec/Vinmec_2d/annotations/1176_binary.PNG,
MMVinmec_2D-1168,dataset/Vinmec/Vinmec_2d/images/1168.JPG,dataset/Vinmec/Vinmec_2d/annotations/1168_binary.PNG,
MMVinmec_2D-1414,dataset/Vinmec/Vinmec_2d/images/1414.JPG,dataset/Vinmec/Vinmec_2d/annotations/1414_binary.PNG,
MMVinmec_2D-63,dataset/Vinmec/Vinmec_2d/images/63.JPG,dataset/Vinmec/Vinmec_2d/annotations/63_binary.PNG,
MMVinmec_2D-718,dataset/Vinmec/Vinmec_2d/images/718.JPG,dataset/Vinmec/Vinmec_2d/annotations/718_binary.PNG,
MMVinmec_2D-358,dataset/Vinmec/Vinmec_2d/images/358.JPG,dataset/Vinmec/Vinmec_2d/annotations/358_binary.PNG,
MMVinmec_2D-967,dataset/Vinmec/Vinmec_2d/images/967.JPG,dataset/Vinmec/Vinmec_2d/annotations/967_binary.PNG,
MMVinmec_2D-1354,dataset/Vinmec/Vinmec_2d/images/1354.JPG,dataset/Vinmec/Vinmec_2d/annotations/1354_binary.PNG,
MMVinmec_2D-68,dataset/Vinmec/Vinmec_2d/images/68.JPG,dataset/Vinmec/Vinmec_2d/annotations/68_binary.PNG,
MMVinmec_2D-874,dataset/Vinmec/Vinmec_2d/images/874.JPG,dataset/Vinmec/Vinmec_2d/annotations/874_binary.PNG,
MMVinmec_2D-1034,dataset/Vinmec/Vinmec_2d/images/1034.JPG,dataset/Vinmec/Vinmec_2d/annotations/1034_binary.PNG,
MMVinmec_2D-740,dataset/Vinmec/Vinmec_2d/images/740.JPG,dataset/Vinmec/Vinmec_2d/annotations/740_binary.PNG,
MMVinmec_2D-729,dataset/Vinmec/Vinmec_2d/images/729.JPG,dataset/Vinmec/Vinmec_2d/annotations/729_binary.PNG,
MMVinmec_2D-455,dataset/Vinmec/Vinmec_2d/images/455.JPG,dataset/Vinmec/Vinmec_2d/annotations/455_binary.PNG,
MMVinmec_2D-1083,dataset/Vinmec/Vinmec_2d/images/1083.JPG,dataset/Vinmec/Vinmec_2d/annotations/1083_binary.PNG,
MMVinmec_2D-321,dataset/Vinmec/Vinmec_2d/images/321.JPG,dataset/Vinmec/Vinmec_2d/annotations/321_binary.PNG,
MMVinmec_2D-1025,dataset/Vinmec/Vinmec_2d/images/1025.JPG,dataset/Vinmec/Vinmec_2d/annotations/1025_binary.PNG,
MMVinmec_2D-613,dataset/Vinmec/Vinmec_2d/images/613.JPG,dataset/Vinmec/Vinmec_2d/annotations/613_binary.PNG,
MMVinmec_2D-732,dataset/Vinmec/Vinmec_2d/images/732.JPG,dataset/Vinmec/Vinmec_2d/annotations/732_binary.PNG,
MMVinmec_2D-186,dataset/Vinmec/Vinmec_2d/images/186.JPG,dataset/Vinmec/Vinmec_2d/annotations/186_binary.PNG,
MMVinmec_2D-484,dataset/Vinmec/Vinmec_2d/images/484.JPG,dataset/Vinmec/Vinmec_2d/annotations/484_binary.PNG,
MMVinmec_2D-1341,dataset/Vinmec/Vinmec_2d/images/1341.JPG,dataset/Vinmec/Vinmec_2d/annotations/1341_binary.PNG,
MMVinmec_2D-1193,dataset/Vinmec/Vinmec_2d/images/1193.JPG,dataset/Vinmec/Vinmec_2d/annotations/1193_binary.PNG,
MMVinmec_2D-829,dataset/Vinmec/Vinmec_2d/images/829.JPG,dataset/Vinmec/Vinmec_2d/annotations/829_binary.PNG,
MMVinmec_2D-735,dataset/Vinmec/Vinmec_2d/images/735.JPG,dataset/Vinmec/Vinmec_2d/annotations/735_binary.PNG,
MMVinmec_2D-1059,dataset/Vinmec/Vinmec_2d/images/1059.JPG,dataset/Vinmec/Vinmec_2d/annotations/1059_binary.PNG,
MMVinmec_2D-337,dataset/Vinmec/Vinmec_2d/images/337.JPG,dataset/Vinmec/Vinmec_2d/annotations/337_binary.PNG,
MMVinmec_2D-1009,dataset/Vinmec/Vinmec_2d/images/1009.JPG,dataset/Vinmec/Vinmec_2d/annotations/1009_binary.PNG,
MMVinmec_2D-423,dataset/Vinmec/Vinmec_2d/images/423.JPG,dataset/Vinmec/Vinmec_2d/annotations/423_binary.PNG,
MMVinmec_2D-264,dataset/Vinmec/Vinmec_2d/images/264.JPG,dataset/Vinmec/Vinmec_2d/annotations/264_binary.PNG,
MMVinmec_2D-443,dataset/Vinmec/Vinmec_2d/images/443.JPG,dataset/Vinmec/Vinmec_2d/annotations/443_binary.PNG,
MMVinmec_2D-1401,dataset/Vinmec/Vinmec_2d/images/1401.JPG,dataset/Vinmec/Vinmec_2d/annotations/1401_binary.PNG,
MMVinmec_2D-1050,dataset/Vinmec/Vinmec_2d/images/1050.JPG,dataset/Vinmec/Vinmec_2d/annotations/1050_binary.PNG,
MMVinmec_2D-60,dataset/Vinmec/Vinmec_2d/images/60.JPG,dataset/Vinmec/Vinmec_2d/annotations/60_binary.PNG,
MMVinmec_2D-1263,dataset/Vinmec/Vinmec_2d/images/1263.JPG,dataset/Vinmec/Vinmec_2d/annotations/1263_binary.PNG,
MMVinmec_2D-730,dataset/Vinmec/Vinmec_2d/images/730.JPG,dataset/Vinmec/Vinmec_2d/annotations/730_binary.PNG,
MMVinmec_2D-1287,dataset/Vinmec/Vinmec_2d/images/1287.JPG,dataset/Vinmec/Vinmec_2d/annotations/1287_binary.PNG,
MMVinmec_2D-46,dataset/Vinmec/Vinmec_2d/images/46.JPG,dataset/Vinmec/Vinmec_2d/annotations/46_binary.PNG,
MMVinmec_2D-605,dataset/Vinmec/Vinmec_2d/images/605.JPG,dataset/Vinmec/Vinmec_2d/annotations/605_binary.PNG,
MMVinmec_2D-19,dataset/Vinmec/Vinmec_2d/images/19.JPG,dataset/Vinmec/Vinmec_2d/annotations/19_binary.PNG,
MMVinmec_2D-856,dataset/Vinmec/Vinmec_2d/images/856.JPG,dataset/Vinmec/Vinmec_2d/annotations/856_binary.PNG,
MMVinmec_2D-629,dataset/Vinmec/Vinmec_2d/images/629.JPG,dataset/Vinmec/Vinmec_2d/annotations/629_binary.PNG,
MMVinmec_2D-475,dataset/Vinmec/Vinmec_2d/images/475.JPG,dataset/Vinmec/Vinmec_2d/annotations/475_binary.PNG,
MMVinmec_2D-206,dataset/Vinmec/Vinmec_2d/images/206.JPG,dataset/Vinmec/Vinmec_2d/annotations/206_binary.PNG,
MMVinmec_2D-340,dataset/Vinmec/Vinmec_2d/images/340.JPG,dataset/Vinmec/Vinmec_2d/annotations/340_binary.PNG,
MMVinmec_2D-148,dataset/Vinmec/Vinmec_2d/images/148.JPG,dataset/Vinmec/Vinmec_2d/annotations/148_binary.PNG,
MMVinmec_2D-810,dataset/Vinmec/Vinmec_2d/images/810.JPG,dataset/Vinmec/Vinmec_2d/annotations/810_binary.PNG,
MMVinmec_2D-709,dataset/Vinmec/Vinmec_2d/images/709.JPG,dataset/Vinmec/Vinmec_2d/annotations/709_binary.PNG,
MMVinmec_2D-1077,dataset/Vinmec/Vinmec_2d/images/1077.JPG,dataset/Vinmec/Vinmec_2d/annotations/1077_binary.PNG,
MMVinmec_2D-169,dataset/Vinmec/Vinmec_2d/images/169.JPG,dataset/Vinmec/Vinmec_2d/annotations/169_binary.PNG,
MMVinmec_2D-516,dataset/Vinmec/Vinmec_2d/images/516.JPG,dataset/Vinmec/Vinmec_2d/annotations/516_binary.PNG,
MMVinmec_2D-809,dataset/Vinmec/Vinmec_2d/images/809.JPG,dataset/Vinmec/Vinmec_2d/annotations/809_binary.PNG,
MMVinmec_2D-761,dataset/Vinmec/Vinmec_2d/images/761.JPG,dataset/Vinmec/Vinmec_2d/annotations/761_binary.PNG,
MMVinmec_2D-849,dataset/Vinmec/Vinmec_2d/images/849.JPG,dataset/Vinmec/Vinmec_2d/annotations/849_binary.PNG,
MMVinmec_2D-1165,dataset/Vinmec/Vinmec_2d/images/1165.JPG,dataset/Vinmec/Vinmec_2d/annotations/1165_binary.PNG,
MMVinmec_2D-171,dataset/Vinmec/Vinmec_2d/images/171.JPG,dataset/Vinmec/Vinmec_2d/annotations/171_binary.PNG,
MMVinmec_2D-1429,dataset/Vinmec/Vinmec_2d/images/1429.JPG,dataset/Vinmec/Vinmec_2d/annotations/1429_binary.PNG,
MMVinmec_2D-979,dataset/Vinmec/Vinmec_2d/images/979.JPG,dataset/Vinmec/Vinmec_2d/annotations/979_binary.PNG,
MMVinmec_2D-634,dataset/Vinmec/Vinmec_2d/images/634.JPG,dataset/Vinmec/Vinmec_2d/annotations/634_binary.PNG,
MMVinmec_2D-576,dataset/Vinmec/Vinmec_2d/images/576.JPG,dataset/Vinmec/Vinmec_2d/annotations/576_binary.PNG,
MMVinmec_2D-706,dataset/Vinmec/Vinmec_2d/images/706.JPG,dataset/Vinmec/Vinmec_2d/annotations/706_binary.PNG,
MMVinmec_2D-650,dataset/Vinmec/Vinmec_2d/images/650.JPG,dataset/Vinmec/Vinmec_2d/annotations/650_binary.PNG,
MMVinmec_2D-326,dataset/Vinmec/Vinmec_2d/images/326.JPG,dataset/Vinmec/Vinmec_2d/annotations/326_binary.PNG,
MMVinmec_2D-795,dataset/Vinmec/Vinmec_2d/images/795.JPG,dataset/Vinmec/Vinmec_2d/annotations/795_binary.PNG,
MMVinmec_2D-966,dataset/Vinmec/Vinmec_2d/images/966.JPG,dataset/Vinmec/Vinmec_2d/annotations/966_binary.PNG,
MMVinmec_2D-93,dataset/Vinmec/Vinmec_2d/images/93.JPG,dataset/Vinmec/Vinmec_2d/annotations/93_binary.PNG,
MMVinmec_2D-1046,dataset/Vinmec/Vinmec_2d/images/1046.JPG,dataset/Vinmec/Vinmec_2d/annotations/1046_binary.PNG,
MMVinmec_2D-1391,dataset/Vinmec/Vinmec_2d/images/1391.JPG,dataset/Vinmec/Vinmec_2d/annotations/1391_binary.PNG,
MMVinmec_2D-640,dataset/Vinmec/Vinmec_2d/images/640.JPG,dataset/Vinmec/Vinmec_2d/annotations/640_binary.PNG,
MMVinmec_2D-1395,dataset/Vinmec/Vinmec_2d/images/1395.JPG,dataset/Vinmec/Vinmec_2d/annotations/1395_binary.PNG,
MMVinmec_2D-1103,dataset/Vinmec/Vinmec_2d/images/1103.JPG,dataset/Vinmec/Vinmec_2d/annotations/1103_binary.PNG,
MMVinmec_2D-875,dataset/Vinmec/Vinmec_2d/images/875.JPG,dataset/Vinmec/Vinmec_2d/annotations/875_binary.PNG,
MMVinmec_2D-90,dataset/Vinmec/Vinmec_2d/images/90.JPG,dataset/Vinmec/Vinmec_2d/annotations/90_binary.PNG,
MMVinmec_2D-388,dataset/Vinmec/Vinmec_2d/images/388.JPG,dataset/Vinmec/Vinmec_2d/annotations/388_binary.PNG,
MMVinmec_2D-391,dataset/Vinmec/Vinmec_2d/images/391.JPG,dataset/Vinmec/Vinmec_2d/annotations/391_binary.PNG,
MMVinmec_2D-751,dataset/Vinmec/Vinmec_2d/images/751.JPG,dataset/Vinmec/Vinmec_2d/annotations/751_binary.PNG,
MMVinmec_2D-523,dataset/Vinmec/Vinmec_2d/images/523.JPG,dataset/Vinmec/Vinmec_2d/annotations/523_binary.PNG,
MMVinmec_2D-138,dataset/Vinmec/Vinmec_2d/images/138.JPG,dataset/Vinmec/Vinmec_2d/annotations/138_binary.PNG,
MMVinmec_2D-421,dataset/Vinmec/Vinmec_2d/images/421.JPG,dataset/Vinmec/Vinmec_2d/annotations/421_binary.PNG,
MMVinmec_2D-669,dataset/Vinmec/Vinmec_2d/images/669.JPG,dataset/Vinmec/Vinmec_2d/annotations/669_binary.PNG,
MMVinmec_2D-392,dataset/Vinmec/Vinmec_2d/images/392.JPG,dataset/Vinmec/Vinmec_2d/annotations/392_binary.PNG,
MMVinmec_2D-655,dataset/Vinmec/Vinmec_2d/images/655.JPG,dataset/Vinmec/Vinmec_2d/annotations/655_binary.PNG,
MMVinmec_2D-870,dataset/Vinmec/Vinmec_2d/images/870.JPG,dataset/Vinmec/Vinmec_2d/annotations/870_binary.PNG,
MMVinmec_2D-301,dataset/Vinmec/Vinmec_2d/images/301.JPG,dataset/Vinmec/Vinmec_2d/annotations/301_binary.PNG,
MMVinmec_2D-295,dataset/Vinmec/Vinmec_2d/images/295.JPG,dataset/Vinmec/Vinmec_2d/annotations/295_binary.PNG,
MMVinmec_2D-968,dataset/Vinmec/Vinmec_2d/images/968.JPG,dataset/Vinmec/Vinmec_2d/annotations/968_binary.PNG,
MMVinmec_2D-429,dataset/Vinmec/Vinmec_2d/images/429.JPG,dataset/Vinmec/Vinmec_2d/annotations/429_binary.PNG,
MMVinmec_2D-1184,dataset/Vinmec/Vinmec_2d/images/1184.JPG,dataset/Vinmec/Vinmec_2d/annotations/1184_binary.PNG,
MMVinmec_2D-493,dataset/Vinmec/Vinmec_2d/images/493.JPG,dataset/Vinmec/Vinmec_2d/annotations/493_binary.PNG,
MMVinmec_2D-532,dataset/Vinmec/Vinmec_2d/images/532.JPG,dataset/Vinmec/Vinmec_2d/annotations/532_binary.PNG,
MMVinmec_2D-597,dataset/Vinmec/Vinmec_2d/images/597.JPG,dataset/Vinmec/Vinmec_2d/annotations/597_binary.PNG,
MMVinmec_2D-1438,dataset/Vinmec/Vinmec_2d/images/1438.JPG,dataset/Vinmec/Vinmec_2d/annotations/1438_binary.PNG,
MMVinmec_2D-129,dataset/Vinmec/Vinmec_2d/images/129.JPG,dataset/Vinmec/Vinmec_2d/annotations/129_binary.PNG,
MMVinmec_2D-1319,dataset/Vinmec/Vinmec_2d/images/1319.JPG,dataset/Vinmec/Vinmec_2d/annotations/1319_binary.PNG,
MMVinmec_2D-166,dataset/Vinmec/Vinmec_2d/images/166.JPG,dataset/Vinmec/Vinmec_2d/annotations/166_binary.PNG,
MMVinmec_2D-377,dataset/Vinmec/Vinmec_2d/images/377.JPG,dataset/Vinmec/Vinmec_2d/annotations/377_binary.PNG,
MMVinmec_2D-1121,dataset/Vinmec/Vinmec_2d/images/1121.JPG,dataset/Vinmec/Vinmec_2d/annotations/1121_binary.PNG,
MMVinmec_2D-1058,dataset/Vinmec/Vinmec_2d/images/1058.JPG,dataset/Vinmec/Vinmec_2d/annotations/1058_binary.PNG,
MMVinmec_2D-41,dataset/Vinmec/Vinmec_2d/images/41.JPG,dataset/Vinmec/Vinmec_2d/annotations/41_binary.PNG,
MMVinmec_2D-846,dataset/Vinmec/Vinmec_2d/images/846.JPG,dataset/Vinmec/Vinmec_2d/annotations/846_binary.PNG,
MMVinmec_2D-449,dataset/Vinmec/Vinmec_2d/images/449.JPG,dataset/Vinmec/Vinmec_2d/annotations/449_binary.PNG,
MMVinmec_2D-1406,dataset/Vinmec/Vinmec_2d/images/1406.JPG,dataset/Vinmec/Vinmec_2d/annotations/1406_binary.PNG,
MMVinmec_2D-513,dataset/Vinmec/Vinmec_2d/images/513.JPG,dataset/Vinmec/Vinmec_2d/annotations/513_binary.PNG,
MMVinmec_2D-850,dataset/Vinmec/Vinmec_2d/images/850.JPG,dataset/Vinmec/Vinmec_2d/annotations/850_binary.PNG,
MMVinmec_2D-992,dataset/Vinmec/Vinmec_2d/images/992.JPG,dataset/Vinmec/Vinmec_2d/annotations/992_binary.PNG,
MMVinmec_2D-895,dataset/Vinmec/Vinmec_2d/images/895.JPG,dataset/Vinmec/Vinmec_2d/annotations/895_binary.PNG,
MMVinmec_2D-480,dataset/Vinmec/Vinmec_2d/images/480.JPG,dataset/Vinmec/Vinmec_2d/annotations/480_binary.PNG,
MMVinmec_2D-1107,dataset/Vinmec/Vinmec_2d/images/1107.JPG,dataset/Vinmec/Vinmec_2d/annotations/1107_binary.PNG,
MMVinmec_2D-1346,dataset/Vinmec/Vinmec_2d/images/1346.JPG,dataset/Vinmec/Vinmec_2d/annotations/1346_binary.PNG,
MMVinmec_2D-1314,dataset/Vinmec/Vinmec_2d/images/1314.JPG,dataset/Vinmec/Vinmec_2d/annotations/1314_binary.PNG,
MMVinmec_2D-315,dataset/Vinmec/Vinmec_2d/images/315.JPG,dataset/Vinmec/Vinmec_2d/annotations/315_binary.PNG,
MMVinmec_2D-794,dataset/Vinmec/Vinmec_2d/images/794.JPG,dataset/Vinmec/Vinmec_2d/annotations/794_binary.PNG,
MMVinmec_2D-1114,dataset/Vinmec/Vinmec_2d/images/1114.JPG,dataset/Vinmec/Vinmec_2d/annotations/1114_binary.PNG,
MMVinmec_2D-1089,dataset/Vinmec/Vinmec_2d/images/1089.JPG,dataset/Vinmec/Vinmec_2d/annotations/1089_binary.PNG,
MMVinmec_2D-1246,dataset/Vinmec/Vinmec_2d/images/1246.JPG,dataset/Vinmec/Vinmec_2d/annotations/1246_binary.PNG,
MMVinmec_2D-273,dataset/Vinmec/Vinmec_2d/images/273.JPG,dataset/Vinmec/Vinmec_2d/annotations/273_binary.PNG,
MMVinmec_2D-1045,dataset/Vinmec/Vinmec_2d/images/1045.JPG,dataset/Vinmec/Vinmec_2d/annotations/1045_binary.PNG,
MMVinmec_2D-936,dataset/Vinmec/Vinmec_2d/images/936.JPG,dataset/Vinmec/Vinmec_2d/annotations/936_binary.PNG,
MMVinmec_2D-734,dataset/Vinmec/Vinmec_2d/images/734.JPG,dataset/Vinmec/Vinmec_2d/annotations/734_binary.PNG,
MMVinmec_2D-1292,dataset/Vinmec/Vinmec_2d/images/1292.JPG,dataset/Vinmec/Vinmec_2d/annotations/1292_binary.PNG,
MMVinmec_2D-203,dataset/Vinmec/Vinmec_2d/images/203.JPG,dataset/Vinmec/Vinmec_2d/annotations/203_binary.PNG,
MMVinmec_2D-847,dataset/Vinmec/Vinmec_2d/images/847.JPG,dataset/Vinmec/Vinmec_2d/annotations/847_binary.PNG,
MMVinmec_2D-240,dataset/Vinmec/Vinmec_2d/images/240.JPG,dataset/Vinmec/Vinmec_2d/annotations/240_binary.PNG,
MMVinmec_2D-73,dataset/Vinmec/Vinmec_2d/images/73.JPG,dataset/Vinmec/Vinmec_2d/annotations/73_binary.PNG,
MMVinmec_2D-928,dataset/Vinmec/Vinmec_2d/images/928.JPG,dataset/Vinmec/Vinmec_2d/annotations/928_binary.PNG,
MMVinmec_2D-609,dataset/Vinmec/Vinmec_2d/images/609.JPG,dataset/Vinmec/Vinmec_2d/annotations/609_binary.PNG,
MMVinmec_2D-296,dataset/Vinmec/Vinmec_2d/images/296.JPG,dataset/Vinmec/Vinmec_2d/annotations/296_binary.PNG,
MMVinmec_2D-238,dataset/Vinmec/Vinmec_2d/images/238.JPG,dataset/Vinmec/Vinmec_2d/annotations/238_binary.PNG,
MMVinmec_2D-34,dataset/Vinmec/Vinmec_2d/images/34.JPG,dataset/Vinmec/Vinmec_2d/annotations/34_binary.PNG,
MMVinmec_2D-299,dataset/Vinmec/Vinmec_2d/images/299.JPG,dataset/Vinmec/Vinmec_2d/annotations/299_binary.PNG,
MMVinmec_2D-764,dataset/Vinmec/Vinmec_2d/images/764.JPG,dataset/Vinmec/Vinmec_2d/annotations/764_binary.PNG,
MMVinmec_2D-563,dataset/Vinmec/Vinmec_2d/images/563.JPG,dataset/Vinmec/Vinmec_2d/annotations/563_binary.PNG,
MMVinmec_2D-994,dataset/Vinmec/Vinmec_2d/images/994.JPG,dataset/Vinmec/Vinmec_2d/annotations/994_binary.PNG,
MMVinmec_2D-3,dataset/Vinmec/Vinmec_2d/images/3.JPG,dataset/Vinmec/Vinmec_2d/annotations/3_binary.PNG,
MMVinmec_2D-904,dataset/Vinmec/Vinmec_2d/images/904.JPG,dataset/Vinmec/Vinmec_2d/annotations/904_binary.PNG,
MMVinmec_2D-77,dataset/Vinmec/Vinmec_2d/images/77.JPG,dataset/Vinmec/Vinmec_2d/annotations/77_binary.PNG,
MMVinmec_2D-178,dataset/Vinmec/Vinmec_2d/images/178.JPG,dataset/Vinmec/Vinmec_2d/annotations/178_binary.PNG,
MMVinmec_2D-1159,dataset/Vinmec/Vinmec_2d/images/1159.JPG,dataset/Vinmec/Vinmec_2d/annotations/1159_binary.PNG,
MMVinmec_2D-161,dataset/Vinmec/Vinmec_2d/images/161.JPG,dataset/Vinmec/Vinmec_2d/annotations/161_binary.PNG,
MMVinmec_2D-1268,dataset/Vinmec/Vinmec_2d/images/1268.JPG,dataset/Vinmec/Vinmec_2d/annotations/1268_binary.PNG,
MMVinmec_2D-1239,dataset/Vinmec/Vinmec_2d/images/1239.JPG,dataset/Vinmec/Vinmec_2d/annotations/1239_binary.PNG,
MMVinmec_2D-773,dataset/Vinmec/Vinmec_2d/images/773.JPG,dataset/Vinmec/Vinmec_2d/annotations/773_binary.PNG,
MMVinmec_2D-1120,dataset/Vinmec/Vinmec_2d/images/1120.JPG,dataset/Vinmec/Vinmec_2d/annotations/1120_binary.PNG,
MMVinmec_2D-102,dataset/Vinmec/Vinmec_2d/images/102.JPG,dataset/Vinmec/Vinmec_2d/annotations/102_binary.PNG,
MMVinmec_2D-1455,dataset/Vinmec/Vinmec_2d/images/1455.JPG,dataset/Vinmec/Vinmec_2d/annotations/1455_binary.PNG,
MMVinmec_2D-313,dataset/Vinmec/Vinmec_2d/images/313.JPG,dataset/Vinmec/Vinmec_2d/annotations/313_binary.PNG,
MMVinmec_2D-440,dataset/Vinmec/Vinmec_2d/images/440.JPG,dataset/Vinmec/Vinmec_2d/annotations/440_binary.PNG,
MMVinmec_2D-305,dataset/Vinmec/Vinmec_2d/images/305.JPG,dataset/Vinmec/Vinmec_2d/annotations/305_binary.PNG,
MMVinmec_2D-1086,dataset/Vinmec/Vinmec_2d/images/1086.JPG,dataset/Vinmec/Vinmec_2d/annotations/1086_binary.PNG,
MMVinmec_2D-950,dataset/Vinmec/Vinmec_2d/images/950.JPG,dataset/Vinmec/Vinmec_2d/annotations/950_binary.PNG,
MMVinmec_2D-820,dataset/Vinmec/Vinmec_2d/images/820.JPG,dataset/Vinmec/Vinmec_2d/annotations/820_binary.PNG,
MMVinmec_2D-536,dataset/Vinmec/Vinmec_2d/images/536.JPG,dataset/Vinmec/Vinmec_2d/annotations/536_binary.PNG,
MMVinmec_2D-232,dataset/Vinmec/Vinmec_2d/images/232.JPG,dataset/Vinmec/Vinmec_2d/annotations/232_binary.PNG,
MMVinmec_2D-427,dataset/Vinmec/Vinmec_2d/images/427.JPG,dataset/Vinmec/Vinmec_2d/annotations/427_binary.PNG,
MMVinmec_2D-122,dataset/Vinmec/Vinmec_2d/images/122.JPG,dataset/Vinmec/Vinmec_2d/annotations/122_binary.PNG,
MMVinmec_2D-255,dataset/Vinmec/Vinmec_2d/images/255.JPG,dataset/Vinmec/Vinmec_2d/annotations/255_binary.PNG,
MMVinmec_2D-652,dataset/Vinmec/Vinmec_2d/images/652.JPG,dataset/Vinmec/Vinmec_2d/annotations/652_binary.PNG,
MMVinmec_2D-971,dataset/Vinmec/Vinmec_2d/images/971.JPG,dataset/Vinmec/Vinmec_2d/annotations/971_binary.PNG,
MMVinmec_2D-153,dataset/Vinmec/Vinmec_2d/images/153.JPG,dataset/Vinmec/Vinmec_2d/annotations/153_binary.PNG,
MMVinmec_2D-156,dataset/Vinmec/Vinmec_2d/images/156.JPG,dataset/Vinmec/Vinmec_2d/annotations/156_binary.PNG,
MMVinmec_2D-1449,dataset/Vinmec/Vinmec_2d/images/1449.JPG,dataset/Vinmec/Vinmec_2d/annotations/1449_binary.PNG,
MMVinmec_2D-76,dataset/Vinmec/Vinmec_2d/images/76.JPG,dataset/Vinmec/Vinmec_2d/annotations/76_binary.PNG,
MMVinmec_2D-504,dataset/Vinmec/Vinmec_2d/images/504.JPG,dataset/Vinmec/Vinmec_2d/annotations/504_binary.PNG,
MMVinmec_2D-411,dataset/Vinmec/Vinmec_2d/images/411.JPG,dataset/Vinmec/Vinmec_2d/annotations/411_binary.PNG,
MMVinmec_2D-67,dataset/Vinmec/Vinmec_2d/images/67.JPG,dataset/Vinmec/Vinmec_2d/annotations/67_binary.PNG,
MMVinmec_2D-1167,dataset/Vinmec/Vinmec_2d/images/1167.JPG,dataset/Vinmec/Vinmec_2d/annotations/1167_binary.PNG,
MMVinmec_2D-490,dataset/Vinmec/Vinmec_2d/images/490.JPG,dataset/Vinmec/Vinmec_2d/annotations/490_binary.PNG,
MMVinmec_2D-1147,dataset/Vinmec/Vinmec_2d/images/1147.JPG,dataset/Vinmec/Vinmec_2d/annotations/1147_binary.PNG,
MMVinmec_2D-53,dataset/Vinmec/Vinmec_2d/images/53.JPG,dataset/Vinmec/Vinmec_2d/annotations/53_binary.PNG,
MMVinmec_2D-189,dataset/Vinmec/Vinmec_2d/images/189.JPG,dataset/Vinmec/Vinmec_2d/annotations/189_binary.PNG,
MMVinmec_2D-660,dataset/Vinmec/Vinmec_2d/images/660.JPG,dataset/Vinmec/Vinmec_2d/annotations/660_binary.PNG,
MMVinmec_2D-1254,dataset/Vinmec/Vinmec_2d/images/1254.JPG,dataset/Vinmec/Vinmec_2d/annotations/1254_binary.PNG,
MMVinmec_2D-1291,dataset/Vinmec/Vinmec_2d/images/1291.JPG,dataset/Vinmec/Vinmec_2d/annotations/1291_binary.PNG,
MMVinmec_2D-481,dataset/Vinmec/Vinmec_2d/images/481.JPG,dataset/Vinmec/Vinmec_2d/annotations/481_binary.PNG,
MMVinmec_2D-292,dataset/Vinmec/Vinmec_2d/images/292.JPG,dataset/Vinmec/Vinmec_2d/annotations/292_binary.PNG,
MMVinmec_2D-588,dataset/Vinmec/Vinmec_2d/images/588.JPG,dataset/Vinmec/Vinmec_2d/annotations/588_binary.PNG,
MMVinmec_2D-700,dataset/Vinmec/Vinmec_2d/images/700.JPG,dataset/Vinmec/Vinmec_2d/annotations/700_binary.PNG,
MMVinmec_2D-106,dataset/Vinmec/Vinmec_2d/images/106.JPG,dataset/Vinmec/Vinmec_2d/annotations/106_binary.PNG,
MMVinmec_2D-921,dataset/Vinmec/Vinmec_2d/images/921.JPG,dataset/Vinmec/Vinmec_2d/annotations/921_binary.PNG,
MMVinmec_2D-1446,dataset/Vinmec/Vinmec_2d/images/1446.JPG,dataset/Vinmec/Vinmec_2d/annotations/1446_binary.PNG,
MMVinmec_2D-300,dataset/Vinmec/Vinmec_2d/images/300.JPG,dataset/Vinmec/Vinmec_2d/annotations/300_binary.PNG,
MMVinmec_2D-633,dataset/Vinmec/Vinmec_2d/images/633.JPG,dataset/Vinmec/Vinmec_2d/annotations/633_binary.PNG,
MMVinmec_2D-56,dataset/Vinmec/Vinmec_2d/images/56.JPG,dataset/Vinmec/Vinmec_2d/annotations/56_binary.PNG,
MMVinmec_2D-47,dataset/Vinmec/Vinmec_2d/images/47.JPG,dataset/Vinmec/Vinmec_2d/annotations/47_binary.PNG,
MMVinmec_2D-281,dataset/Vinmec/Vinmec_2d/images/281.JPG,dataset/Vinmec/Vinmec_2d/annotations/281_binary.PNG,
MMVinmec_2D-1082,dataset/Vinmec/Vinmec_2d/images/1082.JPG,dataset/Vinmec/Vinmec_2d/annotations/1082_binary.PNG,
MMVinmec_2D-790,dataset/Vinmec/Vinmec_2d/images/790.JPG,dataset/Vinmec/Vinmec_2d/annotations/790_binary.PNG,
MMVinmec_2D-1253,dataset/Vinmec/Vinmec_2d/images/1253.JPG,dataset/Vinmec/Vinmec_2d/annotations/1253_binary.PNG,
MMVinmec_2D-310,dataset/Vinmec/Vinmec_2d/images/310.JPG,dataset/Vinmec/Vinmec_2d/annotations/310_binary.PNG,
MMVinmec_2D-184,dataset/Vinmec/Vinmec_2d/images/184.JPG,dataset/Vinmec/Vinmec_2d/annotations/184_binary.PNG,
MMVinmec_2D-370,dataset/Vinmec/Vinmec_2d/images/370.JPG,dataset/Vinmec/Vinmec_2d/annotations/370_binary.PNG,
MMVinmec_2D-233,dataset/Vinmec/Vinmec_2d/images/233.JPG,dataset/Vinmec/Vinmec_2d/annotations/233_binary.PNG,
MMVinmec_2D-1300,dataset/Vinmec/Vinmec_2d/images/1300.JPG,dataset/Vinmec/Vinmec_2d/annotations/1300_binary.PNG,
MMVinmec_2D-1230,dataset/Vinmec/Vinmec_2d/images/1230.JPG,dataset/Vinmec/Vinmec_2d/annotations/1230_binary.PNG,
MMVinmec_2D-1172,dataset/Vinmec/Vinmec_2d/images/1172.JPG,dataset/Vinmec/Vinmec_2d/annotations/1172_binary.PNG,
MMVinmec_2D-290,dataset/Vinmec/Vinmec_2d/images/290.JPG,dataset/Vinmec/Vinmec_2d/annotations/290_binary.PNG,
MMVinmec_2D-538,dataset/Vinmec/Vinmec_2d/images/538.JPG,dataset/Vinmec/Vinmec_2d/annotations/538_binary.PNG,
MMVinmec_2D-604,dataset/Vinmec/Vinmec_2d/images/604.JPG,dataset/Vinmec/Vinmec_2d/annotations/604_binary.PNG,
MMVinmec_2D-863,dataset/Vinmec/Vinmec_2d/images/863.JPG,dataset/Vinmec/Vinmec_2d/annotations/863_binary.PNG,
MMVinmec_2D-887,dataset/Vinmec/Vinmec_2d/images/887.JPG,dataset/Vinmec/Vinmec_2d/annotations/887_binary.PNG,
MMVinmec_2D-1062,dataset/Vinmec/Vinmec_2d/images/1062.JPG,dataset/Vinmec/Vinmec_2d/annotations/1062_binary.PNG,
MMVinmec_2D-987,dataset/Vinmec/Vinmec_2d/images/987.JPG,dataset/Vinmec/Vinmec_2d/annotations/987_binary.PNG,
MMVinmec_2D-1353,dataset/Vinmec/Vinmec_2d/images/1353.JPG,dataset/Vinmec/Vinmec_2d/annotations/1353_binary.PNG,
MMVinmec_2D-1369,dataset/Vinmec/Vinmec_2d/images/1369.JPG,dataset/Vinmec/Vinmec_2d/annotations/1369_binary.PNG,
MMVinmec_2D-123,dataset/Vinmec/Vinmec_2d/images/123.JPG,dataset/Vinmec/Vinmec_2d/annotations/123_binary.PNG,
MMVinmec_2D-1127,dataset/Vinmec/Vinmec_2d/images/1127.JPG,dataset/Vinmec/Vinmec_2d/annotations/1127_binary.PNG,
MMVinmec_2D-198,dataset/Vinmec/Vinmec_2d/images/198.JPG,dataset/Vinmec/Vinmec_2d/annotations/198_binary.PNG,
MMVinmec_2D-712,dataset/Vinmec/Vinmec_2d/images/712.JPG,dataset/Vinmec/Vinmec_2d/annotations/712_binary.PNG,
MMVinmec_2D-843,dataset/Vinmec/Vinmec_2d/images/843.JPG,dataset/Vinmec/Vinmec_2d/annotations/843_binary.PNG,
MMVinmec_2D-1282,dataset/Vinmec/Vinmec_2d/images/1282.JPG,dataset/Vinmec/Vinmec_2d/annotations/1282_binary.PNG,
MMVinmec_2D-750,dataset/Vinmec/Vinmec_2d/images/750.JPG,dataset/Vinmec/Vinmec_2d/annotations/750_binary.PNG,
MMVinmec_2D-278,dataset/Vinmec/Vinmec_2d/images/278.JPG,dataset/Vinmec/Vinmec_2d/annotations/278_binary.PNG,
MMVinmec_2D-465,dataset/Vinmec/Vinmec_2d/images/465.JPG,dataset/Vinmec/Vinmec_2d/annotations/465_binary.PNG,
MMVinmec_2D-1049,dataset/Vinmec/Vinmec_2d/images/1049.JPG,dataset/Vinmec/Vinmec_2d/annotations/1049_binary.PNG,
MMVinmec_2D-1450,dataset/Vinmec/Vinmec_2d/images/1450.JPG,dataset/Vinmec/Vinmec_2d/annotations/1450_binary.PNG,
MMVinmec_2D-1466,dataset/Vinmec/Vinmec_2d/images/1466.JPG,dataset/Vinmec/Vinmec_2d/annotations/1466_binary.PNG,
MMVinmec_2D-903,dataset/Vinmec/Vinmec_2d/images/903.JPG,dataset/Vinmec/Vinmec_2d/annotations/903_binary.PNG,
MMVinmec_2D-353,dataset/Vinmec/Vinmec_2d/images/353.JPG,dataset/Vinmec/Vinmec_2d/annotations/353_binary.PNG,
MMVinmec_2D-886,dataset/Vinmec/Vinmec_2d/images/886.JPG,dataset/Vinmec/Vinmec_2d/annotations/886_binary.PNG,
MMVinmec_2D-1137,dataset/Vinmec/Vinmec_2d/images/1137.JPG,dataset/Vinmec/Vinmec_2d/annotations/1137_binary.PNG,
MMVinmec_2D-746,dataset/Vinmec/Vinmec_2d/images/746.JPG,dataset/Vinmec/Vinmec_2d/annotations/746_binary.PNG,
MMVinmec_2D-1000,dataset/Vinmec/Vinmec_2d/images/1000.JPG,dataset/Vinmec/Vinmec_2d/annotations/1000_binary.PNG,
MMVinmec_2D-596,dataset/Vinmec/Vinmec_2d/images/596.JPG,dataset/Vinmec/Vinmec_2d/annotations/596_binary.PNG,
MMVinmec_2D-1304,dataset/Vinmec/Vinmec_2d/images/1304.JPG,dataset/Vinmec/Vinmec_2d/annotations/1304_binary.PNG,
MMVinmec_2D-674,dataset/Vinmec/Vinmec_2d/images/674.JPG,dataset/Vinmec/Vinmec_2d/annotations/674_binary.PNG,
MMVinmec_2D-796,dataset/Vinmec/Vinmec_2d/images/796.JPG,dataset/Vinmec/Vinmec_2d/annotations/796_binary.PNG,
MMVinmec_2D-227,dataset/Vinmec/Vinmec_2d/images/227.JPG,dataset/Vinmec/Vinmec_2d/annotations/227_binary.PNG,
MMVinmec_2D-302,dataset/Vinmec/Vinmec_2d/images/302.JPG,dataset/Vinmec/Vinmec_2d/annotations/302_binary.PNG,
MMVinmec_2D-942,dataset/Vinmec/Vinmec_2d/images/942.JPG,dataset/Vinmec/Vinmec_2d/annotations/942_binary.PNG,
MMVinmec_2D-18,dataset/Vinmec/Vinmec_2d/images/18.JPG,dataset/Vinmec/Vinmec_2d/annotations/18_binary.PNG,
MMVinmec_2D-459,dataset/Vinmec/Vinmec_2d/images/459.JPG,dataset/Vinmec/Vinmec_2d/annotations/459_binary.PNG,
MMVinmec_2D-503,dataset/Vinmec/Vinmec_2d/images/503.JPG,dataset/Vinmec/Vinmec_2d/annotations/503_binary.PNG,
MMVinmec_2D-1244,dataset/Vinmec/Vinmec_2d/images/1244.JPG,dataset/Vinmec/Vinmec_2d/annotations/1244_binary.PNG,
MMVinmec_2D-247,dataset/Vinmec/Vinmec_2d/images/247.JPG,dataset/Vinmec/Vinmec_2d/annotations/247_binary.PNG,
MMVinmec_2D-569,dataset/Vinmec/Vinmec_2d/images/569.JPG,dataset/Vinmec/Vinmec_2d/annotations/569_binary.PNG,
MMVinmec_2D-1130,dataset/Vinmec/Vinmec_2d/images/1130.JPG,dataset/Vinmec/Vinmec_2d/annotations/1130_binary.PNG,
MMVinmec_2D-1110,dataset/Vinmec/Vinmec_2d/images/1110.JPG,dataset/Vinmec/Vinmec_2d/annotations/1110_binary.PNG,
MMVinmec_2D-1264,dataset/Vinmec/Vinmec_2d/images/1264.JPG,dataset/Vinmec/Vinmec_2d/annotations/1264_binary.PNG,
MMVinmec_2D-88,dataset/Vinmec/Vinmec_2d/images/88.JPG,dataset/Vinmec/Vinmec_2d/annotations/88_binary.PNG,
MMVinmec_2D-196,dataset/Vinmec/Vinmec_2d/images/196.JPG,dataset/Vinmec/Vinmec_2d/annotations/196_binary.PNG,
MMVinmec_2D-530,dataset/Vinmec/Vinmec_2d/images/530.JPG,dataset/Vinmec/Vinmec_2d/annotations/530_binary.PNG,
MMVinmec_2D-11,dataset/Vinmec/Vinmec_2d/images/11.JPG,dataset/Vinmec/Vinmec_2d/annotations/11_binary.PNG,
MMVinmec_2D-1399,dataset/Vinmec/Vinmec_2d/images/1399.JPG,dataset/Vinmec/Vinmec_2d/annotations/1399_binary.PNG,
MMVinmec_2D-283,dataset/Vinmec/Vinmec_2d/images/283.JPG,dataset/Vinmec/Vinmec_2d/annotations/283_binary.PNG,
MMVinmec_2D-611,dataset/Vinmec/Vinmec_2d/images/611.JPG,dataset/Vinmec/Vinmec_2d/annotations/611_binary.PNG,
MMVinmec_2D-287,dataset/Vinmec/Vinmec_2d/images/287.JPG,dataset/Vinmec/Vinmec_2d/annotations/287_binary.PNG,
MMVinmec_2D-349,dataset/Vinmec/Vinmec_2d/images/349.JPG,dataset/Vinmec/Vinmec_2d/annotations/349_binary.PNG,
MMVinmec_2D-265,dataset/Vinmec/Vinmec_2d/images/265.JPG,dataset/Vinmec/Vinmec_2d/annotations/265_binary.PNG,
MMVinmec_2D-364,dataset/Vinmec/Vinmec_2d/images/364.JPG,dataset/Vinmec/Vinmec_2d/annotations/364_binary.PNG,
MMVinmec_2D-1469,dataset/Vinmec/Vinmec_2d/images/1469.JPG,dataset/Vinmec/Vinmec_2d/annotations/1469_binary.PNG,
MMVinmec_2D-806,dataset/Vinmec/Vinmec_2d/images/806.JPG,dataset/Vinmec/Vinmec_2d/annotations/806_binary.PNG,
MMVinmec_2D-1380,dataset/Vinmec/Vinmec_2d/images/1380.JPG,dataset/Vinmec/Vinmec_2d/annotations/1380_binary.PNG,
MMVinmec_2D-1072,dataset/Vinmec/Vinmec_2d/images/1072.JPG,dataset/Vinmec/Vinmec_2d/annotations/1072_binary.PNG,
MMVinmec_2D-915,dataset/Vinmec/Vinmec_2d/images/915.JPG,dataset/Vinmec/Vinmec_2d/annotations/915_binary.PNG,
MMVinmec_2D-801,dataset/Vinmec/Vinmec_2d/images/801.JPG,dataset/Vinmec/Vinmec_2d/annotations/801_binary.PNG,
MMVinmec_2D-799,dataset/Vinmec/Vinmec_2d/images/799.JPG,dataset/Vinmec/Vinmec_2d/annotations/799_binary.PNG,
MMVinmec_2D-999,dataset/Vinmec/Vinmec_2d/images/999.JPG,dataset/Vinmec/Vinmec_2d/annotations/999_binary.PNG,
MMVinmec_2D-625,dataset/Vinmec/Vinmec_2d/images/625.JPG,dataset/Vinmec/Vinmec_2d/annotations/625_binary.PNG,
MMVinmec_2D-1258,dataset/Vinmec/Vinmec_2d/images/1258.JPG,dataset/Vinmec/Vinmec_2d/annotations/1258_binary.PNG,
MMVinmec_2D-888,dataset/Vinmec/Vinmec_2d/images/888.JPG,dataset/Vinmec/Vinmec_2d/annotations/888_binary.PNG,
MMVinmec_2D-913,dataset/Vinmec/Vinmec_2d/images/913.JPG,dataset/Vinmec/Vinmec_2d/annotations/913_binary.PNG,
MMVinmec_2D-462,dataset/Vinmec/Vinmec_2d/images/462.JPG,dataset/Vinmec/Vinmec_2d/annotations/462_binary.PNG,
MMVinmec_2D-1356,dataset/Vinmec/Vinmec_2d/images/1356.JPG,dataset/Vinmec/Vinmec_2d/annotations/1356_binary.PNG,
MMVinmec_2D-1421,dataset/Vinmec/Vinmec_2d/images/1421.JPG,dataset/Vinmec/Vinmec_2d/annotations/1421_binary.PNG,
MMVinmec_2D-252,dataset/Vinmec/Vinmec_2d/images/252.JPG,dataset/Vinmec/Vinmec_2d/annotations/252_binary.PNG,
MMVinmec_2D-1096,dataset/Vinmec/Vinmec_2d/images/1096.JPG,dataset/Vinmec/Vinmec_2d/annotations/1096_binary.PNG,
MMVinmec_2D-275,dataset/Vinmec/Vinmec_2d/images/275.JPG,dataset/Vinmec/Vinmec_2d/annotations/275_binary.PNG,
MMVinmec_2D-721,dataset/Vinmec/Vinmec_2d/images/721.JPG,dataset/Vinmec/Vinmec_2d/annotations/721_binary.PNG,
MMVinmec_2D-803,dataset/Vinmec/Vinmec_2d/images/803.JPG,dataset/Vinmec/Vinmec_2d/annotations/803_binary.PNG,
MMVinmec_2D-1411,dataset/Vinmec/Vinmec_2d/images/1411.JPG,dataset/Vinmec/Vinmec_2d/annotations/1411_binary.PNG,
MMVinmec_2D-496,dataset/Vinmec/Vinmec_2d/images/496.JPG,dataset/Vinmec/Vinmec_2d/annotations/496_binary.PNG,
MMVinmec_2D-812,dataset/Vinmec/Vinmec_2d/images/812.JPG,dataset/Vinmec/Vinmec_2d/annotations/812_binary.PNG,
MMVinmec_2D-978,dataset/Vinmec/Vinmec_2d/images/978.JPG,dataset/Vinmec/Vinmec_2d/annotations/978_binary.PNG,
MMVinmec_2D-277,dataset/Vinmec/Vinmec_2d/images/277.JPG,dataset/Vinmec/Vinmec_2d/annotations/277_binary.PNG,
MMVinmec_2D-667,dataset/Vinmec/Vinmec_2d/images/667.JPG,dataset/Vinmec/Vinmec_2d/annotations/667_binary.PNG,
MMVinmec_2D-1039,dataset/Vinmec/Vinmec_2d/images/1039.JPG,dataset/Vinmec/Vinmec_2d/annotations/1039_binary.PNG,
MMVinmec_2D-901,dataset/Vinmec/Vinmec_2d/images/901.JPG,dataset/Vinmec/Vinmec_2d/annotations/901_binary.PNG,
MMVinmec_2D-1178,dataset/Vinmec/Vinmec_2d/images/1178.JPG,dataset/Vinmec/Vinmec_2d/annotations/1178_binary.PNG,
MMVinmec_2D-749,dataset/Vinmec/Vinmec_2d/images/749.JPG,dataset/Vinmec/Vinmec_2d/annotations/749_binary.PNG,
MMVinmec_2D-471,dataset/Vinmec/Vinmec_2d/images/471.JPG,dataset/Vinmec/Vinmec_2d/annotations/471_binary.PNG,
MMVinmec_2D-651,dataset/Vinmec/Vinmec_2d/images/651.JPG,dataset/Vinmec/Vinmec_2d/annotations/651_binary.PNG,
MMVinmec_2D-371,dataset/Vinmec/Vinmec_2d/images/371.JPG,dataset/Vinmec/Vinmec_2d/annotations/371_binary.PNG,
MMVinmec_2D-444,dataset/Vinmec/Vinmec_2d/images/444.JPG,dataset/Vinmec/Vinmec_2d/annotations/444_binary.PNG,
MMVinmec_2D-109,dataset/Vinmec/Vinmec_2d/images/109.JPG,dataset/Vinmec/Vinmec_2d/annotations/109_binary.PNG,
MMVinmec_2D-1383,dataset/Vinmec/Vinmec_2d/images/1383.JPG,dataset/Vinmec/Vinmec_2d/annotations/1383_binary.PNG,
MMVinmec_2D-828,dataset/Vinmec/Vinmec_2d/images/828.JPG,dataset/Vinmec/Vinmec_2d/annotations/828_binary.PNG,
MMVinmec_2D-13,dataset/Vinmec/Vinmec_2d/images/13.JPG,dataset/Vinmec/Vinmec_2d/annotations/13_binary.PNG,
MMVinmec_2D-350,dataset/Vinmec/Vinmec_2d/images/350.JPG,dataset/Vinmec/Vinmec_2d/annotations/350_binary.PNG,
MMVinmec_2D-1297,dataset/Vinmec/Vinmec_2d/images/1297.JPG,dataset/Vinmec/Vinmec_2d/annotations/1297_binary.PNG,
MMVinmec_2D-519,dataset/Vinmec/Vinmec_2d/images/519.JPG,dataset/Vinmec/Vinmec_2d/annotations/519_binary.PNG,
MMVinmec_2D-1169,dataset/Vinmec/Vinmec_2d/images/1169.JPG,dataset/Vinmec/Vinmec_2d/annotations/1169_binary.PNG,
MMVinmec_2D-380,dataset/Vinmec/Vinmec_2d/images/380.JPG,dataset/Vinmec/Vinmec_2d/annotations/380_binary.PNG,
MMVinmec_2D-678,dataset/Vinmec/Vinmec_2d/images/678.JPG,dataset/Vinmec/Vinmec_2d/annotations/678_binary.PNG,
MMVinmec_2D-781,dataset/Vinmec/Vinmec_2d/images/781.JPG,dataset/Vinmec/Vinmec_2d/annotations/781_binary.PNG,
MMVinmec_2D-546,dataset/Vinmec/Vinmec_2d/images/546.JPG,dataset/Vinmec/Vinmec_2d/annotations/546_binary.PNG,
MMVinmec_2D-356,dataset/Vinmec/Vinmec_2d/images/356.JPG,dataset/Vinmec/Vinmec_2d/annotations/356_binary.PNG,
MMVinmec_2D-43,dataset/Vinmec/Vinmec_2d/images/43.JPG,dataset/Vinmec/Vinmec_2d/annotations/43_binary.PNG,
MMVinmec_2D-580,dataset/Vinmec/Vinmec_2d/images/580.JPG,dataset/Vinmec/Vinmec_2d/annotations/580_binary.PNG,
MMVinmec_2D-124,dataset/Vinmec/Vinmec_2d/images/124.JPG,dataset/Vinmec/Vinmec_2d/annotations/124_binary.PNG,
MMVinmec_2D-1145,dataset/Vinmec/Vinmec_2d/images/1145.JPG,dataset/Vinmec/Vinmec_2d/annotations/1145_binary.PNG,
MMVinmec_2D-701,dataset/Vinmec/Vinmec_2d/images/701.JPG,dataset/Vinmec/Vinmec_2d/annotations/701_binary.PNG,
MMVinmec_2D-976,dataset/Vinmec/Vinmec_2d/images/976.JPG,dataset/Vinmec/Vinmec_2d/annotations/976_binary.PNG,
MMVinmec_2D-917,dataset/Vinmec/Vinmec_2d/images/917.JPG,dataset/Vinmec/Vinmec_2d/annotations/917_binary.PNG,
MMVinmec_2D-1240,dataset/Vinmec/Vinmec_2d/images/1240.JPG,dataset/Vinmec/Vinmec_2d/annotations/1240_binary.PNG,
MMVinmec_2D-249,dataset/Vinmec/Vinmec_2d/images/249.JPG,dataset/Vinmec/Vinmec_2d/annotations/249_binary.PNG,
MMVinmec_2D-1032,dataset/Vinmec/Vinmec_2d/images/1032.JPG,dataset/Vinmec/Vinmec_2d/annotations/1032_binary.PNG,
MMVinmec_2D-1033,dataset/Vinmec/Vinmec_2d/images/1033.JPG,dataset/Vinmec/Vinmec_2d/annotations/1033_binary.PNG,
MMVinmec_2D-926,dataset/Vinmec/Vinmec_2d/images/926.JPG,dataset/Vinmec/Vinmec_2d/annotations/926_binary.PNG,
MMVinmec_2D-78,dataset/Vinmec/Vinmec_2d/images/78.JPG,dataset/Vinmec/Vinmec_2d/annotations/78_binary.PNG,
MMVinmec_2D-934,dataset/Vinmec/Vinmec_2d/images/934.JPG,dataset/Vinmec/Vinmec_2d/annotations/934_binary.PNG,
MMVinmec_2D-407,dataset/Vinmec/Vinmec_2d/images/407.JPG,dataset/Vinmec/Vinmec_2d/annotations/407_binary.PNG,
MMVinmec_2D-385,dataset/Vinmec/Vinmec_2d/images/385.JPG,dataset/Vinmec/Vinmec_2d/annotations/385_binary.PNG,
MMVinmec_2D-982,dataset/Vinmec/Vinmec_2d/images/982.JPG,dataset/Vinmec/Vinmec_2d/annotations/982_binary.PNG,
MMVinmec_2D-889,dataset/Vinmec/Vinmec_2d/images/889.JPG,dataset/Vinmec/Vinmec_2d/annotations/889_binary.PNG,
MMVinmec_2D-320,dataset/Vinmec/Vinmec_2d/images/320.JPG,dataset/Vinmec/Vinmec_2d/annotations/320_binary.PNG,
MMVinmec_2D-27,dataset/Vinmec/Vinmec_2d/images/27.JPG,dataset/Vinmec/Vinmec_2d/annotations/27_binary.PNG,
MMVinmec_2D-1404,dataset/Vinmec/Vinmec_2d/images/1404.JPG,dataset/Vinmec/Vinmec_2d/annotations/1404_binary.PNG,
MMVinmec_2D-1224,dataset/Vinmec/Vinmec_2d/images/1224.JPG,dataset/Vinmec/Vinmec_2d/annotations/1224_binary.PNG,
MMVinmec_2D-1115,dataset/Vinmec/Vinmec_2d/images/1115.JPG,dataset/Vinmec/Vinmec_2d/annotations/1115_binary.PNG,
MMVinmec_2D-1156,dataset/Vinmec/Vinmec_2d/images/1156.JPG,dataset/Vinmec/Vinmec_2d/annotations/1156_binary.PNG,
MMVinmec_2D-1293,dataset/Vinmec/Vinmec_2d/images/1293.JPG,dataset/Vinmec/Vinmec_2d/annotations/1293_binary.PNG,
MMVinmec_2D-965,dataset/Vinmec/Vinmec_2d/images/965.JPG,dataset/Vinmec/Vinmec_2d/annotations/965_binary.PNG,
MMVinmec_2D-621,dataset/Vinmec/Vinmec_2d/images/621.JPG,dataset/Vinmec/Vinmec_2d/annotations/621_binary.PNG,
MMVinmec_2D-172,dataset/Vinmec/Vinmec_2d/images/172.JPG,dataset/Vinmec/Vinmec_2d/annotations/172_binary.PNG,
MMVinmec_2D-378,dataset/Vinmec/Vinmec_2d/images/378.JPG,dataset/Vinmec/Vinmec_2d/annotations/378_binary.PNG,
MMVinmec_2D-1309,dataset/Vinmec/Vinmec_2d/images/1309.JPG,dataset/Vinmec/Vinmec_2d/annotations/1309_binary.PNG,
MMVinmec_2D-1055,dataset/Vinmec/Vinmec_2d/images/1055.JPG,dataset/Vinmec/Vinmec_2d/annotations/1055_binary.PNG,
MMVinmec_2D-962,dataset/Vinmec/Vinmec_2d/images/962.JPG,dataset/Vinmec/Vinmec_2d/annotations/962_binary.PNG,
MMVinmec_2D-1219,dataset/Vinmec/Vinmec_2d/images/1219.JPG,dataset/Vinmec/Vinmec_2d/annotations/1219_binary.PNG,
MMVinmec_2D-786,dataset/Vinmec/Vinmec_2d/images/786.JPG,dataset/Vinmec/Vinmec_2d/annotations/786_binary.PNG,
MMVinmec_2D-1173,dataset/Vinmec/Vinmec_2d/images/1173.JPG,dataset/Vinmec/Vinmec_2d/annotations/1173_binary.PNG,
MMVinmec_2D-686,dataset/Vinmec/Vinmec_2d/images/686.JPG,dataset/Vinmec/Vinmec_2d/annotations/686_binary.PNG,
MMVinmec_2D-956,dataset/Vinmec/Vinmec_2d/images/956.JPG,dataset/Vinmec/Vinmec_2d/annotations/956_binary.PNG,
MMVinmec_2D-130,dataset/Vinmec/Vinmec_2d/images/130.JPG,dataset/Vinmec/Vinmec_2d/annotations/130_binary.PNG,
MMVinmec_2D-857,dataset/Vinmec/Vinmec_2d/images/857.JPG,dataset/Vinmec/Vinmec_2d/annotations/857_binary.PNG,
MMVinmec_2D-840,dataset/Vinmec/Vinmec_2d/images/840.JPG,dataset/Vinmec/Vinmec_2d/annotations/840_binary.PNG,
MMVinmec_2D-637,dataset/Vinmec/Vinmec_2d/images/637.JPG,dataset/Vinmec/Vinmec_2d/annotations/637_binary.PNG,
MMVinmec_2D-823,dataset/Vinmec/Vinmec_2d/images/823.JPG,dataset/Vinmec/Vinmec_2d/annotations/823_binary.PNG,
MMVinmec_2D-1410,dataset/Vinmec/Vinmec_2d/images/1410.JPG,dataset/Vinmec/Vinmec_2d/annotations/1410_binary.PNG,
MMVinmec_2D-1435,dataset/Vinmec/Vinmec_2d/images/1435.JPG,dataset/Vinmec/Vinmec_2d/annotations/1435_binary.PNG,
MMVinmec_2D-32,dataset/Vinmec/Vinmec_2d/images/32.JPG,dataset/Vinmec/Vinmec_2d/annotations/32_binary.PNG,
MMVinmec_2D-42,dataset/Vinmec/Vinmec_2d/images/42.JPG,dataset/Vinmec/Vinmec_2d/annotations/42_binary.PNG,
MMVinmec_2D-668,dataset/Vinmec/Vinmec_2d/images/668.JPG,dataset/Vinmec/Vinmec_2d/annotations/668_binary.PNG,
MMVinmec_2D-71,dataset/Vinmec/Vinmec_2d/images/71.JPG,dataset/Vinmec/Vinmec_2d/annotations/71_binary.PNG,
MMVinmec_2D-666,dataset/Vinmec/Vinmec_2d/images/666.JPG,dataset/Vinmec/Vinmec_2d/annotations/666_binary.PNG,
MMVinmec_2D-1092,dataset/Vinmec/Vinmec_2d/images/1092.JPG,dataset/Vinmec/Vinmec_2d/annotations/1092_binary.PNG,
MMVinmec_2D-359,dataset/Vinmec/Vinmec_2d/images/359.JPG,dataset/Vinmec/Vinmec_2d/annotations/359_binary.PNG,
MMVinmec_2D-54,dataset/Vinmec/Vinmec_2d/images/54.JPG,dataset/Vinmec/Vinmec_2d/annotations/54_binary.PNG,
MMVinmec_2D-1379,dataset/Vinmec/Vinmec_2d/images/1379.JPG,dataset/Vinmec/Vinmec_2d/annotations/1379_binary.PNG,
MMVinmec_2D-1093,dataset/Vinmec/Vinmec_2d/images/1093.JPG,dataset/Vinmec/Vinmec_2d/annotations/1093_binary.PNG,
MMVinmec_2D-1161,dataset/Vinmec/Vinmec_2d/images/1161.JPG,dataset/Vinmec/Vinmec_2d/annotations/1161_binary.PNG,
MMVinmec_2D-84,dataset/Vinmec/Vinmec_2d/images/84.JPG,dataset/Vinmec/Vinmec_2d/annotations/84_binary.PNG,
MMVinmec_2D-259,dataset/Vinmec/Vinmec_2d/images/259.JPG,dataset/Vinmec/Vinmec_2d/annotations/259_binary.PNG,
MMVinmec_2D-1112,dataset/Vinmec/Vinmec_2d/images/1112.JPG,dataset/Vinmec/Vinmec_2d/annotations/1112_binary.PNG,
MMVinmec_2D-285,dataset/Vinmec/Vinmec_2d/images/285.JPG,dataset/Vinmec/Vinmec_2d/annotations/285_binary.PNG,
MMVinmec_2D-775,dataset/Vinmec/Vinmec_2d/images/775.JPG,dataset/Vinmec/Vinmec_2d/annotations/775_binary.PNG,
MMVinmec_2D-346,dataset/Vinmec/Vinmec_2d/images/346.JPG,dataset/Vinmec/Vinmec_2d/annotations/346_binary.PNG,
MMVinmec_2D-993,dataset/Vinmec/Vinmec_2d/images/993.JPG,dataset/Vinmec/Vinmec_2d/annotations/993_binary.PNG,
MMVinmec_2D-466,dataset/Vinmec/Vinmec_2d/images/466.JPG,dataset/Vinmec/Vinmec_2d/annotations/466_binary.PNG,
MMVinmec_2D-217,dataset/Vinmec/Vinmec_2d/images/217.JPG,dataset/Vinmec/Vinmec_2d/annotations/217_binary.PNG,
MMVinmec_2D-336,dataset/Vinmec/Vinmec_2d/images/336.JPG,dataset/Vinmec/Vinmec_2d/annotations/336_binary.PNG,
MMVinmec_2D-983,dataset/Vinmec/Vinmec_2d/images/983.JPG,dataset/Vinmec/Vinmec_2d/annotations/983_binary.PNG,
MMVinmec_2D-267,dataset/Vinmec/Vinmec_2d/images/267.JPG,dataset/Vinmec/Vinmec_2d/annotations/267_binary.PNG,
MMVinmec_2D-896,dataset/Vinmec/Vinmec_2d/images/896.JPG,dataset/Vinmec/Vinmec_2d/annotations/896_binary.PNG,
MMVinmec_2D-1342,dataset/Vinmec/Vinmec_2d/images/1342.JPG,dataset/Vinmec/Vinmec_2d/annotations/1342_binary.PNG,
MMVinmec_2D-473,dataset/Vinmec/Vinmec_2d/images/473.JPG,dataset/Vinmec/Vinmec_2d/annotations/473_binary.PNG,
MMVinmec_2D-1249,dataset/Vinmec/Vinmec_2d/images/1249.JPG,dataset/Vinmec/Vinmec_2d/annotations/1249_binary.PNG,
MMVinmec_2D-1241,dataset/Vinmec/Vinmec_2d/images/1241.JPG,dataset/Vinmec/Vinmec_2d/annotations/1241_binary.PNG,
MMVinmec_2D-659,dataset/Vinmec/Vinmec_2d/images/659.JPG,dataset/Vinmec/Vinmec_2d/annotations/659_binary.PNG,
MMVinmec_2D-1123,dataset/Vinmec/Vinmec_2d/images/1123.JPG,dataset/Vinmec/Vinmec_2d/annotations/1123_binary.PNG,
MMVinmec_2D-935,dataset/Vinmec/Vinmec_2d/images/935.JPG,dataset/Vinmec/Vinmec_2d/annotations/935_binary.PNG,
MMVinmec_2D-1042,dataset/Vinmec/Vinmec_2d/images/1042.JPG,dataset/Vinmec/Vinmec_2d/annotations/1042_binary.PNG,
MMVinmec_2D-1125,dataset/Vinmec/Vinmec_2d/images/1125.JPG,dataset/Vinmec/Vinmec_2d/annotations/1125_binary.PNG,
MMVinmec_2D-607,dataset/Vinmec/Vinmec_2d/images/607.JPG,dataset/Vinmec/Vinmec_2d/annotations/607_binary.PNG,
MMVinmec_2D-404,dataset/Vinmec/Vinmec_2d/images/404.JPG,dataset/Vinmec/Vinmec_2d/annotations/404_binary.PNG,
MMVinmec_2D-28,dataset/Vinmec/Vinmec_2d/images/28.JPG,dataset/Vinmec/Vinmec_2d/annotations/28_binary.PNG,
MMVinmec_2D-1064,dataset/Vinmec/Vinmec_2d/images/1064.JPG,dataset/Vinmec/Vinmec_2d/annotations/1064_binary.PNG,
MMVinmec_2D-638,dataset/Vinmec/Vinmec_2d/images/638.JPG,dataset/Vinmec/Vinmec_2d/annotations/638_binary.PNG,
MMVinmec_2D-988,dataset/Vinmec/Vinmec_2d/images/988.JPG,dataset/Vinmec/Vinmec_2d/annotations/988_binary.PNG,
MMVinmec_2D-479,dataset/Vinmec/Vinmec_2d/images/479.JPG,dataset/Vinmec/Vinmec_2d/annotations/479_binary.PNG,
MMVinmec_2D-170,dataset/Vinmec/Vinmec_2d/images/170.JPG,dataset/Vinmec/Vinmec_2d/annotations/170_binary.PNG,
MMVinmec_2D-1347,dataset/Vinmec/Vinmec_2d/images/1347.JPG,dataset/Vinmec/Vinmec_2d/annotations/1347_binary.PNG,
MMVinmec_2D-415,dataset/Vinmec/Vinmec_2d/images/415.JPG,dataset/Vinmec/Vinmec_2d/annotations/415_binary.PNG,
MMVinmec_2D-696,dataset/Vinmec/Vinmec_2d/images/696.JPG,dataset/Vinmec/Vinmec_2d/annotations/696_binary.PNG,
MMVinmec_2D-685,dataset/Vinmec/Vinmec_2d/images/685.JPG,dataset/Vinmec/Vinmec_2d/annotations/685_binary.PNG,
MMVinmec_2D-345,dataset/Vinmec/Vinmec_2d/images/345.JPG,dataset/Vinmec/Vinmec_2d/annotations/345_binary.PNG,
MMVinmec_2D-1160,dataset/Vinmec/Vinmec_2d/images/1160.JPG,dataset/Vinmec/Vinmec_2d/annotations/1160_binary.PNG,
MMVinmec_2D-30,dataset/Vinmec/Vinmec_2d/images/30.JPG,dataset/Vinmec/Vinmec_2d/annotations/30_binary.PNG,
MMVinmec_2D-1235,dataset/Vinmec/Vinmec_2d/images/1235.JPG,dataset/Vinmec/Vinmec_2d/annotations/1235_binary.PNG,
MMVinmec_2D-447,dataset/Vinmec/Vinmec_2d/images/447.JPG,dataset/Vinmec/Vinmec_2d/annotations/447_binary.PNG,
MMVinmec_2D-280,dataset/Vinmec/Vinmec_2d/images/280.JPG,dataset/Vinmec/Vinmec_2d/annotations/280_binary.PNG,
MMVinmec_2D-902,dataset/Vinmec/Vinmec_2d/images/902.JPG,dataset/Vinmec/Vinmec_2d/annotations/902_binary.PNG,
MMVinmec_2D-500,dataset/Vinmec/Vinmec_2d/images/500.JPG,dataset/Vinmec/Vinmec_2d/annotations/500_binary.PNG,
MMVinmec_2D-226,dataset/Vinmec/Vinmec_2d/images/226.JPG,dataset/Vinmec/Vinmec_2d/annotations/226_binary.PNG,
MMVinmec_2D-618,dataset/Vinmec/Vinmec_2d/images/618.JPG,dataset/Vinmec/Vinmec_2d/annotations/618_binary.PNG,
MMVinmec_2D-560,dataset/Vinmec/Vinmec_2d/images/560.JPG,dataset/Vinmec/Vinmec_2d/annotations/560_binary.PNG,
MMVinmec_2D-753,dataset/Vinmec/Vinmec_2d/images/753.JPG,dataset/Vinmec/Vinmec_2d/annotations/753_binary.PNG,
MMVinmec_2D-1303,dataset/Vinmec/Vinmec_2d/images/1303.JPG,dataset/Vinmec/Vinmec_2d/annotations/1303_binary.PNG,
MMVinmec_2D-1020,dataset/Vinmec/Vinmec_2d/images/1020.JPG,dataset/Vinmec/Vinmec_2d/annotations/1020_binary.PNG,
MMVinmec_2D-1392,dataset/Vinmec/Vinmec_2d/images/1392.JPG,dataset/Vinmec/Vinmec_2d/annotations/1392_binary.PNG,
MMVinmec_2D-400,dataset/Vinmec/Vinmec_2d/images/400.JPG,dataset/Vinmec/Vinmec_2d/annotations/400_binary.PNG,
MMVinmec_2D-772,dataset/Vinmec/Vinmec_2d/images/772.JPG,dataset/Vinmec/Vinmec_2d/annotations/772_binary.PNG,
MMVinmec_2D-1090,dataset/Vinmec/Vinmec_2d/images/1090.JPG,dataset/Vinmec/Vinmec_2d/annotations/1090_binary.PNG,
MMVinmec_2D-361,dataset/Vinmec/Vinmec_2d/images/361.JPG,dataset/Vinmec/Vinmec_2d/annotations/361_binary.PNG,
MMVinmec_2D-1315,dataset/Vinmec/Vinmec_2d/images/1315.JPG,dataset/Vinmec/Vinmec_2d/annotations/1315_binary.PNG,
MMVinmec_2D-1149,dataset/Vinmec/Vinmec_2d/images/1149.JPG,dataset/Vinmec/Vinmec_2d/annotations/1149_binary.PNG,
MMVinmec_2D-1028,dataset/Vinmec/Vinmec_2d/images/1028.JPG,dataset/Vinmec/Vinmec_2d/annotations/1028_binary.PNG,
MMVinmec_2D-1441,dataset/Vinmec/Vinmec_2d/images/1441.JPG,dataset/Vinmec/Vinmec_2d/annotations/1441_binary.PNG,
MMVinmec_2D-1061,dataset/Vinmec/Vinmec_2d/images/1061.JPG,dataset/Vinmec/Vinmec_2d/annotations/1061_binary.PNG,
MMVinmec_2D-21,dataset/Vinmec/Vinmec_2d/images/21.JPG,dataset/Vinmec/Vinmec_2d/annotations/21_binary.PNG,
MMVinmec_2D-899,dataset/Vinmec/Vinmec_2d/images/899.JPG,dataset/Vinmec/Vinmec_2d/annotations/899_binary.PNG,
MMVinmec_2D-599,dataset/Vinmec/Vinmec_2d/images/599.JPG,dataset/Vinmec/Vinmec_2d/annotations/599_binary.PNG,
MMVinmec_2D-906,dataset/Vinmec/Vinmec_2d/images/906.JPG,dataset/Vinmec/Vinmec_2d/annotations/906_binary.PNG,
MMVinmec_2D-399,dataset/Vinmec/Vinmec_2d/images/399.JPG,dataset/Vinmec/Vinmec_2d/annotations/399_binary.PNG,
MMVinmec_2D-1195,dataset/Vinmec/Vinmec_2d/images/1195.JPG,dataset/Vinmec/Vinmec_2d/annotations/1195_binary.PNG,
MMVinmec_2D-212,dataset/Vinmec/Vinmec_2d/images/212.JPG,dataset/Vinmec/Vinmec_2d/annotations/212_binary.PNG,
MMVinmec_2D-64,dataset/Vinmec/Vinmec_2d/images/64.JPG,dataset/Vinmec/Vinmec_2d/annotations/64_binary.PNG,
MMVinmec_2D-426,dataset/Vinmec/Vinmec_2d/images/426.JPG,dataset/Vinmec/Vinmec_2d/annotations/426_binary.PNG,
MMVinmec_2D-478,dataset/Vinmec/Vinmec_2d/images/478.JPG,dataset/Vinmec/Vinmec_2d/annotations/478_binary.PNG,
MMVinmec_2D-556,dataset/Vinmec/Vinmec_2d/images/556.JPG,dataset/Vinmec/Vinmec_2d/annotations/556_binary.PNG,
MMVinmec_2D-1006,dataset/Vinmec/Vinmec_2d/images/1006.JPG,dataset/Vinmec/Vinmec_2d/annotations/1006_binary.PNG,
MMVinmec_2D-418,dataset/Vinmec/Vinmec_2d/images/418.JPG,dataset/Vinmec/Vinmec_2d/annotations/418_binary.PNG,
MMVinmec_2D-954,dataset/Vinmec/Vinmec_2d/images/954.JPG,dataset/Vinmec/Vinmec_2d/annotations/954_binary.PNG,
MMVinmec_2D-1372,dataset/Vinmec/Vinmec_2d/images/1372.JPG,dataset/Vinmec/Vinmec_2d/annotations/1372_binary.PNG,
MMVinmec_2D-1116,dataset/Vinmec/Vinmec_2d/images/1116.JPG,dataset/Vinmec/Vinmec_2d/annotations/1116_binary.PNG,
MMVinmec_2D-724,dataset/Vinmec/Vinmec_2d/images/724.JPG,dataset/Vinmec/Vinmec_2d/annotations/724_binary.PNG,
MMVinmec_2D-157,dataset/Vinmec/Vinmec_2d/images/157.JPG,dataset/Vinmec/Vinmec_2d/annotations/157_binary.PNG,
MMVinmec_2D-711,dataset/Vinmec/Vinmec_2d/images/711.JPG,dataset/Vinmec/Vinmec_2d/annotations/711_binary.PNG,
MMVinmec_2D-1217,dataset/Vinmec/Vinmec_2d/images/1217.JPG,dataset/Vinmec/Vinmec_2d/annotations/1217_binary.PNG,
MMVinmec_2D-1238,dataset/Vinmec/Vinmec_2d/images/1238.JPG,dataset/Vinmec/Vinmec_2d/annotations/1238_binary.PNG,
MMVinmec_2D-1283,dataset/Vinmec/Vinmec_2d/images/1283.JPG,dataset/Vinmec/Vinmec_2d/annotations/1283_binary.PNG,
MMVinmec_2D-1284,dataset/Vinmec/Vinmec_2d/images/1284.JPG,dataset/Vinmec/Vinmec_2d/annotations/1284_binary.PNG,
MMVinmec_2D-83,dataset/Vinmec/Vinmec_2d/images/83.JPG,dataset/Vinmec/Vinmec_2d/annotations/83_binary.PNG,
MMVinmec_2D-554,dataset/Vinmec/Vinmec_2d/images/554.JPG,dataset/Vinmec/Vinmec_2d/annotations/554_binary.PNG,
MMVinmec_2D-1337,dataset/Vinmec/Vinmec_2d/images/1337.JPG,dataset/Vinmec/Vinmec_2d/annotations/1337_binary.PNG,
MMVinmec_2D-1007,dataset/Vinmec/Vinmec_2d/images/1007.JPG,dataset/Vinmec/Vinmec_2d/annotations/1007_binary.PNG,
MMVinmec_2D-279,dataset/Vinmec/Vinmec_2d/images/279.JPG,dataset/Vinmec/Vinmec_2d/annotations/279_binary.PNG,
MMVinmec_2D-1140,dataset/Vinmec/Vinmec_2d/images/1140.JPG,dataset/Vinmec/Vinmec_2d/annotations/1140_binary.PNG,
MMVinmec_2D-1358,dataset/Vinmec/Vinmec_2d/images/1358.JPG,dataset/Vinmec/Vinmec_2d/annotations/1358_binary.PNG,
MMVinmec_2D-731,dataset/Vinmec/Vinmec_2d/images/731.JPG,dataset/Vinmec/Vinmec_2d/annotations/731_binary.PNG,
MMVinmec_2D-1266,dataset/Vinmec/Vinmec_2d/images/1266.JPG,dataset/Vinmec/Vinmec_2d/annotations/1266_binary.PNG,
MMVinmec_2D-451,dataset/Vinmec/Vinmec_2d/images/451.JPG,dataset/Vinmec/Vinmec_2d/annotations/451_binary.PNG,
MMVinmec_2D-282,dataset/Vinmec/Vinmec_2d/images/282.JPG,dataset/Vinmec/Vinmec_2d/annotations/282_binary.PNG,
MMVinmec_2D-245,dataset/Vinmec/Vinmec_2d/images/245.JPG,dataset/Vinmec/Vinmec_2d/annotations/245_binary.PNG,
MMVinmec_2D-642,dataset/Vinmec/Vinmec_2d/images/642.JPG,dataset/Vinmec/Vinmec_2d/annotations/642_binary.PNG,
MMVinmec_2D-497,dataset/Vinmec/Vinmec_2d/images/497.JPG,dataset/Vinmec/Vinmec_2d/annotations/497_binary.PNG,
MMVinmec_2D-534,dataset/Vinmec/Vinmec_2d/images/534.JPG,dataset/Vinmec/Vinmec_2d/annotations/534_binary.PNG,
MMVinmec_2D-797,dataset/Vinmec/Vinmec_2d/images/797.JPG,dataset/Vinmec/Vinmec_2d/annotations/797_binary.PNG,
MMVinmec_2D-785,dataset/Vinmec/Vinmec_2d/images/785.JPG,dataset/Vinmec/Vinmec_2d/annotations/785_binary.PNG,
MMVinmec_2D-1345,dataset/Vinmec/Vinmec_2d/images/1345.JPG,dataset/Vinmec/Vinmec_2d/annotations/1345_binary.PNG,
MMVinmec_2D-653,dataset/Vinmec/Vinmec_2d/images/653.JPG,dataset/Vinmec/Vinmec_2d/annotations/653_binary.PNG,
MMVinmec_2D-861,dataset/Vinmec/Vinmec_2d/images/861.JPG,dataset/Vinmec/Vinmec_2d/annotations/861_binary.PNG,
MMVinmec_2D-254,dataset/Vinmec/Vinmec_2d/images/254.JPG,dataset/Vinmec/Vinmec_2d/annotations/254_binary.PNG,
MMVinmec_2D-1359,dataset/Vinmec/Vinmec_2d/images/1359.JPG,dataset/Vinmec/Vinmec_2d/annotations/1359_binary.PNG,
MMVinmec_2D-266,dataset/Vinmec/Vinmec_2d/images/266.JPG,dataset/Vinmec/Vinmec_2d/annotations/266_binary.PNG,
MMVinmec_2D-1262,dataset/Vinmec/Vinmec_2d/images/1262.JPG,dataset/Vinmec/Vinmec_2d/annotations/1262_binary.PNG,
MMVinmec_2D-1398,dataset/Vinmec/Vinmec_2d/images/1398.JPG,dataset/Vinmec/Vinmec_2d/annotations/1398_binary.PNG,
MMVinmec_2D-762,dataset/Vinmec/Vinmec_2d/images/762.JPG,dataset/Vinmec/Vinmec_2d/annotations/762_binary.PNG,
MMVinmec_2D-163,dataset/Vinmec/Vinmec_2d/images/163.JPG,dataset/Vinmec/Vinmec_2d/annotations/163_binary.PNG,
MMVinmec_2D-1052,dataset/Vinmec/Vinmec_2d/images/1052.JPG,dataset/Vinmec/Vinmec_2d/annotations/1052_binary.PNG,
MMVinmec_2D-1280,dataset/Vinmec/Vinmec_2d/images/1280.JPG,dataset/Vinmec/Vinmec_2d/annotations/1280_binary.PNG,
MMVinmec_2D-851,dataset/Vinmec/Vinmec_2d/images/851.JPG,dataset/Vinmec/Vinmec_2d/annotations/851_binary.PNG,
MMVinmec_2D-1136,dataset/Vinmec/Vinmec_2d/images/1136.JPG,dataset/Vinmec/Vinmec_2d/annotations/1136_binary.PNG,
MMVinmec_2D-517,dataset/Vinmec/Vinmec_2d/images/517.JPG,dataset/Vinmec/Vinmec_2d/annotations/517_binary.PNG,
MMVinmec_2D-1018,dataset/Vinmec/Vinmec_2d/images/1018.JPG,dataset/Vinmec/Vinmec_2d/annotations/1018_binary.PNG,
MMVinmec_2D-835,dataset/Vinmec/Vinmec_2d/images/835.JPG,dataset/Vinmec/Vinmec_2d/annotations/835_binary.PNG,
MMVinmec_2D-628,dataset/Vinmec/Vinmec_2d/images/628.JPG,dataset/Vinmec/Vinmec_2d/annotations/628_binary.PNG,
MMVinmec_2D-454,dataset/Vinmec/Vinmec_2d/images/454.JPG,dataset/Vinmec/Vinmec_2d/annotations/454_binary.PNG,
MMVinmec_2D-774,dataset/Vinmec/Vinmec_2d/images/774.JPG,dataset/Vinmec/Vinmec_2d/annotations/774_binary.PNG,
MMVinmec_2D-325,dataset/Vinmec/Vinmec_2d/images/325.JPG,dataset/Vinmec/Vinmec_2d/annotations/325_binary.PNG,
MMVinmec_2D-610,dataset/Vinmec/Vinmec_2d/images/610.JPG,dataset/Vinmec/Vinmec_2d/annotations/610_binary.PNG,
MMVinmec_2D-573,dataset/Vinmec/Vinmec_2d/images/573.JPG,dataset/Vinmec/Vinmec_2d/annotations/573_binary.PNG,
MMVinmec_2D-1257,dataset/Vinmec/Vinmec_2d/images/1257.JPG,dataset/Vinmec/Vinmec_2d/annotations/1257_binary.PNG,
MMVinmec_2D-1215,dataset/Vinmec/Vinmec_2d/images/1215.JPG,dataset/Vinmec/Vinmec_2d/annotations/1215_binary.PNG,
MMVinmec_2D-897,dataset/Vinmec/Vinmec_2d/images/897.JPG,dataset/Vinmec/Vinmec_2d/annotations/897_binary.PNG,
MMVinmec_2D-821,dataset/Vinmec/Vinmec_2d/images/821.JPG,dataset/Vinmec/Vinmec_2d/annotations/821_binary.PNG,
MMVinmec_2D-137,dataset/Vinmec/Vinmec_2d/images/137.JPG,dataset/Vinmec/Vinmec_2d/annotations/137_binary.PNG,
MMVinmec_2D-468,dataset/Vinmec/Vinmec_2d/images/468.JPG,dataset/Vinmec/Vinmec_2d/annotations/468_binary.PNG,
MMVinmec_2D-1175,dataset/Vinmec/Vinmec_2d/images/1175.JPG,dataset/Vinmec/Vinmec_2d/annotations/1175_binary.PNG,
MMVinmec_2D-1002,dataset/Vinmec/Vinmec_2d/images/1002.JPG,dataset/Vinmec/Vinmec_2d/annotations/1002_binary.PNG,
MMVinmec_2D-1418,dataset/Vinmec/Vinmec_2d/images/1418.JPG,dataset/Vinmec/Vinmec_2d/annotations/1418_binary.PNG,
MMVinmec_2D-1047,dataset/Vinmec/Vinmec_2d/images/1047.JPG,dataset/Vinmec/Vinmec_2d/annotations/1047_binary.PNG,
MMVinmec_2D-1467,dataset/Vinmec/Vinmec_2d/images/1467.JPG,dataset/Vinmec/Vinmec_2d/annotations/1467_binary.PNG,
MMVinmec_2D-476,dataset/Vinmec/Vinmec_2d/images/476.JPG,dataset/Vinmec/Vinmec_2d/annotations/476_binary.PNG,
MMVinmec_2D-531,dataset/Vinmec/Vinmec_2d/images/531.JPG,dataset/Vinmec/Vinmec_2d/annotations/531_binary.PNG,
MMVinmec_2D-713,dataset/Vinmec/Vinmec_2d/images/713.JPG,dataset/Vinmec/Vinmec_2d/annotations/713_binary.PNG,
MMVinmec_2D-824,dataset/Vinmec/Vinmec_2d/images/824.JPG,dataset/Vinmec/Vinmec_2d/annotations/824_binary.PNG,
MMVinmec_2D-181,dataset/Vinmec/Vinmec_2d/images/181.JPG,dataset/Vinmec/Vinmec_2d/annotations/181_binary.PNG,
MMVinmec_2D-1340,dataset/Vinmec/Vinmec_2d/images/1340.JPG,dataset/Vinmec/Vinmec_2d/annotations/1340_binary.PNG,
MMVinmec_2D-1364,dataset/Vinmec/Vinmec_2d/images/1364.JPG,dataset/Vinmec/Vinmec_2d/annotations/1364_binary.PNG,
MMVinmec_2D-798,dataset/Vinmec/Vinmec_2d/images/798.JPG,dataset/Vinmec/Vinmec_2d/annotations/798_binary.PNG,
MMVinmec_2D-110,dataset/Vinmec/Vinmec_2d/images/110.JPG,dataset/Vinmec/Vinmec_2d/annotations/110_binary.PNG,
MMVinmec_2D-1029,dataset/Vinmec/Vinmec_2d/images/1029.JPG,dataset/Vinmec/Vinmec_2d/annotations/1029_binary.PNG,
MMVinmec_2D-882,dataset/Vinmec/Vinmec_2d/images/882.JPG,dataset/Vinmec/Vinmec_2d/annotations/882_binary.PNG,
MMVinmec_2D-769,dataset/Vinmec/Vinmec_2d/images/769.JPG,dataset/Vinmec/Vinmec_2d/annotations/769_binary.PNG,
MMVinmec_2D-6,dataset/Vinmec/Vinmec_2d/images/6.JPG,dataset/Vinmec/Vinmec_2d/annotations/6_binary.PNG,
MMVinmec_2D-1424,dataset/Vinmec/Vinmec_2d/images/1424.JPG,dataset/Vinmec/Vinmec_2d/annotations/1424_binary.PNG,
MMVinmec_2D-672,dataset/Vinmec/Vinmec_2d/images/672.JPG,dataset/Vinmec/Vinmec_2d/annotations/672_binary.PNG,
MMVinmec_2D-152,dataset/Vinmec/Vinmec_2d/images/152.JPG,dataset/Vinmec/Vinmec_2d/annotations/152_binary.PNG,
MMVinmec_2D-250,dataset/Vinmec/Vinmec_2d/images/250.JPG,dataset/Vinmec/Vinmec_2d/annotations/250_binary.PNG,
MMVinmec_2D-410,dataset/Vinmec/Vinmec_2d/images/410.JPG,dataset/Vinmec/Vinmec_2d/annotations/410_binary.PNG,
MMVinmec_2D-507,dataset/Vinmec/Vinmec_2d/images/507.JPG,dataset/Vinmec/Vinmec_2d/annotations/507_binary.PNG,
MMVinmec_2D-1409,dataset/Vinmec/Vinmec_2d/images/1409.JPG,dataset/Vinmec/Vinmec_2d/annotations/1409_binary.PNG,
MMVinmec_2D-991,dataset/Vinmec/Vinmec_2d/images/991.JPG,dataset/Vinmec/Vinmec_2d/annotations/991_binary.PNG,
MMVinmec_2D-1425,dataset/Vinmec/Vinmec_2d/images/1425.JPG,dataset/Vinmec/Vinmec_2d/annotations/1425_binary.PNG,
MMVinmec_2D-200,dataset/Vinmec/Vinmec_2d/images/200.JPG,dataset/Vinmec/Vinmec_2d/annotations/200_binary.PNG,
MMVinmec_2D-590,dataset/Vinmec/Vinmec_2d/images/590.JPG,dataset/Vinmec/Vinmec_2d/annotations/590_binary.PNG,
MMVinmec_2D-1365,dataset/Vinmec/Vinmec_2d/images/1365.JPG,dataset/Vinmec/Vinmec_2d/annotations/1365_binary.PNG,
MMVinmec_2D-1255,dataset/Vinmec/Vinmec_2d/images/1255.JPG,dataset/Vinmec/Vinmec_2d/annotations/1255_binary.PNG,
MMVinmec_2D-425,dataset/Vinmec/Vinmec_2d/images/425.JPG,dataset/Vinmec/Vinmec_2d/annotations/425_binary.PNG,
MMVinmec_2D-1245,dataset/Vinmec/Vinmec_2d/images/1245.JPG,dataset/Vinmec/Vinmec_2d/annotations/1245_binary.PNG,
MMVinmec_2D-75,dataset/Vinmec/Vinmec_2d/images/75.JPG,dataset/Vinmec/Vinmec_2d/annotations/75_binary.PNG,
MMVinmec_2D-787,dataset/Vinmec/Vinmec_2d/images/787.JPG,dataset/Vinmec/Vinmec_2d/annotations/787_binary.PNG,
MMVinmec_2D-871,dataset/Vinmec/Vinmec_2d/images/871.JPG,dataset/Vinmec/Vinmec_2d/annotations/871_binary.PNG,
MMVinmec_2D-1054,dataset/Vinmec/Vinmec_2d/images/1054.JPG,dataset/Vinmec/Vinmec_2d/annotations/1054_binary.PNG,
MMVinmec_2D-487,dataset/Vinmec/Vinmec_2d/images/487.JPG,dataset/Vinmec/Vinmec_2d/annotations/487_binary.PNG,
MMVinmec_2D-251,dataset/Vinmec/Vinmec_2d/images/251.JPG,dataset/Vinmec/Vinmec_2d/annotations/251_binary.PNG,
MMVinmec_2D-48,dataset/Vinmec/Vinmec_2d/images/48.JPG,dataset/Vinmec/Vinmec_2d/annotations/48_binary.PNG,
MMVinmec_2D-26,dataset/Vinmec/Vinmec_2d/images/26.JPG,dataset/Vinmec/Vinmec_2d/annotations/26_binary.PNG,
MMVinmec_2D-1138,dataset/Vinmec/Vinmec_2d/images/1138.JPG,dataset/Vinmec/Vinmec_2d/annotations/1138_binary.PNG,
MMVinmec_2D-204,dataset/Vinmec/Vinmec_2d/images/204.JPG,dataset/Vinmec/Vinmec_2d/annotations/204_binary.PNG,
MMVinmec_2D-1021,dataset/Vinmec/Vinmec_2d/images/1021.JPG,dataset/Vinmec/Vinmec_2d/annotations/1021_binary.PNG,
MMVinmec_2D-231,dataset/Vinmec/Vinmec_2d/images/231.JPG,dataset/Vinmec/Vinmec_2d/annotations/231_binary.PNG,
MMVinmec_2D-1423,dataset/Vinmec/Vinmec_2d/images/1423.JPG,dataset/Vinmec/Vinmec_2d/annotations/1423_binary.PNG,
MMVinmec_2D-689,dataset/Vinmec/Vinmec_2d/images/689.JPG,dataset/Vinmec/Vinmec_2d/annotations/689_binary.PNG,
MMVinmec_2D-241,dataset/Vinmec/Vinmec_2d/images/241.JPG,dataset/Vinmec/Vinmec_2d/annotations/241_binary.PNG,
MMVinmec_2D-770,dataset/Vinmec/Vinmec_2d/images/770.JPG,dataset/Vinmec/Vinmec_2d/annotations/770_binary.PNG,
MMVinmec_2D-839,dataset/Vinmec/Vinmec_2d/images/839.JPG,dataset/Vinmec/Vinmec_2d/annotations/839_binary.PNG,
MMVinmec_2D-96,dataset/Vinmec/Vinmec_2d/images/96.JPG,dataset/Vinmec/Vinmec_2d/annotations/96_binary.PNG,
MMVinmec_2D-344,dataset/Vinmec/Vinmec_2d/images/344.JPG,dataset/Vinmec/Vinmec_2d/annotations/344_binary.PNG,
MMVinmec_2D-635,dataset/Vinmec/Vinmec_2d/images/635.JPG,dataset/Vinmec/Vinmec_2d/annotations/635_binary.PNG,
MMVinmec_2D-649,dataset/Vinmec/Vinmec_2d/images/649.JPG,dataset/Vinmec/Vinmec_2d/annotations/649_binary.PNG,
MMVinmec_2D-1003,dataset/Vinmec/Vinmec_2d/images/1003.JPG,dataset/Vinmec/Vinmec_2d/annotations/1003_binary.PNG,
MMVinmec_2D-528,dataset/Vinmec/Vinmec_2d/images/528.JPG,dataset/Vinmec/Vinmec_2d/annotations/528_binary.PNG,
MMVinmec_2D-291,dataset/Vinmec/Vinmec_2d/images/291.JPG,dataset/Vinmec/Vinmec_2d/annotations/291_binary.PNG,
MMVinmec_2D-87,dataset/Vinmec/Vinmec_2d/images/87.JPG,dataset/Vinmec/Vinmec_2d/annotations/87_binary.PNG,
MMVinmec_2D-675,dataset/Vinmec/Vinmec_2d/images/675.JPG,dataset/Vinmec/Vinmec_2d/annotations/675_binary.PNG,
MMVinmec_2D-174,dataset/Vinmec/Vinmec_2d/images/174.JPG,dataset/Vinmec/Vinmec_2d/annotations/174_binary.PNG,
MMVinmec_2D-754,dataset/Vinmec/Vinmec_2d/images/754.JPG,dataset/Vinmec/Vinmec_2d/annotations/754_binary.PNG,
MMVinmec_2D-816,dataset/Vinmec/Vinmec_2d/images/816.JPG,dataset/Vinmec/Vinmec_2d/annotations/816_binary.PNG,
MMVinmec_2D-923,dataset/Vinmec/Vinmec_2d/images/923.JPG,dataset/Vinmec/Vinmec_2d/annotations/923_binary.PNG,
MMVinmec_2D-813,dataset/Vinmec/Vinmec_2d/images/813.JPG,dataset/Vinmec/Vinmec_2d/annotations/813_binary.PNG,
MMVinmec_2D-1073,dataset/Vinmec/Vinmec_2d/images/1073.JPG,dataset/Vinmec/Vinmec_2d/annotations/1073_binary.PNG,
MMVinmec_2D-524,dataset/Vinmec/Vinmec_2d/images/524.JPG,dataset/Vinmec/Vinmec_2d/annotations/524_binary.PNG,
MMVinmec_2D-219,dataset/Vinmec/Vinmec_2d/images/219.JPG,dataset/Vinmec/Vinmec_2d/annotations/219_binary.PNG,
MMVinmec_2D-692,dataset/Vinmec/Vinmec_2d/images/692.JPG,dataset/Vinmec/Vinmec_2d/annotations/692_binary.PNG,
MMVinmec_2D-961,dataset/Vinmec/Vinmec_2d/images/961.JPG,dataset/Vinmec/Vinmec_2d/annotations/961_binary.PNG,
MMVinmec_2D-453,dataset/Vinmec/Vinmec_2d/images/453.JPG,dataset/Vinmec/Vinmec_2d/annotations/453_binary.PNG,
MMVinmec_2D-1402,dataset/Vinmec/Vinmec_2d/images/1402.JPG,dataset/Vinmec/Vinmec_2d/annotations/1402_binary.PNG,
MMVinmec_2D-330,dataset/Vinmec/Vinmec_2d/images/330.JPG,dataset/Vinmec/Vinmec_2d/annotations/330_binary.PNG,
MMVinmec_2D-671,dataset/Vinmec/Vinmec_2d/images/671.JPG,dataset/Vinmec/Vinmec_2d/annotations/671_binary.PNG,
MMVinmec_2D-622,dataset/Vinmec/Vinmec_2d/images/622.JPG,dataset/Vinmec/Vinmec_2d/annotations/622_binary.PNG,
MMVinmec_2D-594,dataset/Vinmec/Vinmec_2d/images/594.JPG,dataset/Vinmec/Vinmec_2d/annotations/594_binary.PNG,
MMVinmec_2D-805,dataset/Vinmec/Vinmec_2d/images/805.JPG,dataset/Vinmec/Vinmec_2d/annotations/805_binary.PNG,
MMVinmec_2D-1431,dataset/Vinmec/Vinmec_2d/images/1431.JPG,dataset/Vinmec/Vinmec_2d/annotations/1431_binary.PNG,
MMVinmec_2D-216,dataset/Vinmec/Vinmec_2d/images/216.JPG,dataset/Vinmec/Vinmec_2d/annotations/216_binary.PNG,
MMVinmec_2D-294,dataset/Vinmec/Vinmec_2d/images/294.JPG,dataset/Vinmec/Vinmec_2d/annotations/294_binary.PNG,
MMVinmec_2D-312,dataset/Vinmec/Vinmec_2d/images/312.JPG,dataset/Vinmec/Vinmec_2d/annotations/312_binary.PNG,
MMVinmec_2D-1,dataset/Vinmec/Vinmec_2d/images/1.JPG,dataset/Vinmec/Vinmec_2d/annotations/1_binary.PNG,
MMVinmec_2D-854,dataset/Vinmec/Vinmec_2d/images/854.JPG,dataset/Vinmec/Vinmec_2d/annotations/854_binary.PNG,
MMVinmec_2D-562,dataset/Vinmec/Vinmec_2d/images/562.JPG,dataset/Vinmec/Vinmec_2d/annotations/562_binary.PNG,
MMVinmec_2D-416,dataset/Vinmec/Vinmec_2d/images/416.JPG,dataset/Vinmec/Vinmec_2d/annotations/416_binary.PNG,
MMVinmec_2D-309,dataset/Vinmec/Vinmec_2d/images/309.JPG,dataset/Vinmec/Vinmec_2d/annotations/309_binary.PNG,
MMVinmec_2D-583,dataset/Vinmec/Vinmec_2d/images/583.JPG,dataset/Vinmec/Vinmec_2d/annotations/583_binary.PNG,
MMVinmec_2D-631,dataset/Vinmec/Vinmec_2d/images/631.JPG,dataset/Vinmec/Vinmec_2d/annotations/631_binary.PNG,
MMVinmec_2D-1459,dataset/Vinmec/Vinmec_2d/images/1459.JPG,dataset/Vinmec/Vinmec_2d/annotations/1459_binary.PNG,
MMVinmec_2D-1265,dataset/Vinmec/Vinmec_2d/images/1265.JPG,dataset/Vinmec/Vinmec_2d/annotations/1265_binary.PNG,
MMVinmec_2D-767,dataset/Vinmec/Vinmec_2d/images/767.JPG,dataset/Vinmec/Vinmec_2d/annotations/767_binary.PNG,
MMVinmec_2D-694,dataset/Vinmec/Vinmec_2d/images/694.JPG,dataset/Vinmec/Vinmec_2d/annotations/694_binary.PNG,
MMVinmec_2D-1180,dataset/Vinmec/Vinmec_2d/images/1180.JPG,dataset/Vinmec/Vinmec_2d/annotations/1180_binary.PNG,
MMVinmec_2D-1017,dataset/Vinmec/Vinmec_2d/images/1017.JPG,dataset/Vinmec/Vinmec_2d/annotations/1017_binary.PNG,
MMVinmec_2D-1008,dataset/Vinmec/Vinmec_2d/images/1008.JPG,dataset/Vinmec/Vinmec_2d/annotations/1008_binary.PNG,
MMVinmec_2D-1079,dataset/Vinmec/Vinmec_2d/images/1079.JPG,dataset/Vinmec/Vinmec_2d/annotations/1079_binary.PNG,
MMVinmec_2D-197,dataset/Vinmec/Vinmec_2d/images/197.JPG,dataset/Vinmec/Vinmec_2d/annotations/197_binary.PNG,
MMVinmec_2D-1334,dataset/Vinmec/Vinmec_2d/images/1334.JPG,dataset/Vinmec/Vinmec_2d/annotations/1334_binary.PNG,
MMVinmec_2D-568,dataset/Vinmec/Vinmec_2d/images/568.JPG,dataset/Vinmec/Vinmec_2d/annotations/568_binary.PNG,
MMVinmec_2D-303,dataset/Vinmec/Vinmec_2d/images/303.JPG,dataset/Vinmec/Vinmec_2d/annotations/303_binary.PNG,
MMVinmec_2D-714,dataset/Vinmec/Vinmec_2d/images/714.JPG,dataset/Vinmec/Vinmec_2d/annotations/714_binary.PNG,
MMVinmec_2D-413,dataset/Vinmec/Vinmec_2d/images/413.JPG,dataset/Vinmec/Vinmec_2d/annotations/413_binary.PNG,
MMVinmec_2D-1382,dataset/Vinmec/Vinmec_2d/images/1382.JPG,dataset/Vinmec/Vinmec_2d/annotations/1382_binary.PNG,
MMVinmec_2D-1151,dataset/Vinmec/Vinmec_2d/images/1151.JPG,dataset/Vinmec/Vinmec_2d/annotations/1151_binary.PNG,
MMVinmec_2D-683,dataset/Vinmec/Vinmec_2d/images/683.JPG,dataset/Vinmec/Vinmec_2d/annotations/683_binary.PNG,
MMVinmec_2D-1074,dataset/Vinmec/Vinmec_2d/images/1074.JPG,dataset/Vinmec/Vinmec_2d/annotations/1074_binary.PNG,
MMVinmec_2D-520,dataset/Vinmec/Vinmec_2d/images/520.JPG,dataset/Vinmec/Vinmec_2d/annotations/520_binary.PNG,
MMVinmec_2D-308,dataset/Vinmec/Vinmec_2d/images/308.JPG,dataset/Vinmec/Vinmec_2d/annotations/308_binary.PNG,
MMVinmec_2D-922,dataset/Vinmec/Vinmec_2d/images/922.JPG,dataset/Vinmec/Vinmec_2d/annotations/922_binary.PNG,
MMVinmec_2D-738,dataset/Vinmec/Vinmec_2d/images/738.JPG,dataset/Vinmec/Vinmec_2d/annotations/738_binary.PNG,
MMVinmec_2D-128,dataset/Vinmec/Vinmec_2d/images/128.JPG,dataset/Vinmec/Vinmec_2d/annotations/128_binary.PNG,
MMVinmec_2D-869,dataset/Vinmec/Vinmec_2d/images/869.JPG,dataset/Vinmec/Vinmec_2d/annotations/869_binary.PNG,
MMVinmec_2D-680,dataset/Vinmec/Vinmec_2d/images/680.JPG,dataset/Vinmec/Vinmec_2d/annotations/680_binary.PNG,
MMVinmec_2D-322,dataset/Vinmec/Vinmec_2d/images/322.JPG,dataset/Vinmec/Vinmec_2d/annotations/322_binary.PNG,
MMVinmec_2D-1270,dataset/Vinmec/Vinmec_2d/images/1270.JPG,dataset/Vinmec/Vinmec_2d/annotations/1270_binary.PNG,
MMVinmec_2D-1278,dataset/Vinmec/Vinmec_2d/images/1278.JPG,dataset/Vinmec/Vinmec_2d/annotations/1278_binary.PNG,
MMVinmec_2D-1056,dataset/Vinmec/Vinmec_2d/images/1056.JPG,dataset/Vinmec/Vinmec_2d/annotations/1056_binary.PNG,
MMVinmec_2D-1067,dataset/Vinmec/Vinmec_2d/images/1067.JPG,dataset/Vinmec/Vinmec_2d/annotations/1067_binary.PNG,
MMVinmec_2D-972,dataset/Vinmec/Vinmec_2d/images/972.JPG,dataset/Vinmec/Vinmec_2d/annotations/972_binary.PNG,
MMVinmec_2D-72,dataset/Vinmec/Vinmec_2d/images/72.JPG,dataset/Vinmec/Vinmec_2d/annotations/72_binary.PNG,
MMVinmec_2D-442,dataset/Vinmec/Vinmec_2d/images/442.JPG,dataset/Vinmec/Vinmec_2d/annotations/442_binary.PNG,
MMVinmec_2D-373,dataset/Vinmec/Vinmec_2d/images/373.JPG,dataset/Vinmec/Vinmec_2d/annotations/373_binary.PNG,
MMVinmec_2D-1223,dataset/Vinmec/Vinmec_2d/images/1223.JPG,dataset/Vinmec/Vinmec_2d/annotations/1223_binary.PNG,
MMVinmec_2D-687,dataset/Vinmec/Vinmec_2d/images/687.JPG,dataset/Vinmec/Vinmec_2d/annotations/687_binary.PNG,
MMVinmec_2D-755,dataset/Vinmec/Vinmec_2d/images/755.JPG,dataset/Vinmec/Vinmec_2d/annotations/755_binary.PNG,
MMVinmec_2D-760,dataset/Vinmec/Vinmec_2d/images/760.JPG,dataset/Vinmec/Vinmec_2d/annotations/760_binary.PNG,
MMVinmec_2D-963,dataset/Vinmec/Vinmec_2d/images/963.JPG,dataset/Vinmec/Vinmec_2d/annotations/963_binary.PNG,
MMVinmec_2D-737,dataset/Vinmec/Vinmec_2d/images/737.JPG,dataset/Vinmec/Vinmec_2d/annotations/737_binary.PNG,
MMVinmec_2D-704,dataset/Vinmec/Vinmec_2d/images/704.JPG,dataset/Vinmec/Vinmec_2d/annotations/704_binary.PNG,
MMVinmec_2D-552,dataset/Vinmec/Vinmec_2d/images/552.JPG,dataset/Vinmec/Vinmec_2d/annotations/552_binary.PNG,
MMVinmec_2D-826,dataset/Vinmec/Vinmec_2d/images/826.JPG,dataset/Vinmec/Vinmec_2d/annotations/826_binary.PNG,
MMVinmec_2D-1209,dataset/Vinmec/Vinmec_2d/images/1209.JPG,dataset/Vinmec/Vinmec_2d/annotations/1209_binary.PNG,
MMVinmec_2D-533,dataset/Vinmec/Vinmec_2d/images/533.JPG,dataset/Vinmec/Vinmec_2d/annotations/533_binary.PNG,
MMVinmec_2D-4,dataset/Vinmec/Vinmec_2d/images/4.JPG,dataset/Vinmec/Vinmec_2d/annotations/4_binary.PNG,
MMVinmec_2D-1031,dataset/Vinmec/Vinmec_2d/images/1031.JPG,dataset/Vinmec/Vinmec_2d/annotations/1031_binary.PNG,
MMVinmec_2D-1101,dataset/Vinmec/Vinmec_2d/images/1101.JPG,dataset/Vinmec/Vinmec_2d/annotations/1101_binary.PNG,
MMVinmec_2D-522,dataset/Vinmec/Vinmec_2d/images/522.JPG,dataset/Vinmec/Vinmec_2d/annotations/522_binary.PNG,
MMVinmec_2D-1216,dataset/Vinmec/Vinmec_2d/images/1216.JPG,dataset/Vinmec/Vinmec_2d/annotations/1216_binary.PNG,
MMVinmec_2D-1333,dataset/Vinmec/Vinmec_2d/images/1333.JPG,dataset/Vinmec/Vinmec_2d/annotations/1333_binary.PNG,
MMVinmec_2D-1307,dataset/Vinmec/Vinmec_2d/images/1307.JPG,dataset/Vinmec/Vinmec_2d/annotations/1307_binary.PNG,
MMVinmec_2D-894,dataset/Vinmec/Vinmec_2d/images/894.JPG,dataset/Vinmec/Vinmec_2d/annotations/894_binary.PNG,
MMVinmec_2D-1174,dataset/Vinmec/Vinmec_2d/images/1174.JPG,dataset/Vinmec/Vinmec_2d/annotations/1174_binary.PNG,
MMVinmec_2D-708,dataset/Vinmec/Vinmec_2d/images/708.JPG,dataset/Vinmec/Vinmec_2d/annotations/708_binary.PNG,
MMVinmec_2D-890,dataset/Vinmec/Vinmec_2d/images/890.JPG,dataset/Vinmec/Vinmec_2d/annotations/890_binary.PNG,
MMVinmec_2D-223,dataset/Vinmec/Vinmec_2d/images/223.JPG,dataset/Vinmec/Vinmec_2d/annotations/223_binary.PNG,
MMVinmec_2D-79,dataset/Vinmec/Vinmec_2d/images/79.JPG,dataset/Vinmec/Vinmec_2d/annotations/79_binary.PNG,
MMVinmec_2D-1327,dataset/Vinmec/Vinmec_2d/images/1327.JPG,dataset/Vinmec/Vinmec_2d/annotations/1327_binary.PNG,
MMVinmec_2D-1312,dataset/Vinmec/Vinmec_2d/images/1312.JPG,dataset/Vinmec/Vinmec_2d/annotations/1312_binary.PNG,
MMVinmec_2D-1152,dataset/Vinmec/Vinmec_2d/images/1152.JPG,dataset/Vinmec/Vinmec_2d/annotations/1152_binary.PNG,
MMVinmec_2D-1444,dataset/Vinmec/Vinmec_2d/images/1444.JPG,dataset/Vinmec/Vinmec_2d/annotations/1444_binary.PNG,
MMVinmec_2D-57,dataset/Vinmec/Vinmec_2d/images/57.JPG,dataset/Vinmec/Vinmec_2d/annotations/57_binary.PNG,
MMVinmec_2D-679,dataset/Vinmec/Vinmec_2d/images/679.JPG,dataset/Vinmec/Vinmec_2d/annotations/679_binary.PNG,
MMVinmec_2D-819,dataset/Vinmec/Vinmec_2d/images/819.JPG,dataset/Vinmec/Vinmec_2d/annotations/819_binary.PNG,
MMVinmec_2D-720,dataset/Vinmec/Vinmec_2d/images/720.JPG,dataset/Vinmec/Vinmec_2d/annotations/720_binary.PNG,
MMVinmec_2D-572,dataset/Vinmec/Vinmec_2d/images/572.JPG,dataset/Vinmec/Vinmec_2d/annotations/572_binary.PNG,
MMVinmec_2D-1408,dataset/Vinmec/Vinmec_2d/images/1408.JPG,dataset/Vinmec/Vinmec_2d/annotations/1408_binary.PNG,
MMVinmec_2D-1458,dataset/Vinmec/Vinmec_2d/images/1458.JPG,dataset/Vinmec/Vinmec_2d/annotations/1458_binary.PNG,
MMVinmec_2D-673,dataset/Vinmec/Vinmec_2d/images/673.JPG,dataset/Vinmec/Vinmec_2d/annotations/673_binary.PNG,
MMVinmec_2D-817,dataset/Vinmec/Vinmec_2d/images/817.JPG,dataset/Vinmec/Vinmec_2d/annotations/817_binary.PNG,
MMVinmec_2D-396,dataset/Vinmec/Vinmec_2d/images/396.JPG,dataset/Vinmec/Vinmec_2d/annotations/396_binary.PNG,
MMVinmec_2D-49,dataset/Vinmec/Vinmec_2d/images/49.JPG,dataset/Vinmec/Vinmec_2d/annotations/49_binary.PNG,
MMVinmec_2D-457,dataset/Vinmec/Vinmec_2d/images/457.JPG,dataset/Vinmec/Vinmec_2d/annotations/457_binary.PNG,
MMVinmec_2D-1405,dataset/Vinmec/Vinmec_2d/images/1405.JPG,dataset/Vinmec/Vinmec_2d/annotations/1405_binary.PNG,
MMVinmec_2D-626,dataset/Vinmec/Vinmec_2d/images/626.JPG,dataset/Vinmec/Vinmec_2d/annotations/626_binary.PNG,
MMVinmec_2D-717,dataset/Vinmec/Vinmec_2d/images/717.JPG,dataset/Vinmec/Vinmec_2d/annotations/717_binary.PNG,
MMVinmec_2D-943,dataset/Vinmec/Vinmec_2d/images/943.JPG,dataset/Vinmec/Vinmec_2d/annotations/943_binary.PNG,
MMVinmec_2D-409,dataset/Vinmec/Vinmec_2d/images/409.JPG,dataset/Vinmec/Vinmec_2d/annotations/409_binary.PNG,
MMVinmec_2D-456,dataset/Vinmec/Vinmec_2d/images/456.JPG,dataset/Vinmec/Vinmec_2d/annotations/456_binary.PNG,
MMVinmec_2D-964,dataset/Vinmec/Vinmec_2d/images/964.JPG,dataset/Vinmec/Vinmec_2d/annotations/964_binary.PNG,
MMVinmec_2D-80,dataset/Vinmec/Vinmec_2d/images/80.JPG,dataset/Vinmec/Vinmec_2d/annotations/80_binary.PNG,
MMVinmec_2D-784,dataset/Vinmec/Vinmec_2d/images/784.JPG,dataset/Vinmec/Vinmec_2d/annotations/784_binary.PNG,
MMVinmec_2D-222,dataset/Vinmec/Vinmec_2d/images/222.JPG,dataset/Vinmec/Vinmec_2d/annotations/222_binary.PNG,
MMVinmec_2D-1445,dataset/Vinmec/Vinmec_2d/images/1445.JPG,dataset/Vinmec/Vinmec_2d/annotations/1445_binary.PNG,
MMVinmec_2D-1323,dataset/Vinmec/Vinmec_2d/images/1323.JPG,dataset/Vinmec/Vinmec_2d/annotations/1323_binary.PNG,
MMVinmec_2D-509,dataset/Vinmec/Vinmec_2d/images/509.JPG,dataset/Vinmec/Vinmec_2d/annotations/509_binary.PNG,
MMVinmec_2D-844,dataset/Vinmec/Vinmec_2d/images/844.JPG,dataset/Vinmec/Vinmec_2d/annotations/844_binary.PNG,
MMVinmec_2D-681,dataset/Vinmec/Vinmec_2d/images/681.JPG,dataset/Vinmec/Vinmec_2d/annotations/681_binary.PNG,
MMVinmec_2D-368,dataset/Vinmec/Vinmec_2d/images/368.JPG,dataset/Vinmec/Vinmec_2d/annotations/368_binary.PNG,
MMVinmec_2D-51,dataset/Vinmec/Vinmec_2d/images/51.JPG,dataset/Vinmec/Vinmec_2d/annotations/51_binary.PNG,
MMVinmec_2D-845,dataset/Vinmec/Vinmec_2d/images/845.JPG,dataset/Vinmec/Vinmec_2d/annotations/845_binary.PNG,
MMVinmec_2D-363,dataset/Vinmec/Vinmec_2d/images/363.JPG,dataset/Vinmec/Vinmec_2d/annotations/363_binary.PNG,
MMVinmec_2D-333,dataset/Vinmec/Vinmec_2d/images/333.JPG,dataset/Vinmec/Vinmec_2d/annotations/333_binary.PNG,
MMVinmec_2D-1199,dataset/Vinmec/Vinmec_2d/images/1199.JPG,dataset/Vinmec/Vinmec_2d/annotations/1199_binary.PNG,
MMVinmec_2D-317,dataset/Vinmec/Vinmec_2d/images/317.JPG,dataset/Vinmec/Vinmec_2d/annotations/317_binary.PNG,
MMVinmec_2D-1197,dataset/Vinmec/Vinmec_2d/images/1197.JPG,dataset/Vinmec/Vinmec_2d/annotations/1197_binary.PNG,
MMVinmec_2D-725,dataset/Vinmec/Vinmec_2d/images/725.JPG,dataset/Vinmec/Vinmec_2d/annotations/725_binary.PNG,
MMVinmec_2D-211,dataset/Vinmec/Vinmec_2d/images/211.JPG,dataset/Vinmec/Vinmec_2d/annotations/211_binary.PNG,
MMVinmec_2D-1208,dataset/Vinmec/Vinmec_2d/images/1208.JPG,dataset/Vinmec/Vinmec_2d/annotations/1208_binary.PNG,
MMVinmec_2D-431,dataset/Vinmec/Vinmec_2d/images/431.JPG,dataset/Vinmec/Vinmec_2d/annotations/431_binary.PNG,
MMVinmec_2D-733,dataset/Vinmec/Vinmec_2d/images/733.JPG,dataset/Vinmec/Vinmec_2d/annotations/733_binary.PNG,
MMVinmec_2D-1157,dataset/Vinmec/Vinmec_2d/images/1157.JPG,dataset/Vinmec/Vinmec_2d/annotations/1157_binary.PNG,
MMVinmec_2D-747,dataset/Vinmec/Vinmec_2d/images/747.JPG,dataset/Vinmec/Vinmec_2d/annotations/747_binary.PNG,
MMVinmec_2D-632,dataset/Vinmec/Vinmec_2d/images/632.JPG,dataset/Vinmec/Vinmec_2d/annotations/632_binary.PNG,
MMVinmec_2D-86,dataset/Vinmec/Vinmec_2d/images/86.JPG,dataset/Vinmec/Vinmec_2d/annotations/86_binary.PNG,
MMVinmec_2D-262,dataset/Vinmec/Vinmec_2d/images/262.JPG,dataset/Vinmec/Vinmec_2d/annotations/262_binary.PNG,
MMVinmec_2D-881,dataset/Vinmec/Vinmec_2d/images/881.JPG,dataset/Vinmec/Vinmec_2d/annotations/881_binary.PNG,
MMVinmec_2D-304,dataset/Vinmec/Vinmec_2d/images/304.JPG,dataset/Vinmec/Vinmec_2d/annotations/304_binary.PNG,
MMVinmec_2D-1129,dataset/Vinmec/Vinmec_2d/images/1129.JPG,dataset/Vinmec/Vinmec_2d/annotations/1129_binary.PNG,
MMVinmec_2D-74,dataset/Vinmec/Vinmec_2d/images/74.JPG,dataset/Vinmec/Vinmec_2d/annotations/74_binary.PNG,
MMVinmec_2D-306,dataset/Vinmec/Vinmec_2d/images/306.JPG,dataset/Vinmec/Vinmec_2d/annotations/306_binary.PNG,
MMVinmec_2D-1440,dataset/Vinmec/Vinmec_2d/images/1440.JPG,dataset/Vinmec/Vinmec_2d/annotations/1440_binary.PNG,
MMVinmec_2D-1294,dataset/Vinmec/Vinmec_2d/images/1294.JPG,dataset/Vinmec/Vinmec_2d/annotations/1294_binary.PNG,
MMVinmec_2D-1377,dataset/Vinmec/Vinmec_2d/images/1377.JPG,dataset/Vinmec/Vinmec_2d/annotations/1377_binary.PNG,
MMVinmec_2D-876,dataset/Vinmec/Vinmec_2d/images/876.JPG,dataset/Vinmec/Vinmec_2d/annotations/876_binary.PNG,
MMVinmec_2D-905,dataset/Vinmec/Vinmec_2d/images/905.JPG,dataset/Vinmec/Vinmec_2d/annotations/905_binary.PNG,
MMVinmec_2D-1397,dataset/Vinmec/Vinmec_2d/images/1397.JPG,dataset/Vinmec/Vinmec_2d/annotations/1397_binary.PNG,
MMVinmec_2D-537,dataset/Vinmec/Vinmec_2d/images/537.JPG,dataset/Vinmec/Vinmec_2d/annotations/537_binary.PNG,
MMVinmec_2D-268,dataset/Vinmec/Vinmec_2d/images/268.JPG,dataset/Vinmec/Vinmec_2d/annotations/268_binary.PNG,
MMVinmec_2D-684,dataset/Vinmec/Vinmec_2d/images/684.JPG,dataset/Vinmec/Vinmec_2d/annotations/684_binary.PNG,
MMVinmec_2D-8,dataset/Vinmec/Vinmec_2d/images/8.JPG,dataset/Vinmec/Vinmec_2d/annotations/8_binary.PNG,
MMVinmec_2D-91,dataset/Vinmec/Vinmec_2d/images/91.JPG,dataset/Vinmec/Vinmec_2d/annotations/91_binary.PNG,
MMVinmec_2D-567,dataset/Vinmec/Vinmec_2d/images/567.JPG,dataset/Vinmec/Vinmec_2d/annotations/567_binary.PNG,
MMVinmec_2D-1298,dataset/Vinmec/Vinmec_2d/images/1298.JPG,dataset/Vinmec/Vinmec_2d/annotations/1298_binary.PNG,
MMVinmec_2D-1428,dataset/Vinmec/Vinmec_2d/images/1428.JPG,dataset/Vinmec/Vinmec_2d/annotations/1428_binary.PNG,
MMVinmec_2D-105,dataset/Vinmec/Vinmec_2d/images/105.JPG,dataset/Vinmec/Vinmec_2d/annotations/105_binary.PNG,
MMVinmec_2D-1389,dataset/Vinmec/Vinmec_2d/images/1389.JPG,dataset/Vinmec/Vinmec_2d/annotations/1389_binary.PNG,
MMVinmec_2D-1296,dataset/Vinmec/Vinmec_2d/images/1296.JPG,dataset/Vinmec/Vinmec_2d/annotations/1296_binary.PNG,
MMVinmec_2D-1036,dataset/Vinmec/Vinmec_2d/images/1036.JPG,dataset/Vinmec/Vinmec_2d/annotations/1036_binary.PNG,
MMVinmec_2D-541,dataset/Vinmec/Vinmec_2d/images/541.JPG,dataset/Vinmec/Vinmec_2d/annotations/541_binary.PNG,
MMVinmec_2D-417,dataset/Vinmec/Vinmec_2d/images/417.JPG,dataset/Vinmec/Vinmec_2d/annotations/417_binary.PNG,
MMVinmec_2D-703,dataset/Vinmec/Vinmec_2d/images/703.JPG,dataset/Vinmec/Vinmec_2d/annotations/703_binary.PNG,
MMVinmec_2D-432,dataset/Vinmec/Vinmec_2d/images/432.JPG,dataset/Vinmec/Vinmec_2d/annotations/432_binary.PNG,
MMVinmec_2D-578,dataset/Vinmec/Vinmec_2d/images/578.JPG,dataset/Vinmec/Vinmec_2d/annotations/578_binary.PNG,
MMVinmec_2D-558,dataset/Vinmec/Vinmec_2d/images/558.JPG,dataset/Vinmec/Vinmec_2d/annotations/558_binary.PNG,
MMVinmec_2D-1432,dataset/Vinmec/Vinmec_2d/images/1432.JPG,dataset/Vinmec/Vinmec_2d/annotations/1432_binary.PNG,
MMVinmec_2D-220,dataset/Vinmec/Vinmec_2d/images/220.JPG,dataset/Vinmec/Vinmec_2d/annotations/220_binary.PNG,
MMVinmec_2D-237,dataset/Vinmec/Vinmec_2d/images/237.JPG,dataset/Vinmec/Vinmec_2d/annotations/237_binary.PNG,
MMVinmec_2D-1422,dataset/Vinmec/Vinmec_2d/images/1422.JPG,dataset/Vinmec/Vinmec_2d/annotations/1422_binary.PNG,
MMVinmec_2D-276,dataset/Vinmec/Vinmec_2d/images/276.JPG,dataset/Vinmec/Vinmec_2d/annotations/276_binary.PNG,
MMVinmec_2D-213,dataset/Vinmec/Vinmec_2d/images/213.JPG,dataset/Vinmec/Vinmec_2d/annotations/213_binary.PNG,
MMVinmec_2D-614,dataset/Vinmec/Vinmec_2d/images/614.JPG,dataset/Vinmec/Vinmec_2d/annotations/614_binary.PNG,
MMVinmec_2D-17,dataset/Vinmec/Vinmec_2d/images/17.JPG,dataset/Vinmec/Vinmec_2d/annotations/17_binary.PNG,
MMVinmec_2D-1329,dataset/Vinmec/Vinmec_2d/images/1329.JPG,dataset/Vinmec/Vinmec_2d/annotations/1329_binary.PNG,
MMVinmec_2D-620,dataset/Vinmec/Vinmec_2d/images/620.JPG,dataset/Vinmec/Vinmec_2d/annotations/620_binary.PNG,
MMVinmec_2D-1113,dataset/Vinmec/Vinmec_2d/images/1113.JPG,dataset/Vinmec/Vinmec_2d/annotations/1113_binary.PNG,
MMVinmec_2D-1412,dataset/Vinmec/Vinmec_2d/images/1412.JPG,dataset/Vinmec/Vinmec_2d/annotations/1412_binary.PNG,
MMVinmec_2D-1360,dataset/Vinmec/Vinmec_2d/images/1360.JPG,dataset/Vinmec/Vinmec_2d/annotations/1360_binary.PNG,
MMVinmec_2D-584,dataset/Vinmec/Vinmec_2d/images/584.JPG,dataset/Vinmec/Vinmec_2d/annotations/584_binary.PNG,
MMVinmec_2D-757,dataset/Vinmec/Vinmec_2d/images/757.JPG,dataset/Vinmec/Vinmec_2d/annotations/757_binary.PNG,
MMVinmec_2D-501,dataset/Vinmec/Vinmec_2d/images/501.JPG,dataset/Vinmec/Vinmec_2d/annotations/501_binary.PNG,
MMVinmec_2D-1163,dataset/Vinmec/Vinmec_2d/images/1163.JPG,dataset/Vinmec/Vinmec_2d/annotations/1163_binary.PNG,
MMVinmec_2D-715,dataset/Vinmec/Vinmec_2d/images/715.JPG,dataset/Vinmec/Vinmec_2d/annotations/715_binary.PNG,
MMVinmec_2D-272,dataset/Vinmec/Vinmec_2d/images/272.JPG,dataset/Vinmec/Vinmec_2d/annotations/272_binary.PNG,
MMVinmec_2D-1148,dataset/Vinmec/Vinmec_2d/images/1148.JPG,dataset/Vinmec/Vinmec_2d/annotations/1148_binary.PNG,
MMVinmec_2D-1037,dataset/Vinmec/Vinmec_2d/images/1037.JPG,dataset/Vinmec/Vinmec_2d/annotations/1037_binary.PNG,
MMVinmec_2D-437,dataset/Vinmec/Vinmec_2d/images/437.JPG,dataset/Vinmec/Vinmec_2d/annotations/437_binary.PNG,
MMVinmec_2D-1102,dataset/Vinmec/Vinmec_2d/images/1102.JPG,dataset/Vinmec/Vinmec_2d/annotations/1102_binary.PNG,
MMVinmec_2D-151,dataset/Vinmec/Vinmec_2d/images/151.JPG,dataset/Vinmec/Vinmec_2d/annotations/151_binary.PNG,
MMVinmec_2D-205,dataset/Vinmec/Vinmec_2d/images/205.JPG,dataset/Vinmec/Vinmec_2d/annotations/205_binary.PNG,
MMVinmec_2D-939,dataset/Vinmec/Vinmec_2d/images/939.JPG,dataset/Vinmec/Vinmec_2d/annotations/939_binary.PNG,
MMVinmec_2D-20,dataset/Vinmec/Vinmec_2d/images/20.JPG,dataset/Vinmec/Vinmec_2d/annotations/20_binary.PNG,
MMVinmec_2D-149,dataset/Vinmec/Vinmec_2d/images/149.JPG,dataset/Vinmec/Vinmec_2d/annotations/149_binary.PNG,
MMVinmec_2D-1153,dataset/Vinmec/Vinmec_2d/images/1153.JPG,dataset/Vinmec/Vinmec_2d/annotations/1153_binary.PNG,
MMVinmec_2D-937,dataset/Vinmec/Vinmec_2d/images/937.JPG,dataset/Vinmec/Vinmec_2d/annotations/937_binary.PNG,
MMVinmec_2D-615,dataset/Vinmec/Vinmec_2d/images/615.JPG,dataset/Vinmec/Vinmec_2d/annotations/615_binary.PNG,
MMVinmec_2D-269,dataset/Vinmec/Vinmec_2d/images/269.JPG,dataset/Vinmec/Vinmec_2d/annotations/269_binary.PNG,
MMVinmec_2D-1361,dataset/Vinmec/Vinmec_2d/images/1361.JPG,dataset/Vinmec/Vinmec_2d/annotations/1361_binary.PNG,
MMVinmec_2D-1187,dataset/Vinmec/Vinmec_2d/images/1187.JPG,dataset/Vinmec/Vinmec_2d/annotations/1187_binary.PNG,
MMVinmec_2D-489,dataset/Vinmec/Vinmec_2d/images/489.JPG,dataset/Vinmec/Vinmec_2d/annotations/489_binary.PNG,
MMVinmec_2D-644,dataset/Vinmec/Vinmec_2d/images/644.JPG,dataset/Vinmec/Vinmec_2d/annotations/644_binary.PNG,
MMVinmec_2D-419,dataset/Vinmec/Vinmec_2d/images/419.JPG,dataset/Vinmec/Vinmec_2d/annotations/419_binary.PNG,
MMVinmec_2D-535,dataset/Vinmec/Vinmec_2d/images/535.JPG,dataset/Vinmec/Vinmec_2d/annotations/535_binary.PNG,
MMVinmec_2D-648,dataset/Vinmec/Vinmec_2d/images/648.JPG,dataset/Vinmec/Vinmec_2d/annotations/648_binary.PNG,
MMVinmec_2D-1071,dataset/Vinmec/Vinmec_2d/images/1071.JPG,dataset/Vinmec/Vinmec_2d/annotations/1071_binary.PNG,
MMVinmec_2D-859,dataset/Vinmec/Vinmec_2d/images/859.JPG,dataset/Vinmec/Vinmec_2d/annotations/859_binary.PNG,
MMVinmec_2D-168,dataset/Vinmec/Vinmec_2d/images/168.JPG,dataset/Vinmec/Vinmec_2d/annotations/168_binary.PNG,
MMVinmec_2D-82,dataset/Vinmec/Vinmec_2d/images/82.JPG,dataset/Vinmec/Vinmec_2d/annotations/82_binary.PNG,
MMVinmec_2D-505,dataset/Vinmec/Vinmec_2d/images/505.JPG,dataset/Vinmec/Vinmec_2d/annotations/505_binary.PNG,
MMVinmec_2D-246,dataset/Vinmec/Vinmec_2d/images/246.JPG,dataset/Vinmec/Vinmec_2d/annotations/246_binary.PNG,
MMVinmec_2D-827,dataset/Vinmec/Vinmec_2d/images/827.JPG,dataset/Vinmec/Vinmec_2d/annotations/827_binary.PNG,
MMVinmec_2D-482,dataset/Vinmec/Vinmec_2d/images/482.JPG,dataset/Vinmec/Vinmec_2d/annotations/482_binary.PNG,
MMVinmec_2D-140,dataset/Vinmec/Vinmec_2d/images/140.JPG,dataset/Vinmec/Vinmec_2d/annotations/140_binary.PNG,
MMVinmec_2D-141,dataset/Vinmec/Vinmec_2d/images/141.JPG,dataset/Vinmec/Vinmec_2d/annotations/141_binary.PNG,
MMVinmec_2D-381,dataset/Vinmec/Vinmec_2d/images/381.JPG,dataset/Vinmec/Vinmec_2d/annotations/381_binary.PNG,
MMVinmec_2D-165,dataset/Vinmec/Vinmec_2d/images/165.JPG,dataset/Vinmec/Vinmec_2d/annotations/165_binary.PNG,
MMVinmec_2D-1041,dataset/Vinmec/Vinmec_2d/images/1041.JPG,dataset/Vinmec/Vinmec_2d/annotations/1041_binary.PNG,
MMVinmec_2D-117,dataset/Vinmec/Vinmec_2d/images/117.JPG,dataset/Vinmec/Vinmec_2d/annotations/117_binary.PNG,
MMVinmec_2D-323,dataset/Vinmec/Vinmec_2d/images/323.JPG,dataset/Vinmec/Vinmec_2d/annotations/323_binary.PNG,
MMVinmec_2D-1088,dataset/Vinmec/Vinmec_2d/images/1088.JPG,dataset/Vinmec/Vinmec_2d/annotations/1088_binary.PNG,
MMVinmec_2D-1030,dataset/Vinmec/Vinmec_2d/images/1030.JPG,dataset/Vinmec/Vinmec_2d/annotations/1030_binary.PNG,
MMVinmec_2D-977,dataset/Vinmec/Vinmec_2d/images/977.JPG,dataset/Vinmec/Vinmec_2d/annotations/977_binary.PNG,
MMVinmec_2D-103,dataset/Vinmec/Vinmec_2d/images/103.JPG,dataset/Vinmec/Vinmec_2d/annotations/103_binary.PNG,
MMVinmec_2D-118,dataset/Vinmec/Vinmec_2d/images/118.JPG,dataset/Vinmec/Vinmec_2d/annotations/118_binary.PNG,
MMVinmec_2D-643,dataset/Vinmec/Vinmec_2d/images/643.JPG,dataset/Vinmec/Vinmec_2d/annotations/643_binary.PNG,
MMVinmec_2D-1335,dataset/Vinmec/Vinmec_2d/images/1335.JPG,dataset/Vinmec/Vinmec_2d/annotations/1335_binary.PNG,
MMVinmec_2D-1111,dataset/Vinmec/Vinmec_2d/images/1111.JPG,dataset/Vinmec/Vinmec_2d/annotations/1111_binary.PNG,
MMVinmec_2D-120,dataset/Vinmec/Vinmec_2d/images/120.JPG,dataset/Vinmec/Vinmec_2d/annotations/120_binary.PNG,
MMVinmec_2D-446,dataset/Vinmec/Vinmec_2d/images/446.JPG,dataset/Vinmec/Vinmec_2d/annotations/446_binary.PNG,
MMVinmec_2D-608,dataset/Vinmec/Vinmec_2d/images/608.JPG,dataset/Vinmec/Vinmec_2d/annotations/608_binary.PNG,
MMVinmec_2D-389,dataset/Vinmec/Vinmec_2d/images/389.JPG,dataset/Vinmec/Vinmec_2d/annotations/389_binary.PNG,
MMVinmec_2D-318,dataset/Vinmec/Vinmec_2d/images/318.JPG,dataset/Vinmec/Vinmec_2d/annotations/318_binary.PNG,
MMVinmec_2D-997,dataset/Vinmec/Vinmec_2d/images/997.JPG,dataset/Vinmec/Vinmec_2d/annotations/997_binary.PNG,
MMVinmec_2D-1139,dataset/Vinmec/Vinmec_2d/images/1139.JPG,dataset/Vinmec/Vinmec_2d/annotations/1139_binary.PNG,
MMVinmec_2D-1274,dataset/Vinmec/Vinmec_2d/images/1274.JPG,dataset/Vinmec/Vinmec_2d/annotations/1274_binary.PNG,
MMVinmec_2D-585,dataset/Vinmec/Vinmec_2d/images/585.JPG,dataset/Vinmec/Vinmec_2d/annotations/585_binary.PNG,
MMVinmec_2D-932,dataset/Vinmec/Vinmec_2d/images/932.JPG,dataset/Vinmec/Vinmec_2d/annotations/932_binary.PNG,
MMVinmec_2D-544,dataset/Vinmec/Vinmec_2d/images/544.JPG,dataset/Vinmec/Vinmec_2d/annotations/544_binary.PNG,
MMVinmec_2D-800,dataset/Vinmec/Vinmec_2d/images/800.JPG,dataset/Vinmec/Vinmec_2d/annotations/800_binary.PNG,
MMVinmec_2D-5,dataset/Vinmec/Vinmec_2d/images/5.JPG,dataset/Vinmec/Vinmec_2d/annotations/5_binary.PNG,
MMVinmec_2D-777,dataset/Vinmec/Vinmec_2d/images/777.JPG,dataset/Vinmec/Vinmec_2d/annotations/777_binary.PNG,
MMVinmec_2D-338,dataset/Vinmec/Vinmec_2d/images/338.JPG,dataset/Vinmec/Vinmec_2d/annotations/338_binary.PNG,
MMVinmec_2D-1251,dataset/Vinmec/Vinmec_2d/images/1251.JPG,dataset/Vinmec/Vinmec_2d/annotations/1251_binary.PNG,
MMVinmec_2D-1370,dataset/Vinmec/Vinmec_2d/images/1370.JPG,dataset/Vinmec/Vinmec_2d/annotations/1370_binary.PNG,
MMVinmec_2D-438,dataset/Vinmec/Vinmec_2d/images/438.JPG,dataset/Vinmec/Vinmec_2d/annotations/438_binary.PNG,
MMVinmec_2D-986,dataset/Vinmec/Vinmec_2d/images/986.JPG,dataset/Vinmec/Vinmec_2d/annotations/986_binary.PNG,
MMVinmec_2D-1242,dataset/Vinmec/Vinmec_2d/images/1242.JPG,dataset/Vinmec/Vinmec_2d/annotations/1242_binary.PNG,
MMVinmec_2D-833,dataset/Vinmec/Vinmec_2d/images/833.JPG,dataset/Vinmec/Vinmec_2d/annotations/833_binary.PNG,
MMVinmec_2D-341,dataset/Vinmec/Vinmec_2d/images/341.JPG,dataset/Vinmec/Vinmec_2d/annotations/341_binary.PNG,
MMVinmec_2D-485,dataset/Vinmec/Vinmec_2d/images/485.JPG,dataset/Vinmec/Vinmec_2d/annotations/485_binary.PNG,
MMVinmec_2D-1454,dataset/Vinmec/Vinmec_2d/images/1454.JPG,dataset/Vinmec/Vinmec_2d/annotations/1454_binary.PNG,
MMVinmec_2D-31,dataset/Vinmec/Vinmec_2d/images/31.JPG,dataset/Vinmec/Vinmec_2d/annotations/31_binary.PNG,
MMVinmec_2D-1108,dataset/Vinmec/Vinmec_2d/images/1108.JPG,dataset/Vinmec/Vinmec_2d/annotations/1108_binary.PNG,
MMVinmec_2D-104,dataset/Vinmec/Vinmec_2d/images/104.JPG,dataset/Vinmec/Vinmec_2d/annotations/104_binary.PNG,
MMVinmec_2D-201,dataset/Vinmec/Vinmec_2d/images/201.JPG,dataset/Vinmec/Vinmec_2d/annotations/201_binary.PNG,
MMVinmec_2D-1128,dataset/Vinmec/Vinmec_2d/images/1128.JPG,dataset/Vinmec/Vinmec_2d/annotations/1128_binary.PNG,
MMVinmec_2D-908,dataset/Vinmec/Vinmec_2d/images/908.JPG,dataset/Vinmec/Vinmec_2d/annotations/908_binary.PNG,
MMVinmec_2D-155,dataset/Vinmec/Vinmec_2d/images/155.JPG,dataset/Vinmec/Vinmec_2d/annotations/155_binary.PNG,
MMVinmec_2D-512,dataset/Vinmec/Vinmec_2d/images/512.JPG,dataset/Vinmec/Vinmec_2d/annotations/512_binary.PNG,
MMVinmec_2D-948,dataset/Vinmec/Vinmec_2d/images/948.JPG,dataset/Vinmec/Vinmec_2d/annotations/948_binary.PNG,
MMVinmec_2D-1275,dataset/Vinmec/Vinmec_2d/images/1275.JPG,dataset/Vinmec/Vinmec_2d/annotations/1275_binary.PNG,
MMVinmec_2D-376,dataset/Vinmec/Vinmec_2d/images/376.JPG,dataset/Vinmec/Vinmec_2d/annotations/376_binary.PNG,
MMVinmec_2D-1336,dataset/Vinmec/Vinmec_2d/images/1336.JPG,dataset/Vinmec/Vinmec_2d/annotations/1336_binary.PNG,
MMVinmec_2D-288,dataset/Vinmec/Vinmec_2d/images/288.JPG,dataset/Vinmec/Vinmec_2d/annotations/288_binary.PNG,
MMVinmec_2D-919,dataset/Vinmec/Vinmec_2d/images/919.JPG,dataset/Vinmec/Vinmec_2d/annotations/919_binary.PNG,
MMVinmec_2D-1419,dataset/Vinmec/Vinmec_2d/images/1419.JPG,dataset/Vinmec/Vinmec_2d/annotations/1419_binary.PNG,
MMVinmec_2D-1232,dataset/Vinmec/Vinmec_2d/images/1232.JPG,dataset/Vinmec/Vinmec_2d/annotations/1232_binary.PNG,
MMVinmec_2D-393,dataset/Vinmec/Vinmec_2d/images/393.JPG,dataset/Vinmec/Vinmec_2d/annotations/393_binary.PNG,
MMVinmec_2D-510,dataset/Vinmec/Vinmec_2d/images/510.JPG,dataset/Vinmec/Vinmec_2d/annotations/510_binary.PNG,
MMVinmec_2D-224,dataset/Vinmec/Vinmec_2d/images/224.JPG,dataset/Vinmec/Vinmec_2d/annotations/224_binary.PNG,
MMVinmec_2D-695,dataset/Vinmec/Vinmec_2d/images/695.JPG,dataset/Vinmec/Vinmec_2d/annotations/695_binary.PNG,
MMVinmec_2D-825,dataset/Vinmec/Vinmec_2d/images/825.JPG,dataset/Vinmec/Vinmec_2d/annotations/825_binary.PNG,
MMVinmec_2D-125,dataset/Vinmec/Vinmec_2d/images/125.JPG,dataset/Vinmec/Vinmec_2d/annotations/125_binary.PNG,
MMVinmec_2D-202,dataset/Vinmec/Vinmec_2d/images/202.JPG,dataset/Vinmec/Vinmec_2d/annotations/202_binary.PNG,
MMVinmec_2D-111,dataset/Vinmec/Vinmec_2d/images/111.JPG,dataset/Vinmec/Vinmec_2d/annotations/111_binary.PNG,
MMVinmec_2D-957,dataset/Vinmec/Vinmec_2d/images/957.JPG,dataset/Vinmec/Vinmec_2d/annotations/957_binary.PNG,
MMVinmec_2D-842,dataset/Vinmec/Vinmec_2d/images/842.JPG,dataset/Vinmec/Vinmec_2d/annotations/842_binary.PNG,
MMVinmec_2D-868,dataset/Vinmec/Vinmec_2d/images/868.JPG,dataset/Vinmec/Vinmec_2d/annotations/868_binary.PNG,
MMVinmec_2D-726,dataset/Vinmec/Vinmec_2d/images/726.JPG,dataset/Vinmec/Vinmec_2d/annotations/726_binary.PNG,
MMVinmec_2D-883,dataset/Vinmec/Vinmec_2d/images/883.JPG,dataset/Vinmec/Vinmec_2d/annotations/883_binary.PNG,
MMVinmec_2D-1426,dataset/Vinmec/Vinmec_2d/images/1426.JPG,dataset/Vinmec/Vinmec_2d/annotations/1426_binary.PNG,
MMVinmec_2D-194,dataset/Vinmec/Vinmec_2d/images/194.JPG,dataset/Vinmec/Vinmec_2d/annotations/194_binary.PNG,
MMVinmec_2D-390,dataset/Vinmec/Vinmec_2d/images/390.JPG,dataset/Vinmec/Vinmec_2d/annotations/390_binary.PNG,
MMVinmec_2D-834,dataset/Vinmec/Vinmec_2d/images/834.JPG,dataset/Vinmec/Vinmec_2d/annotations/834_binary.PNG,
MMVinmec_2D-1236,dataset/Vinmec/Vinmec_2d/images/1236.JPG,dataset/Vinmec/Vinmec_2d/annotations/1236_binary.PNG,
MMVinmec_2D-498,dataset/Vinmec/Vinmec_2d/images/498.JPG,dataset/Vinmec/Vinmec_2d/annotations/498_binary.PNG,
MMVinmec_2D-969,dataset/Vinmec/Vinmec_2d/images/969.JPG,dataset/Vinmec/Vinmec_2d/annotations/969_binary.PNG,
MMVinmec_2D-1181,dataset/Vinmec/Vinmec_2d/images/1181.JPG,dataset/Vinmec/Vinmec_2d/annotations/1181_binary.PNG,
MMVinmec_2D-1170,dataset/Vinmec/Vinmec_2d/images/1170.JPG,dataset/Vinmec/Vinmec_2d/annotations/1170_binary.PNG,
MMVinmec_2D-271,dataset/Vinmec/Vinmec_2d/images/271.JPG,dataset/Vinmec/Vinmec_2d/annotations/271_binary.PNG,
MMVinmec_2D-1272,dataset/Vinmec/Vinmec_2d/images/1272.JPG,dataset/Vinmec/Vinmec_2d/annotations/1272_binary.PNG,
MMVinmec_2D-439,dataset/Vinmec/Vinmec_2d/images/439.JPG,dataset/Vinmec/Vinmec_2d/annotations/439_binary.PNG,
MMVinmec_2D-995,dataset/Vinmec/Vinmec_2d/images/995.JPG,dataset/Vinmec/Vinmec_2d/annotations/995_binary.PNG,
MMVinmec_2D-571,dataset/Vinmec/Vinmec_2d/images/571.JPG,dataset/Vinmec/Vinmec_2d/annotations/571_binary.PNG,
MMVinmec_2D-488,dataset/Vinmec/Vinmec_2d/images/488.JPG,dataset/Vinmec/Vinmec_2d/annotations/488_binary.PNG,
MMVinmec_2D-1053,dataset/Vinmec/Vinmec_2d/images/1053.JPG,dataset/Vinmec/Vinmec_2d/annotations/1053_binary.PNG,
MMVinmec_2D-1252,dataset/Vinmec/Vinmec_2d/images/1252.JPG,dataset/Vinmec/Vinmec_2d/annotations/1252_binary.PNG,
MMVinmec_2D-677,dataset/Vinmec/Vinmec_2d/images/677.JPG,dataset/Vinmec/Vinmec_2d/annotations/677_binary.PNG,
MMVinmec_2D-65,dataset/Vinmec/Vinmec_2d/images/65.JPG,dataset/Vinmec/Vinmec_2d/annotations/65_binary.PNG,
MMVinmec_2D-139,dataset/Vinmec/Vinmec_2d/images/139.JPG,dataset/Vinmec/Vinmec_2d/annotations/139_binary.PNG,
MMVinmec_2D-469,dataset/Vinmec/Vinmec_2d/images/469.JPG,dataset/Vinmec/Vinmec_2d/annotations/469_binary.PNG,
MMVinmec_2D-121,dataset/Vinmec/Vinmec_2d/images/121.JPG,dataset/Vinmec/Vinmec_2d/annotations/121_binary.PNG,
MMVinmec_2D-146,dataset/Vinmec/Vinmec_2d/images/146.JPG,dataset/Vinmec/Vinmec_2d/annotations/146_binary.PNG,
MMVinmec_2D-15,dataset/Vinmec/Vinmec_2d/images/15.JPG,dataset/Vinmec/Vinmec_2d/annotations/15_binary.PNG,
MMVinmec_2D-1442,dataset/Vinmec/Vinmec_2d/images/1442.JPG,dataset/Vinmec/Vinmec_2d/annotations/1442_binary.PNG,
MMVinmec_2D-1206,dataset/Vinmec/Vinmec_2d/images/1206.JPG,dataset/Vinmec/Vinmec_2d/annotations/1206_binary.PNG,
MMVinmec_2D-472,dataset/Vinmec/Vinmec_2d/images/472.JPG,dataset/Vinmec/Vinmec_2d/annotations/472_binary.PNG,
MMVinmec_2D-1135,dataset/Vinmec/Vinmec_2d/images/1135.JPG,dataset/Vinmec/Vinmec_2d/annotations/1135_binary.PNG,
MMVinmec_2D-1205,dataset/Vinmec/Vinmec_2d/images/1205.JPG,dataset/Vinmec/Vinmec_2d/annotations/1205_binary.PNG,
MMVinmec_2D-44,dataset/Vinmec/Vinmec_2d/images/44.JPG,dataset/Vinmec/Vinmec_2d/annotations/44_binary.PNG,
MMVinmec_2D-693,dataset/Vinmec/Vinmec_2d/images/693.JPG,dataset/Vinmec/Vinmec_2d/annotations/693_binary.PNG,
MMVinmec_2D-132,dataset/Vinmec/Vinmec_2d/images/132.JPG,dataset/Vinmec/Vinmec_2d/annotations/132_binary.PNG,
MMVinmec_2D-461,dataset/Vinmec/Vinmec_2d/images/461.JPG,dataset/Vinmec/Vinmec_2d/annotations/461_binary.PNG,
MMVinmec_2D-508,dataset/Vinmec/Vinmec_2d/images/508.JPG,dataset/Vinmec/Vinmec_2d/annotations/508_binary.PNG,
MMVinmec_2D-248,dataset/Vinmec/Vinmec_2d/images/248.JPG,dataset/Vinmec/Vinmec_2d/annotations/248_binary.PNG,
MMVinmec_2D-925,dataset/Vinmec/Vinmec_2d/images/925.JPG,dataset/Vinmec/Vinmec_2d/annotations/925_binary.PNG,
MMVinmec_2D-1060,dataset/Vinmec/Vinmec_2d/images/1060.JPG,dataset/Vinmec/Vinmec_2d/annotations/1060_binary.PNG,
MMVinmec_2D-898,dataset/Vinmec/Vinmec_2d/images/898.JPG,dataset/Vinmec/Vinmec_2d/annotations/898_binary.PNG,
MMVinmec_2D-765,dataset/Vinmec/Vinmec_2d/images/765.JPG,dataset/Vinmec/Vinmec_2d/annotations/765_binary.PNG,
MMVinmec_2D-1348,dataset/Vinmec/Vinmec_2d/images/1348.JPG,dataset/Vinmec/Vinmec_2d/annotations/1348_binary.PNG,
MMVinmec_2D-639,dataset/Vinmec/Vinmec_2d/images/639.JPG,dataset/Vinmec/Vinmec_2d/annotations/639_binary.PNG,
MMVinmec_2D-412,dataset/Vinmec/Vinmec_2d/images/412.JPG,dataset/Vinmec/Vinmec_2d/annotations/412_binary.PNG,
MMVinmec_2D-1461,dataset/Vinmec/Vinmec_2d/images/1461.JPG,dataset/Vinmec/Vinmec_2d/annotations/1461_binary.PNG,
MMVinmec_2D-434,dataset/Vinmec/Vinmec_2d/images/434.JPG,dataset/Vinmec/Vinmec_2d/annotations/434_binary.PNG,
MMVinmec_2D-867,dataset/Vinmec/Vinmec_2d/images/867.JPG,dataset/Vinmec/Vinmec_2d/annotations/867_binary.PNG,
MMVinmec_2D-1243,dataset/Vinmec/Vinmec_2d/images/1243.JPG,dataset/Vinmec/Vinmec_2d/annotations/1243_binary.PNG,
MMVinmec_2D-1081,dataset/Vinmec/Vinmec_2d/images/1081.JPG,dataset/Vinmec/Vinmec_2d/annotations/1081_binary.PNG,
MMVinmec_2D-1357,dataset/Vinmec/Vinmec_2d/images/1357.JPG,dataset/Vinmec/Vinmec_2d/annotations/1357_binary.PNG,
MMVinmec_2D-339,dataset/Vinmec/Vinmec_2d/images/339.JPG,dataset/Vinmec/Vinmec_2d/annotations/339_binary.PNG,
MMVinmec_2D-1126,dataset/Vinmec/Vinmec_2d/images/1126.JPG,dataset/Vinmec/Vinmec_2d/annotations/1126_binary.PNG,
MMVinmec_2D-974,dataset/Vinmec/Vinmec_2d/images/974.JPG,dataset/Vinmec/Vinmec_2d/annotations/974_binary.PNG,
MMVinmec_2D-263,dataset/Vinmec/Vinmec_2d/images/263.JPG,dataset/Vinmec/Vinmec_2d/annotations/263_binary.PNG,
MMVinmec_2D-258,dataset/Vinmec/Vinmec_2d/images/258.JPG,dataset/Vinmec/Vinmec_2d/annotations/258_binary.PNG,
MMVinmec_2D-1091,dataset/Vinmec/Vinmec_2d/images/1091.JPG,dataset/Vinmec/Vinmec_2d/annotations/1091_binary.PNG,
MMVinmec_2D-142,dataset/Vinmec/Vinmec_2d/images/142.JPG,dataset/Vinmec/Vinmec_2d/annotations/142_binary.PNG,
MMVinmec_2D-996,dataset/Vinmec/Vinmec_2d/images/996.JPG,dataset/Vinmec/Vinmec_2d/annotations/996_binary.PNG,
MMVinmec_2D-176,dataset/Vinmec/Vinmec_2d/images/176.JPG,dataset/Vinmec/Vinmec_2d/annotations/176_binary.PNG,
MMVinmec_2D-1416,dataset/Vinmec/Vinmec_2d/images/1416.JPG,dataset/Vinmec/Vinmec_2d/annotations/1416_binary.PNG,
MMVinmec_2D-1366,dataset/Vinmec/Vinmec_2d/images/1366.JPG,dataset/Vinmec/Vinmec_2d/annotations/1366_binary.PNG,
MMVinmec_2D-494,dataset/Vinmec/Vinmec_2d/images/494.JPG,dataset/Vinmec/Vinmec_2d/annotations/494_binary.PNG,
MMVinmec_2D-119,dataset/Vinmec/Vinmec_2d/images/119.JPG,dataset/Vinmec/Vinmec_2d/annotations/119_binary.PNG,
MMVinmec_2D-491,dataset/Vinmec/Vinmec_2d/images/491.JPG,dataset/Vinmec/Vinmec_2d/annotations/491_binary.PNG,
MMVinmec_2D-630,dataset/Vinmec/Vinmec_2d/images/630.JPG,dataset/Vinmec/Vinmec_2d/annotations/630_binary.PNG,
MMVinmec_2D-744,dataset/Vinmec/Vinmec_2d/images/744.JPG,dataset/Vinmec/Vinmec_2d/annotations/744_binary.PNG,
MMVinmec_2D-230,dataset/Vinmec/Vinmec_2d/images/230.JPG,dataset/Vinmec/Vinmec_2d/annotations/230_binary.PNG,
MMVinmec_2D-40,dataset/Vinmec/Vinmec_2d/images/40.JPG,dataset/Vinmec/Vinmec_2d/annotations/40_binary.PNG,
MMVinmec_2D-1001,dataset/Vinmec/Vinmec_2d/images/1001.JPG,dataset/Vinmec/Vinmec_2d/annotations/1001_binary.PNG,
MMVinmec_2D-664,dataset/Vinmec/Vinmec_2d/images/664.JPG,dataset/Vinmec/Vinmec_2d/annotations/664_binary.PNG,
MMVinmec_2D-1227,dataset/Vinmec/Vinmec_2d/images/1227.JPG,dataset/Vinmec/Vinmec_2d/annotations/1227_binary.PNG,
MMVinmec_2D-2,dataset/Vinmec/Vinmec_2d/images/2.JPG,dataset/Vinmec/Vinmec_2d/annotations/2_binary.PNG,
MMVinmec_2D-1087,dataset/Vinmec/Vinmec_2d/images/1087.JPG,dataset/Vinmec/Vinmec_2d/annotations/1087_binary.PNG,
MMVinmec_2D-1105,dataset/Vinmec/Vinmec_2d/images/1105.JPG,dataset/Vinmec/Vinmec_2d/annotations/1105_binary.PNG,
MMVinmec_2D-331,dataset/Vinmec/Vinmec_2d/images/331.JPG,dataset/Vinmec/Vinmec_2d/annotations/331_binary.PNG,
MMVinmec_2D-766,dataset/Vinmec/Vinmec_2d/images/766.JPG,dataset/Vinmec/Vinmec_2d/annotations/766_binary.PNG,
MMVinmec_2D-1339,dataset/Vinmec/Vinmec_2d/images/1339.JPG,dataset/Vinmec/Vinmec_2d/annotations/1339_binary.PNG,
MMVinmec_2D-1447,dataset/Vinmec/Vinmec_2d/images/1447.JPG,dataset/Vinmec/Vinmec_2d/annotations/1447_binary.PNG,
MMVinmec_2D-1387,dataset/Vinmec/Vinmec_2d/images/1387.JPG,dataset/Vinmec/Vinmec_2d/annotations/1387_binary.PNG,
MMVinmec_2D-1378,dataset/Vinmec/Vinmec_2d/images/1378.JPG,dataset/Vinmec/Vinmec_2d/annotations/1378_binary.PNG,
MMVinmec_2D-612,dataset/Vinmec/Vinmec_2d/images/612.JPG,dataset/Vinmec/Vinmec_2d/annotations/612_binary.PNG,
MMVinmec_2D-1281,dataset/Vinmec/Vinmec_2d/images/1281.JPG,dataset/Vinmec/Vinmec_2d/annotations/1281_binary.PNG,
MMVinmec_2D-218,dataset/Vinmec/Vinmec_2d/images/218.JPG,dataset/Vinmec/Vinmec_2d/annotations/218_binary.PNG,
MMVinmec_2D-1040,dataset/Vinmec/Vinmec_2d/images/1040.JPG,dataset/Vinmec/Vinmec_2d/annotations/1040_binary.PNG,
MMVinmec_2D-366,dataset/Vinmec/Vinmec_2d/images/366.JPG,dataset/Vinmec/Vinmec_2d/annotations/366_binary.PNG,
MMVinmec_2D-1026,dataset/Vinmec/Vinmec_2d/images/1026.JPG,dataset/Vinmec/Vinmec_2d/annotations/1026_binary.PNG,
MMVinmec_2D-540,dataset/Vinmec/Vinmec_2d/images/540.JPG,dataset/Vinmec/Vinmec_2d/annotations/540_binary.PNG,
MMVinmec_2D-7,dataset/Vinmec/Vinmec_2d/images/7.JPG,dataset/Vinmec/Vinmec_2d/annotations/7_binary.PNG,
MMVinmec_2D-930,dataset/Vinmec/Vinmec_2d/images/930.JPG,dataset/Vinmec/Vinmec_2d/annotations/930_binary.PNG,
MMVinmec_2D-324,dataset/Vinmec/Vinmec_2d/images/324.JPG,dataset/Vinmec/Vinmec_2d/annotations/324_binary.PNG,
MMVinmec_2D-891,dataset/Vinmec/Vinmec_2d/images/891.JPG,dataset/Vinmec/Vinmec_2d/annotations/891_binary.PNG,
MMVinmec_2D-602,dataset/Vinmec/Vinmec_2d/images/602.JPG,dataset/Vinmec/Vinmec_2d/annotations/602_binary.PNG,
MMVinmec_2D-1468,dataset/Vinmec/Vinmec_2d/images/1468.JPG,dataset/Vinmec/Vinmec_2d/annotations/1468_binary.PNG,
MMVinmec_2D-1434,dataset/Vinmec/Vinmec_2d/images/1434.JPG,dataset/Vinmec/Vinmec_2d/annotations/1434_binary.PNG,
MMVinmec_2D-1313,dataset/Vinmec/Vinmec_2d/images/1313.JPG,dataset/Vinmec/Vinmec_2d/annotations/1313_binary.PNG,
MMVinmec_2D-1390,dataset/Vinmec/Vinmec_2d/images/1390.JPG,dataset/Vinmec/Vinmec_2d/annotations/1390_binary.PNG,
MMVinmec_2D-1100,dataset/Vinmec/Vinmec_2d/images/1100.JPG,dataset/Vinmec/Vinmec_2d/annotations/1100_binary.PNG,
MMVinmec_2D-235,dataset/Vinmec/Vinmec_2d/images/235.JPG,dataset/Vinmec/Vinmec_2d/annotations/235_binary.PNG,
MMVinmec_2D-24,dataset/Vinmec/Vinmec_2d/images/24.JPG,dataset/Vinmec/Vinmec_2d/annotations/24_binary.PNG,
MMVinmec_2D-1134,dataset/Vinmec/Vinmec_2d/images/1134.JPG,dataset/Vinmec/Vinmec_2d/annotations/1134_binary.PNG,
MMVinmec_2D-515,dataset/Vinmec/Vinmec_2d/images/515.JPG,dataset/Vinmec/Vinmec_2d/annotations/515_binary.PNG,
MMVinmec_2D-1084,dataset/Vinmec/Vinmec_2d/images/1084.JPG,dataset/Vinmec/Vinmec_2d/annotations/1084_binary.PNG,
MMVinmec_2D-959,dataset/Vinmec/Vinmec_2d/images/959.JPG,dataset/Vinmec/Vinmec_2d/annotations/959_binary.PNG,
MMVinmec_2D-1221,dataset/Vinmec/Vinmec_2d/images/1221.JPG,dataset/Vinmec/Vinmec_2d/annotations/1221_binary.PNG,
MMVinmec_2D-782,dataset/Vinmec/Vinmec_2d/images/782.JPG,dataset/Vinmec/Vinmec_2d/annotations/782_binary.PNG,
MMVinmec_2D-789,dataset/Vinmec/Vinmec_2d/images/789.JPG,dataset/Vinmec/Vinmec_2d/annotations/789_binary.PNG,
MMVinmec_2D-131,dataset/Vinmec/Vinmec_2d/images/131.JPG,dataset/Vinmec/Vinmec_2d/annotations/131_binary.PNG,
MMVinmec_2D-1222,dataset/Vinmec/Vinmec_2d/images/1222.JPG,dataset/Vinmec/Vinmec_2d/annotations/1222_binary.PNG,
MMVinmec_2D-1457,dataset/Vinmec/Vinmec_2d/images/1457.JPG,dataset/Vinmec/Vinmec_2d/annotations/1457_binary.PNG,
MMVinmec_2D-328,dataset/Vinmec/Vinmec_2d/images/328.JPG,dataset/Vinmec/Vinmec_2d/annotations/328_binary.PNG,
MMVinmec_2D-1286,dataset/Vinmec/Vinmec_2d/images/1286.JPG,dataset/Vinmec/Vinmec_2d/annotations/1286_binary.PNG,
MMVinmec_2D-314,dataset/Vinmec/Vinmec_2d/images/314.JPG,dataset/Vinmec/Vinmec_2d/annotations/314_binary.PNG,
MMVinmec_2D-225,dataset/Vinmec/Vinmec_2d/images/225.JPG,dataset/Vinmec/Vinmec_2d/annotations/225_binary.PNG,
MMVinmec_2D-97,dataset/Vinmec/Vinmec_2d/images/97.JPG,dataset/Vinmec/Vinmec_2d/annotations/97_binary.PNG,
MMVinmec_2D-187,dataset/Vinmec/Vinmec_2d/images/187.JPG,dataset/Vinmec/Vinmec_2d/annotations/187_binary.PNG,
MMVinmec_2D-1011,dataset/Vinmec/Vinmec_2d/images/1011.JPG,dataset/Vinmec/Vinmec_2d/annotations/1011_binary.PNG,
MMVinmec_2D-1044,dataset/Vinmec/Vinmec_2d/images/1044.JPG,dataset/Vinmec/Vinmec_2d/annotations/1044_binary.PNG,
MMVinmec_2D-284,dataset/Vinmec/Vinmec_2d/images/284.JPG,dataset/Vinmec/Vinmec_2d/annotations/284_binary.PNG,
MMVinmec_2D-1376,dataset/Vinmec/Vinmec_2d/images/1376.JPG,dataset/Vinmec/Vinmec_2d/annotations/1376_binary.PNG,
MMVinmec_2D-742,dataset/Vinmec/Vinmec_2d/images/742.JPG,dataset/Vinmec/Vinmec_2d/annotations/742_binary.PNG,
MMVinmec_2D-818,dataset/Vinmec/Vinmec_2d/images/818.JPG,dataset/Vinmec/Vinmec_2d/annotations/818_binary.PNG,
MMVinmec_2D-1196,dataset/Vinmec/Vinmec_2d/images/1196.JPG,dataset/Vinmec/Vinmec_2d/annotations/1196_binary.PNG,
MMVinmec_2D-878,dataset/Vinmec/Vinmec_2d/images/878.JPG,dataset/Vinmec/Vinmec_2d/annotations/878_binary.PNG,
MMVinmec_2D-1198,dataset/Vinmec/Vinmec_2d/images/1198.JPG,dataset/Vinmec/Vinmec_2d/annotations/1198_binary.PNG,
MMVinmec_2D-539,dataset/Vinmec/Vinmec_2d/images/539.JPG,dataset/Vinmec/Vinmec_2d/annotations/539_binary.PNG,
MMVinmec_2D-1104,dataset/Vinmec/Vinmec_2d/images/1104.JPG,dataset/Vinmec/Vinmec_2d/annotations/1104_binary.PNG,
MMVinmec_2D-1448,dataset/Vinmec/Vinmec_2d/images/1448.JPG,dataset/Vinmec/Vinmec_2d/annotations/1448_binary.PNG,
MMVinmec_2D-506,dataset/Vinmec/Vinmec_2d/images/506.JPG,dataset/Vinmec/Vinmec_2d/annotations/506_binary.PNG,
MMVinmec_2D-1463,dataset/Vinmec/Vinmec_2d/images/1463.JPG,dataset/Vinmec/Vinmec_2d/annotations/1463_binary.PNG,
MMVinmec_2D-543,dataset/Vinmec/Vinmec_2d/images/543.JPG,dataset/Vinmec/Vinmec_2d/annotations/543_binary.PNG,
MMVinmec_2D-293,dataset/Vinmec/Vinmec_2d/images/293.JPG,dataset/Vinmec/Vinmec_2d/annotations/293_binary.PNG,
MMVinmec_2D-940,dataset/Vinmec/Vinmec_2d/images/940.JPG,dataset/Vinmec/Vinmec_2d/annotations/940_binary.PNG,
MMVinmec_2D-1317,dataset/Vinmec/Vinmec_2d/images/1317.JPG,dataset/Vinmec/Vinmec_2d/annotations/1317_binary.PNG,
MMVinmec_2D-811,dataset/Vinmec/Vinmec_2d/images/811.JPG,dataset/Vinmec/Vinmec_2d/annotations/811_binary.PNG,
MMVinmec_2D-1023,dataset/Vinmec/Vinmec_2d/images/1023.JPG,dataset/Vinmec/Vinmec_2d/annotations/1023_binary.PNG,
MMVinmec_2D-1343,dataset/Vinmec/Vinmec_2d/images/1343.JPG,dataset/Vinmec/Vinmec_2d/annotations/1343_binary.PNG,
MMVinmec_2D-436,dataset/Vinmec/Vinmec_2d/images/436.JPG,dataset/Vinmec/Vinmec_2d/annotations/436_binary.PNG,
MMVinmec_2D-645,dataset/Vinmec/Vinmec_2d/images/645.JPG,dataset/Vinmec/Vinmec_2d/annotations/645_binary.PNG,
MMVinmec_2D-1162,dataset/Vinmec/Vinmec_2d/images/1162.JPG,dataset/Vinmec/Vinmec_2d/annotations/1162_binary.PNG,
MMVinmec_2D-433,dataset/Vinmec/Vinmec_2d/images/433.JPG,dataset/Vinmec/Vinmec_2d/annotations/433_binary.PNG,
MMVinmec_2D-136,dataset/Vinmec/Vinmec_2d/images/136.JPG,dataset/Vinmec/Vinmec_2d/annotations/136_binary.PNG,
MMVinmec_2D-549,dataset/Vinmec/Vinmec_2d/images/549.JPG,dataset/Vinmec/Vinmec_2d/annotations/549_binary.PNG,
MMVinmec_2D-822,dataset/Vinmec/Vinmec_2d/images/822.JPG,dataset/Vinmec/Vinmec_2d/annotations/822_binary.PNG,
MMVinmec_2D-647,dataset/Vinmec/Vinmec_2d/images/647.JPG,dataset/Vinmec/Vinmec_2d/annotations/647_binary.PNG,
MMVinmec_2D-1456,dataset/Vinmec/Vinmec_2d/images/1456.JPG,dataset/Vinmec/Vinmec_2d/annotations/1456_binary.PNG,
MMVinmec_2D-470,dataset/Vinmec/Vinmec_2d/images/470.JPG,dataset/Vinmec/Vinmec_2d/annotations/470_binary.PNG,
MMVinmec_2D-115,dataset/Vinmec/Vinmec_2d/images/115.JPG,dataset/Vinmec/Vinmec_2d/annotations/115_binary.PNG,
MMVinmec_2D-665,dataset/Vinmec/Vinmec_2d/images/665.JPG,dataset/Vinmec/Vinmec_2d/annotations/665_binary.PNG,
MMVinmec_2D-450,dataset/Vinmec/Vinmec_2d/images/450.JPG,dataset/Vinmec/Vinmec_2d/annotations/450_binary.PNG,
MMVinmec_2D-1141,dataset/Vinmec/Vinmec_2d/images/1141.JPG,dataset/Vinmec/Vinmec_2d/annotations/1141_binary.PNG,
MMVinmec_2D-1311,dataset/Vinmec/Vinmec_2d/images/1311.JPG,dataset/Vinmec/Vinmec_2d/annotations/1311_binary.PNG,
MMVinmec_2D-553,dataset/Vinmec/Vinmec_2d/images/553.JPG,dataset/Vinmec/Vinmec_2d/annotations/553_binary.PNG,
MMVinmec_2D-778,dataset/Vinmec/Vinmec_2d/images/778.JPG,dataset/Vinmec/Vinmec_2d/annotations/778_binary.PNG,
MMVinmec_2D-947,dataset/Vinmec/Vinmec_2d/images/947.JPG,dataset/Vinmec/Vinmec_2d/annotations/947_binary.PNG,
MMVinmec_2D-335,dataset/Vinmec/Vinmec_2d/images/335.JPG,dataset/Vinmec/Vinmec_2d/annotations/335_binary.PNG,
MMVinmec_2D-1465,dataset/Vinmec/Vinmec_2d/images/1465.JPG,dataset/Vinmec/Vinmec_2d/annotations/1465_binary.PNG,
MMVinmec_2D-1094,dataset/Vinmec/Vinmec_2d/images/1094.JPG,dataset/Vinmec/Vinmec_2d/annotations/1094_binary.PNG,
MMVinmec_2D-351,dataset/Vinmec/Vinmec_2d/images/351.JPG,dataset/Vinmec/Vinmec_2d/annotations/351_binary.PNG,
MMVinmec_2D-1301,dataset/Vinmec/Vinmec_2d/images/1301.JPG,dataset/Vinmec/Vinmec_2d/annotations/1301_binary.PNG,
MMVinmec_2D-1248,dataset/Vinmec/Vinmec_2d/images/1248.JPG,dataset/Vinmec/Vinmec_2d/annotations/1248_binary.PNG,
MMVinmec_2D-147,dataset/Vinmec/Vinmec_2d/images/147.JPG,dataset/Vinmec/Vinmec_2d/annotations/147_binary.PNG,
MMVinmec_2D-1328,dataset/Vinmec/Vinmec_2d/images/1328.JPG,dataset/Vinmec/Vinmec_2d/annotations/1328_binary.PNG,
MMVinmec_2D-547,dataset/Vinmec/Vinmec_2d/images/547.JPG,dataset/Vinmec/Vinmec_2d/annotations/547_binary.PNG,
MMVinmec_2D-1373,dataset/Vinmec/Vinmec_2d/images/1373.JPG,dataset/Vinmec/Vinmec_2d/annotations/1373_binary.PNG,
MMVinmec_2D-430,dataset/Vinmec/Vinmec_2d/images/430.JPG,dataset/Vinmec/Vinmec_2d/annotations/430_binary.PNG,
MMVinmec_2D-728,dataset/Vinmec/Vinmec_2d/images/728.JPG,dataset/Vinmec/Vinmec_2d/annotations/728_binary.PNG,
MMVinmec_2D-759,dataset/Vinmec/Vinmec_2d/images/759.JPG,dataset/Vinmec/Vinmec_2d/annotations/759_binary.PNG,
MMVinmec_2D-334,dataset/Vinmec/Vinmec_2d/images/334.JPG,dataset/Vinmec/Vinmec_2d/annotations/334_binary.PNG,
MMVinmec_2D-748,dataset/Vinmec/Vinmec_2d/images/748.JPG,dataset/Vinmec/Vinmec_2d/annotations/748_binary.PNG,
MMVinmec_2D-1302,dataset/Vinmec/Vinmec_2d/images/1302.JPG,dataset/Vinmec/Vinmec_2d/annotations/1302_binary.PNG,
MMVinmec_2D-929,dataset/Vinmec/Vinmec_2d/images/929.JPG,dataset/Vinmec/Vinmec_2d/annotations/929_binary.PNG,
MMVinmec_2D-1433,dataset/Vinmec/Vinmec_2d/images/1433.JPG,dataset/Vinmec/Vinmec_2d/annotations/1433_binary.PNG,
MMVinmec_2D-1427,dataset/Vinmec/Vinmec_2d/images/1427.JPG,dataset/Vinmec/Vinmec_2d/annotations/1427_binary.PNG,
MMVinmec_2D-207,dataset/Vinmec/Vinmec_2d/images/207.JPG,dataset/Vinmec/Vinmec_2d/annotations/207_binary.PNG,
MMVinmec_2D-1452,dataset/Vinmec/Vinmec_2d/images/1452.JPG,dataset/Vinmec/Vinmec_2d/annotations/1452_binary.PNG,
MMVinmec_2D-164,dataset/Vinmec/Vinmec_2d/images/164.JPG,dataset/Vinmec/Vinmec_2d/annotations/164_binary.PNG,
MMVinmec_2D-593,dataset/Vinmec/Vinmec_2d/images/593.JPG,dataset/Vinmec/Vinmec_2d/annotations/593_binary.PNG,
MMVinmec_2D-467,dataset/Vinmec/Vinmec_2d/images/467.JPG,dataset/Vinmec/Vinmec_2d/annotations/467_binary.PNG,
MMVinmec_2D-1355,dataset/Vinmec/Vinmec_2d/images/1355.JPG,dataset/Vinmec/Vinmec_2d/annotations/1355_binary.PNG,
MMVinmec_2D-94,dataset/Vinmec/Vinmec_2d/images/94.JPG,dataset/Vinmec/Vinmec_2d/annotations/94_binary.PNG,
MMVinmec_2D-143,dataset/Vinmec/Vinmec_2d/images/143.JPG,dataset/Vinmec/Vinmec_2d/annotations/143_binary.PNG,
MMVinmec_2D-394,dataset/Vinmec/Vinmec_2d/images/394.JPG,dataset/Vinmec/Vinmec_2d/annotations/394_binary.PNG,
MMVinmec_2D-1183,dataset/Vinmec/Vinmec_2d/images/1183.JPG,dataset/Vinmec/Vinmec_2d/annotations/1183_binary.PNG,
MMVinmec_2D-741,dataset/Vinmec/Vinmec_2d/images/741.JPG,dataset/Vinmec/Vinmec_2d/annotations/741_binary.PNG,
MMVinmec_2D-1267,dataset/Vinmec/Vinmec_2d/images/1267.JPG,dataset/Vinmec/Vinmec_2d/annotations/1267_binary.PNG,
MMVinmec_2D-1288,dataset/Vinmec/Vinmec_2d/images/1288.JPG,dataset/Vinmec/Vinmec_2d/annotations/1288_binary.PNG,
MMVinmec_2D-601,dataset/Vinmec/Vinmec_2d/images/601.JPG,dataset/Vinmec/Vinmec_2d/annotations/601_binary.PNG,
MMVinmec_2D-1131,dataset/Vinmec/Vinmec_2d/images/1131.JPG,dataset/Vinmec/Vinmec_2d/annotations/1131_binary.PNG,
MMVinmec_2D-162,dataset/Vinmec/Vinmec_2d/images/162.JPG,dataset/Vinmec/Vinmec_2d/annotations/162_binary.PNG,
MMVinmec_2D-776,dataset/Vinmec/Vinmec_2d/images/776.JPG,dataset/Vinmec/Vinmec_2d/annotations/776_binary.PNG,
MMVinmec_2D-256,dataset/Vinmec/Vinmec_2d/images/256.JPG,dataset/Vinmec/Vinmec_2d/annotations/256_binary.PNG,
MMVinmec_2D-1099,dataset/Vinmec/Vinmec_2d/images/1099.JPG,dataset/Vinmec/Vinmec_2d/annotations/1099_binary.PNG,
MMVinmec_2D-941,dataset/Vinmec/Vinmec_2d/images/941.JPG,dataset/Vinmec/Vinmec_2d/annotations/941_binary.PNG,
MMVinmec_2D-89,dataset/Vinmec/Vinmec_2d/images/89.JPG,dataset/Vinmec/Vinmec_2d/annotations/89_binary.PNG,
MMVinmec_2D-542,dataset/Vinmec/Vinmec_2d/images/542.JPG,dataset/Vinmec/Vinmec_2d/annotations/542_binary.PNG,
MMVinmec_2D-1237,dataset/Vinmec/Vinmec_2d/images/1237.JPG,dataset/Vinmec/Vinmec_2d/annotations/1237_binary.PNG,
MMVinmec_2D-705,dataset/Vinmec/Vinmec_2d/images/705.JPG,dataset/Vinmec/Vinmec_2d/annotations/705_binary.PNG,
MMVinmec_2D-736,dataset/Vinmec/Vinmec_2d/images/736.JPG,dataset/Vinmec/Vinmec_2d/annotations/736_binary.PNG,
MMVinmec_2D-199,dataset/Vinmec/Vinmec_2d/images/199.JPG,dataset/Vinmec/Vinmec_2d/annotations/199_binary.PNG,
MMVinmec_2D-779,dataset/Vinmec/Vinmec_2d/images/779.JPG,dataset/Vinmec/Vinmec_2d/annotations/779_binary.PNG,
MMVinmec_2D-190,dataset/Vinmec/Vinmec_2d/images/190.JPG,dataset/Vinmec/Vinmec_2d/annotations/190_binary.PNG,
MMVinmec_2D-1462,dataset/Vinmec/Vinmec_2d/images/1462.JPG,dataset/Vinmec/Vinmec_2d/annotations/1462_binary.PNG,
MMVinmec_2D-690,dataset/Vinmec/Vinmec_2d/images/690.JPG,dataset/Vinmec/Vinmec_2d/annotations/690_binary.PNG,
MMVinmec_2D-441,dataset/Vinmec/Vinmec_2d/images/441.JPG,dataset/Vinmec/Vinmec_2d/annotations/441_binary.PNG,
MMVinmec_2D-319,dataset/Vinmec/Vinmec_2d/images/319.JPG,dataset/Vinmec/Vinmec_2d/annotations/319_binary.PNG,
MMVinmec_2D-1439,dataset/Vinmec/Vinmec_2d/images/1439.JPG,dataset/Vinmec/Vinmec_2d/annotations/1439_binary.PNG,
MMVinmec_2D-697,dataset/Vinmec/Vinmec_2d/images/697.JPG,dataset/Vinmec/Vinmec_2d/annotations/697_binary.PNG,
MMVinmec_2D-866,dataset/Vinmec/Vinmec_2d/images/866.JPG,dataset/Vinmec/Vinmec_2d/annotations/866_binary.PNG,
MMVinmec_2D-1430,dataset/Vinmec/Vinmec_2d/images/1430.JPG,dataset/Vinmec/Vinmec_2d/annotations/1430_binary.PNG,
MMVinmec_2D-327,dataset/Vinmec/Vinmec_2d/images/327.JPG,dataset/Vinmec/Vinmec_2d/annotations/327_binary.PNG,
MMVinmec_2D-14,dataset/Vinmec/Vinmec_2d/images/14.JPG,dataset/Vinmec/Vinmec_2d/annotations/14_binary.PNG,
MMVinmec_2D-570,dataset/Vinmec/Vinmec_2d/images/570.JPG,dataset/Vinmec/Vinmec_2d/annotations/570_binary.PNG,
MMVinmec_2D-1207,dataset/Vinmec/Vinmec_2d/images/1207.JPG,dataset/Vinmec/Vinmec_2d/annotations/1207_binary.PNG,
MMVinmec_2D-920,dataset/Vinmec/Vinmec_2d/images/920.JPG,dataset/Vinmec/Vinmec_2d/annotations/920_binary.PNG,
MMVinmec_2D-452,dataset/Vinmec/Vinmec_2d/images/452.JPG,dataset/Vinmec/Vinmec_2d/annotations/452_binary.PNG,
MMVinmec_2D-860,dataset/Vinmec/Vinmec_2d/images/860.JPG,dataset/Vinmec/Vinmec_2d/annotations/860_binary.PNG,
MMVinmec_2D-1460,dataset/Vinmec/Vinmec_2d/images/1460.JPG,dataset/Vinmec/Vinmec_2d/annotations/1460_binary.PNG,
MMVinmec_2D-1437,dataset/Vinmec/Vinmec_2d/images/1437.JPG,dataset/Vinmec/Vinmec_2d/annotations/1437_binary.PNG,
MMVinmec_2D-1331,dataset/Vinmec/Vinmec_2d/images/1331.JPG,dataset/Vinmec/Vinmec_2d/annotations/1331_binary.PNG,
MMVinmec_2D-408,dataset/Vinmec/Vinmec_2d/images/408.JPG,dataset/Vinmec/Vinmec_2d/annotations/408_binary.PNG,
MMVinmec_2D-1150,dataset/Vinmec/Vinmec_2d/images/1150.JPG,dataset/Vinmec/Vinmec_2d/annotations/1150_binary.PNG,
MMVinmec_2D-55,dataset/Vinmec/Vinmec_2d/images/55.JPG,dataset/Vinmec/Vinmec_2d/annotations/55_binary.PNG,
MMVinmec_2D-1233,dataset/Vinmec/Vinmec_2d/images/1233.JPG,dataset/Vinmec/Vinmec_2d/annotations/1233_binary.PNG,
MMVinmec_2D-1035,dataset/Vinmec/Vinmec_2d/images/1035.JPG,dataset/Vinmec/Vinmec_2d/annotations/1035_binary.PNG,
MMVinmec_2D-477,dataset/Vinmec/Vinmec_2d/images/477.JPG,dataset/Vinmec/Vinmec_2d/annotations/477_binary.PNG,
MMVinmec_2D-448,dataset/Vinmec/Vinmec_2d/images/448.JPG,dataset/Vinmec/Vinmec_2d/annotations/448_binary.PNG,
MMVinmec_2D-192,dataset/Vinmec/Vinmec_2d/images/192.JPG,dataset/Vinmec/Vinmec_2d/annotations/192_binary.PNG,
MMVinmec_2D-62,dataset/Vinmec/Vinmec_2d/images/62.JPG,dataset/Vinmec/Vinmec_2d/annotations/62_binary.PNG,
MMVinmec_2D-66,dataset/Vinmec/Vinmec_2d/images/66.JPG,dataset/Vinmec/Vinmec_2d/annotations/66_binary.PNG,
MMVinmec_2D-865,dataset/Vinmec/Vinmec_2d/images/865.JPG,dataset/Vinmec/Vinmec_2d/annotations/865_binary.PNG,
MMVinmec_2D-1210,dataset/Vinmec/Vinmec_2d/images/1210.JPG,dataset/Vinmec/Vinmec_2d/annotations/1210_binary.PNG,
MMVinmec_2D-179,dataset/Vinmec/Vinmec_2d/images/179.JPG,dataset/Vinmec/Vinmec_2d/annotations/179_binary.PNG,
MMVinmec_2D-1117,dataset/Vinmec/Vinmec_2d/images/1117.JPG,dataset/Vinmec/Vinmec_2d/annotations/1117_binary.PNG,
MMVinmec_2D-1386,dataset/Vinmec/Vinmec_2d/images/1386.JPG,dataset/Vinmec/Vinmec_2d/annotations/1386_binary.PNG,
MMVinmec_2D-210,dataset/Vinmec/Vinmec_2d/images/210.JPG,dataset/Vinmec/Vinmec_2d/annotations/210_binary.PNG,
MMVinmec_2D-286,dataset/Vinmec/Vinmec_2d/images/286.JPG,dataset/Vinmec/Vinmec_2d/annotations/286_binary.PNG,
MMVinmec_2D-458,dataset/Vinmec/Vinmec_2d/images/458.JPG,dataset/Vinmec/Vinmec_2d/annotations/458_binary.PNG,
MMVinmec_2D-502,dataset/Vinmec/Vinmec_2d/images/502.JPG,dataset/Vinmec/Vinmec_2d/annotations/502_binary.PNG,
MMVinmec_2D-564,dataset/Vinmec/Vinmec_2d/images/564.JPG,dataset/Vinmec/Vinmec_2d/annotations/564_binary.PNG,
MMVinmec_2D-52,dataset/Vinmec/Vinmec_2d/images/52.JPG,dataset/Vinmec/Vinmec_2d/annotations/52_binary.PNG,
MMVinmec_2D-229,dataset/Vinmec/Vinmec_2d/images/229.JPG,dataset/Vinmec/Vinmec_2d/annotations/229_binary.PNG,
MMVinmec_2D-1310,dataset/Vinmec/Vinmec_2d/images/1310.JPG,dataset/Vinmec/Vinmec_2d/annotations/1310_binary.PNG,
