subset,image_id,image_size,mask_size,pair_status,image_path,mask_path
OTU_2D_train,1,959x537,959x537,MATCHED,c:\Users\PeaceD_Dung\Documents\Khóa luận\dataset\dataset\OTU_2D\train\train_image\1.JPG,c:\Users\PeaceD_Dung\Documents\Khóa luận\dataset\dataset\OTU_2D\train\train_label\label\1.PNG
OTU_2D_train,10,483x542,483x542,MATCHED,c:\Users\PeaceD_Dung\Documents\Khóa luận\dataset\dataset\OTU_2D\train\train_image\10.JPG,c:\Users\PeaceD_Dung\Documents\Khóa luận\dataset\dataset\OTU_2D\train\train_label\label\10.PNG
OTU_2D_train,100,958x531,958x531,MATCHED,c:\Users\PeaceD_Dung\Documents\Khóa luận\dataset\dataset\OTU_2D\train\train_image\100.JPG,c:\Users\PeaceD_Dung\Documents\Khóa luận\dataset\dataset\OTU_2D\train\train_label\label\100.PNG
OTU_2D_train,1000,959x532,959x532,MATCHED,c:\Users\PeaceD_Dung\Documents\Khóa luận\dataset\dataset\OTU_2D\train\train_image\1000.JPG,c:\Users\PeaceD_Dung\Documents\Khóa luận\dataset\dataset\OTU_2D\train\train_label\label\1000.PNG
OTU_2D_train,1001,480x530,480x530,MATCHED,c:\Users\PeaceD_Dung\Documents\Khóa luận\dataset\dataset\OTU_2D\train\train_image\1001.JPG,c:\Users\PeaceD_Dung\Documents\Khóa luận\dataset\dataset\OTU_2D\train\train_label\label\1001.PNG
OTU_2D_train,1006,961x528,961x528,MATCHED,c:\Users\PeaceD_Dung\Documents\Khóa luận\dataset\dataset\OTU_2D\train\train_image\1006.JPG,c:\Users\PeaceD_Dung\Documents\Khóa luận\dataset\dataset\OTU_2D\train\train_label\label\1006.PNG
OTU_2D_train,1007,956x532,956x532,MATCHED,c:\Users\PeaceD_Dung\Documents\Khóa luận\dataset\dataset\OTU_2D\train\train_image\1007.JPG,c:\Users\PeaceD_Dung\Documents\Khóa luận\dataset\dataset\OTU_2D\train\train_label\label\1007.PNG
OTU_2D_train,1008,954x530,954x530,MATCHED,c:\Users\PeaceD_Dung\Documents\Khóa luận\dataset\dataset\OTU_2D\train\train_image\1008.JPG,c:\Users\PeaceD_Dung\Documents\Khóa luận\dataset\dataset\OTU_2D\train\train_label\label\1008.PNG
OTU_2D_train,101,958x534,958x534,MATCHED,c:\Users\PeaceD_Dung\Documents\Khóa luận\dataset\dataset\OTU_2D\train\train_image\101.JPG,c:\Users\PeaceD_Dung\Documents\Khóa luận\dataset\dataset\OTU_2D\train\train_label\label\101.PNG
OTU_2D_train,1010,481x527,481x527,MATCHED,c:\Users\PeaceD_Dung\Documents\Khóa luận\dataset\dataset\OTU_2D\train\train_image\1010.JPG,c:\Users\PeaceD_Dung\Documents\Khóa luận\dataset\dataset\OTU_2D\train\train_label\label\1010.PNG
OTU_2D_train,1011,480x526,480x526,MATCHED,c:\Users\PeaceD_Dung\Documents\Khóa luận\dataset\dataset\OTU_2D\train\train_image\1011.JPG,c:\Users\PeaceD_Dung\Documents\Khóa luận\dataset\dataset\OTU_2D\train\train_label\label\1011.PNG
OTU_2D_train,1016,566x586,566x586,MATCHED,c:\Users\PeaceD_Dung\Documents\Khóa luận\dataset\dataset\OTU_2D\train\train_image\1016.JPG,c:\Users\PeaceD_Dung\Documents\Khóa luận\dataset\dataset\OTU_2D\train\train_label\label\1016.PNG
OTU_2D_train,1019,568x583,568x583,MATCHED,c:\Users\PeaceD_Dung\Documents\Khóa luận\dataset\dataset\OTU_2D\train\train_image\1019.JPG,c:\Users\PeaceD_Dung\Documents\Khóa luận\dataset\dataset\OTU_2D\train\train_label\label\1019.PNG
OTU_2D_train,1020,565x595,565x595,MATCHED,c:\Users\PeaceD_Dung\Documents\Khóa luận\dataset\dataset\OTU_2D\train\train_image\1020.JPG,c:\Users\PeaceD_Dung\Documents\Khóa luận\dataset\dataset\OTU_2D\train\train_label\label\1020.PNG
OTU_2D_train,1021,567x580,567x580,MATCHED,c:\Users\PeaceD_Dung\Documents\Khóa luận\dataset\dataset\OTU_2D\train\train_image\1021.JPG,c:\Users\PeaceD_Dung\Documents\Khóa luận\dataset\dataset\OTU_2D\train\train_label\label\1021.PNG
OTU_2D_train,1022,1132x590,1132x590,MATCHED,c:\Users\PeaceD_Dung\Documents\Khóa luận\dataset\dataset\OTU_2D\train\train_image\1022.JPG,c:\Users\PeaceD_Dung\Documents\Khóa luận\dataset\dataset\OTU_2D\train\train_label\label\1022.PNG
OTU_2D_train,1026,481x523,481x523,MATCHED,c:\Users\PeaceD_Dung\Documents\Khóa luận\dataset\dataset\OTU_2D\train\train_image\1026.JPG,c:\Users\PeaceD_Dung\Documents\Khóa luận\dataset\dataset\OTU_2D\train\train_label\label\1026.PNG
OTU_2D_train,1027,478x526,478x526,MATCHED,c:\Users\PeaceD_Dung\Documents\Khóa luận\dataset\dataset\OTU_2D\train\train_image\1027.JPG,c:\Users\PeaceD_Dung\Documents\Khóa luận\dataset\dataset\OTU_2D\train\train_label\label\1027.PNG
OTU_2D_train,1028,957x521,957x521,MATCHED,c:\Users\PeaceD_Dung\Documents\Khóa luận\dataset\dataset\OTU_2D\train\train_image\1028.JPG,c:\Users\PeaceD_Dung\Documents\Khóa luận\dataset\dataset\OTU_2D\train\train_label\label\1028.PNG
OTU_2D_train,1029,955x518,955x518,MATCHED,c:\Users\PeaceD_Dung\Documents\Khóa luận\dataset\dataset\OTU_2D\train\train_image\1029.JPG,c:\Users\PeaceD_Dung\Documents\Khóa luận\dataset\dataset\OTU_2D\train\train_label\label\1029.PNG
OTU_2D_train,103,956x534,956x534,MATCHED,c:\Users\PeaceD_Dung\Documents\Khóa luận\dataset\dataset\OTU_2D\train\train_image\103.JPG,c:\Users\PeaceD_Dung\Documents\Khóa luận\dataset\dataset\OTU_2D\train\train_label\label\103.PNG
OTU_2D_train,1036,959x563,959x563,MATCHED,c:\Users\PeaceD_Dung\Documents\Khóa luận\dataset\dataset\OTU_2D\train\train_image\1036.JPG,c:\Users\PeaceD_Dung\Documents\Khóa luận\dataset\dataset\OTU_2D\train\train_label\label\1036.PNG
OTU_2D_train,1037,953x539,953x539,MATCHED,c:\Users\PeaceD_Dung\Documents\Khóa luận\dataset\dataset\OTU_2D\train\train_image\1037.JPG,c:\Users\PeaceD_Dung\Documents\Khóa luận\dataset\dataset\OTU_2D\train\train_label\label\1037.PNG
OTU_2D_train,104,811x605,811x605,MATCHED,c:\Users\PeaceD_Dung\Documents\Khóa luận\dataset\dataset\OTU_2D\train\train_image\104.JPG,c:\Users\PeaceD_Dung\Documents\Khóa luận\dataset\dataset\OTU_2D\train\train_label\label\104.PNG
OTU_2D_train,1041,1134x583,1134x583,MATCHED,c:\Users\PeaceD_Dung\Documents\Khóa luận\dataset\dataset\OTU_2D\train\train_image\1041.JPG,c:\Users\PeaceD_Dung\Documents\Khóa luận\dataset\dataset\OTU_2D\train\train_label\label\1041.PNG
OTU_2D_train,1043,959x510,959x510,MATCHED,c:\Users\PeaceD_Dung\Documents\Khóa luận\dataset\dataset\OTU_2D\train\train_image\1043.JPG,c:\Users\PeaceD_Dung\Documents\Khóa luận\dataset\dataset\OTU_2D\train\train_label\label\1043.PNG
OTU_2D_train,1044,959x528,959x528,MATCHED,c:\Users\PeaceD_Dung\Documents\Khóa luận\dataset\dataset\OTU_2D\train\train_image\1044.JPG,c:\Users\PeaceD_Dung\Documents\Khóa luận\dataset\dataset\OTU_2D\train\train_label\label\1044.PNG
OTU_2D_train,1045,959x533,959x533,MATCHED,c:\Users\PeaceD_Dung\Documents\Khóa luận\dataset\dataset\OTU_2D\train\train_image\1045.JPG,c:\Users\PeaceD_Dung\Documents\Khóa luận\dataset\dataset\OTU_2D\train\train_label\label\1045.PNG
OTU_2D_train,1047,955x537,955x537,MATCHED,c:\Users\PeaceD_Dung\Documents\Khóa luận\dataset\dataset\OTU_2D\train\train_image\1047.JPG,c:\Users\PeaceD_Dung\Documents\Khóa luận\dataset\dataset\OTU_2D\train\train_label\label\1047.PNG
OTU_2D_train,1048,957x527,957x527,MATCHED,c:\Users\PeaceD_Dung\Documents\Khóa luận\dataset\dataset\OTU_2D\train\train_image\1048.JPG,c:\Users\PeaceD_Dung\Documents\Khóa luận\dataset\dataset\OTU_2D\train\train_label\label\1048.PNG
OTU_2D_train,105,823x597,823x597,MATCHED,c:\Users\PeaceD_Dung\Documents\Khóa luận\dataset\dataset\OTU_2D\train\train_image\105.JPG,c:\Users\PeaceD_Dung\Documents\Khóa luận\dataset\dataset\OTU_2D\train\train_label\label\105.PNG
OTU_2D_train,1050,958x530,958x530,MATCHED,c:\Users\PeaceD_Dung\Documents\Khóa luận\dataset\dataset\OTU_2D\train\train_image\1050.JPG,c:\Users\PeaceD_Dung\Documents\Khóa luận\dataset\dataset\OTU_2D\train\train_label\label\1050.PNG
OTU_2D_train,1051,959x531,959x531,MATCHED,c:\Users\PeaceD_Dung\Documents\Khóa luận\dataset\dataset\OTU_2D\train\train_image\1051.JPG,c:\Users\PeaceD_Dung\Documents\Khóa luận\dataset\dataset\OTU_2D\train\train_label\label\1051.PNG
OTU_2D_train,1052,479x527,479x527,MATCHED,c:\Users\PeaceD_Dung\Documents\Khóa luận\dataset\dataset\OTU_2D\train\train_image\1052.JPG,c:\Users\PeaceD_Dung\Documents\Khóa luận\dataset\dataset\OTU_2D\train\train_label\label\1052.PNG
OTU_2D_train,1053,478x534,478x534,MATCHED,c:\Users\PeaceD_Dung\Documents\Khóa luận\dataset\dataset\OTU_2D\train\train_image\1053.JPG,c:\Users\PeaceD_Dung\Documents\Khóa luận\dataset\dataset\OTU_2D\train\train_label\label\1053.PNG
OTU_2D_train,1056,567x587,567x587,MATCHED,c:\Users\PeaceD_Dung\Documents\Khóa luận\dataset\dataset\OTU_2D\train\train_image\1056.JPG,c:\Users\PeaceD_Dung\Documents\Khóa luận\dataset\dataset\OTU_2D\train\train_label\label\1056.PNG
OTU_2D_train,1057,569x586,569x586,MATCHED,c:\Users\PeaceD_Dung\Documents\Khóa luận\dataset\dataset\OTU_2D\train\train_image\1057.JPG,c:\Users\PeaceD_Dung\Documents\Khóa luận\dataset\dataset\OTU_2D\train\train_label\label\1057.PNG
OTU_2D_train,1058,566x582,566x582,MATCHED,c:\Users\PeaceD_Dung\Documents\Khóa luận\dataset\dataset\OTU_2D\train\train_image\1058.JPG,c:\Users\PeaceD_Dung\Documents\Khóa luận\dataset\dataset\OTU_2D\train\train_label\label\1058.PNG
OTU_2D_train,1059,568x584,568x584,MATCHED,c:\Users\PeaceD_Dung\Documents\Khóa luận\dataset\dataset\OTU_2D\train\train_image\1059.JPG,c:\Users\PeaceD_Dung\Documents\Khóa luận\dataset\dataset\OTU_2D\train\train_label\label\1059.PNG
OTU_2D_train,1060,963x520,963x520,MATCHED,c:\Users\PeaceD_Dung\Documents\Khóa luận\dataset\dataset\OTU_2D\train\train_image\1060.JPG,c:\Users\PeaceD_Dung\Documents\Khóa luận\dataset\dataset\OTU_2D\train\train_label\label\1060.PNG
OTU_2D_train,1063,957x545,957x545,MATCHED,c:\Users\PeaceD_Dung\Documents\Khóa luận\dataset\dataset\OTU_2D\train\train_image\1063.JPG,c:\Users\PeaceD_Dung\Documents\Khóa luận\dataset\dataset\OTU_2D\train\train_label\label\1063.PNG
OTU_2D_train,1064,956x526,956x526,MATCHED,c:\Users\PeaceD_Dung\Documents\Khóa luận\dataset\dataset\OTU_2D\train\train_image\1064.JPG,c:\Users\PeaceD_Dung\Documents\Khóa luận\dataset\dataset\OTU_2D\train\train_label\label\1064.PNG
OTU_2D_train,1070,956x531,956x531,MATCHED,c:\Users\PeaceD_Dung\Documents\Khóa luận\dataset\dataset\OTU_2D\train\train_image\1070.JPG,c:\Users\PeaceD_Dung\Documents\Khóa luận\dataset\dataset\OTU_2D\train\train_label\label\1070.PNG
OTU_2D_train,1072,959x527,959x527,MATCHED,c:\Users\PeaceD_Dung\Documents\Khóa luận\dataset\dataset\OTU_2D\train\train_image\1072.JPG,c:\Users\PeaceD_Dung\Documents\Khóa luận\dataset\dataset\OTU_2D\train\train_label\label\1072.PNG
OTU_2D_train,1077,479x526,479x526,MATCHED,c:\Users\PeaceD_Dung\Documents\Khóa luận\dataset\dataset\OTU_2D\train\train_image\1077.JPG,c:\Users\PeaceD_Dung\Documents\Khóa luận\dataset\dataset\OTU_2D\train\train_label\label\1077.PNG
OTU_2D_train,108,957x535,957x535,MATCHED,c:\Users\PeaceD_Dung\Documents\Khóa luận\dataset\dataset\OTU_2D\train\train_image\108.JPG,c:\Users\PeaceD_Dung\Documents\Khóa luận\dataset\dataset\OTU_2D\train\train_label\label\108.PNG
OTU_2D_train,1080,955x527,955x527,MATCHED,c:\Users\PeaceD_Dung\Documents\Khóa luận\dataset\dataset\OTU_2D\train\train_image\1080.JPG,c:\Users\PeaceD_Dung\Documents\Khóa luận\dataset\dataset\OTU_2D\train\train_label\label\1080.PNG
OTU_2D_train,1084,481x520,481x520,MATCHED,c:\Users\PeaceD_Dung\Documents\Khóa luận\dataset\dataset\OTU_2D\train\train_image\1084.JPG,c:\Users\PeaceD_Dung\Documents\Khóa luận\dataset\dataset\OTU_2D\train\train_label\label\1084.PNG
OTU_2D_train,1087,1128x547,1128x547,MATCHED,c:\Users\PeaceD_Dung\Documents\Khóa luận\dataset\dataset\OTU_2D\train\train_image\1087.JPG,c:\Users\PeaceD_Dung\Documents\Khóa luận\dataset\dataset\OTU_2D\train\train_label\label\1087.PNG
OTU_2D_train,109,957x531,957x531,MATCHED,c:\Users\PeaceD_Dung\Documents\Khóa luận\dataset\dataset\OTU_2D\train\train_image\109.JPG,c:\Users\PeaceD_Dung\Documents\Khóa luận\dataset\dataset\OTU_2D\train\train_label\label\109.PNG
OTU_2D_train,1090,478x529,478x529,MATCHED,c:\Users\PeaceD_Dung\Documents\Khóa luận\dataset\dataset\OTU_2D\train\train_image\1090.JPG,c:\Users\PeaceD_Dung\Documents\Khóa luận\dataset\dataset\OTU_2D\train\train_label\label\1090.PNG
OTU_2D_train,1093,957x525,957x525,MATCHED,c:\Users\PeaceD_Dung\Documents\Khóa luận\dataset\dataset\OTU_2D\train\train_image\1093.JPG,c:\Users\PeaceD_Dung\Documents\Khóa luận\dataset\dataset\OTU_2D\train\train_label\label\1093.PNG
OTU_2D_train,1097,959x530,959x530,MATCHED,c:\Users\PeaceD_Dung\Documents\Khóa luận\dataset\dataset\OTU_2D\train\train_image\1097.JPG,c:\Users\PeaceD_Dung\Documents\Khóa luận\dataset\dataset\OTU_2D\train\train_label\label\1097.PNG
OTU_2D_train,1098,957x522,957x522,MATCHED,c:\Users\PeaceD_Dung\Documents\Khóa luận\dataset\dataset\OTU_2D\train\train_image\1098.JPG,c:\Users\PeaceD_Dung\Documents\Khóa luận\dataset\dataset\OTU_2D\train\train_label\label\1098.PNG
OTU_2D_train,1099,958x525,958x525,MATCHED,c:\Users\PeaceD_Dung\Documents\Khóa luận\dataset\dataset\OTU_2D\train\train_image\1099.JPG,c:\Users\PeaceD_Dung\Documents\Khóa luận\dataset\dataset\OTU_2D\train\train_label\label\1099.PNG
OTU_2D_train,11,480x530,480x530,MATCHED,c:\Users\PeaceD_Dung\Documents\Khóa luận\dataset\dataset\OTU_2D\train\train_image\11.JPG,c:\Users\PeaceD_Dung\Documents\Khóa luận\dataset\dataset\OTU_2D\train\train_label\label\11.PNG
OTU_2D_train,110,959x533,959x533,MATCHED,c:\Users\PeaceD_Dung\Documents\Khóa luận\dataset\dataset\OTU_2D\train\train_image\110.JPG,c:\Users\PeaceD_Dung\Documents\Khóa luận\dataset\dataset\OTU_2D\train\train_label\label\110.PNG
OTU_2D_train,1100,1131x590,1131x590,MATCHED,c:\Users\PeaceD_Dung\Documents\Khóa luận\dataset\dataset\OTU_2D\train\train_image\1100.JPG,c:\Users\PeaceD_Dung\Documents\Khóa luận\dataset\dataset\OTU_2D\train\train_label\label\1100.PNG
OTU_2D_train,1101,956x525,956x525,MATCHED,c:\Users\PeaceD_Dung\Documents\Khóa luận\dataset\dataset\OTU_2D\train\train_image\1101.JPG,c:\Users\PeaceD_Dung\Documents\Khóa luận\dataset\dataset\OTU_2D\train\train_label\label\1101.PNG
OTU_2D_train,1102,959x524,959x524,MATCHED,c:\Users\PeaceD_Dung\Documents\Khóa luận\dataset\dataset\OTU_2D\train\train_image\1102.JPG,c:\Users\PeaceD_Dung\Documents\Khóa luận\dataset\dataset\OTU_2D\train\train_label\label\1102.PNG
OTU_2D_train,1103,956x521,956x521,MATCHED,c:\Users\PeaceD_Dung\Documents\Khóa luận\dataset\dataset\OTU_2D\train\train_image\1103.JPG,c:\Users\PeaceD_Dung\Documents\Khóa luận\dataset\dataset\OTU_2D\train\train_label\label\1103.PNG
OTU_2D_train,1105,957x524,957x524,MATCHED,c:\Users\PeaceD_Dung\Documents\Khóa luận\dataset\dataset\OTU_2D\train\train_image\1105.JPG,c:\Users\PeaceD_Dung\Documents\Khóa luận\dataset\dataset\OTU_2D\train\train_label\label\1105.PNG
OTU_2D_train,1106,1133x584,1133x584,MATCHED,c:\Users\PeaceD_Dung\Documents\Khóa luận\dataset\dataset\OTU_2D\train\train_image\1106.JPG,c:\Users\PeaceD_Dung\Documents\Khóa luận\dataset\dataset\OTU_2D\train\train_label\label\1106.PNG
OTU_2D_train,1107,956x524,956x524,MATCHED,c:\Users\PeaceD_Dung\Documents\Khóa luận\dataset\dataset\OTU_2D\train\train_image\1107.JPG,c:\Users\PeaceD_Dung\Documents\Khóa luận\dataset\dataset\OTU_2D\train\train_label\label\1107.PNG
OTU_2D_train,1109,959x536,959x536,MATCHED,c:\Users\PeaceD_Dung\Documents\Khóa luận\dataset\dataset\OTU_2D\train\train_image\1109.JPG,c:\Users\PeaceD_Dung\Documents\Khóa luận\dataset\dataset\OTU_2D\train\train_label\label\1109.PNG
OTU_2D_train,1112,958x530,958x530,MATCHED,c:\Users\PeaceD_Dung\Documents\Khóa luận\dataset\dataset\OTU_2D\train\train_image\1112.JPG,c:\Users\PeaceD_Dung\Documents\Khóa luận\dataset\dataset\OTU_2D\train\train_label\label\1112.PNG
OTU_2D_train,1116,959x535,959x535,MATCHED,c:\Users\PeaceD_Dung\Documents\Khóa luận\dataset\dataset\OTU_2D\train\train_image\1116.JPG,c:\Users\PeaceD_Dung\Documents\Khóa luận\dataset\dataset\OTU_2D\train\train_label\label\1116.PNG
OTU_2D_train,1117,959x658,959x658,MATCHED,c:\Users\PeaceD_Dung\Documents\Khóa luận\dataset\dataset\OTU_2D\train\train_image\1117.JPG,c:\Users\PeaceD_Dung\Documents\Khóa luận\dataset\dataset\OTU_2D\train\train_label\label\1117.PNG
OTU_2D_train,1118,958x662,958x662,MATCHED,c:\Users\PeaceD_Dung\Documents\Khóa luận\dataset\dataset\OTU_2D\train\train_image\1118.JPG,c:\Users\PeaceD_Dung\Documents\Khóa luận\dataset\dataset\OTU_2D\train\train_label\label\1118.PNG
OTU_2D_train,1119,959x536,959x536,MATCHED,c:\Users\PeaceD_Dung\Documents\Khóa luận\dataset\dataset\OTU_2D\train\train_image\1119.JPG,c:\Users\PeaceD_Dung\Documents\Khóa luận\dataset\dataset\OTU_2D\train\train_label\label\1119.PNG
OTU_2D_train,1125,959x537,959x537,MATCHED,c:\Users\PeaceD_Dung\Documents\Khóa luận\dataset\dataset\OTU_2D\train\train_image\1125.JPG,c:\Users\PeaceD_Dung\Documents\Khóa luận\dataset\dataset\OTU_2D\train\train_label\label\1125.PNG
OTU_2D_train,1126,957x604,957x604,MATCHED,c:\Users\PeaceD_Dung\Documents\Khóa luận\dataset\dataset\OTU_2D\train\train_image\1126.JPG,c:\Users\PeaceD_Dung\Documents\Khóa luận\dataset\dataset\OTU_2D\train\train_label\label\1126.PNG
OTU_2D_train,1128,569x595,569x595,MATCHED,c:\Users\PeaceD_Dung\Documents\Khóa luận\dataset\dataset\OTU_2D\train\train_image\1128.JPG,c:\Users\PeaceD_Dung\Documents\Khóa luận\dataset\dataset\OTU_2D\train\train_label\label\1128.PNG
OTU_2D_train,1129,570x590,570x590,MATCHED,c:\Users\PeaceD_Dung\Documents\Khóa luận\dataset\dataset\OTU_2D\train\train_image\1129.JPG,c:\Users\PeaceD_Dung\Documents\Khóa luận\dataset\dataset\OTU_2D\train\train_label\label\1129.PNG
OTU_2D_train,1135,567x588,567x588,MATCHED,c:\Users\PeaceD_Dung\Documents\Khóa luận\dataset\dataset\OTU_2D\train\train_image\1135.JPG,c:\Users\PeaceD_Dung\Documents\Khóa luận\dataset\dataset\OTU_2D\train\train_label\label\1135.PNG
OTU_2D_train,1138,973x528,973x528,MATCHED,c:\Users\PeaceD_Dung\Documents\Khóa luận\dataset\dataset\OTU_2D\train\train_image\1138.JPG,c:\Users\PeaceD_Dung\Documents\Khóa luận\dataset\dataset\OTU_2D\train\train_label\label\1138.PNG
OTU_2D_train,1139,487x537,487x537,MATCHED,c:\Users\PeaceD_Dung\Documents\Khóa luận\dataset\dataset\OTU_2D\train\train_image\1139.JPG,c:\Users\PeaceD_Dung\Documents\Khóa luận\dataset\dataset\OTU_2D\train\train_label\label\1139.PNG
OTU_2D_train,1141,480x537,480x537,MATCHED,c:\Users\PeaceD_Dung\Documents\Khóa luận\dataset\dataset\OTU_2D\train\train_image\1141.JPG,c:\Users\PeaceD_Dung\Documents\Khóa luận\dataset\dataset\OTU_2D\train\train_label\label\1141.PNG
OTU_2D_train,1142,958x530,958x530,MATCHED,c:\Users\PeaceD_Dung\Documents\Khóa luận\dataset\dataset\OTU_2D\train\train_image\1142.JPG,c:\Users\PeaceD_Dung\Documents\Khóa luận\dataset\dataset\OTU_2D\train\train_label\label\1142.PNG
OTU_2D_train,1144,959x528,959x528,MATCHED,c:\Users\PeaceD_Dung\Documents\Khóa luận\dataset\dataset\OTU_2D\train\train_image\1144.JPG,c:\Users\PeaceD_Dung\Documents\Khóa luận\dataset\dataset\OTU_2D\train\train_label\label\1144.PNG
OTU_2D_train,1145,481x539,481x539,MATCHED,c:\Users\PeaceD_Dung\Documents\Khóa luận\dataset\dataset\OTU_2D\train\train_image\1145.JPG,c:\Users\PeaceD_Dung\Documents\Khóa luận\dataset\dataset\OTU_2D\train\train_label\label\1145.PNG
OTU_2D_train,1146,957x528,957x528,MATCHED,c:\Users\PeaceD_Dung\Documents\Khóa luận\dataset\dataset\OTU_2D\train\train_image\1146.JPG,c:\Users\PeaceD_Dung\Documents\Khóa luận\dataset\dataset\OTU_2D\train\train_label\label\1146.PNG
OTU_2D_train,1147,958x538,958x538,MATCHED,c:\Users\PeaceD_Dung\Documents\Khóa luận\dataset\dataset\OTU_2D\train\train_image\1147.JPG,c:\Users\PeaceD_Dung\Documents\Khóa luận\dataset\dataset\OTU_2D\train\train_label\label\1147.PNG
OTU_2D_train,1148,958x532,958x532,MATCHED,c:\Users\PeaceD_Dung\Documents\Khóa luận\dataset\dataset\OTU_2D\train\train_image\1148.JPG,c:\Users\PeaceD_Dung\Documents\Khóa luận\dataset\dataset\OTU_2D\train\train_label\label\1148.PNG
OTU_2D_train,1149,957x532,957x532,MATCHED,c:\Users\PeaceD_Dung\Documents\Khóa luận\dataset\dataset\OTU_2D\train\train_image\1149.JPG,c:\Users\PeaceD_Dung\Documents\Khóa luận\dataset\dataset\OTU_2D\train\train_label\label\1149.PNG
OTU_2D_train,1150,481x531,481x531,MATCHED,c:\Users\PeaceD_Dung\Documents\Khóa luận\dataset\dataset\OTU_2D\train\train_image\1150.JPG,c:\Users\PeaceD_Dung\Documents\Khóa luận\dataset\dataset\OTU_2D\train\train_label\label\1150.PNG
OTU_2D_train,1151,957x532,957x532,MATCHED,c:\Users\PeaceD_Dung\Documents\Khóa luận\dataset\dataset\OTU_2D\train\train_image\1151.JPG,c:\Users\PeaceD_Dung\Documents\Khóa luận\dataset\dataset\OTU_2D\train\train_label\label\1151.PNG
OTU_2D_train,1152,958x529,958x529,MATCHED,c:\Users\PeaceD_Dung\Documents\Khóa luận\dataset\dataset\OTU_2D\train\train_image\1152.JPG,c:\Users\PeaceD_Dung\Documents\Khóa luận\dataset\dataset\OTU_2D\train\train_label\label\1152.PNG
OTU_2D_train,1153,1135x640,1135x640,MATCHED,c:\Users\PeaceD_Dung\Documents\Khóa luận\dataset\dataset\OTU_2D\train\train_image\1153.JPG,c:\Users\PeaceD_Dung\Documents\Khóa luận\dataset\dataset\OTU_2D\train\train_label\label\1153.PNG
OTU_2D_train,1154,1135x640,1135x640,MATCHED,c:\Users\PeaceD_Dung\Documents\Khóa luận\dataset\dataset\OTU_2D\train\train_image\1154.JPG,c:\Users\PeaceD_Dung\Documents\Khóa luận\dataset\dataset\OTU_2D\train\train_label\label\1154.PNG
OTU_2D_train,1155,1135x638,1135x638,MATCHED,c:\Users\PeaceD_Dung\Documents\Khóa luận\dataset\dataset\OTU_2D\train\train_image\1155.JPG,c:\Users\PeaceD_Dung\Documents\Khóa luận\dataset\dataset\OTU_2D\train\train_label\label\1155.PNG
OTU_2D_train,1156,1135x667,1135x667,MATCHED,c:\Users\PeaceD_Dung\Documents\Khóa luận\dataset\dataset\OTU_2D\train\train_image\1156.JPG,c:\Users\PeaceD_Dung\Documents\Khóa luận\dataset\dataset\OTU_2D\train\train_label\label\1156.PNG
OTU_2D_train,1158,1135x592,1135x592,MATCHED,c:\Users\PeaceD_Dung\Documents\Khóa luận\dataset\dataset\OTU_2D\train\train_image\1158.JPG,c:\Users\PeaceD_Dung\Documents\Khóa luận\dataset\dataset\OTU_2D\train\train_label\label\1158.PNG
OTU_2D_train,1159,569x595,569x595,MATCHED,c:\Users\PeaceD_Dung\Documents\Khóa luận\dataset\dataset\OTU_2D\train\train_image\1159.JPG,c:\Users\PeaceD_Dung\Documents\Khóa luận\dataset\dataset\OTU_2D\train\train_label\label\1159.PNG
OTU_2D_train,1160,959x529,959x529,MATCHED,c:\Users\PeaceD_Dung\Documents\Khóa luận\dataset\dataset\OTU_2D\train\train_image\1160.JPG,c:\Users\PeaceD_Dung\Documents\Khóa luận\dataset\dataset\OTU_2D\train\train_label\label\1160.PNG
OTU_2D_train,1161,482x533,482x533,MATCHED,c:\Users\PeaceD_Dung\Documents\Khóa luận\dataset\dataset\OTU_2D\train\train_image\1161.JPG,c:\Users\PeaceD_Dung\Documents\Khóa luận\dataset\dataset\OTU_2D\train\train_label\label\1161.PNG
OTU_2D_train,1163,961x535,961x535,MATCHED,c:\Users\PeaceD_Dung\Documents\Khóa luận\dataset\dataset\OTU_2D\train\train_image\1163.JPG,c:\Users\PeaceD_Dung\Documents\Khóa luận\dataset\dataset\OTU_2D\train\train_label\label\1163.PNG
OTU_2D_train,1164,568x591,568x591,MATCHED,c:\Users\PeaceD_Dung\Documents\Khóa luận\dataset\dataset\OTU_2D\train\train_image\1164.JPG,c:\Users\PeaceD_Dung\Documents\Khóa luận\dataset\dataset\OTU_2D\train\train_label\label\1164.PNG
OTU_2D_train,1165,570x597,570x597,MATCHED,c:\Users\PeaceD_Dung\Documents\Khóa luận\dataset\dataset\OTU_2D\train\train_image\1165.JPG,c:\Users\PeaceD_Dung\Documents\Khóa luận\dataset\dataset\OTU_2D\train\train_label\label\1165.PNG
OTU_2D_train,1166,569x591,569x591,MATCHED,c:\Users\PeaceD_Dung\Documents\Khóa luận\dataset\dataset\OTU_2D\train\train_image\1166.JPG,c:\Users\PeaceD_Dung\Documents\Khóa luận\dataset\dataset\OTU_2D\train\train_label\label\1166.PNG
OTU_2D_train,1168,568x589,568x589,MATCHED,c:\Users\PeaceD_Dung\Documents\Khóa luận\dataset\dataset\OTU_2D\train\train_image\1168.JPG,c:\Users\PeaceD_Dung\Documents\Khóa luận\dataset\dataset\OTU_2D\train\train_label\label\1168.PNG
OTU_2D_train,117,480x532,480x532,MATCHED,c:\Users\PeaceD_Dung\Documents\Khóa luận\dataset\dataset\OTU_2D\train\train_image\117.JPG,c:\Users\PeaceD_Dung\Documents\Khóa luận\dataset\dataset\OTU_2D\train\train_label\label\117.PNG
OTU_2D_train,1172,720x559,720x559,MATCHED,c:\Users\PeaceD_Dung\Documents\Khóa luận\dataset\dataset\OTU_2D\train\train_image\1172.JPG,c:\Users\PeaceD_Dung\Documents\Khóa luận\dataset\dataset\OTU_2D\train\train_label\label\1172.PNG
OTU_2D_train,1174,719x556,719x556,MATCHED,c:\Users\PeaceD_Dung\Documents\Khóa luận\dataset\dataset\OTU_2D\train\train_image\1174.JPG,c:\Users\PeaceD_Dung\Documents\Khóa luận\dataset\dataset\OTU_2D\train\train_label\label\1174.PNG
OTU_2D_train,1177,958x534,958x534,MATCHED,c:\Users\PeaceD_Dung\Documents\Khóa luận\dataset\dataset\OTU_2D\train\train_image\1177.JPG,c:\Users\PeaceD_Dung\Documents\Khóa luận\dataset\dataset\OTU_2D\train\train_label\label\1177.PNG
OTU_2D_train,118,480x532,480x532,MATCHED,c:\Users\PeaceD_Dung\Documents\Khóa luận\dataset\dataset\OTU_2D\train\train_image\118.JPG,c:\Users\PeaceD_Dung\Documents\Khóa luận\dataset\dataset\OTU_2D\train\train_label\label\118.PNG
OTU_2D_train,1180,569x592,569x592,MATCHED,c:\Users\PeaceD_Dung\Documents\Khóa luận\dataset\dataset\OTU_2D\train\train_image\1180.JPG,c:\Users\PeaceD_Dung\Documents\Khóa luận\dataset\dataset\OTU_2D\train\train_label\label\1180.PNG
OTU_2D_train,1182,1134x595,1134x595,MATCHED,c:\Users\PeaceD_Dung\Documents\Khóa luận\dataset\dataset\OTU_2D\train\train_image\1182.JPG,c:\Users\PeaceD_Dung\Documents\Khóa luận\dataset\dataset\OTU_2D\train\train_label\label\1182.PNG
OTU_2D_train,1183,1121x591,1121x591,MATCHED,c:\Users\PeaceD_Dung\Documents\Khóa luận\dataset\dataset\OTU_2D\train\train_image\1183.JPG,c:\Users\PeaceD_Dung\Documents\Khóa luận\dataset\dataset\OTU_2D\train\train_label\label\1183.PNG
OTU_2D_train,1185,570x592,570x592,MATCHED,c:\Users\PeaceD_Dung\Documents\Khóa luận\dataset\dataset\OTU_2D\train\train_image\1185.JPG,c:\Users\PeaceD_Dung\Documents\Khóa luận\dataset\dataset\OTU_2D\train\train_label\label\1185.PNG
OTU_2D_train,1186,1134x593,1134x593,MATCHED,c:\Users\PeaceD_Dung\Documents\Khóa luận\dataset\dataset\OTU_2D\train\train_image\1186.JPG,c:\Users\PeaceD_Dung\Documents\Khóa luận\dataset\dataset\OTU_2D\train\train_label\label\1186.PNG
OTU_2D_train,1187,1135x590,1135x590,MATCHED,c:\Users\PeaceD_Dung\Documents\Khóa luận\dataset\dataset\OTU_2D\train\train_image\1187.JPG,c:\Users\PeaceD_Dung\Documents\Khóa luận\dataset\dataset\OTU_2D\train\train_label\label\1187.PNG
OTU_2D_train,1189,958x526,958x526,MATCHED,c:\Users\PeaceD_Dung\Documents\Khóa luận\dataset\dataset\OTU_2D\train\train_image\1189.JPG,c:\Users\PeaceD_Dung\Documents\Khóa luận\dataset\dataset\OTU_2D\train\train_label\label\1189.PNG
OTU_2D_train,119,480x530,480x530,MATCHED,c:\Users\PeaceD_Dung\Documents\Khóa luận\dataset\dataset\OTU_2D\train\train_image\119.JPG,c:\Users\PeaceD_Dung\Documents\Khóa luận\dataset\dataset\OTU_2D\train\train_label\label\119.PNG
OTU_2D_train,1191,956x533,956x533,MATCHED,c:\Users\PeaceD_Dung\Documents\Khóa luận\dataset\dataset\OTU_2D\train\train_image\1191.JPG,c:\Users\PeaceD_Dung\Documents\Khóa luận\dataset\dataset\OTU_2D\train\train_label\label\1191.PNG
OTU_2D_train,1192,481x544,481x544,MATCHED,c:\Users\PeaceD_Dung\Documents\Khóa luận\dataset\dataset\OTU_2D\train\train_image\1192.JPG,c:\Users\PeaceD_Dung\Documents\Khóa luận\dataset\dataset\OTU_2D\train\train_label\label\1192.PNG
OTU_2D_train,1193,353x390,353x390,MATCHED,c:\Users\PeaceD_Dung\Documents\Khóa luận\dataset\dataset\OTU_2D\train\train_image\1193.JPG,c:\Users\PeaceD_Dung\Documents\Khóa luận\dataset\dataset\OTU_2D\train\train_label\label\1193.PNG
OTU_2D_train,1194,959x536,959x536,MATCHED,c:\Users\PeaceD_Dung\Documents\Khóa luận\dataset\dataset\OTU_2D\train\train_image\1194.JPG,c:\Users\PeaceD_Dung\Documents\Khóa luận\dataset\dataset\OTU_2D\train\train_label\label\1194.PNG
OTU_2D_train,1195,957x534,957x534,MATCHED,c:\Users\PeaceD_Dung\Documents\Khóa luận\dataset\dataset\OTU_2D\train\train_image\1195.JPG,c:\Users\PeaceD_Dung\Documents\Khóa luận\dataset\dataset\OTU_2D\train\train_label\label\1195.PNG
OTU_2D_train,1196,958x534,958x534,MATCHED,c:\Users\PeaceD_Dung\Documents\Khóa luận\dataset\dataset\OTU_2D\train\train_image\1196.JPG,c:\Users\PeaceD_Dung\Documents\Khóa luận\dataset\dataset\OTU_2D\train\train_label\label\1196.PNG
OTU_2D_train,1197,958x536,958x536,MATCHED,c:\Users\PeaceD_Dung\Documents\Khóa luận\dataset\dataset\OTU_2D\train\train_image\1197.JPG,c:\Users\PeaceD_Dung\Documents\Khóa luận\dataset\dataset\OTU_2D\train\train_label\label\1197.PNG
OTU_2D_train,1198,957x531,957x531,MATCHED,c:\Users\PeaceD_Dung\Documents\Khóa luận\dataset\dataset\OTU_2D\train\train_image\1198.JPG,c:\Users\PeaceD_Dung\Documents\Khóa luận\dataset\dataset\OTU_2D\train\train_label\label\1198.PNG
OTU_2D_train,1201,483x541,483x541,MATCHED,c:\Users\PeaceD_Dung\Documents\Khóa luận\dataset\dataset\OTU_2D\train\train_image\1201.JPG,c:\Users\PeaceD_Dung\Documents\Khóa luận\dataset\dataset\OTU_2D\train\train_label\label\1201.PNG
OTU_2D_train,1205,958x534,958x534,MATCHED,c:\Users\PeaceD_Dung\Documents\Khóa luận\dataset\dataset\OTU_2D\train\train_image\1205.JPG,c:\Users\PeaceD_Dung\Documents\Khóa luận\dataset\dataset\OTU_2D\train\train_label\label\1205.PNG
OTU_2D_train,1206,958x534,958x534,MATCHED,c:\Users\PeaceD_Dung\Documents\Khóa luận\dataset\dataset\OTU_2D\train\train_image\1206.JPG,c:\Users\PeaceD_Dung\Documents\Khóa luận\dataset\dataset\OTU_2D\train\train_label\label\1206.PNG
OTU_2D_train,1207,483x530,483x530,MATCHED,c:\Users\PeaceD_Dung\Documents\Khóa luận\dataset\dataset\OTU_2D\train\train_image\1207.JPG,c:\Users\PeaceD_Dung\Documents\Khóa luận\dataset\dataset\OTU_2D\train\train_label\label\1207.PNG
OTU_2D_train,1209,958x534,958x534,MATCHED,c:\Users\PeaceD_Dung\Documents\Khóa luận\dataset\dataset\OTU_2D\train\train_image\1209.JPG,c:\Users\PeaceD_Dung\Documents\Khóa luận\dataset\dataset\OTU_2D\train\train_label\label\1209.PNG
OTU_2D_train,1210,959x536,959x536,MATCHED,c:\Users\PeaceD_Dung\Documents\Khóa luận\dataset\dataset\OTU_2D\train\train_image\1210.JPG,c:\Users\PeaceD_Dung\Documents\Khóa luận\dataset\dataset\OTU_2D\train\train_label\label\1210.PNG
OTU_2D_train,1211,952x532,952x532,MATCHED,c:\Users\PeaceD_Dung\Documents\Khóa luận\dataset\dataset\OTU_2D\train\train_image\1211.JPG,c:\Users\PeaceD_Dung\Documents\Khóa luận\dataset\dataset\OTU_2D\train\train_label\label\1211.PNG
OTU_2D_train,1212,957x539,957x539,MATCHED,c:\Users\PeaceD_Dung\Documents\Khóa luận\dataset\dataset\OTU_2D\train\train_image\1212.JPG,c:\Users\PeaceD_Dung\Documents\Khóa luận\dataset\dataset\OTU_2D\train\train_label\label\1212.PNG
OTU_2D_train,1213,959x536,959x536,MATCHED,c:\Users\PeaceD_Dung\Documents\Khóa luận\dataset\dataset\OTU_2D\train\train_image\1213.JPG,c:\Users\PeaceD_Dung\Documents\Khóa luận\dataset\dataset\OTU_2D\train\train_label\label\1213.PNG
OTU_2D_train,1215,956x533,956x533,MATCHED,c:\Users\PeaceD_Dung\Documents\Khóa luận\dataset\dataset\OTU_2D\train\train_image\1215.JPG,c:\Users\PeaceD_Dung\Documents\Khóa luận\dataset\dataset\OTU_2D\train\train_label\label\1215.PNG
OTU_2D_train,1216,959x530,959x530,MATCHED,c:\Users\PeaceD_Dung\Documents\Khóa luận\dataset\dataset\OTU_2D\train\train_image\1216.JPG,c:\Users\PeaceD_Dung\Documents\Khóa luận\dataset\dataset\OTU_2D\train\train_label\label\1216.PNG
OTU_2D_train,1219,959x531,959x531,MATCHED,c:\Users\PeaceD_Dung\Documents\Khóa luận\dataset\dataset\OTU_2D\train\train_image\1219.JPG,c:\Users\PeaceD_Dung\Documents\Khóa luận\dataset\dataset\OTU_2D\train\train_label\label\1219.PNG
OTU_2D_train,1220,483x539,483x539,MATCHED,c:\Users\PeaceD_Dung\Documents\Khóa luận\dataset\dataset\OTU_2D\train\train_image\1220.JPG,c:\Users\PeaceD_Dung\Documents\Khóa luận\dataset\dataset\OTU_2D\train\train_label\label\1220.PNG
OTU_2D_train,1222,1134x589,1134x589,MATCHED,c:\Users\PeaceD_Dung\Documents\Khóa luận\dataset\dataset\OTU_2D\train\train_image\1222.JPG,c:\Users\PeaceD_Dung\Documents\Khóa luận\dataset\dataset\OTU_2D\train\train_label\label\1222.PNG
OTU_2D_train,1223,569x594,569x594,MATCHED,c:\Users\PeaceD_Dung\Documents\Khóa luận\dataset\dataset\OTU_2D\train\train_image\1223.JPG,c:\Users\PeaceD_Dung\Documents\Khóa luận\dataset\dataset\OTU_2D\train\train_label\label\1223.PNG
OTU_2D_train,1225,1135x592,1135x592,MATCHED,c:\Users\PeaceD_Dung\Documents\Khóa luận\dataset\dataset\OTU_2D\train\train_image\1225.JPG,c:\Users\PeaceD_Dung\Documents\Khóa luận\dataset\dataset\OTU_2D\train\train_label\label\1225.PNG
OTU_2D_train,1226,1135x592,1135x592,MATCHED,c:\Users\PeaceD_Dung\Documents\Khóa luận\dataset\dataset\OTU_2D\train\train_image\1226.JPG,c:\Users\PeaceD_Dung\Documents\Khóa luận\dataset\dataset\OTU_2D\train\train_label\label\1226.PNG
OTU_2D_train,1227,958x530,958x530,MATCHED,c:\Users\PeaceD_Dung\Documents\Khóa luận\dataset\dataset\OTU_2D\train\train_image\1227.JPG,c:\Users\PeaceD_Dung\Documents\Khóa luận\dataset\dataset\OTU_2D\train\train_label\label\1227.PNG
OTU_2D_train,1228,480x538,480x538,MATCHED,c:\Users\PeaceD_Dung\Documents\Khóa luận\dataset\dataset\OTU_2D\train\train_image\1228.JPG,c:\Users\PeaceD_Dung\Documents\Khóa luận\dataset\dataset\OTU_2D\train\train_label\label\1228.PNG
OTU_2D_train,1231,961x531,961x531,MATCHED,c:\Users\PeaceD_Dung\Documents\Khóa luận\dataset\dataset\OTU_2D\train\train_image\1231.JPG,c:\Users\PeaceD_Dung\Documents\Khóa luận\dataset\dataset\OTU_2D\train\train_label\label\1231.PNG
OTU_2D_train,1233,482x534,482x534,MATCHED,c:\Users\PeaceD_Dung\Documents\Khóa luận\dataset\dataset\OTU_2D\train\train_image\1233.JPG,c:\Users\PeaceD_Dung\Documents\Khóa luận\dataset\dataset\OTU_2D\train\train_label\label\1233.PNG
OTU_2D_train,1236,568x590,568x590,MATCHED,c:\Users\PeaceD_Dung\Documents\Khóa luận\dataset\dataset\OTU_2D\train\train_image\1236.JPG,c:\Users\PeaceD_Dung\Documents\Khóa luận\dataset\dataset\OTU_2D\train\train_label\label\1236.PNG
OTU_2D_train,1237,1135x595,1135x595,MATCHED,c:\Users\PeaceD_Dung\Documents\Khóa luận\dataset\dataset\OTU_2D\train\train_image\1237.JPG,c:\Users\PeaceD_Dung\Documents\Khóa luận\dataset\dataset\OTU_2D\train\train_label\label\1237.PNG
OTU_2D_train,1239,567x594,567x594,MATCHED,c:\Users\PeaceD_Dung\Documents\Khóa luận\dataset\dataset\OTU_2D\train\train_image\1239.JPG,c:\Users\PeaceD_Dung\Documents\Khóa luận\dataset\dataset\OTU_2D\train\train_label\label\1239.PNG
OTU_2D_train,1240,952x534,952x534,MATCHED,c:\Users\PeaceD_Dung\Documents\Khóa luận\dataset\dataset\OTU_2D\train\train_image\1240.JPG,c:\Users\PeaceD_Dung\Documents\Khóa luận\dataset\dataset\OTU_2D\train\train_label\label\1240.PNG
OTU_2D_train,1242,959x531,959x531,MATCHED,c:\Users\PeaceD_Dung\Documents\Khóa luận\dataset\dataset\OTU_2D\train\train_image\1242.JPG,c:\Users\PeaceD_Dung\Documents\Khóa luận\dataset\dataset\OTU_2D\train\train_label\label\1242.PNG
OTU_2D_train,1243,956x532,956x532,MATCHED,c:\Users\PeaceD_Dung\Documents\Khóa luận\dataset\dataset\OTU_2D\train\train_image\1243.JPG,c:\Users\PeaceD_Dung\Documents\Khóa luận\dataset\dataset\OTU_2D\train\train_label\label\1243.PNG
OTU_2D_train,1245,959x535,959x535,MATCHED,c:\Users\PeaceD_Dung\Documents\Khóa luận\dataset\dataset\OTU_2D\train\train_image\1245.JPG,c:\Users\PeaceD_Dung\Documents\Khóa luận\dataset\dataset\OTU_2D\train\train_label\label\1245.PNG
OTU_2D_train,1246,958x533,958x533,MATCHED,c:\Users\PeaceD_Dung\Documents\Khóa luận\dataset\dataset\OTU_2D\train\train_image\1246.JPG,c:\Users\PeaceD_Dung\Documents\Khóa luận\dataset\dataset\OTU_2D\train\train_label\label\1246.PNG
OTU_2D_train,1247,957x531,957x531,MATCHED,c:\Users\PeaceD_Dung\Documents\Khóa luận\dataset\dataset\OTU_2D\train\train_image\1247.JPG,c:\Users\PeaceD_Dung\Documents\Khóa luận\dataset\dataset\OTU_2D\train\train_label\label\1247.PNG
OTU_2D_train,1248,959x535,959x535,MATCHED,c:\Users\PeaceD_Dung\Documents\Khóa luận\dataset\dataset\OTU_2D\train\train_image\1248.JPG,c:\Users\PeaceD_Dung\Documents\Khóa luận\dataset\dataset\OTU_2D\train\train_label\label\1248.PNG
OTU_2D_train,1249,569x544,569x544,MATCHED,c:\Users\PeaceD_Dung\Documents\Khóa luận\dataset\dataset\OTU_2D\train\train_image\1249.JPG,c:\Users\PeaceD_Dung\Documents\Khóa luận\dataset\dataset\OTU_2D\train\train_label\label\1249.PNG
OTU_2D_train,1250,569x544,569x544,MATCHED,c:\Users\PeaceD_Dung\Documents\Khóa luận\dataset\dataset\OTU_2D\train\train_image\1250.JPG,c:\Users\PeaceD_Dung\Documents\Khóa luận\dataset\dataset\OTU_2D\train\train_label\label\1250.PNG
OTU_2D_train,1251,568x543,568x543,MATCHED,c:\Users\PeaceD_Dung\Documents\Khóa luận\dataset\dataset\OTU_2D\train\train_image\1251.JPG,c:\Users\PeaceD_Dung\Documents\Khóa luận\dataset\dataset\OTU_2D\train\train_label\label\1251.PNG
OTU_2D_train,1253,565x544,565x544,MATCHED,c:\Users\PeaceD_Dung\Documents\Khóa luận\dataset\dataset\OTU_2D\train\train_image\1253.JPG,c:\Users\PeaceD_Dung\Documents\Khóa luận\dataset\dataset\OTU_2D\train\train_label\label\1253.PNG
OTU_2D_train,1256,959x540,959x540,MATCHED,c:\Users\PeaceD_Dung\Documents\Khóa luận\dataset\dataset\OTU_2D\train\train_image\1256.JPG,c:\Users\PeaceD_Dung\Documents\Khóa luận\dataset\dataset\OTU_2D\train\train_label\label\1256.PNG
OTU_2D_train,1258,484x528,484x528,MATCHED,c:\Users\PeaceD_Dung\Documents\Khóa luận\dataset\dataset\OTU_2D\train\train_image\1258.JPG,c:\Users\PeaceD_Dung\Documents\Khóa luận\dataset\dataset\OTU_2D\train\train_label\label\1258.PNG
OTU_2D_train,1259,739x551,739x551,MATCHED,c:\Users\PeaceD_Dung\Documents\Khóa luận\dataset\dataset\OTU_2D\train\train_image\1259.JPG,c:\Users\PeaceD_Dung\Documents\Khóa luận\dataset\dataset\OTU_2D\train\train_label\label\1259.PNG
OTU_2D_train,1260,959x533,959x533,MATCHED,c:\Users\PeaceD_Dung\Documents\Khóa luận\dataset\dataset\OTU_2D\train\train_image\1260.JPG,c:\Users\PeaceD_Dung\Documents\Khóa luận\dataset\dataset\OTU_2D\train\train_label\label\1260.PNG
OTU_2D_train,1261,958x530,958x530,MATCHED,c:\Users\PeaceD_Dung\Documents\Khóa luận\dataset\dataset\OTU_2D\train\train_image\1261.JPG,c:\Users\PeaceD_Dung\Documents\Khóa luận\dataset\dataset\OTU_2D\train\train_label\label\1261.PNG
OTU_2D_train,1262,957x532,957x532,MATCHED,c:\Users\PeaceD_Dung\Documents\Khóa luận\dataset\dataset\OTU_2D\train\train_image\1262.JPG,c:\Users\PeaceD_Dung\Documents\Khóa luận\dataset\dataset\OTU_2D\train\train_label\label\1262.PNG
OTU_2D_train,1263,959x537,959x537,MATCHED,c:\Users\PeaceD_Dung\Documents\Khóa luận\dataset\dataset\OTU_2D\train\train_image\1263.JPG,c:\Users\PeaceD_Dung\Documents\Khóa luận\dataset\dataset\OTU_2D\train\train_label\label\1263.PNG
OTU_2D_train,1264,956x533,956x533,MATCHED,c:\Users\PeaceD_Dung\Documents\Khóa luận\dataset\dataset\OTU_2D\train\train_image\1264.JPG,c:\Users\PeaceD_Dung\Documents\Khóa luận\dataset\dataset\OTU_2D\train\train_label\label\1264.PNG
OTU_2D_train,1265,477x533,477x533,MATCHED,c:\Users\PeaceD_Dung\Documents\Khóa luận\dataset\dataset\OTU_2D\train\train_image\1265.JPG,c:\Users\PeaceD_Dung\Documents\Khóa luận\dataset\dataset\OTU_2D\train\train_label\label\1265.PNG
OTU_2D_train,1266,958x533,958x533,MATCHED,c:\Users\PeaceD_Dung\Documents\Khóa luận\dataset\dataset\OTU_2D\train\train_image\1266.JPG,c:\Users\PeaceD_Dung\Documents\Khóa luận\dataset\dataset\OTU_2D\train\train_label\label\1266.PNG
OTU_2D_train,1272,570x589,570x589,MATCHED,c:\Users\PeaceD_Dung\Documents\Khóa luận\dataset\dataset\OTU_2D\train\train_image\1272.JPG,c:\Users\PeaceD_Dung\Documents\Khóa luận\dataset\dataset\OTU_2D\train\train_label\label\1272.PNG
OTU_2D_train,1278,963x642,963x642,MATCHED,c:\Users\PeaceD_Dung\Documents\Khóa luận\dataset\dataset\OTU_2D\train\train_image\1278.JPG,c:\Users\PeaceD_Dung\Documents\Khóa luận\dataset\dataset\OTU_2D\train\train_label\label\1278.PNG
OTU_2D_train,1279,961x622,961x622,MATCHED,c:\Users\PeaceD_Dung\Documents\Khóa luận\dataset\dataset\OTU_2D\train\train_image\1279.JPG,c:\Users\PeaceD_Dung\Documents\Khóa luận\dataset\dataset\OTU_2D\train\train_label\label\1279.PNG
OTU_2D_train,1280,963x619,963x619,MATCHED,c:\Users\PeaceD_Dung\Documents\Khóa luận\dataset\dataset\OTU_2D\train\train_image\1280.JPG,c:\Users\PeaceD_Dung\Documents\Khóa luận\dataset\dataset\OTU_2D\train\train_label\label\1280.PNG
OTU_2D_train,1281,848x573,848x573,MATCHED,c:\Users\PeaceD_Dung\Documents\Khóa luận\dataset\dataset\OTU_2D\train\train_image\1281.JPG,c:\Users\PeaceD_Dung\Documents\Khóa luận\dataset\dataset\OTU_2D\train\train_label\label\1281.PNG
OTU_2D_train,1282,1116x588,1116x588,MATCHED,c:\Users\PeaceD_Dung\Documents\Khóa luận\dataset\dataset\OTU_2D\train\train_image\1282.JPG,c:\Users\PeaceD_Dung\Documents\Khóa luận\dataset\dataset\OTU_2D\train\train_label\label\1282.PNG
OTU_2D_train,1283,1113x589,1113x589,MATCHED,c:\Users\PeaceD_Dung\Documents\Khóa luận\dataset\dataset\OTU_2D\train\train_image\1283.JPG,c:\Users\PeaceD_Dung\Documents\Khóa luận\dataset\dataset\OTU_2D\train\train_label\label\1283.PNG
OTU_2D_train,1284,1118x594,1118x594,MATCHED,c:\Users\PeaceD_Dung\Documents\Khóa luận\dataset\dataset\OTU_2D\train\train_image\1284.JPG,c:\Users\PeaceD_Dung\Documents\Khóa luận\dataset\dataset\OTU_2D\train\train_label\label\1284.PNG
OTU_2D_train,1286,569x592,569x592,MATCHED,c:\Users\PeaceD_Dung\Documents\Khóa luận\dataset\dataset\OTU_2D\train\train_image\1286.JPG,c:\Users\PeaceD_Dung\Documents\Khóa luận\dataset\dataset\OTU_2D\train\train_label\label\1286.PNG
OTU_2D_train,1287,1116x590,1116x590,MATCHED,c:\Users\PeaceD_Dung\Documents\Khóa luận\dataset\dataset\OTU_2D\train\train_image\1287.JPG,c:\Users\PeaceD_Dung\Documents\Khóa luận\dataset\dataset\OTU_2D\train\train_label\label\1287.PNG
OTU_2D_train,1289,958x535,958x535,MATCHED,c:\Users\PeaceD_Dung\Documents\Khóa luận\dataset\dataset\OTU_2D\train\train_image\1289.JPG,c:\Users\PeaceD_Dung\Documents\Khóa luận\dataset\dataset\OTU_2D\train\train_label\label\1289.PNG
OTU_2D_train,1290,958x532,958x532,MATCHED,c:\Users\PeaceD_Dung\Documents\Khóa luận\dataset\dataset\OTU_2D\train\train_image\1290.JPG,c:\Users\PeaceD_Dung\Documents\Khóa luận\dataset\dataset\OTU_2D\train\train_label\label\1290.PNG
OTU_2D_train,1292,958x534,958x534,MATCHED,c:\Users\PeaceD_Dung\Documents\Khóa luận\dataset\dataset\OTU_2D\train\train_image\1292.JPG,c:\Users\PeaceD_Dung\Documents\Khóa luận\dataset\dataset\OTU_2D\train\train_label\label\1292.PNG
OTU_2D_train,1293,958x531,958x531,MATCHED,c:\Users\PeaceD_Dung\Documents\Khóa luận\dataset\dataset\OTU_2D\train\train_image\1293.JPG,c:\Users\PeaceD_Dung\Documents\Khóa luận\dataset\dataset\OTU_2D\train\train_label\label\1293.PNG
OTU_2D_train,1294,958x536,958x536,MATCHED,c:\Users\PeaceD_Dung\Documents\Khóa luận\dataset\dataset\OTU_2D\train\train_image\1294.JPG,c:\Users\PeaceD_Dung\Documents\Khóa luận\dataset\dataset\OTU_2D\train\train_label\label\1294.PNG
OTU_2D_train,1296,569x592,569x592,MATCHED,c:\Users\PeaceD_Dung\Documents\Khóa luận\dataset\dataset\OTU_2D\train\train_image\1296.JPG,c:\Users\PeaceD_Dung\Documents\Khóa luận\dataset\dataset\OTU_2D\train\train_label\label\1296.PNG
OTU_2D_train,1297,959x537,959x537,MATCHED,c:\Users\PeaceD_Dung\Documents\Khóa luận\dataset\dataset\OTU_2D\train\train_image\1297.JPG,c:\Users\PeaceD_Dung\Documents\Khóa luận\dataset\dataset\OTU_2D\train\train_label\label\1297.PNG
OTU_2D_train,1298,958x529,958x529,MATCHED,c:\Users\PeaceD_Dung\Documents\Khóa luận\dataset\dataset\OTU_2D\train\train_image\1298.JPG,c:\Users\PeaceD_Dung\Documents\Khóa luận\dataset\dataset\OTU_2D\train\train_label\label\1298.PNG
OTU_2D_train,1299,959x533,959x533,MATCHED,c:\Users\PeaceD_Dung\Documents\Khóa luận\dataset\dataset\OTU_2D\train\train_image\1299.JPG,c:\Users\PeaceD_Dung\Documents\Khóa luận\dataset\dataset\OTU_2D\train\train_label\label\1299.PNG
OTU_2D_train,13,958x530,958x530,MATCHED,c:\Users\PeaceD_Dung\Documents\Khóa luận\dataset\dataset\OTU_2D\train\train_image\13.JPG,c:\Users\PeaceD_Dung\Documents\Khóa luận\dataset\dataset\OTU_2D\train\train_label\label\13.PNG
OTU_2D_train,130,957x532,957x532,MATCHED,c:\Users\PeaceD_Dung\Documents\Khóa luận\dataset\dataset\OTU_2D\train\train_image\130.JPG,c:\Users\PeaceD_Dung\Documents\Khóa luận\dataset\dataset\OTU_2D\train\train_label\label\130.PNG
OTU_2D_train,1300,957x534,957x534,MATCHED,c:\Users\PeaceD_Dung\Documents\Khóa luận\dataset\dataset\OTU_2D\train\train_image\1300.JPG,c:\Users\PeaceD_Dung\Documents\Khóa luận\dataset\dataset\OTU_2D\train\train_label\label\1300.PNG
OTU_2D_train,1301,1135x587,1135x587,MATCHED,c:\Users\PeaceD_Dung\Documents\Khóa luận\dataset\dataset\OTU_2D\train\train_image\1301.JPG,c:\Users\PeaceD_Dung\Documents\Khóa luận\dataset\dataset\OTU_2D\train\train_label\label\1301.PNG
OTU_2D_train,1303,1135x594,1135x594,MATCHED,c:\Users\PeaceD_Dung\Documents\Khóa luận\dataset\dataset\OTU_2D\train\train_image\1303.JPG,c:\Users\PeaceD_Dung\Documents\Khóa luận\dataset\dataset\OTU_2D\train\train_label\label\1303.PNG
OTU_2D_train,1304,958x537,958x537,MATCHED,c:\Users\PeaceD_Dung\Documents\Khóa luận\dataset\dataset\OTU_2D\train\train_image\1304.JPG,c:\Users\PeaceD_Dung\Documents\Khóa luận\dataset\dataset\OTU_2D\train\train_label\label\1304.PNG
OTU_2D_train,1309,964x616,964x616,MATCHED,c:\Users\PeaceD_Dung\Documents\Khóa luận\dataset\dataset\OTU_2D\train\train_image\1309.JPG,c:\Users\PeaceD_Dung\Documents\Khóa luận\dataset\dataset\OTU_2D\train\train_label\label\1309.PNG
OTU_2D_train,131,479x554,479x554,MATCHED,c:\Users\PeaceD_Dung\Documents\Khóa luận\dataset\dataset\OTU_2D\train\train_image\131.JPG,c:\Users\PeaceD_Dung\Documents\Khóa luận\dataset\dataset\OTU_2D\train\train_label\label\131.PNG
OTU_2D_train,1310,573x321,573x321,MATCHED,c:\Users\PeaceD_Dung\Documents\Khóa luận\dataset\dataset\OTU_2D\train\train_image\1310.JPG,c:\Users\PeaceD_Dung\Documents\Khóa luận\dataset\dataset\OTU_2D\train\train_label\label\1310.PNG
OTU_2D_train,1312,960x525,960x525,MATCHED,c:\Users\PeaceD_Dung\Documents\Khóa luận\dataset\dataset\OTU_2D\train\train_image\1312.JPG,c:\Users\PeaceD_Dung\Documents\Khóa luận\dataset\dataset\OTU_2D\train\train_label\label\1312.PNG
OTU_2D_train,1313,484x532,484x532,MATCHED,c:\Users\PeaceD_Dung\Documents\Khóa luận\dataset\dataset\OTU_2D\train\train_image\1313.JPG,c:\Users\PeaceD_Dung\Documents\Khóa luận\dataset\dataset\OTU_2D\train\train_label\label\1313.PNG
OTU_2D_train,1318,483x536,483x536,MATCHED,c:\Users\PeaceD_Dung\Documents\Khóa luận\dataset\dataset\OTU_2D\train\train_image\1318.JPG,c:\Users\PeaceD_Dung\Documents\Khóa luận\dataset\dataset\OTU_2D\train\train_label\label\1318.PNG
OTU_2D_train,132,477x555,477x555,MATCHED,c:\Users\PeaceD_Dung\Documents\Khóa luận\dataset\dataset\OTU_2D\train\train_image\132.JPG,c:\Users\PeaceD_Dung\Documents\Khóa luận\dataset\dataset\OTU_2D\train\train_label\label\132.PNG
OTU_2D_train,1320,482x536,482x536,MATCHED,c:\Users\PeaceD_Dung\Documents\Khóa luận\dataset\dataset\OTU_2D\train\train_image\1320.JPG,c:\Users\PeaceD_Dung\Documents\Khóa luận\dataset\dataset\OTU_2D\train\train_label\label\1320.PNG
OTU_2D_train,1321,483x539,483x539,MATCHED,c:\Users\PeaceD_Dung\Documents\Khóa luận\dataset\dataset\OTU_2D\train\train_image\1321.JPG,c:\Users\PeaceD_Dung\Documents\Khóa luận\dataset\dataset\OTU_2D\train\train_label\label\1321.PNG
OTU_2D_train,1322,482x543,482x543,MATCHED,c:\Users\PeaceD_Dung\Documents\Khóa luận\dataset\dataset\OTU_2D\train\train_image\1322.JPG,c:\Users\PeaceD_Dung\Documents\Khóa luận\dataset\dataset\OTU_2D\train\train_label\label\1322.PNG
OTU_2D_train,1326,483x539,483x539,MATCHED,c:\Users\PeaceD_Dung\Documents\Khóa luận\dataset\dataset\OTU_2D\train\train_image\1326.JPG,c:\Users\PeaceD_Dung\Documents\Khóa luận\dataset\dataset\OTU_2D\train\train_label\label\1326.PNG
OTU_2D_train,1327,959x535,959x535,MATCHED,c:\Users\PeaceD_Dung\Documents\Khóa luận\dataset\dataset\OTU_2D\train\train_image\1327.JPG,c:\Users\PeaceD_Dung\Documents\Khóa luận\dataset\dataset\OTU_2D\train\train_label\label\1327.PNG
OTU_2D_train,1328,957x535,957x535,MATCHED,c:\Users\PeaceD_Dung\Documents\Khóa luận\dataset\dataset\OTU_2D\train\train_image\1328.JPG,c:\Users\PeaceD_Dung\Documents\Khóa luận\dataset\dataset\OTU_2D\train\train_label\label\1328.PNG
OTU_2D_train,133,481x555,481x555,MATCHED,c:\Users\PeaceD_Dung\Documents\Khóa luận\dataset\dataset\OTU_2D\train\train_image\133.JPG,c:\Users\PeaceD_Dung\Documents\Khóa luận\dataset\dataset\OTU_2D\train\train_label\label\133.PNG
OTU_2D_train,1330,482x555,482x555,MATCHED,c:\Users\PeaceD_Dung\Documents\Khóa luận\dataset\dataset\OTU_2D\train\train_image\1330.JPG,c:\Users\PeaceD_Dung\Documents\Khóa luận\dataset\dataset\OTU_2D\train\train_label\label\1330.PNG
OTU_2D_train,1332,319x330,319x330,MATCHED,c:\Users\PeaceD_Dung\Documents\Khóa luận\dataset\dataset\OTU_2D\train\train_image\1332.JPG,c:\Users\PeaceD_Dung\Documents\Khóa luận\dataset\dataset\OTU_2D\train\train_label\label\1332.PNG
OTU_2D_train,1333,806x611,806x611,MATCHED,c:\Users\PeaceD_Dung\Documents\Khóa luận\dataset\dataset\OTU_2D\train\train_image\1333.JPG,c:\Users\PeaceD_Dung\Documents\Khóa luận\dataset\dataset\OTU_2D\train\train_label\label\1333.PNG
OTU_2D_train,1334,1121x591,1121x591,MATCHED,c:\Users\PeaceD_Dung\Documents\Khóa luận\dataset\dataset\OTU_2D\train\train_image\1334.JPG,c:\Users\PeaceD_Dung\Documents\Khóa luận\dataset\dataset\OTU_2D\train\train_label\label\1334.PNG
OTU_2D_train,1343,568x592,568x592,MATCHED,c:\Users\PeaceD_Dung\Documents\Khóa luận\dataset\dataset\OTU_2D\train\train_image\1343.JPG,c:\Users\PeaceD_Dung\Documents\Khóa luận\dataset\dataset\OTU_2D\train\train_label\label\1343.PNG
OTU_2D_train,1344,567x596,567x596,MATCHED,c:\Users\PeaceD_Dung\Documents\Khóa luận\dataset\dataset\OTU_2D\train\train_image\1344.JPG,c:\Users\PeaceD_Dung\Documents\Khóa luận\dataset\dataset\OTU_2D\train\train_label\label\1344.PNG
OTU_2D_train,1345,571x594,571x594,MATCHED,c:\Users\PeaceD_Dung\Documents\Khóa luận\dataset\dataset\OTU_2D\train\train_image\1345.JPG,c:\Users\PeaceD_Dung\Documents\Khóa luận\dataset\dataset\OTU_2D\train\train_label\label\1345.PNG
OTU_2D_train,1346,570x589,570x589,MATCHED,c:\Users\PeaceD_Dung\Documents\Khóa luận\dataset\dataset\OTU_2D\train\train_image\1346.JPG,c:\Users\PeaceD_Dung\Documents\Khóa luận\dataset\dataset\OTU_2D\train\train_label\label\1346.PNG
OTU_2D_train,1348,569x593,569x593,MATCHED,c:\Users\PeaceD_Dung\Documents\Khóa luận\dataset\dataset\OTU_2D\train\train_image\1348.JPG,c:\Users\PeaceD_Dung\Documents\Khóa luận\dataset\dataset\OTU_2D\train\train_label\label\1348.PNG
OTU_2D_train,1349,566x592,566x592,MATCHED,c:\Users\PeaceD_Dung\Documents\Khóa luận\dataset\dataset\OTU_2D\train\train_image\1349.JPG,c:\Users\PeaceD_Dung\Documents\Khóa luận\dataset\dataset\OTU_2D\train\train_label\label\1349.PNG
OTU_2D_train,1350,571x587,571x587,MATCHED,c:\Users\PeaceD_Dung\Documents\Khóa luận\dataset\dataset\OTU_2D\train\train_image\1350.JPG,c:\Users\PeaceD_Dung\Documents\Khóa luận\dataset\dataset\OTU_2D\train\train_label\label\1350.PNG
OTU_2D_train,1351,569x597,569x597,MATCHED,c:\Users\PeaceD_Dung\Documents\Khóa luận\dataset\dataset\OTU_2D\train\train_image\1351.JPG,c:\Users\PeaceD_Dung\Documents\Khóa luận\dataset\dataset\OTU_2D\train\train_label\label\1351.PNG
OTU_2D_train,1353,959x529,959x529,MATCHED,c:\Users\PeaceD_Dung\Documents\Khóa luận\dataset\dataset\OTU_2D\train\train_image\1353.JPG,c:\Users\PeaceD_Dung\Documents\Khóa luận\dataset\dataset\OTU_2D\train\train_label\label\1353.PNG
OTU_2D_train,1355,964x533,964x533,MATCHED,c:\Users\PeaceD_Dung\Documents\Khóa luận\dataset\dataset\OTU_2D\train\train_image\1355.JPG,c:\Users\PeaceD_Dung\Documents\Khóa luận\dataset\dataset\OTU_2D\train\train_label\label\1355.PNG
OTU_2D_train,1356,964x530,964x530,MATCHED,c:\Users\PeaceD_Dung\Documents\Khóa luận\dataset\dataset\OTU_2D\train\train_image\1356.JPG,c:\Users\PeaceD_Dung\Documents\Khóa luận\dataset\dataset\OTU_2D\train\train_label\label\1356.PNG
OTU_2D_train,1361,569x645,569x645,MATCHED,c:\Users\PeaceD_Dung\Documents\Khóa luận\dataset\dataset\OTU_2D\train\train_image\1361.JPG,c:\Users\PeaceD_Dung\Documents\Khóa luận\dataset\dataset\OTU_2D\train\train_label\label\1361.PNG
OTU_2D_train,1362,1135x640,1135x640,MATCHED,c:\Users\PeaceD_Dung\Documents\Khóa luận\dataset\dataset\OTU_2D\train\train_image\1362.JPG,c:\Users\PeaceD_Dung\Documents\Khóa luận\dataset\dataset\OTU_2D\train\train_label\label\1362.PNG
OTU_2D_train,1368,958x538,958x538,MATCHED,c:\Users\PeaceD_Dung\Documents\Khóa luận\dataset\dataset\OTU_2D\train\train_image\1368.JPG,c:\Users\PeaceD_Dung\Documents\Khóa luận\dataset\dataset\OTU_2D\train\train_label\label\1368.PNG
OTU_2D_train,1370,482x542,482x542,MATCHED,c:\Users\PeaceD_Dung\Documents\Khóa luận\dataset\dataset\OTU_2D\train\train_image\1370.JPG,c:\Users\PeaceD_Dung\Documents\Khóa luận\dataset\dataset\OTU_2D\train\train_label\label\1370.PNG
OTU_2D_train,1372,483x536,483x536,MATCHED,c:\Users\PeaceD_Dung\Documents\Khóa luận\dataset\dataset\OTU_2D\train\train_image\1372.JPG,c:\Users\PeaceD_Dung\Documents\Khóa luận\dataset\dataset\OTU_2D\train\train_label\label\1372.PNG
OTU_2D_train,1375,959x537,959x537,MATCHED,c:\Users\PeaceD_Dung\Documents\Khóa luận\dataset\dataset\OTU_2D\train\train_image\1375.JPG,c:\Users\PeaceD_Dung\Documents\Khóa luận\dataset\dataset\OTU_2D\train\train_label\label\1375.PNG
OTU_2D_train,1377,764x556,764x556,MATCHED,c:\Users\PeaceD_Dung\Documents\Khóa luận\dataset\dataset\OTU_2D\train\train_image\1377.JPG,c:\Users\PeaceD_Dung\Documents\Khóa luận\dataset\dataset\OTU_2D\train\train_label\label\1377.PNG
OTU_2D_train,1379,958x540,958x540,MATCHED,c:\Users\PeaceD_Dung\Documents\Khóa luận\dataset\dataset\OTU_2D\train\train_image\1379.JPG,c:\Users\PeaceD_Dung\Documents\Khóa luận\dataset\dataset\OTU_2D\train\train_label\label\1379.PNG
OTU_2D_train,138,959x534,959x534,MATCHED,c:\Users\PeaceD_Dung\Documents\Khóa luận\dataset\dataset\OTU_2D\train\train_image\138.JPG,c:\Users\PeaceD_Dung\Documents\Khóa luận\dataset\dataset\OTU_2D\train\train_label\label\138.PNG
OTU_2D_train,1380,959x545,959x545,MATCHED,c:\Users\PeaceD_Dung\Documents\Khóa luận\dataset\dataset\OTU_2D\train\train_image\1380.JPG,c:\Users\PeaceD_Dung\Documents\Khóa luận\dataset\dataset\OTU_2D\train\train_label\label\1380.PNG
OTU_2D_train,1385,959x533,959x533,MATCHED,c:\Users\PeaceD_Dung\Documents\Khóa luận\dataset\dataset\OTU_2D\train\train_image\1385.JPG,c:\Users\PeaceD_Dung\Documents\Khóa luận\dataset\dataset\OTU_2D\train\train_label\label\1385.PNG
OTU_2D_train,1386,959x531,959x531,MATCHED,c:\Users\PeaceD_Dung\Documents\Khóa luận\dataset\dataset\OTU_2D\train\train_image\1386.JPG,c:\Users\PeaceD_Dung\Documents\Khóa luận\dataset\dataset\OTU_2D\train\train_label\label\1386.PNG
OTU_2D_train,1387,480x536,480x536,MATCHED,c:\Users\PeaceD_Dung\Documents\Khóa luận\dataset\dataset\OTU_2D\train\train_image\1387.JPG,c:\Users\PeaceD_Dung\Documents\Khóa luận\dataset\dataset\OTU_2D\train\train_label\label\1387.PNG
OTU_2D_train,139,958x533,958x533,MATCHED,c:\Users\PeaceD_Dung\Documents\Khóa luận\dataset\dataset\OTU_2D\train\train_image\139.JPG,c:\Users\PeaceD_Dung\Documents\Khóa luận\dataset\dataset\OTU_2D\train\train_label\label\139.PNG
OTU_2D_train,1391,481x529,481x529,MATCHED,c:\Users\PeaceD_Dung\Documents\Khóa luận\dataset\dataset\OTU_2D\train\train_image\1391.JPG,c:\Users\PeaceD_Dung\Documents\Khóa luận\dataset\dataset\OTU_2D\train\train_label\label\1391.PNG
OTU_2D_train,1392,483x533,483x533,MATCHED,c:\Users\PeaceD_Dung\Documents\Khóa luận\dataset\dataset\OTU_2D\train\train_image\1392.JPG,c:\Users\PeaceD_Dung\Documents\Khóa luận\dataset\dataset\OTU_2D\train\train_label\label\1392.PNG
OTU_2D_train,1395,568x596,568x596,MATCHED,c:\Users\PeaceD_Dung\Documents\Khóa luận\dataset\dataset\OTU_2D\train\train_image\1395.JPG,c:\Users\PeaceD_Dung\Documents\Khóa luận\dataset\dataset\OTU_2D\train\train_label\label\1395.PNG
OTU_2D_train,1396,568x595,568x595,MATCHED,c:\Users\PeaceD_Dung\Documents\Khóa luận\dataset\dataset\OTU_2D\train\train_image\1396.JPG,c:\Users\PeaceD_Dung\Documents\Khóa luận\dataset\dataset\OTU_2D\train\train_label\label\1396.PNG
OTU_2D_train,14,959x532,959x532,MATCHED,c:\Users\PeaceD_Dung\Documents\Khóa luận\dataset\dataset\OTU_2D\train\train_image\14.JPG,c:\Users\PeaceD_Dung\Documents\Khóa luận\dataset\dataset\OTU_2D\train\train_label\label\14.PNG
OTU_2D_train,140,835x607,835x607,MATCHED,c:\Users\PeaceD_Dung\Documents\Khóa luận\dataset\dataset\OTU_2D\train\train_image\140.JPG,c:\Users\PeaceD_Dung\Documents\Khóa luận\dataset\dataset\OTU_2D\train\train_label\label\140.PNG
OTU_2D_train,1400,483x538,483x538,MATCHED,c:\Users\PeaceD_Dung\Documents\Khóa luận\dataset\dataset\OTU_2D\train\train_image\1400.JPG,c:\Users\PeaceD_Dung\Documents\Khóa luận\dataset\dataset\OTU_2D\train\train_label\label\1400.PNG
OTU_2D_train,1402,958x535,958x535,MATCHED,c:\Users\PeaceD_Dung\Documents\Khóa luận\dataset\dataset\OTU_2D\train\train_image\1402.JPG,c:\Users\PeaceD_Dung\Documents\Khóa luận\dataset\dataset\OTU_2D\train\train_label\label\1402.PNG
OTU_2D_train,1408,960x533,960x533,MATCHED,c:\Users\PeaceD_Dung\Documents\Khóa luận\dataset\dataset\OTU_2D\train\train_image\1408.JPG,c:\Users\PeaceD_Dung\Documents\Khóa luận\dataset\dataset\OTU_2D\train\train_label\label\1408.PNG
OTU_2D_train,1409,959x539,959x539,MATCHED,c:\Users\PeaceD_Dung\Documents\Khóa luận\dataset\dataset\OTU_2D\train\train_image\1409.JPG,c:\Users\PeaceD_Dung\Documents\Khóa luận\dataset\dataset\OTU_2D\train\train_label\label\1409.PNG
OTU_2D_train,1412,958x535,958x535,MATCHED,c:\Users\PeaceD_Dung\Documents\Khóa luận\dataset\dataset\OTU_2D\train\train_image\1412.JPG,c:\Users\PeaceD_Dung\Documents\Khóa luận\dataset\dataset\OTU_2D\train\train_label\label\1412.PNG
OTU_2D_train,1414,958x539,958x539,MATCHED,c:\Users\PeaceD_Dung\Documents\Khóa luận\dataset\dataset\OTU_2D\train\train_image\1414.JPG,c:\Users\PeaceD_Dung\Documents\Khóa luận\dataset\dataset\OTU_2D\train\train_label\label\1414.PNG
OTU_2D_train,1415,486x272,486x272,MATCHED,c:\Users\PeaceD_Dung\Documents\Khóa luận\dataset\dataset\OTU_2D\train\train_image\1415.JPG,c:\Users\PeaceD_Dung\Documents\Khóa luận\dataset\dataset\OTU_2D\train\train_label\label\1415.PNG
OTU_2D_train,1417,1071x633,1071x633,MATCHED,c:\Users\PeaceD_Dung\Documents\Khóa luận\dataset\dataset\OTU_2D\train\train_image\1417.JPG,c:\Users\PeaceD_Dung\Documents\Khóa luận\dataset\dataset\OTU_2D\train\train_label\label\1417.PNG
OTU_2D_train,1418,551x618,551x618,MATCHED,c:\Users\PeaceD_Dung\Documents\Khóa luận\dataset\dataset\OTU_2D\train\train_image\1418.JPG,c:\Users\PeaceD_Dung\Documents\Khóa luận\dataset\dataset\OTU_2D\train\train_label\label\1418.PNG
OTU_2D_train,1419,550x645,550x645,MATCHED,c:\Users\PeaceD_Dung\Documents\Khóa luận\dataset\dataset\OTU_2D\train\train_image\1419.JPG,c:\Users\PeaceD_Dung\Documents\Khóa luận\dataset\dataset\OTU_2D\train\train_label\label\1419.PNG
OTU_2D_train,1420,1106x607,1106x607,MATCHED,c:\Users\PeaceD_Dung\Documents\Khóa luận\dataset\dataset\OTU_2D\train\train_image\1420.JPG,c:\Users\PeaceD_Dung\Documents\Khóa luận\dataset\dataset\OTU_2D\train\train_label\label\1420.PNG
OTU_2D_train,1421,1103x611,1103x611,MATCHED,c:\Users\PeaceD_Dung\Documents\Khóa luận\dataset\dataset\OTU_2D\train\train_image\1421.JPG,c:\Users\PeaceD_Dung\Documents\Khóa luận\dataset\dataset\OTU_2D\train\train_label\label\1421.PNG
OTU_2D_train,1422,913x732,913x732,MATCHED,c:\Users\PeaceD_Dung\Documents\Khóa luận\dataset\dataset\OTU_2D\train\train_image\1422.JPG,c:\Users\PeaceD_Dung\Documents\Khóa luận\dataset\dataset\OTU_2D\train\train_label\label\1422.PNG
OTU_2D_train,1423,1071x652,1071x652,MATCHED,c:\Users\PeaceD_Dung\Documents\Khóa luận\dataset\dataset\OTU_2D\train\train_image\1423.JPG,c:\Users\PeaceD_Dung\Documents\Khóa luận\dataset\dataset\OTU_2D\train\train_label\label\1423.PNG
OTU_2D_train,1424,959x531,959x531,MATCHED,c:\Users\PeaceD_Dung\Documents\Khóa luận\dataset\dataset\OTU_2D\train\train_image\1424.JPG,c:\Users\PeaceD_Dung\Documents\Khóa luận\dataset\dataset\OTU_2D\train\train_label\label\1424.PNG
OTU_2D_train,1425,959x537,959x537,MATCHED,c:\Users\PeaceD_Dung\Documents\Khóa luận\dataset\dataset\OTU_2D\train\train_image\1425.JPG,c:\Users\PeaceD_Dung\Documents\Khóa luận\dataset\dataset\OTU_2D\train\train_label\label\1425.PNG
OTU_2D_train,1426,958x535,958x535,MATCHED,c:\Users\PeaceD_Dung\Documents\Khóa luận\dataset\dataset\OTU_2D\train\train_image\1426.JPG,c:\Users\PeaceD_Dung\Documents\Khóa luận\dataset\dataset\OTU_2D\train\train_label\label\1426.PNG
OTU_2D_train,1428,959x536,959x536,MATCHED,c:\Users\PeaceD_Dung\Documents\Khóa luận\dataset\dataset\OTU_2D\train\train_image\1428.JPG,c:\Users\PeaceD_Dung\Documents\Khóa luận\dataset\dataset\OTU_2D\train\train_label\label\1428.PNG
OTU_2D_train,1429,1102x566,1102x566,MATCHED,c:\Users\PeaceD_Dung\Documents\Khóa luận\dataset\dataset\OTU_2D\train\train_image\1429.JPG,c:\Users\PeaceD_Dung\Documents\Khóa luận\dataset\dataset\OTU_2D\train\train_label\label\1429.PNG
OTU_2D_train,1431,1106x566,1106x566,MATCHED,c:\Users\PeaceD_Dung\Documents\Khóa luận\dataset\dataset\OTU_2D\train\train_image\1431.JPG,c:\Users\PeaceD_Dung\Documents\Khóa luận\dataset\dataset\OTU_2D\train\train_label\label\1431.PNG
OTU_2D_train,1433,479x534,479x534,MATCHED,c:\Users\PeaceD_Dung\Documents\Khóa luận\dataset\dataset\OTU_2D\train\train_image\1433.JPG,c:\Users\PeaceD_Dung\Documents\Khóa luận\dataset\dataset\OTU_2D\train\train_label\label\1433.PNG
OTU_2D_train,1434,480x532,480x532,MATCHED,c:\Users\PeaceD_Dung\Documents\Khóa luận\dataset\dataset\OTU_2D\train\train_image\1434.JPG,c:\Users\PeaceD_Dung\Documents\Khóa luận\dataset\dataset\OTU_2D\train\train_label\label\1434.PNG
OTU_2D_train,1436,483x540,483x540,MATCHED,c:\Users\PeaceD_Dung\Documents\Khóa luận\dataset\dataset\OTU_2D\train\train_image\1436.JPG,c:\Users\PeaceD_Dung\Documents\Khóa luận\dataset\dataset\OTU_2D\train\train_label\label\1436.PNG
OTU_2D_train,1437,958x543,958x543,MATCHED,c:\Users\PeaceD_Dung\Documents\Khóa luận\dataset\dataset\OTU_2D\train\train_image\1437.JPG,c:\Users\PeaceD_Dung\Documents\Khóa luận\dataset\dataset\OTU_2D\train\train_label\label\1437.PNG
OTU_2D_train,1438,483x552,483x552,MATCHED,c:\Users\PeaceD_Dung\Documents\Khóa luận\dataset\dataset\OTU_2D\train\train_image\1438.JPG,c:\Users\PeaceD_Dung\Documents\Khóa luận\dataset\dataset\OTU_2D\train\train_label\label\1438.PNG
OTU_2D_train,1439,958x539,958x539,MATCHED,c:\Users\PeaceD_Dung\Documents\Khóa luận\dataset\dataset\OTU_2D\train\train_image\1439.JPG,c:\Users\PeaceD_Dung\Documents\Khóa luận\dataset\dataset\OTU_2D\train\train_label\label\1439.PNG
OTU_2D_train,1441,960x528,960x528,MATCHED,c:\Users\PeaceD_Dung\Documents\Khóa luận\dataset\dataset\OTU_2D\train\train_image\1441.JPG,c:\Users\PeaceD_Dung\Documents\Khóa luận\dataset\dataset\OTU_2D\train\train_label\label\1441.PNG
OTU_2D_train,1442,961x522,961x522,MATCHED,c:\Users\PeaceD_Dung\Documents\Khóa luận\dataset\dataset\OTU_2D\train\train_image\1442.JPG,c:\Users\PeaceD_Dung\Documents\Khóa luận\dataset\dataset\OTU_2D\train\train_label\label\1442.PNG
OTU_2D_train,1443,961x525,961x525,MATCHED,c:\Users\PeaceD_Dung\Documents\Khóa luận\dataset\dataset\OTU_2D\train\train_image\1443.JPG,c:\Users\PeaceD_Dung\Documents\Khóa luận\dataset\dataset\OTU_2D\train\train_label\label\1443.PNG
OTU_2D_train,1445,1133x583,1133x583,MATCHED,c:\Users\PeaceD_Dung\Documents\Khóa luận\dataset\dataset\OTU_2D\train\train_image\1445.JPG,c:\Users\PeaceD_Dung\Documents\Khóa luận\dataset\dataset\OTU_2D\train\train_label\label\1445.PNG
OTU_2D_train,1446,565x582,565x582,MATCHED,c:\Users\PeaceD_Dung\Documents\Khóa luận\dataset\dataset\OTU_2D\train\train_image\1446.JPG,c:\Users\PeaceD_Dung\Documents\Khóa luận\dataset\dataset\OTU_2D\train\train_label\label\1446.PNG
OTU_2D_train,1447,567x591,567x591,MATCHED,c:\Users\PeaceD_Dung\Documents\Khóa luận\dataset\dataset\OTU_2D\train\train_image\1447.JPG,c:\Users\PeaceD_Dung\Documents\Khóa luận\dataset\dataset\OTU_2D\train\train_label\label\1447.PNG
OTU_2D_train,1448,478x557,478x557,MATCHED,c:\Users\PeaceD_Dung\Documents\Khóa luận\dataset\dataset\OTU_2D\train\train_image\1448.JPG,c:\Users\PeaceD_Dung\Documents\Khóa luận\dataset\dataset\OTU_2D\train\train_label\label\1448.PNG
OTU_2D_train,1449,479x551,479x551,MATCHED,c:\Users\PeaceD_Dung\Documents\Khóa luận\dataset\dataset\OTU_2D\train\train_image\1449.JPG,c:\Users\PeaceD_Dung\Documents\Khóa luận\dataset\dataset\OTU_2D\train\train_label\label\1449.PNG
OTU_2D_train,1450,482x556,482x556,MATCHED,c:\Users\PeaceD_Dung\Documents\Khóa luận\dataset\dataset\OTU_2D\train\train_image\1450.JPG,c:\Users\PeaceD_Dung\Documents\Khóa luận\dataset\dataset\OTU_2D\train\train_label\label\1450.PNG
OTU_2D_train,1451,962x528,962x528,MATCHED,c:\Users\PeaceD_Dung\Documents\Khóa luận\dataset\dataset\OTU_2D\train\train_image\1451.JPG,c:\Users\PeaceD_Dung\Documents\Khóa luận\dataset\dataset\OTU_2D\train\train_label\label\1451.PNG
OTU_2D_train,1452,958x527,958x527,MATCHED,c:\Users\PeaceD_Dung\Documents\Khóa luận\dataset\dataset\OTU_2D\train\train_image\1452.JPG,c:\Users\PeaceD_Dung\Documents\Khóa luận\dataset\dataset\OTU_2D\train\train_label\label\1452.PNG
OTU_2D_train,1453,953x523,953x523,MATCHED,c:\Users\PeaceD_Dung\Documents\Khóa luận\dataset\dataset\OTU_2D\train\train_image\1453.JPG,c:\Users\PeaceD_Dung\Documents\Khóa luận\dataset\dataset\OTU_2D\train\train_label\label\1453.PNG
OTU_2D_train,1455,959x530,959x530,MATCHED,c:\Users\PeaceD_Dung\Documents\Khóa luận\dataset\dataset\OTU_2D\train\train_image\1455.JPG,c:\Users\PeaceD_Dung\Documents\Khóa luận\dataset\dataset\OTU_2D\train\train_label\label\1455.PNG
OTU_2D_train,1456,953x530,953x530,MATCHED,c:\Users\PeaceD_Dung\Documents\Khóa luận\dataset\dataset\OTU_2D\train\train_image\1456.JPG,c:\Users\PeaceD_Dung\Documents\Khóa luận\dataset\dataset\OTU_2D\train\train_label\label\1456.PNG
OTU_2D_train,1457,956x524,956x524,MATCHED,c:\Users\PeaceD_Dung\Documents\Khóa luận\dataset\dataset\OTU_2D\train\train_image\1457.JPG,c:\Users\PeaceD_Dung\Documents\Khóa luận\dataset\dataset\OTU_2D\train\train_label\label\1457.PNG
OTU_2D_train,1459,957x529,957x529,MATCHED,c:\Users\PeaceD_Dung\Documents\Khóa luận\dataset\dataset\OTU_2D\train\train_image\1459.JPG,c:\Users\PeaceD_Dung\Documents\Khóa luận\dataset\dataset\OTU_2D\train\train_label\label\1459.PNG
OTU_2D_train,1462,1113x565,1113x565,MATCHED,c:\Users\PeaceD_Dung\Documents\Khóa luận\dataset\dataset\OTU_2D\train\train_image\1462.JPG,c:\Users\PeaceD_Dung\Documents\Khóa luận\dataset\dataset\OTU_2D\train\train_label\label\1462.PNG
OTU_2D_train,1463,646x329,646x329,MATCHED,c:\Users\PeaceD_Dung\Documents\Khóa luận\dataset\dataset\OTU_2D\train\train_image\1463.JPG,c:\Users\PeaceD_Dung\Documents\Khóa luận\dataset\dataset\OTU_2D\train\train_label\label\1463.PNG
OTU_2D_train,1465,958x535,958x535,MATCHED,c:\Users\PeaceD_Dung\Documents\Khóa luận\dataset\dataset\OTU_2D\train\train_image\1465.JPG,c:\Users\PeaceD_Dung\Documents\Khóa luận\dataset\dataset\OTU_2D\train\train_label\label\1465.PNG
OTU_2D_train,147,1104x573,1104x573,MATCHED,c:\Users\PeaceD_Dung\Documents\Khóa luận\dataset\dataset\OTU_2D\train\train_image\147.JPG,c:\Users\PeaceD_Dung\Documents\Khóa luận\dataset\dataset\OTU_2D\train\train_label\label\147.PNG
OTU_2D_train,150,959x533,959x533,MATCHED,c:\Users\PeaceD_Dung\Documents\Khóa luận\dataset\dataset\OTU_2D\train\train_image\150.JPG,c:\Users\PeaceD_Dung\Documents\Khóa luận\dataset\dataset\OTU_2D\train\train_label\label\150.PNG
OTU_2D_train,151,958x531,958x531,MATCHED,c:\Users\PeaceD_Dung\Documents\Khóa luận\dataset\dataset\OTU_2D\train\train_image\151.JPG,c:\Users\PeaceD_Dung\Documents\Khóa luận\dataset\dataset\OTU_2D\train\train_label\label\151.PNG
OTU_2D_train,153,1104x565,1104x565,MATCHED,c:\Users\PeaceD_Dung\Documents\Khóa luận\dataset\dataset\OTU_2D\train\train_image\153.JPG,c:\Users\PeaceD_Dung\Documents\Khóa luận\dataset\dataset\OTU_2D\train\train_label\label\153.PNG
OTU_2D_train,160,484x533,484x533,MATCHED,c:\Users\PeaceD_Dung\Documents\Khóa luận\dataset\dataset\OTU_2D\train\train_image\160.JPG,c:\Users\PeaceD_Dung\Documents\Khóa luận\dataset\dataset\OTU_2D\train\train_label\label\160.PNG
OTU_2D_train,161,957x531,957x531,MATCHED,c:\Users\PeaceD_Dung\Documents\Khóa luận\dataset\dataset\OTU_2D\train\train_image\161.JPG,c:\Users\PeaceD_Dung\Documents\Khóa luận\dataset\dataset\OTU_2D\train\train_label\label\161.PNG
OTU_2D_train,166,480x537,480x537,MATCHED,c:\Users\PeaceD_Dung\Documents\Khóa luận\dataset\dataset\OTU_2D\train\train_image\166.JPG,c:\Users\PeaceD_Dung\Documents\Khóa luận\dataset\dataset\OTU_2D\train\train_label\label\166.PNG
OTU_2D_train,167,479x534,479x534,MATCHED,c:\Users\PeaceD_Dung\Documents\Khóa luận\dataset\dataset\OTU_2D\train\train_image\167.JPG,c:\Users\PeaceD_Dung\Documents\Khóa luận\dataset\dataset\OTU_2D\train\train_label\label\167.PNG
OTU_2D_train,169,480x534,480x534,MATCHED,c:\Users\PeaceD_Dung\Documents\Khóa luận\dataset\dataset\OTU_2D\train\train_image\169.JPG,c:\Users\PeaceD_Dung\Documents\Khóa luận\dataset\dataset\OTU_2D\train\train_label\label\169.PNG
OTU_2D_train,17,959x536,959x536,MATCHED,c:\Users\PeaceD_Dung\Documents\Khóa luận\dataset\dataset\OTU_2D\train\train_image\17.JPG,c:\Users\PeaceD_Dung\Documents\Khóa luận\dataset\dataset\OTU_2D\train\train_label\label\17.PNG
OTU_2D_train,171,958x535,958x535,MATCHED,c:\Users\PeaceD_Dung\Documents\Khóa luận\dataset\dataset\OTU_2D\train\train_image\171.JPG,c:\Users\PeaceD_Dung\Documents\Khóa luận\dataset\dataset\OTU_2D\train\train_label\label\171.PNG
OTU_2D_train,172,958x534,958x534,MATCHED,c:\Users\PeaceD_Dung\Documents\Khóa luận\dataset\dataset\OTU_2D\train\train_image\172.JPG,c:\Users\PeaceD_Dung\Documents\Khóa luận\dataset\dataset\OTU_2D\train\train_label\label\172.PNG
OTU_2D_train,173,958x533,958x533,MATCHED,c:\Users\PeaceD_Dung\Documents\Khóa luận\dataset\dataset\OTU_2D\train\train_image\173.JPG,c:\Users\PeaceD_Dung\Documents\Khóa luận\dataset\dataset\OTU_2D\train\train_label\label\173.PNG
OTU_2D_train,174,478x534,478x534,MATCHED,c:\Users\PeaceD_Dung\Documents\Khóa luận\dataset\dataset\OTU_2D\train\train_image\174.JPG,c:\Users\PeaceD_Dung\Documents\Khóa luận\dataset\dataset\OTU_2D\train\train_label\label\174.PNG
OTU_2D_train,178,958x535,958x535,MATCHED,c:\Users\PeaceD_Dung\Documents\Khóa luận\dataset\dataset\OTU_2D\train\train_image\178.JPG,c:\Users\PeaceD_Dung\Documents\Khóa luận\dataset\dataset\OTU_2D\train\train_label\label\178.PNG
OTU_2D_train,18,958x533,958x533,MATCHED,c:\Users\PeaceD_Dung\Documents\Khóa luận\dataset\dataset\OTU_2D\train\train_image\18.JPG,c:\Users\PeaceD_Dung\Documents\Khóa luận\dataset\dataset\OTU_2D\train\train_label\label\18.PNG
OTU_2D_train,182,958x535,958x535,MATCHED,c:\Users\PeaceD_Dung\Documents\Khóa luận\dataset\dataset\OTU_2D\train\train_image\182.JPG,c:\Users\PeaceD_Dung\Documents\Khóa luận\dataset\dataset\OTU_2D\train\train_label\label\182.PNG
OTU_2D_train,183,958x532,958x532,MATCHED,c:\Users\PeaceD_Dung\Documents\Khóa luận\dataset\dataset\OTU_2D\train\train_image\183.JPG,c:\Users\PeaceD_Dung\Documents\Khóa luận\dataset\dataset\OTU_2D\train\train_label\label\183.PNG
OTU_2D_train,188,959x532,959x532,MATCHED,c:\Users\PeaceD_Dung\Documents\Khóa luận\dataset\dataset\OTU_2D\train\train_image\188.JPG,c:\Users\PeaceD_Dung\Documents\Khóa luận\dataset\dataset\OTU_2D\train\train_label\label\188.PNG
OTU_2D_train,189,959x532,959x532,MATCHED,c:\Users\PeaceD_Dung\Documents\Khóa luận\dataset\dataset\OTU_2D\train\train_image\189.JPG,c:\Users\PeaceD_Dung\Documents\Khóa luận\dataset\dataset\OTU_2D\train\train_label\label\189.PNG
OTU_2D_train,19,958x534,958x534,MATCHED,c:\Users\PeaceD_Dung\Documents\Khóa luận\dataset\dataset\OTU_2D\train\train_image\19.JPG,c:\Users\PeaceD_Dung\Documents\Khóa luận\dataset\dataset\OTU_2D\train\train_label\label\19.PNG
OTU_2D_train,190,479x534,479x534,MATCHED,c:\Users\PeaceD_Dung\Documents\Khóa luận\dataset\dataset\OTU_2D\train\train_image\190.JPG,c:\Users\PeaceD_Dung\Documents\Khóa luận\dataset\dataset\OTU_2D\train\train_label\label\190.PNG
OTU_2D_train,192,480x532,480x532,MATCHED,c:\Users\PeaceD_Dung\Documents\Khóa luận\dataset\dataset\OTU_2D\train\train_image\192.JPG,c:\Users\PeaceD_Dung\Documents\Khóa luận\dataset\dataset\OTU_2D\train\train_label\label\192.PNG
OTU_2D_train,194,479x531,479x531,MATCHED,c:\Users\PeaceD_Dung\Documents\Khóa luận\dataset\dataset\OTU_2D\train\train_image\194.JPG,c:\Users\PeaceD_Dung\Documents\Khóa luận\dataset\dataset\OTU_2D\train\train_label\label\194.PNG
OTU_2D_train,195,480x532,480x532,MATCHED,c:\Users\PeaceD_Dung\Documents\Khóa luận\dataset\dataset\OTU_2D\train\train_image\195.JPG,c:\Users\PeaceD_Dung\Documents\Khóa luận\dataset\dataset\OTU_2D\train\train_label\label\195.PNG
OTU_2D_train,196,479x535,479x535,MATCHED,c:\Users\PeaceD_Dung\Documents\Khóa luận\dataset\dataset\OTU_2D\train\train_image\196.JPG,c:\Users\PeaceD_Dung\Documents\Khóa luận\dataset\dataset\OTU_2D\train\train_label\label\196.PNG
OTU_2D_train,197,959x534,959x534,MATCHED,c:\Users\PeaceD_Dung\Documents\Khóa luận\dataset\dataset\OTU_2D\train\train_image\197.JPG,c:\Users\PeaceD_Dung\Documents\Khóa luận\dataset\dataset\OTU_2D\train\train_label\label\197.PNG
OTU_2D_train,198,959x534,959x534,MATCHED,c:\Users\PeaceD_Dung\Documents\Khóa luận\dataset\dataset\OTU_2D\train\train_image\198.JPG,c:\Users\PeaceD_Dung\Documents\Khóa luận\dataset\dataset\OTU_2D\train\train_label\label\198.PNG
OTU_2D_train,199,479x533,479x533,MATCHED,c:\Users\PeaceD_Dung\Documents\Khóa luận\dataset\dataset\OTU_2D\train\train_image\199.JPG,c:\Users\PeaceD_Dung\Documents\Khóa luận\dataset\dataset\OTU_2D\train\train_label\label\199.PNG
OTU_2D_train,2,959x536,959x536,MATCHED,c:\Users\PeaceD_Dung\Documents\Khóa luận\dataset\dataset\OTU_2D\train\train_image\2.JPG,c:\Users\PeaceD_Dung\Documents\Khóa luận\dataset\dataset\OTU_2D\train\train_label\label\2.PNG
OTU_2D_train,20,479x531,479x531,MATCHED,c:\Users\PeaceD_Dung\Documents\Khóa luận\dataset\dataset\OTU_2D\train\train_image\20.JPG,c:\Users\PeaceD_Dung\Documents\Khóa luận\dataset\dataset\OTU_2D\train\train_label\label\20.PNG
OTU_2D_train,200,480x531,480x531,MATCHED,c:\Users\PeaceD_Dung\Documents\Khóa luận\dataset\dataset\OTU_2D\train\train_image\200.JPG,c:\Users\PeaceD_Dung\Documents\Khóa luận\dataset\dataset\OTU_2D\train\train_label\label\200.PNG
OTU_2D_train,205,955x661,955x661,MATCHED,c:\Users\PeaceD_Dung\Documents\Khóa luận\dataset\dataset\OTU_2D\train\train_image\205.JPG,c:\Users\PeaceD_Dung\Documents\Khóa luận\dataset\dataset\OTU_2D\train\train_label\label\205.PNG
OTU_2D_train,207,959x532,959x532,MATCHED,c:\Users\PeaceD_Dung\Documents\Khóa luận\dataset\dataset\OTU_2D\train\train_image\207.JPG,c:\Users\PeaceD_Dung\Documents\Khóa luận\dataset\dataset\OTU_2D\train\train_label\label\207.PNG
OTU_2D_train,208,959x536,959x536,MATCHED,c:\Users\PeaceD_Dung\Documents\Khóa luận\dataset\dataset\OTU_2D\train\train_image\208.JPG,c:\Users\PeaceD_Dung\Documents\Khóa luận\dataset\dataset\OTU_2D\train\train_label\label\208.PNG
OTU_2D_train,209,478x534,478x534,MATCHED,c:\Users\PeaceD_Dung\Documents\Khóa luận\dataset\dataset\OTU_2D\train\train_image\209.JPG,c:\Users\PeaceD_Dung\Documents\Khóa luận\dataset\dataset\OTU_2D\train\train_label\label\209.PNG
OTU_2D_train,211,972x531,972x531,MATCHED,c:\Users\PeaceD_Dung\Documents\Khóa luận\dataset\dataset\OTU_2D\train\train_image\211.JPG,c:\Users\PeaceD_Dung\Documents\Khóa luận\dataset\dataset\OTU_2D\train\train_label\label\211.PNG
OTU_2D_train,212,973x530,973x530,MATCHED,c:\Users\PeaceD_Dung\Documents\Khóa luận\dataset\dataset\OTU_2D\train\train_image\212.JPG,c:\Users\PeaceD_Dung\Documents\Khóa luận\dataset\dataset\OTU_2D\train\train_label\label\212.PNG
OTU_2D_train,213,948x535,948x535,MATCHED,c:\Users\PeaceD_Dung\Documents\Khóa luận\dataset\dataset\OTU_2D\train\train_image\213.JPG,c:\Users\PeaceD_Dung\Documents\Khóa luận\dataset\dataset\OTU_2D\train\train_label\label\213.PNG
OTU_2D_train,214,483x532,483x532,MATCHED,c:\Users\PeaceD_Dung\Documents\Khóa luận\dataset\dataset\OTU_2D\train\train_image\214.JPG,c:\Users\PeaceD_Dung\Documents\Khóa luận\dataset\dataset\OTU_2D\train\train_label\label\214.PNG
OTU_2D_train,215,959x532,959x532,MATCHED,c:\Users\PeaceD_Dung\Documents\Khóa luận\dataset\dataset\OTU_2D\train\train_image\215.JPG,c:\Users\PeaceD_Dung\Documents\Khóa luận\dataset\dataset\OTU_2D\train\train_label\label\215.PNG
OTU_2D_train,218,480x531,480x531,MATCHED,c:\Users\PeaceD_Dung\Documents\Khóa luận\dataset\dataset\OTU_2D\train\train_image\218.JPG,c:\Users\PeaceD_Dung\Documents\Khóa luận\dataset\dataset\OTU_2D\train\train_label\label\218.PNG
OTU_2D_train,219,481x530,481x530,MATCHED,c:\Users\PeaceD_Dung\Documents\Khóa luận\dataset\dataset\OTU_2D\train\train_image\219.JPG,c:\Users\PeaceD_Dung\Documents\Khóa luận\dataset\dataset\OTU_2D\train\train_label\label\219.PNG
OTU_2D_train,22,480x534,480x534,MATCHED,c:\Users\PeaceD_Dung\Documents\Khóa luận\dataset\dataset\OTU_2D\train\train_image\22.JPG,c:\Users\PeaceD_Dung\Documents\Khóa luận\dataset\dataset\OTU_2D\train\train_label\label\22.PNG
OTU_2D_train,223,878x444,878x444,MATCHED,c:\Users\PeaceD_Dung\Documents\Khóa luận\dataset\dataset\OTU_2D\train\train_image\223.JPG,c:\Users\PeaceD_Dung\Documents\Khóa luận\dataset\dataset\OTU_2D\train\train_label\label\223.PNG
OTU_2D_train,224,876x445,876x445,MATCHED,c:\Users\PeaceD_Dung\Documents\Khóa luận\dataset\dataset\OTU_2D\train\train_image\224.JPG,c:\Users\PeaceD_Dung\Documents\Khóa luận\dataset\dataset\OTU_2D\train\train_label\label\224.PNG
OTU_2D_train,226,480x444,480x444,MATCHED,c:\Users\PeaceD_Dung\Documents\Khóa luận\dataset\dataset\OTU_2D\train\train_image\226.JPG,c:\Users\PeaceD_Dung\Documents\Khóa luận\dataset\dataset\OTU_2D\train\train_label\label\226.PNG
OTU_2D_train,23,480x533,480x533,MATCHED,c:\Users\PeaceD_Dung\Documents\Khóa luận\dataset\dataset\OTU_2D\train\train_image\23.JPG,c:\Users\PeaceD_Dung\Documents\Khóa luận\dataset\dataset\OTU_2D\train\train_label\label\23.PNG
OTU_2D_train,232,479x534,479x534,MATCHED,c:\Users\PeaceD_Dung\Documents\Khóa luận\dataset\dataset\OTU_2D\train\train_image\232.JPG,c:\Users\PeaceD_Dung\Documents\Khóa luận\dataset\dataset\OTU_2D\train\train_label\label\232.PNG
OTU_2D_train,233,480x534,480x534,MATCHED,c:\Users\PeaceD_Dung\Documents\Khóa luận\dataset\dataset\OTU_2D\train\train_image\233.JPG,c:\Users\PeaceD_Dung\Documents\Khóa luận\dataset\dataset\OTU_2D\train\train_label\label\233.PNG
OTU_2D_train,235,481x534,481x534,MATCHED,c:\Users\PeaceD_Dung\Documents\Khóa luận\dataset\dataset\OTU_2D\train\train_image\235.JPG,c:\Users\PeaceD_Dung\Documents\Khóa luận\dataset\dataset\OTU_2D\train\train_label\label\235.PNG
OTU_2D_train,236,855x557,855x557,MATCHED,c:\Users\PeaceD_Dung\Documents\Khóa luận\dataset\dataset\OTU_2D\train\train_image\236.JPG,c:\Users\PeaceD_Dung\Documents\Khóa luận\dataset\dataset\OTU_2D\train\train_label\label\236.PNG
OTU_2D_train,238,855x556,855x556,MATCHED,c:\Users\PeaceD_Dung\Documents\Khóa luận\dataset\dataset\OTU_2D\train\train_image\238.JPG,c:\Users\PeaceD_Dung\Documents\Khóa luận\dataset\dataset\OTU_2D\train\train_label\label\238.PNG
OTU_2D_train,239,480x533,480x533,MATCHED,c:\Users\PeaceD_Dung\Documents\Khóa luận\dataset\dataset\OTU_2D\train\train_image\239.JPG,c:\Users\PeaceD_Dung\Documents\Khóa luận\dataset\dataset\OTU_2D\train\train_label\label\239.PNG
OTU_2D_train,24,478x534,478x534,MATCHED,c:\Users\PeaceD_Dung\Documents\Khóa luận\dataset\dataset\OTU_2D\train\train_image\24.JPG,c:\Users\PeaceD_Dung\Documents\Khóa luận\dataset\dataset\OTU_2D\train\train_label\label\24.PNG
OTU_2D_train,241,481x532,481x532,MATCHED,c:\Users\PeaceD_Dung\Documents\Khóa luận\dataset\dataset\OTU_2D\train\train_image\241.JPG,c:\Users\PeaceD_Dung\Documents\Khóa luận\dataset\dataset\OTU_2D\train\train_label\label\241.PNG
OTU_2D_train,25,481x536,481x536,MATCHED,c:\Users\PeaceD_Dung\Documents\Khóa luận\dataset\dataset\OTU_2D\train\train_image\25.JPG,c:\Users\PeaceD_Dung\Documents\Khóa luận\dataset\dataset\OTU_2D\train\train_label\label\25.PNG
OTU_2D_train,250,485x530,485x530,MATCHED,c:\Users\PeaceD_Dung\Documents\Khóa luận\dataset\dataset\OTU_2D\train\train_image\250.JPG,c:\Users\PeaceD_Dung\Documents\Khóa luận\dataset\dataset\OTU_2D\train\train_label\label\250.PNG
OTU_2D_train,251,483x532,483x532,MATCHED,c:\Users\PeaceD_Dung\Documents\Khóa luận\dataset\dataset\OTU_2D\train\train_image\251.JPG,c:\Users\PeaceD_Dung\Documents\Khóa luận\dataset\dataset\OTU_2D\train\train_label\label\251.PNG
OTU_2D_train,252,959x532,959x532,MATCHED,c:\Users\PeaceD_Dung\Documents\Khóa luận\dataset\dataset\OTU_2D\train\train_image\252.JPG,c:\Users\PeaceD_Dung\Documents\Khóa luận\dataset\dataset\OTU_2D\train\train_label\label\252.PNG
OTU_2D_train,259,481x603,481x603,MATCHED,c:\Users\PeaceD_Dung\Documents\Khóa luận\dataset\dataset\OTU_2D\train\train_image\259.JPG,c:\Users\PeaceD_Dung\Documents\Khóa luận\dataset\dataset\OTU_2D\train\train_label\label\259.PNG
OTU_2D_train,260,481x607,481x607,MATCHED,c:\Users\PeaceD_Dung\Documents\Khóa luận\dataset\dataset\OTU_2D\train\train_image\260.JPG,c:\Users\PeaceD_Dung\Documents\Khóa luận\dataset\dataset\OTU_2D\train\train_label\label\260.PNG
OTU_2D_train,262,481x530,481x530,MATCHED,c:\Users\PeaceD_Dung\Documents\Khóa luận\dataset\dataset\OTU_2D\train\train_image\262.JPG,c:\Users\PeaceD_Dung\Documents\Khóa luận\dataset\dataset\OTU_2D\train\train_label\label\262.PNG
OTU_2D_train,263,480x532,480x532,MATCHED,c:\Users\PeaceD_Dung\Documents\Khóa luận\dataset\dataset\OTU_2D\train\train_image\263.JPG,c:\Users\PeaceD_Dung\Documents\Khóa luận\dataset\dataset\OTU_2D\train\train_label\label\263.PNG
OTU_2D_train,272,959x534,959x534,MATCHED,c:\Users\PeaceD_Dung\Documents\Khóa luận\dataset\dataset\OTU_2D\train\train_image\272.JPG,c:\Users\PeaceD_Dung\Documents\Khóa luận\dataset\dataset\OTU_2D\train\train_label\label\272.PNG
OTU_2D_train,273,959x534,959x534,MATCHED,c:\Users\PeaceD_Dung\Documents\Khóa luận\dataset\dataset\OTU_2D\train\train_image\273.JPG,c:\Users\PeaceD_Dung\Documents\Khóa luận\dataset\dataset\OTU_2D\train\train_label\label\273.PNG
OTU_2D_train,276,958x533,958x533,MATCHED,c:\Users\PeaceD_Dung\Documents\Khóa luận\dataset\dataset\OTU_2D\train\train_image\276.JPG,c:\Users\PeaceD_Dung\Documents\Khóa luận\dataset\dataset\OTU_2D\train\train_label\label\276.PNG
OTU_2D_train,277,959x534,959x534,MATCHED,c:\Users\PeaceD_Dung\Documents\Khóa luận\dataset\dataset\OTU_2D\train\train_image\277.JPG,c:\Users\PeaceD_Dung\Documents\Khóa luận\dataset\dataset\OTU_2D\train\train_label\label\277.PNG
OTU_2D_train,278,959x532,959x532,MATCHED,c:\Users\PeaceD_Dung\Documents\Khóa luận\dataset\dataset\OTU_2D\train\train_image\278.JPG,c:\Users\PeaceD_Dung\Documents\Khóa luận\dataset\dataset\OTU_2D\train\train_label\label\278.PNG
OTU_2D_train,279,958x535,958x535,MATCHED,c:\Users\PeaceD_Dung\Documents\Khóa luận\dataset\dataset\OTU_2D\train\train_image\279.JPG,c:\Users\PeaceD_Dung\Documents\Khóa luận\dataset\dataset\OTU_2D\train\train_label\label\279.PNG
OTU_2D_train,28,959x534,959x534,MATCHED,c:\Users\PeaceD_Dung\Documents\Khóa luận\dataset\dataset\OTU_2D\train\train_image\28.JPG,c:\Users\PeaceD_Dung\Documents\Khóa luận\dataset\dataset\OTU_2D\train\train_label\label\28.PNG
OTU_2D_train,280,958x532,958x532,MATCHED,c:\Users\PeaceD_Dung\Documents\Khóa luận\dataset\dataset\OTU_2D\train\train_image\280.JPG,c:\Users\PeaceD_Dung\Documents\Khóa luận\dataset\dataset\OTU_2D\train\train_label\label\280.PNG
OTU_2D_train,282,479x533,479x533,MATCHED,c:\Users\PeaceD_Dung\Documents\Khóa luận\dataset\dataset\OTU_2D\train\train_image\282.JPG,c:\Users\PeaceD_Dung\Documents\Khóa luận\dataset\dataset\OTU_2D\train\train_label\label\282.PNG
OTU_2D_train,283,958x534,958x534,MATCHED,c:\Users\PeaceD_Dung\Documents\Khóa luận\dataset\dataset\OTU_2D\train\train_image\283.JPG,c:\Users\PeaceD_Dung\Documents\Khóa luận\dataset\dataset\OTU_2D\train\train_label\label\283.PNG
OTU_2D_train,286,958x533,958x533,MATCHED,c:\Users\PeaceD_Dung\Documents\Khóa luận\dataset\dataset\OTU_2D\train\train_image\286.JPG,c:\Users\PeaceD_Dung\Documents\Khóa luận\dataset\dataset\OTU_2D\train\train_label\label\286.PNG
OTU_2D_train,287,958x533,958x533,MATCHED,c:\Users\PeaceD_Dung\Documents\Khóa luận\dataset\dataset\OTU_2D\train\train_image\287.JPG,c:\Users\PeaceD_Dung\Documents\Khóa luận\dataset\dataset\OTU_2D\train\train_label\label\287.PNG
OTU_2D_train,289,961x532,961x532,MATCHED,c:\Users\PeaceD_Dung\Documents\Khóa luận\dataset\dataset\OTU_2D\train\train_image\289.JPG,c:\Users\PeaceD_Dung\Documents\Khóa luận\dataset\dataset\OTU_2D\train\train_label\label\289.PNG
OTU_2D_train,29,959x531,959x531,MATCHED,c:\Users\PeaceD_Dung\Documents\Khóa luận\dataset\dataset\OTU_2D\train\train_image\29.JPG,c:\Users\PeaceD_Dung\Documents\Khóa luận\dataset\dataset\OTU_2D\train\train_label\label\29.PNG
OTU_2D_train,290,487x531,487x531,MATCHED,c:\Users\PeaceD_Dung\Documents\Khóa luận\dataset\dataset\OTU_2D\train\train_image\290.JPG,c:\Users\PeaceD_Dung\Documents\Khóa luận\dataset\dataset\OTU_2D\train\train_label\label\290.PNG
OTU_2D_train,291,495x531,495x531,MATCHED,c:\Users\PeaceD_Dung\Documents\Khóa luận\dataset\dataset\OTU_2D\train\train_image\291.JPG,c:\Users\PeaceD_Dung\Documents\Khóa luận\dataset\dataset\OTU_2D\train\train_label\label\291.PNG
OTU_2D_train,293,962x532,962x532,MATCHED,c:\Users\PeaceD_Dung\Documents\Khóa luận\dataset\dataset\OTU_2D\train\train_image\293.JPG,c:\Users\PeaceD_Dung\Documents\Khóa luận\dataset\dataset\OTU_2D\train\train_label\label\293.PNG
OTU_2D_train,294,953x533,953x533,MATCHED,c:\Users\PeaceD_Dung\Documents\Khóa luận\dataset\dataset\OTU_2D\train\train_image\294.JPG,c:\Users\PeaceD_Dung\Documents\Khóa luận\dataset\dataset\OTU_2D\train\train_label\label\294.PNG
OTU_2D_train,297,958x531,958x531,MATCHED,c:\Users\PeaceD_Dung\Documents\Khóa luận\dataset\dataset\OTU_2D\train\train_image\297.JPG,c:\Users\PeaceD_Dung\Documents\Khóa luận\dataset\dataset\OTU_2D\train\train_label\label\297.PNG
OTU_2D_train,298,479x536,479x536,MATCHED,c:\Users\PeaceD_Dung\Documents\Khóa luận\dataset\dataset\OTU_2D\train\train_image\298.JPG,c:\Users\PeaceD_Dung\Documents\Khóa luận\dataset\dataset\OTU_2D\train\train_label\label\298.PNG
OTU_2D_train,30,959x532,959x532,MATCHED,c:\Users\PeaceD_Dung\Documents\Khóa luận\dataset\dataset\OTU_2D\train\train_image\30.JPG,c:\Users\PeaceD_Dung\Documents\Khóa luận\dataset\dataset\OTU_2D\train\train_label\label\30.PNG
OTU_2D_train,300,477x530,477x530,MATCHED,c:\Users\PeaceD_Dung\Documents\Khóa luận\dataset\dataset\OTU_2D\train\train_image\300.JPG,c:\Users\PeaceD_Dung\Documents\Khóa luận\dataset\dataset\OTU_2D\train\train_label\label\300.PNG
OTU_2D_train,302,958x534,958x534,MATCHED,c:\Users\PeaceD_Dung\Documents\Khóa luận\dataset\dataset\OTU_2D\train\train_image\302.JPG,c:\Users\PeaceD_Dung\Documents\Khóa luận\dataset\dataset\OTU_2D\train\train_label\label\302.PNG
OTU_2D_train,303,481x535,481x535,MATCHED,c:\Users\PeaceD_Dung\Documents\Khóa luận\dataset\dataset\OTU_2D\train\train_image\303.JPG,c:\Users\PeaceD_Dung\Documents\Khóa luận\dataset\dataset\OTU_2D\train\train_label\label\303.PNG
OTU_2D_train,304,477x534,477x534,MATCHED,c:\Users\PeaceD_Dung\Documents\Khóa luận\dataset\dataset\OTU_2D\train\train_image\304.JPG,c:\Users\PeaceD_Dung\Documents\Khóa luận\dataset\dataset\OTU_2D\train\train_label\label\304.PNG
OTU_2D_train,305,477x531,477x531,MATCHED,c:\Users\PeaceD_Dung\Documents\Khóa luận\dataset\dataset\OTU_2D\train\train_image\305.JPG,c:\Users\PeaceD_Dung\Documents\Khóa luận\dataset\dataset\OTU_2D\train\train_label\label\305.PNG
OTU_2D_train,307,480x529,480x529,MATCHED,c:\Users\PeaceD_Dung\Documents\Khóa luận\dataset\dataset\OTU_2D\train\train_image\307.JPG,c:\Users\PeaceD_Dung\Documents\Khóa luận\dataset\dataset\OTU_2D\train\train_label\label\307.PNG
OTU_2D_train,308,963x532,963x532,MATCHED,c:\Users\PeaceD_Dung\Documents\Khóa luận\dataset\dataset\OTU_2D\train\train_image\308.JPG,c:\Users\PeaceD_Dung\Documents\Khóa luận\dataset\dataset\OTU_2D\train\train_label\label\308.PNG
OTU_2D_train,309,794x607,794x607,MATCHED,c:\Users\PeaceD_Dung\Documents\Khóa luận\dataset\dataset\OTU_2D\train\train_image\309.JPG,c:\Users\PeaceD_Dung\Documents\Khóa luận\dataset\dataset\OTU_2D\train\train_label\label\309.PNG
OTU_2D_train,31,479x532,479x532,MATCHED,c:\Users\PeaceD_Dung\Documents\Khóa luận\dataset\dataset\OTU_2D\train\train_image\31.JPG,c:\Users\PeaceD_Dung\Documents\Khóa luận\dataset\dataset\OTU_2D\train\train_label\label\31.PNG
OTU_2D_train,310,799x623,799x623,MATCHED,c:\Users\PeaceD_Dung\Documents\Khóa luận\dataset\dataset\OTU_2D\train\train_image\310.JPG,c:\Users\PeaceD_Dung\Documents\Khóa luận\dataset\dataset\OTU_2D\train\train_label\label\310.PNG
OTU_2D_train,311,479x533,479x533,MATCHED,c:\Users\PeaceD_Dung\Documents\Khóa luận\dataset\dataset\OTU_2D\train\train_image\311.JPG,c:\Users\PeaceD_Dung\Documents\Khóa luận\dataset\dataset\OTU_2D\train\train_label\label\311.PNG
OTU_2D_train,312,479x532,479x532,MATCHED,c:\Users\PeaceD_Dung\Documents\Khóa luận\dataset\dataset\OTU_2D\train\train_image\312.JPG,c:\Users\PeaceD_Dung\Documents\Khóa luận\dataset\dataset\OTU_2D\train\train_label\label\312.PNG
OTU_2D_train,314,480x533,480x533,MATCHED,c:\Users\PeaceD_Dung\Documents\Khóa luận\dataset\dataset\OTU_2D\train\train_image\314.JPG,c:\Users\PeaceD_Dung\Documents\Khóa luận\dataset\dataset\OTU_2D\train\train_label\label\314.PNG
OTU_2D_train,317,478x532,478x532,MATCHED,c:\Users\PeaceD_Dung\Documents\Khóa luận\dataset\dataset\OTU_2D\train\train_image\317.JPG,c:\Users\PeaceD_Dung\Documents\Khóa luận\dataset\dataset\OTU_2D\train\train_label\label\317.PNG
OTU_2D_train,318,480x537,480x537,MATCHED,c:\Users\PeaceD_Dung\Documents\Khóa luận\dataset\dataset\OTU_2D\train\train_image\318.JPG,c:\Users\PeaceD_Dung\Documents\Khóa luận\dataset\dataset\OTU_2D\train\train_label\label\318.PNG
OTU_2D_train,319,482x534,482x534,MATCHED,c:\Users\PeaceD_Dung\Documents\Khóa luận\dataset\dataset\OTU_2D\train\train_image\319.JPG,c:\Users\PeaceD_Dung\Documents\Khóa luận\dataset\dataset\OTU_2D\train\train_label\label\319.PNG
OTU_2D_train,32,479x533,479x533,MATCHED,c:\Users\PeaceD_Dung\Documents\Khóa luận\dataset\dataset\OTU_2D\train\train_image\32.JPG,c:\Users\PeaceD_Dung\Documents\Khóa luận\dataset\dataset\OTU_2D\train\train_label\label\32.PNG
OTU_2D_train,320,482x532,482x532,MATCHED,c:\Users\PeaceD_Dung\Documents\Khóa luận\dataset\dataset\OTU_2D\train\train_image\320.JPG,c:\Users\PeaceD_Dung\Documents\Khóa luận\dataset\dataset\OTU_2D\train\train_label\label\320.PNG
OTU_2D_train,321,959x529,959x529,MATCHED,c:\Users\PeaceD_Dung\Documents\Khóa luận\dataset\dataset\OTU_2D\train\train_image\321.JPG,c:\Users\PeaceD_Dung\Documents\Khóa luận\dataset\dataset\OTU_2D\train\train_label\label\321.PNG
OTU_2D_train,324,958x532,958x532,MATCHED,c:\Users\PeaceD_Dung\Documents\Khóa luận\dataset\dataset\OTU_2D\train\train_image\324.JPG,c:\Users\PeaceD_Dung\Documents\Khóa luận\dataset\dataset\OTU_2D\train\train_label\label\324.PNG
OTU_2D_train,327,959x533,959x533,MATCHED,c:\Users\PeaceD_Dung\Documents\Khóa luận\dataset\dataset\OTU_2D\train\train_image\327.JPG,c:\Users\PeaceD_Dung\Documents\Khóa luận\dataset\dataset\OTU_2D\train\train_label\label\327.PNG
OTU_2D_train,328,1105x569,1105x569,MATCHED,c:\Users\PeaceD_Dung\Documents\Khóa luận\dataset\dataset\OTU_2D\train\train_image\328.JPG,c:\Users\PeaceD_Dung\Documents\Khóa luận\dataset\dataset\OTU_2D\train\train_label\label\328.PNG
OTU_2D_train,329,1104x569,1104x569,MATCHED,c:\Users\PeaceD_Dung\Documents\Khóa luận\dataset\dataset\OTU_2D\train\train_image\329.JPG,c:\Users\PeaceD_Dung\Documents\Khóa luận\dataset\dataset\OTU_2D\train\train_label\label\329.PNG
OTU_2D_train,33,959x534,959x534,MATCHED,c:\Users\PeaceD_Dung\Documents\Khóa luận\dataset\dataset\OTU_2D\train\train_image\33.JPG,c:\Users\PeaceD_Dung\Documents\Khóa luận\dataset\dataset\OTU_2D\train\train_label\label\33.PNG
OTU_2D_train,330,1102x568,1102x568,MATCHED,c:\Users\PeaceD_Dung\Documents\Khóa luận\dataset\dataset\OTU_2D\train\train_image\330.JPG,c:\Users\PeaceD_Dung\Documents\Khóa luận\dataset\dataset\OTU_2D\train\train_label\label\330.PNG
OTU_2D_train,332,555x549,555x549,MATCHED,c:\Users\PeaceD_Dung\Documents\Khóa luận\dataset\dataset\OTU_2D\train\train_image\332.JPG,c:\Users\PeaceD_Dung\Documents\Khóa luận\dataset\dataset\OTU_2D\train\train_label\label\332.PNG
OTU_2D_train,334,1103x565,1103x565,MATCHED,c:\Users\PeaceD_Dung\Documents\Khóa luận\dataset\dataset\OTU_2D\train\train_image\334.JPG,c:\Users\PeaceD_Dung\Documents\Khóa luận\dataset\dataset\OTU_2D\train\train_label\label\334.PNG
OTU_2D_train,335,1135x590,1135x590,MATCHED,c:\Users\PeaceD_Dung\Documents\Khóa luận\dataset\dataset\OTU_2D\train\train_image\335.JPG,c:\Users\PeaceD_Dung\Documents\Khóa luận\dataset\dataset\OTU_2D\train\train_label\label\335.PNG
OTU_2D_train,337,801x619,801x619,MATCHED,c:\Users\PeaceD_Dung\Documents\Khóa luận\dataset\dataset\OTU_2D\train\train_image\337.JPG,c:\Users\PeaceD_Dung\Documents\Khóa luận\dataset\dataset\OTU_2D\train\train_label\label\337.PNG
OTU_2D_train,338,567x590,567x590,MATCHED,c:\Users\PeaceD_Dung\Documents\Khóa luận\dataset\dataset\OTU_2D\train\train_image\338.JPG,c:\Users\PeaceD_Dung\Documents\Khóa luận\dataset\dataset\OTU_2D\train\train_label\label\338.PNG
OTU_2D_train,34,479x532,479x532,MATCHED,c:\Users\PeaceD_Dung\Documents\Khóa luận\dataset\dataset\OTU_2D\train\train_image\34.JPG,c:\Users\PeaceD_Dung\Documents\Khóa luận\dataset\dataset\OTU_2D\train\train_label\label\34.PNG
OTU_2D_train,340,569x587,569x587,MATCHED,c:\Users\PeaceD_Dung\Documents\Khóa luận\dataset\dataset\OTU_2D\train\train_image\340.JPG,c:\Users\PeaceD_Dung\Documents\Khóa luận\dataset\dataset\OTU_2D\train\train_label\label\340.PNG
OTU_2D_train,341,566x592,566x592,MATCHED,c:\Users\PeaceD_Dung\Documents\Khóa luận\dataset\dataset\OTU_2D\train\train_image\341.JPG,c:\Users\PeaceD_Dung\Documents\Khóa luận\dataset\dataset\OTU_2D\train\train_label\label\341.PNG
OTU_2D_train,342,569x590,569x590,MATCHED,c:\Users\PeaceD_Dung\Documents\Khóa luận\dataset\dataset\OTU_2D\train\train_image\342.JPG,c:\Users\PeaceD_Dung\Documents\Khóa luận\dataset\dataset\OTU_2D\train\train_label\label\342.PNG
OTU_2D_train,343,958x531,958x531,MATCHED,c:\Users\PeaceD_Dung\Documents\Khóa luận\dataset\dataset\OTU_2D\train\train_image\343.JPG,c:\Users\PeaceD_Dung\Documents\Khóa luận\dataset\dataset\OTU_2D\train\train_label\label\343.PNG
OTU_2D_train,346,958x535,958x535,MATCHED,c:\Users\PeaceD_Dung\Documents\Khóa luận\dataset\dataset\OTU_2D\train\train_image\346.JPG,c:\Users\PeaceD_Dung\Documents\Khóa luận\dataset\dataset\OTU_2D\train\train_label\label\346.PNG
OTU_2D_train,347,828x609,828x609,MATCHED,c:\Users\PeaceD_Dung\Documents\Khóa luận\dataset\dataset\OTU_2D\train\train_image\347.JPG,c:\Users\PeaceD_Dung\Documents\Khóa luận\dataset\dataset\OTU_2D\train\train_label\label\347.PNG
OTU_2D_train,348,478x604,478x604,MATCHED,c:\Users\PeaceD_Dung\Documents\Khóa luận\dataset\dataset\OTU_2D\train\train_image\348.JPG,c:\Users\PeaceD_Dung\Documents\Khóa luận\dataset\dataset\OTU_2D\train\train_label\label\348.PNG
OTU_2D_train,349,476x600,476x600,MATCHED,c:\Users\PeaceD_Dung\Documents\Khóa luận\dataset\dataset\OTU_2D\train\train_image\349.JPG,c:\Users\PeaceD_Dung\Documents\Khóa luận\dataset\dataset\OTU_2D\train\train_label\label\349.PNG
OTU_2D_train,35,480x535,480x535,MATCHED,c:\Users\PeaceD_Dung\Documents\Khóa luận\dataset\dataset\OTU_2D\train\train_image\35.JPG,c:\Users\PeaceD_Dung\Documents\Khóa luận\dataset\dataset\OTU_2D\train\train_label\label\35.PNG
OTU_2D_train,351,473x601,473x601,MATCHED,c:\Users\PeaceD_Dung\Documents\Khóa luận\dataset\dataset\OTU_2D\train\train_image\351.JPG,c:\Users\PeaceD_Dung\Documents\Khóa luận\dataset\dataset\OTU_2D\train\train_label\label\351.PNG
OTU_2D_train,353,958x537,958x537,MATCHED,c:\Users\PeaceD_Dung\Documents\Khóa luận\dataset\dataset\OTU_2D\train\train_image\353.JPG,c:\Users\PeaceD_Dung\Documents\Khóa luận\dataset\dataset\OTU_2D\train\train_label\label\353.PNG
OTU_2D_train,355,958x537,958x537,MATCHED,c:\Users\PeaceD_Dung\Documents\Khóa luận\dataset\dataset\OTU_2D\train\train_image\355.JPG,c:\Users\PeaceD_Dung\Documents\Khóa luận\dataset\dataset\OTU_2D\train\train_label\label\355.PNG
OTU_2D_train,357,480x533,480x533,MATCHED,c:\Users\PeaceD_Dung\Documents\Khóa luận\dataset\dataset\OTU_2D\train\train_image\357.JPG,c:\Users\PeaceD_Dung\Documents\Khóa luận\dataset\dataset\OTU_2D\train\train_label\label\357.PNG
OTU_2D_train,360,964x534,964x534,MATCHED,c:\Users\PeaceD_Dung\Documents\Khóa luận\dataset\dataset\OTU_2D\train\train_image\360.JPG,c:\Users\PeaceD_Dung\Documents\Khóa luận\dataset\dataset\OTU_2D\train\train_label\label\360.PNG
OTU_2D_train,362,958x556,958x556,MATCHED,c:\Users\PeaceD_Dung\Documents\Khóa luận\dataset\dataset\OTU_2D\train\train_image\362.JPG,c:\Users\PeaceD_Dung\Documents\Khóa luận\dataset\dataset\OTU_2D\train\train_label\label\362.PNG
OTU_2D_train,364,958x562,958x562,MATCHED,c:\Users\PeaceD_Dung\Documents\Khóa luận\dataset\dataset\OTU_2D\train\train_image\364.JPG,c:\Users\PeaceD_Dung\Documents\Khóa luận\dataset\dataset\OTU_2D\train\train_label\label\364.PNG
OTU_2D_train,365,958x554,958x554,MATCHED,c:\Users\PeaceD_Dung\Documents\Khóa luận\dataset\dataset\OTU_2D\train\train_image\365.JPG,c:\Users\PeaceD_Dung\Documents\Khóa luận\dataset\dataset\OTU_2D\train\train_label\label\365.PNG
OTU_2D_train,366,959x535,959x535,MATCHED,c:\Users\PeaceD_Dung\Documents\Khóa luận\dataset\dataset\OTU_2D\train\train_image\366.JPG,c:\Users\PeaceD_Dung\Documents\Khóa luận\dataset\dataset\OTU_2D\train\train_label\label\366.PNG
OTU_2D_train,367,958x534,958x534,MATCHED,c:\Users\PeaceD_Dung\Documents\Khóa luận\dataset\dataset\OTU_2D\train\train_image\367.JPG,c:\Users\PeaceD_Dung\Documents\Khóa luận\dataset\dataset\OTU_2D\train\train_label\label\367.PNG
OTU_2D_train,368,958x534,958x534,MATCHED,c:\Users\PeaceD_Dung\Documents\Khóa luận\dataset\dataset\OTU_2D\train\train_image\368.JPG,c:\Users\PeaceD_Dung\Documents\Khóa luận\dataset\dataset\OTU_2D\train\train_label\label\368.PNG
OTU_2D_train,369,1135x589,1135x589,MATCHED,c:\Users\PeaceD_Dung\Documents\Khóa luận\dataset\dataset\OTU_2D\train\train_image\369.JPG,c:\Users\PeaceD_Dung\Documents\Khóa luận\dataset\dataset\OTU_2D\train\train_label\label\369.PNG
OTU_2D_train,37,958x534,958x534,MATCHED,c:\Users\PeaceD_Dung\Documents\Khóa luận\dataset\dataset\OTU_2D\train\train_image\37.JPG,c:\Users\PeaceD_Dung\Documents\Khóa luận\dataset\dataset\OTU_2D\train\train_label\label\37.PNG
OTU_2D_train,372,806x669,806x669,MATCHED,c:\Users\PeaceD_Dung\Documents\Khóa luận\dataset\dataset\OTU_2D\train\train_image\372.JPG,c:\Users\PeaceD_Dung\Documents\Khóa luận\dataset\dataset\OTU_2D\train\train_label\label\372.PNG
OTU_2D_train,373,480x536,480x536,MATCHED,c:\Users\PeaceD_Dung\Documents\Khóa luận\dataset\dataset\OTU_2D\train\train_image\373.JPG,c:\Users\PeaceD_Dung\Documents\Khóa luận\dataset\dataset\OTU_2D\train\train_label\label\373.PNG
OTU_2D_train,374,480x535,480x535,MATCHED,c:\Users\PeaceD_Dung\Documents\Khóa luận\dataset\dataset\OTU_2D\train\train_image\374.JPG,c:\Users\PeaceD_Dung\Documents\Khóa luận\dataset\dataset\OTU_2D\train\train_label\label\374.PNG
OTU_2D_train,375,479x535,479x535,MATCHED,c:\Users\PeaceD_Dung\Documents\Khóa luận\dataset\dataset\OTU_2D\train\train_image\375.JPG,c:\Users\PeaceD_Dung\Documents\Khóa luận\dataset\dataset\OTU_2D\train\train_label\label\375.PNG
OTU_2D_train,376,480x535,480x535,MATCHED,c:\Users\PeaceD_Dung\Documents\Khóa luận\dataset\dataset\OTU_2D\train\train_image\376.JPG,c:\Users\PeaceD_Dung\Documents\Khóa luận\dataset\dataset\OTU_2D\train\train_label\label\376.PNG
OTU_2D_train,378,479x538,479x538,MATCHED,c:\Users\PeaceD_Dung\Documents\Khóa luận\dataset\dataset\OTU_2D\train\train_image\378.JPG,c:\Users\PeaceD_Dung\Documents\Khóa luận\dataset\dataset\OTU_2D\train\train_label\label\378.PNG
OTU_2D_train,379,482x531,482x531,MATCHED,c:\Users\PeaceD_Dung\Documents\Khóa luận\dataset\dataset\OTU_2D\train\train_image\379.JPG,c:\Users\PeaceD_Dung\Documents\Khóa luận\dataset\dataset\OTU_2D\train\train_label\label\379.PNG
OTU_2D_train,38,481x535,481x535,MATCHED,c:\Users\PeaceD_Dung\Documents\Khóa luận\dataset\dataset\OTU_2D\train\train_image\38.JPG,c:\Users\PeaceD_Dung\Documents\Khóa luận\dataset\dataset\OTU_2D\train\train_label\label\38.PNG
OTU_2D_train,380,477x535,477x535,MATCHED,c:\Users\PeaceD_Dung\Documents\Khóa luận\dataset\dataset\OTU_2D\train\train_image\380.JPG,c:\Users\PeaceD_Dung\Documents\Khóa luận\dataset\dataset\OTU_2D\train\train_label\label\380.PNG
OTU_2D_train,381,481x533,481x533,MATCHED,c:\Users\PeaceD_Dung\Documents\Khóa luận\dataset\dataset\OTU_2D\train\train_image\381.JPG,c:\Users\PeaceD_Dung\Documents\Khóa luận\dataset\dataset\OTU_2D\train\train_label\label\381.PNG
OTU_2D_train,384,554x589,554x589,MATCHED,c:\Users\PeaceD_Dung\Documents\Khóa luận\dataset\dataset\OTU_2D\train\train_image\384.JPG,c:\Users\PeaceD_Dung\Documents\Khóa luận\dataset\dataset\OTU_2D\train\train_label\label\384.PNG
OTU_2D_train,389,938x537,938x537,MATCHED,c:\Users\PeaceD_Dung\Documents\Khóa luận\dataset\dataset\OTU_2D\train\train_image\389.JPG,c:\Users\PeaceD_Dung\Documents\Khóa luận\dataset\dataset\OTU_2D\train\train_label\label\389.PNG
OTU_2D_train,390,914x533,914x533,MATCHED,c:\Users\PeaceD_Dung\Documents\Khóa luận\dataset\dataset\OTU_2D\train\train_image\390.JPG,c:\Users\PeaceD_Dung\Documents\Khóa luận\dataset\dataset\OTU_2D\train\train_label\label\390.PNG
OTU_2D_train,393,959x531,959x531,MATCHED,c:\Users\PeaceD_Dung\Documents\Khóa luận\dataset\dataset\OTU_2D\train\train_image\393.JPG,c:\Users\PeaceD_Dung\Documents\Khóa luận\dataset\dataset\OTU_2D\train\train_label\label\393.PNG
OTU_2D_train,395,959x531,959x531,MATCHED,c:\Users\PeaceD_Dung\Documents\Khóa luận\dataset\dataset\OTU_2D\train\train_image\395.JPG,c:\Users\PeaceD_Dung\Documents\Khóa luận\dataset\dataset\OTU_2D\train\train_label\label\395.PNG
OTU_2D_train,396,959x532,959x532,MATCHED,c:\Users\PeaceD_Dung\Documents\Khóa luận\dataset\dataset\OTU_2D\train\train_image\396.JPG,c:\Users\PeaceD_Dung\Documents\Khóa luận\dataset\dataset\OTU_2D\train\train_label\label\396.PNG
OTU_2D_train,397,479x534,479x534,MATCHED,c:\Users\PeaceD_Dung\Documents\Khóa luận\dataset\dataset\OTU_2D\train\train_image\397.JPG,c:\Users\PeaceD_Dung\Documents\Khóa luận\dataset\dataset\OTU_2D\train\train_label\label\397.PNG
OTU_2D_train,398,959x534,959x534,MATCHED,c:\Users\PeaceD_Dung\Documents\Khóa luận\dataset\dataset\OTU_2D\train\train_image\398.JPG,c:\Users\PeaceD_Dung\Documents\Khóa luận\dataset\dataset\OTU_2D\train\train_label\label\398.PNG
OTU_2D_train,4,478x535,478x535,MATCHED,c:\Users\PeaceD_Dung\Documents\Khóa luận\dataset\dataset\OTU_2D\train\train_image\4.JPG,c:\Users\PeaceD_Dung\Documents\Khóa luận\dataset\dataset\OTU_2D\train\train_label\label\4.PNG
OTU_2D_train,40,478x533,478x533,MATCHED,c:\Users\PeaceD_Dung\Documents\Khóa luận\dataset\dataset\OTU_2D\train\train_image\40.JPG,c:\Users\PeaceD_Dung\Documents\Khóa luận\dataset\dataset\OTU_2D\train\train_label\label\40.PNG
OTU_2D_train,400,572x322,572x322,MATCHED,c:\Users\PeaceD_Dung\Documents\Khóa luận\dataset\dataset\OTU_2D\train\train_image\400.JPG,c:\Users\PeaceD_Dung\Documents\Khóa luận\dataset\dataset\OTU_2D\train\train_label\label\400.PNG
OTU_2D_train,401,655x347,655x347,MATCHED,c:\Users\PeaceD_Dung\Documents\Khóa luận\dataset\dataset\OTU_2D\train\train_image\401.JPG,c:\Users\PeaceD_Dung\Documents\Khóa luận\dataset\dataset\OTU_2D\train\train_label\label\401.PNG
OTU_2D_train,402,846x616,846x616,MATCHED,c:\Users\PeaceD_Dung\Documents\Khóa luận\dataset\dataset\OTU_2D\train\train_image\402.JPG,c:\Users\PeaceD_Dung\Documents\Khóa luận\dataset\dataset\OTU_2D\train\train_label\label\402.PNG
OTU_2D_train,404,958x532,958x532,MATCHED,c:\Users\PeaceD_Dung\Documents\Khóa luận\dataset\dataset\OTU_2D\train\train_image\404.JPG,c:\Users\PeaceD_Dung\Documents\Khóa luận\dataset\dataset\OTU_2D\train\train_label\label\404.PNG
OTU_2D_train,405,958x533,958x533,MATCHED,c:\Users\PeaceD_Dung\Documents\Khóa luận\dataset\dataset\OTU_2D\train\train_image\405.JPG,c:\Users\PeaceD_Dung\Documents\Khóa luận\dataset\dataset\OTU_2D\train\train_label\label\405.PNG
OTU_2D_train,406,959x530,959x530,MATCHED,c:\Users\PeaceD_Dung\Documents\Khóa luận\dataset\dataset\OTU_2D\train\train_image\406.JPG,c:\Users\PeaceD_Dung\Documents\Khóa luận\dataset\dataset\OTU_2D\train\train_label\label\406.PNG
OTU_2D_train,407,958x531,958x531,MATCHED,c:\Users\PeaceD_Dung\Documents\Khóa luận\dataset\dataset\OTU_2D\train\train_image\407.JPG,c:\Users\PeaceD_Dung\Documents\Khóa luận\dataset\dataset\OTU_2D\train\train_label\label\407.PNG
OTU_2D_train,408,957x532,957x532,MATCHED,c:\Users\PeaceD_Dung\Documents\Khóa luận\dataset\dataset\OTU_2D\train\train_image\408.JPG,c:\Users\PeaceD_Dung\Documents\Khóa luận\dataset\dataset\OTU_2D\train\train_label\label\408.PNG
OTU_2D_train,409,958x532,958x532,MATCHED,c:\Users\PeaceD_Dung\Documents\Khóa luận\dataset\dataset\OTU_2D\train\train_image\409.JPG,c:\Users\PeaceD_Dung\Documents\Khóa luận\dataset\dataset\OTU_2D\train\train_label\label\409.PNG
OTU_2D_train,41,481x533,481x533,MATCHED,c:\Users\PeaceD_Dung\Documents\Khóa luận\dataset\dataset\OTU_2D\train\train_image\41.JPG,c:\Users\PeaceD_Dung\Documents\Khóa luận\dataset\dataset\OTU_2D\train\train_label\label\41.PNG
OTU_2D_train,410,833x604,833x604,MATCHED,c:\Users\PeaceD_Dung\Documents\Khóa luận\dataset\dataset\OTU_2D\train\train_image\410.JPG,c:\Users\PeaceD_Dung\Documents\Khóa luận\dataset\dataset\OTU_2D\train\train_label\label\410.PNG
OTU_2D_train,411,959x535,959x535,MATCHED,c:\Users\PeaceD_Dung\Documents\Khóa luận\dataset\dataset\OTU_2D\train\train_image\411.JPG,c:\Users\PeaceD_Dung\Documents\Khóa luận\dataset\dataset\OTU_2D\train\train_label\label\411.PNG
OTU_2D_train,413,959x660,959x660,MATCHED,c:\Users\PeaceD_Dung\Documents\Khóa luận\dataset\dataset\OTU_2D\train\train_image\413.JPG,c:\Users\PeaceD_Dung\Documents\Khóa luận\dataset\dataset\OTU_2D\train\train_label\label\413.PNG
OTU_2D_train,414,483x334,483x334,MATCHED,c:\Users\PeaceD_Dung\Documents\Khóa luận\dataset\dataset\OTU_2D\train\train_image\414.JPG,c:\Users\PeaceD_Dung\Documents\Khóa luận\dataset\dataset\OTU_2D\train\train_label\label\414.PNG
OTU_2D_train,415,876x595,876x595,MATCHED,c:\Users\PeaceD_Dung\Documents\Khóa luận\dataset\dataset\OTU_2D\train\train_image\415.JPG,c:\Users\PeaceD_Dung\Documents\Khóa luận\dataset\dataset\OTU_2D\train\train_label\label\415.PNG
OTU_2D_train,416,958x532,958x532,MATCHED,c:\Users\PeaceD_Dung\Documents\Khóa luận\dataset\dataset\OTU_2D\train\train_image\416.JPG,c:\Users\PeaceD_Dung\Documents\Khóa luận\dataset\dataset\OTU_2D\train\train_label\label\416.PNG
OTU_2D_train,417,957x534,957x534,MATCHED,c:\Users\PeaceD_Dung\Documents\Khóa luận\dataset\dataset\OTU_2D\train\train_image\417.JPG,c:\Users\PeaceD_Dung\Documents\Khóa luận\dataset\dataset\OTU_2D\train\train_label\label\417.PNG
OTU_2D_train,418,959x531,959x531,MATCHED,c:\Users\PeaceD_Dung\Documents\Khóa luận\dataset\dataset\OTU_2D\train\train_image\418.JPG,c:\Users\PeaceD_Dung\Documents\Khóa luận\dataset\dataset\OTU_2D\train\train_label\label\418.PNG
OTU_2D_train,419,959x535,959x535,MATCHED,c:\Users\PeaceD_Dung\Documents\Khóa luận\dataset\dataset\OTU_2D\train\train_image\419.JPG,c:\Users\PeaceD_Dung\Documents\Khóa luận\dataset\dataset\OTU_2D\train\train_label\label\419.PNG
OTU_2D_train,42,480x534,480x534,MATCHED,c:\Users\PeaceD_Dung\Documents\Khóa luận\dataset\dataset\OTU_2D\train\train_image\42.JPG,c:\Users\PeaceD_Dung\Documents\Khóa luận\dataset\dataset\OTU_2D\train\train_label\label\42.PNG
OTU_2D_train,420,959x533,959x533,MATCHED,c:\Users\PeaceD_Dung\Documents\Khóa luận\dataset\dataset\OTU_2D\train\train_image\420.JPG,c:\Users\PeaceD_Dung\Documents\Khóa luận\dataset\dataset\OTU_2D\train\train_label\label\420.PNG
OTU_2D_train,423,961x534,961x534,MATCHED,c:\Users\PeaceD_Dung\Documents\Khóa luận\dataset\dataset\OTU_2D\train\train_image\423.JPG,c:\Users\PeaceD_Dung\Documents\Khóa luận\dataset\dataset\OTU_2D\train\train_label\label\423.PNG
OTU_2D_train,424,956x557,956x557,MATCHED,c:\Users\PeaceD_Dung\Documents\Khóa luận\dataset\dataset\OTU_2D\train\train_image\424.JPG,c:\Users\PeaceD_Dung\Documents\Khóa luận\dataset\dataset\OTU_2D\train\train_label\label\424.PNG
OTU_2D_train,425,831x602,831x602,MATCHED,c:\Users\PeaceD_Dung\Documents\Khóa luận\dataset\dataset\OTU_2D\train\train_image\425.JPG,c:\Users\PeaceD_Dung\Documents\Khóa luận\dataset\dataset\OTU_2D\train\train_label\label\425.PNG
OTU_2D_train,426,479x537,479x537,MATCHED,c:\Users\PeaceD_Dung\Documents\Khóa luận\dataset\dataset\OTU_2D\train\train_image\426.JPG,c:\Users\PeaceD_Dung\Documents\Khóa luận\dataset\dataset\OTU_2D\train\train_label\label\426.PNG
OTU_2D_train,427,479x536,479x536,MATCHED,c:\Users\PeaceD_Dung\Documents\Khóa luận\dataset\dataset\OTU_2D\train\train_image\427.JPG,c:\Users\PeaceD_Dung\Documents\Khóa luận\dataset\dataset\OTU_2D\train\train_label\label\427.PNG
OTU_2D_train,428,482x270,482x270,MATCHED,c:\Users\PeaceD_Dung\Documents\Khóa luận\dataset\dataset\OTU_2D\train\train_image\428.JPG,c:\Users\PeaceD_Dung\Documents\Khóa luận\dataset\dataset\OTU_2D\train\train_label\label\428.PNG
OTU_2D_train,43,481x534,481x534,MATCHED,c:\Users\PeaceD_Dung\Documents\Khóa luận\dataset\dataset\OTU_2D\train\train_image\43.JPG,c:\Users\PeaceD_Dung\Documents\Khóa luận\dataset\dataset\OTU_2D\train\train_label\label\43.PNG
OTU_2D_train,432,474x529,474x529,MATCHED,c:\Users\PeaceD_Dung\Documents\Khóa luận\dataset\dataset\OTU_2D\train\train_image\432.JPG,c:\Users\PeaceD_Dung\Documents\Khóa luận\dataset\dataset\OTU_2D\train\train_label\label\432.PNG
OTU_2D_train,433,958x532,958x532,MATCHED,c:\Users\PeaceD_Dung\Documents\Khóa luận\dataset\dataset\OTU_2D\train\train_image\433.JPG,c:\Users\PeaceD_Dung\Documents\Khóa luận\dataset\dataset\OTU_2D\train\train_label\label\433.PNG
OTU_2D_train,434,957x664,957x664,MATCHED,c:\Users\PeaceD_Dung\Documents\Khóa luận\dataset\dataset\OTU_2D\train\train_image\434.JPG,c:\Users\PeaceD_Dung\Documents\Khóa luận\dataset\dataset\OTU_2D\train\train_label\label\434.PNG
OTU_2D_train,435,406x275,406x275,MATCHED,c:\Users\PeaceD_Dung\Documents\Khóa luận\dataset\dataset\OTU_2D\train\train_image\435.JPG,c:\Users\PeaceD_Dung\Documents\Khóa luận\dataset\dataset\OTU_2D\train\train_label\label\435.PNG
OTU_2D_train,437,487x272,487x272,MATCHED,c:\Users\PeaceD_Dung\Documents\Khóa luận\dataset\dataset\OTU_2D\train\train_image\437.JPG,c:\Users\PeaceD_Dung\Documents\Khóa luận\dataset\dataset\OTU_2D\train\train_label\label\437.PNG
OTU_2D_train,438,959x533,959x533,MATCHED,c:\Users\PeaceD_Dung\Documents\Khóa luận\dataset\dataset\OTU_2D\train\train_image\438.JPG,c:\Users\PeaceD_Dung\Documents\Khóa luận\dataset\dataset\OTU_2D\train\train_label\label\438.PNG
OTU_2D_train,439,957x531,957x531,MATCHED,c:\Users\PeaceD_Dung\Documents\Khóa luận\dataset\dataset\OTU_2D\train\train_image\439.JPG,c:\Users\PeaceD_Dung\Documents\Khóa luận\dataset\dataset\OTU_2D\train\train_label\label\439.PNG
OTU_2D_train,44,480x535,480x535,MATCHED,c:\Users\PeaceD_Dung\Documents\Khóa luận\dataset\dataset\OTU_2D\train\train_image\44.JPG,c:\Users\PeaceD_Dung\Documents\Khóa luận\dataset\dataset\OTU_2D\train\train_label\label\44.PNG
OTU_2D_train,444,957x532,957x532,MATCHED,c:\Users\PeaceD_Dung\Documents\Khóa luận\dataset\dataset\OTU_2D\train\train_image\444.JPG,c:\Users\PeaceD_Dung\Documents\Khóa luận\dataset\dataset\OTU_2D\train\train_label\label\444.PNG
OTU_2D_train,446,478x533,478x533,MATCHED,c:\Users\PeaceD_Dung\Documents\Khóa luận\dataset\dataset\OTU_2D\train\train_image\446.JPG,c:\Users\PeaceD_Dung\Documents\Khóa luận\dataset\dataset\OTU_2D\train\train_label\label\446.PNG
OTU_2D_train,447,480x535,480x535,MATCHED,c:\Users\PeaceD_Dung\Documents\Khóa luận\dataset\dataset\OTU_2D\train\train_image\447.JPG,c:\Users\PeaceD_Dung\Documents\Khóa luận\dataset\dataset\OTU_2D\train\train_label\label\447.PNG
OTU_2D_train,449,486x273,486x273,MATCHED,c:\Users\PeaceD_Dung\Documents\Khóa luận\dataset\dataset\OTU_2D\train\train_image\449.JPG,c:\Users\PeaceD_Dung\Documents\Khóa luận\dataset\dataset\OTU_2D\train\train_label\label\449.PNG
OTU_2D_train,45,941x536,941x536,MATCHED,c:\Users\PeaceD_Dung\Documents\Khóa luận\dataset\dataset\OTU_2D\train\train_image\45.JPG,c:\Users\PeaceD_Dung\Documents\Khóa luận\dataset\dataset\OTU_2D\train\train_label\label\45.PNG
OTU_2D_train,450,955x532,955x532,MATCHED,c:\Users\PeaceD_Dung\Documents\Khóa luận\dataset\dataset\OTU_2D\train\train_image\450.JPG,c:\Users\PeaceD_Dung\Documents\Khóa luận\dataset\dataset\OTU_2D\train\train_label\label\450.PNG
OTU_2D_train,451,958x532,958x532,MATCHED,c:\Users\PeaceD_Dung\Documents\Khóa luận\dataset\dataset\OTU_2D\train\train_image\451.JPG,c:\Users\PeaceD_Dung\Documents\Khóa luận\dataset\dataset\OTU_2D\train\train_label\label\451.PNG
OTU_2D_train,454,484x532,484x532,MATCHED,c:\Users\PeaceD_Dung\Documents\Khóa luận\dataset\dataset\OTU_2D\train\train_image\454.JPG,c:\Users\PeaceD_Dung\Documents\Khóa luận\dataset\dataset\OTU_2D\train\train_label\label\454.PNG
OTU_2D_train,455,961x531,961x531,MATCHED,c:\Users\PeaceD_Dung\Documents\Khóa luận\dataset\dataset\OTU_2D\train\train_image\455.JPG,c:\Users\PeaceD_Dung\Documents\Khóa luận\dataset\dataset\OTU_2D\train\train_label\label\455.PNG
OTU_2D_train,456,959x662,959x662,MATCHED,c:\Users\PeaceD_Dung\Documents\Khóa luận\dataset\dataset\OTU_2D\train\train_image\456.JPG,c:\Users\PeaceD_Dung\Documents\Khóa luận\dataset\dataset\OTU_2D\train\train_label\label\456.PNG
OTU_2D_train,458,959x530,959x530,MATCHED,c:\Users\PeaceD_Dung\Documents\Khóa luận\dataset\dataset\OTU_2D\train\train_image\458.JPG,c:\Users\PeaceD_Dung\Documents\Khóa luận\dataset\dataset\OTU_2D\train\train_label\label\458.PNG
OTU_2D_train,459,958x661,958x661,MATCHED,c:\Users\PeaceD_Dung\Documents\Khóa luận\dataset\dataset\OTU_2D\train\train_image\459.JPG,c:\Users\PeaceD_Dung\Documents\Khóa luận\dataset\dataset\OTU_2D\train\train_label\label\459.PNG
OTU_2D_train,46,480x534,480x534,MATCHED,c:\Users\PeaceD_Dung\Documents\Khóa luận\dataset\dataset\OTU_2D\train\train_image\46.JPG,c:\Users\PeaceD_Dung\Documents\Khóa luận\dataset\dataset\OTU_2D\train\train_label\label\46.PNG
OTU_2D_train,460,959x662,959x662,MATCHED,c:\Users\PeaceD_Dung\Documents\Khóa luận\dataset\dataset\OTU_2D\train\train_image\460.JPG,c:\Users\PeaceD_Dung\Documents\Khóa luận\dataset\dataset\OTU_2D\train\train_label\label\460.PNG
OTU_2D_train,461,958x529,958x529,MATCHED,c:\Users\PeaceD_Dung\Documents\Khóa luận\dataset\dataset\OTU_2D\train\train_image\461.JPG,c:\Users\PeaceD_Dung\Documents\Khóa luận\dataset\dataset\OTU_2D\train\train_label\label\461.PNG
OTU_2D_train,462,957x532,957x532,MATCHED,c:\Users\PeaceD_Dung\Documents\Khóa luận\dataset\dataset\OTU_2D\train\train_image\462.JPG,c:\Users\PeaceD_Dung\Documents\Khóa luận\dataset\dataset\OTU_2D\train\train_label\label\462.PNG
OTU_2D_train,463,958x530,958x530,MATCHED,c:\Users\PeaceD_Dung\Documents\Khóa luận\dataset\dataset\OTU_2D\train\train_image\463.JPG,c:\Users\PeaceD_Dung\Documents\Khóa luận\dataset\dataset\OTU_2D\train\train_label\label\463.PNG
OTU_2D_train,465,1134x592,1134x592,MATCHED,c:\Users\PeaceD_Dung\Documents\Khóa luận\dataset\dataset\OTU_2D\train\train_image\465.JPG,c:\Users\PeaceD_Dung\Documents\Khóa luận\dataset\dataset\OTU_2D\train\train_label\label\465.PNG
OTU_2D_train,466,958x533,958x533,MATCHED,c:\Users\PeaceD_Dung\Documents\Khóa luận\dataset\dataset\OTU_2D\train\train_image\466.JPG,c:\Users\PeaceD_Dung\Documents\Khóa luận\dataset\dataset\OTU_2D\train\train_label\label\466.PNG
OTU_2D_train,467,959x532,959x532,MATCHED,c:\Users\PeaceD_Dung\Documents\Khóa luận\dataset\dataset\OTU_2D\train\train_image\467.JPG,c:\Users\PeaceD_Dung\Documents\Khóa luận\dataset\dataset\OTU_2D\train\train_label\label\467.PNG
OTU_2D_train,469,480x533,480x533,MATCHED,c:\Users\PeaceD_Dung\Documents\Khóa luận\dataset\dataset\OTU_2D\train\train_image\469.JPG,c:\Users\PeaceD_Dung\Documents\Khóa luận\dataset\dataset\OTU_2D\train\train_label\label\469.PNG
OTU_2D_train,470,958x538,958x538,MATCHED,c:\Users\PeaceD_Dung\Documents\Khóa luận\dataset\dataset\OTU_2D\train\train_image\470.JPG,c:\Users\PeaceD_Dung\Documents\Khóa luận\dataset\dataset\OTU_2D\train\train_label\label\470.PNG
OTU_2D_train,471,957x532,957x532,MATCHED,c:\Users\PeaceD_Dung\Documents\Khóa luận\dataset\dataset\OTU_2D\train\train_image\471.JPG,c:\Users\PeaceD_Dung\Documents\Khóa luận\dataset\dataset\OTU_2D\train\train_label\label\471.PNG
OTU_2D_train,478,485x283,485x283,MATCHED,c:\Users\PeaceD_Dung\Documents\Khóa luận\dataset\dataset\OTU_2D\train\train_image\478.JPG,c:\Users\PeaceD_Dung\Documents\Khóa luận\dataset\dataset\OTU_2D\train\train_label\label\478.PNG
OTU_2D_train,479,961x532,961x532,MATCHED,c:\Users\PeaceD_Dung\Documents\Khóa luận\dataset\dataset\OTU_2D\train\train_image\479.JPG,c:\Users\PeaceD_Dung\Documents\Khóa luận\dataset\dataset\OTU_2D\train\train_label\label\479.PNG
OTU_2D_train,480,805x672,805x672,MATCHED,c:\Users\PeaceD_Dung\Documents\Khóa luận\dataset\dataset\OTU_2D\train\train_image\480.JPG,c:\Users\PeaceD_Dung\Documents\Khóa luận\dataset\dataset\OTU_2D\train\train_label\label\480.PNG
OTU_2D_train,481,915x535,915x535,MATCHED,c:\Users\PeaceD_Dung\Documents\Khóa luận\dataset\dataset\OTU_2D\train\train_image\481.JPG,c:\Users\PeaceD_Dung\Documents\Khóa luận\dataset\dataset\OTU_2D\train\train_label\label\481.PNG
OTU_2D_train,485,566x695,566x695,MATCHED,c:\Users\PeaceD_Dung\Documents\Khóa luận\dataset\dataset\OTU_2D\train\train_image\485.JPG,c:\Users\PeaceD_Dung\Documents\Khóa luận\dataset\dataset\OTU_2D\train\train_label\label\485.PNG
OTU_2D_train,486,569x701,569x701,MATCHED,c:\Users\PeaceD_Dung\Documents\Khóa luận\dataset\dataset\OTU_2D\train\train_image\486.JPG,c:\Users\PeaceD_Dung\Documents\Khóa luận\dataset\dataset\OTU_2D\train\train_label\label\486.PNG
OTU_2D_train,489,569x714,569x714,MATCHED,c:\Users\PeaceD_Dung\Documents\Khóa luận\dataset\dataset\OTU_2D\train\train_image\489.JPG,c:\Users\PeaceD_Dung\Documents\Khóa luận\dataset\dataset\OTU_2D\train\train_label\label\489.PNG
OTU_2D_train,49,846x614,846x614,MATCHED,c:\Users\PeaceD_Dung\Documents\Khóa luận\dataset\dataset\OTU_2D\train\train_image\49.JPG,c:\Users\PeaceD_Dung\Documents\Khóa luận\dataset\dataset\OTU_2D\train\train_label\label\49.PNG
OTU_2D_train,490,957x538,957x538,MATCHED,c:\Users\PeaceD_Dung\Documents\Khóa luận\dataset\dataset\OTU_2D\train\train_image\490.JPG,c:\Users\PeaceD_Dung\Documents\Khóa luận\dataset\dataset\OTU_2D\train\train_label\label\490.PNG
OTU_2D_train,491,958x549,958x549,MATCHED,c:\Users\PeaceD_Dung\Documents\Khóa luận\dataset\dataset\OTU_2D\train\train_image\491.JPG,c:\Users\PeaceD_Dung\Documents\Khóa luận\dataset\dataset\OTU_2D\train\train_label\label\491.PNG
OTU_2D_train,492,958x552,958x552,MATCHED,c:\Users\PeaceD_Dung\Documents\Khóa luận\dataset\dataset\OTU_2D\train\train_image\492.JPG,c:\Users\PeaceD_Dung\Documents\Khóa luận\dataset\dataset\OTU_2D\train\train_label\label\492.PNG
OTU_2D_train,497,481x554,481x554,MATCHED,c:\Users\PeaceD_Dung\Documents\Khóa luận\dataset\dataset\OTU_2D\train\train_image\497.JPG,c:\Users\PeaceD_Dung\Documents\Khóa luận\dataset\dataset\OTU_2D\train\train_label\label\497.PNG
OTU_2D_train,498,478x544,478x544,MATCHED,c:\Users\PeaceD_Dung\Documents\Khóa luận\dataset\dataset\OTU_2D\train\train_image\498.JPG,c:\Users\PeaceD_Dung\Documents\Khóa luận\dataset\dataset\OTU_2D\train\train_label\label\498.PNG
OTU_2D_train,499,483x549,483x549,MATCHED,c:\Users\PeaceD_Dung\Documents\Khóa luận\dataset\dataset\OTU_2D\train\train_image\499.JPG,c:\Users\PeaceD_Dung\Documents\Khóa luận\dataset\dataset\OTU_2D\train\train_label\label\499.PNG
OTU_2D_train,50,847x614,847x614,MATCHED,c:\Users\PeaceD_Dung\Documents\Khóa luận\dataset\dataset\OTU_2D\train\train_image\50.JPG,c:\Users\PeaceD_Dung\Documents\Khóa luận\dataset\dataset\OTU_2D\train\train_label\label\50.PNG
OTU_2D_train,500,481x566,481x566,MATCHED,c:\Users\PeaceD_Dung\Documents\Khóa luận\dataset\dataset\OTU_2D\train\train_image\500.JPG,c:\Users\PeaceD_Dung\Documents\Khóa luận\dataset\dataset\OTU_2D\train\train_label\label\500.PNG
OTU_2D_train,505,480x549,480x549,MATCHED,c:\Users\PeaceD_Dung\Documents\Khóa luận\dataset\dataset\OTU_2D\train\train_image\505.JPG,c:\Users\PeaceD_Dung\Documents\Khóa luận\dataset\dataset\OTU_2D\train\train_label\label\505.PNG
OTU_2D_train,51,849x615,849x615,MATCHED,c:\Users\PeaceD_Dung\Documents\Khóa luận\dataset\dataset\OTU_2D\train\train_image\51.JPG,c:\Users\PeaceD_Dung\Documents\Khóa luận\dataset\dataset\OTU_2D\train\train_label\label\51.PNG
OTU_2D_train,513,479x549,479x549,MATCHED,c:\Users\PeaceD_Dung\Documents\Khóa luận\dataset\dataset\OTU_2D\train\train_image\513.JPG,c:\Users\PeaceD_Dung\Documents\Khóa luận\dataset\dataset\OTU_2D\train\train_label\label\513.PNG
OTU_2D_train,518,959x565,959x565,MATCHED,c:\Users\PeaceD_Dung\Documents\Khóa luận\dataset\dataset\OTU_2D\train\train_image\518.JPG,c:\Users\PeaceD_Dung\Documents\Khóa luận\dataset\dataset\OTU_2D\train\train_label\label\518.PNG
OTU_2D_train,519,479x527,479x527,MATCHED,c:\Users\PeaceD_Dung\Documents\Khóa luận\dataset\dataset\OTU_2D\train\train_image\519.JPG,c:\Users\PeaceD_Dung\Documents\Khóa luận\dataset\dataset\OTU_2D\train\train_label\label\519.PNG
OTU_2D_train,52,1071x794,1071x794,MATCHED,c:\Users\PeaceD_Dung\Documents\Khóa luận\dataset\dataset\OTU_2D\train\train_image\52.JPG,c:\Users\PeaceD_Dung\Documents\Khóa luận\dataset\dataset\OTU_2D\train\train_label\label\52.PNG
OTU_2D_train,525,958x556,958x556,MATCHED,c:\Users\PeaceD_Dung\Documents\Khóa luận\dataset\dataset\OTU_2D\train\train_image\525.JPG,c:\Users\PeaceD_Dung\Documents\Khóa luận\dataset\dataset\OTU_2D\train\train_label\label\525.PNG
OTU_2D_train,526,957x554,957x554,MATCHED,c:\Users\PeaceD_Dung\Documents\Khóa luận\dataset\dataset\OTU_2D\train\train_image\526.JPG,c:\Users\PeaceD_Dung\Documents\Khóa luận\dataset\dataset\OTU_2D\train\train_label\label\526.PNG
OTU_2D_train,527,480x558,480x558,MATCHED,c:\Users\PeaceD_Dung\Documents\Khóa luận\dataset\dataset\OTU_2D\train\train_image\527.JPG,c:\Users\PeaceD_Dung\Documents\Khóa luận\dataset\dataset\OTU_2D\train\train_label\label\527.PNG
OTU_2D_train,53,1067x594,1067x594,MATCHED,c:\Users\PeaceD_Dung\Documents\Khóa luận\dataset\dataset\OTU_2D\train\train_image\53.JPG,c:\Users\PeaceD_Dung\Documents\Khóa luận\dataset\dataset\OTU_2D\train\train_label\label\53.PNG
OTU_2D_train,533,972x537,972x537,MATCHED,c:\Users\PeaceD_Dung\Documents\Khóa luận\dataset\dataset\OTU_2D\train\train_image\533.JPG,c:\Users\PeaceD_Dung\Documents\Khóa luận\dataset\dataset\OTU_2D\train\train_label\label\533.PNG
OTU_2D_train,537,478x551,478x551,MATCHED,c:\Users\PeaceD_Dung\Documents\Khóa luận\dataset\dataset\OTU_2D\train\train_image\537.JPG,c:\Users\PeaceD_Dung\Documents\Khóa luận\dataset\dataset\OTU_2D\train\train_label\label\537.PNG
OTU_2D_train,538,480x549,480x549,MATCHED,c:\Users\PeaceD_Dung\Documents\Khóa luận\dataset\dataset\OTU_2D\train\train_image\538.JPG,c:\Users\PeaceD_Dung\Documents\Khóa luận\dataset\dataset\OTU_2D\train\train_label\label\538.PNG
OTU_2D_train,54,1069x632,1069x632,MATCHED,c:\Users\PeaceD_Dung\Documents\Khóa luận\dataset\dataset\OTU_2D\train\train_image\54.JPG,c:\Users\PeaceD_Dung\Documents\Khóa luận\dataset\dataset\OTU_2D\train\train_label\label\54.PNG
OTU_2D_train,540,478x548,478x548,MATCHED,c:\Users\PeaceD_Dung\Documents\Khóa luận\dataset\dataset\OTU_2D\train\train_image\540.JPG,c:\Users\PeaceD_Dung\Documents\Khóa luận\dataset\dataset\OTU_2D\train\train_label\label\540.PNG
OTU_2D_train,541,957x543,957x543,MATCHED,c:\Users\PeaceD_Dung\Documents\Khóa luận\dataset\dataset\OTU_2D\train\train_image\541.JPG,c:\Users\PeaceD_Dung\Documents\Khóa luận\dataset\dataset\OTU_2D\train\train_label\label\541.PNG
OTU_2D_train,547,796x581,796x581,MATCHED,c:\Users\PeaceD_Dung\Documents\Khóa luận\dataset\dataset\OTU_2D\train\train_image\547.JPG,c:\Users\PeaceD_Dung\Documents\Khóa luận\dataset\dataset\OTU_2D\train\train_label\label\547.PNG
OTU_2D_train,55,548x624,548x624,MATCHED,c:\Users\PeaceD_Dung\Documents\Khóa luận\dataset\dataset\OTU_2D\train\train_image\55.JPG,c:\Users\PeaceD_Dung\Documents\Khóa luận\dataset\dataset\OTU_2D\train\train_label\label\55.PNG
OTU_2D_train,555,480x544,480x544,MATCHED,c:\Users\PeaceD_Dung\Documents\Khóa luận\dataset\dataset\OTU_2D\train\train_image\555.JPG,c:\Users\PeaceD_Dung\Documents\Khóa luận\dataset\dataset\OTU_2D\train\train_label\label\555.PNG
OTU_2D_train,556,480x551,480x551,MATCHED,c:\Users\PeaceD_Dung\Documents\Khóa luận\dataset\dataset\OTU_2D\train\train_image\556.JPG,c:\Users\PeaceD_Dung\Documents\Khóa luận\dataset\dataset\OTU_2D\train\train_label\label\556.PNG
OTU_2D_train,559,566x603,566x603,MATCHED,c:\Users\PeaceD_Dung\Documents\Khóa luận\dataset\dataset\OTU_2D\train\train_image\559.JPG,c:\Users\PeaceD_Dung\Documents\Khóa luận\dataset\dataset\OTU_2D\train\train_label\label\559.PNG
OTU_2D_train,56,818x610,818x610,MATCHED,c:\Users\PeaceD_Dung\Documents\Khóa luận\dataset\dataset\OTU_2D\train\train_image\56.JPG,c:\Users\PeaceD_Dung\Documents\Khóa luận\dataset\dataset\OTU_2D\train\train_label\label\56.PNG
OTU_2D_train,561,566x605,566x605,MATCHED,c:\Users\PeaceD_Dung\Documents\Khóa luận\dataset\dataset\OTU_2D\train\train_image\561.JPG,c:\Users\PeaceD_Dung\Documents\Khóa luận\dataset\dataset\OTU_2D\train\train_label\label\561.PNG
OTU_2D_train,562,568x623,568x623,MATCHED,c:\Users\PeaceD_Dung\Documents\Khóa luận\dataset\dataset\OTU_2D\train\train_image\562.JPG,c:\Users\PeaceD_Dung\Documents\Khóa luận\dataset\dataset\OTU_2D\train\train_label\label\562.PNG
OTU_2D_train,563,483x554,483x554,MATCHED,c:\Users\PeaceD_Dung\Documents\Khóa luận\dataset\dataset\OTU_2D\train\train_image\563.JPG,c:\Users\PeaceD_Dung\Documents\Khóa luận\dataset\dataset\OTU_2D\train\train_label\label\563.PNG
OTU_2D_train,564,481x544,481x544,MATCHED,c:\Users\PeaceD_Dung\Documents\Khóa luận\dataset\dataset\OTU_2D\train\train_image\564.JPG,c:\Users\PeaceD_Dung\Documents\Khóa luận\dataset\dataset\OTU_2D\train\train_label\label\564.PNG
OTU_2D_train,565,482x550,482x550,MATCHED,c:\Users\PeaceD_Dung\Documents\Khóa luận\dataset\dataset\OTU_2D\train\train_image\565.JPG,c:\Users\PeaceD_Dung\Documents\Khóa luận\dataset\dataset\OTU_2D\train\train_label\label\565.PNG
OTU_2D_train,569,565x619,565x619,MATCHED,c:\Users\PeaceD_Dung\Documents\Khóa luận\dataset\dataset\OTU_2D\train\train_image\569.JPG,c:\Users\PeaceD_Dung\Documents\Khóa luận\dataset\dataset\OTU_2D\train\train_label\label\569.PNG
OTU_2D_train,57,1099x793,1099x793,MATCHED,c:\Users\PeaceD_Dung\Documents\Khóa luận\dataset\dataset\OTU_2D\train\train_image\57.JPG,c:\Users\PeaceD_Dung\Documents\Khóa luận\dataset\dataset\OTU_2D\train\train_label\label\57.PNG
OTU_2D_train,570,569x612,569x612,MATCHED,c:\Users\PeaceD_Dung\Documents\Khóa luận\dataset\dataset\OTU_2D\train\train_image\570.JPG,c:\Users\PeaceD_Dung\Documents\Khóa luận\dataset\dataset\OTU_2D\train\train_label\label\570.PNG
OTU_2D_train,571,565x628,565x628,MATCHED,c:\Users\PeaceD_Dung\Documents\Khóa luận\dataset\dataset\OTU_2D\train\train_image\571.JPG,c:\Users\PeaceD_Dung\Documents\Khóa luận\dataset\dataset\OTU_2D\train\train_label\label\571.PNG
OTU_2D_train,575,479x546,479x546,MATCHED,c:\Users\PeaceD_Dung\Documents\Khóa luận\dataset\dataset\OTU_2D\train\train_image\575.JPG,c:\Users\PeaceD_Dung\Documents\Khóa luận\dataset\dataset\OTU_2D\train\train_label\label\575.PNG
OTU_2D_train,576,480x550,480x550,MATCHED,c:\Users\PeaceD_Dung\Documents\Khóa luận\dataset\dataset\OTU_2D\train\train_image\576.JPG,c:\Users\PeaceD_Dung\Documents\Khóa luận\dataset\dataset\OTU_2D\train\train_label\label\576.PNG
OTU_2D_train,577,479x559,479x559,MATCHED,c:\Users\PeaceD_Dung\Documents\Khóa luận\dataset\dataset\OTU_2D\train\train_image\577.JPG,c:\Users\PeaceD_Dung\Documents\Khóa luận\dataset\dataset\OTU_2D\train\train_label\label\577.PNG
OTU_2D_train,578,480x556,480x556,MATCHED,c:\Users\PeaceD_Dung\Documents\Khóa luận\dataset\dataset\OTU_2D\train\train_image\578.JPG,c:\Users\PeaceD_Dung\Documents\Khóa luận\dataset\dataset\OTU_2D\train\train_label\label\578.PNG
OTU_2D_train,579,476x553,476x553,MATCHED,c:\Users\PeaceD_Dung\Documents\Khóa luận\dataset\dataset\OTU_2D\train\train_image\579.JPG,c:\Users\PeaceD_Dung\Documents\Khóa luận\dataset\dataset\OTU_2D\train\train_label\label\579.PNG
OTU_2D_train,58,959x530,959x530,MATCHED,c:\Users\PeaceD_Dung\Documents\Khóa luận\dataset\dataset\OTU_2D\train\train_image\58.JPG,c:\Users\PeaceD_Dung\Documents\Khóa luận\dataset\dataset\OTU_2D\train\train_label\label\58.PNG
OTU_2D_train,583,481x555,481x555,MATCHED,c:\Users\PeaceD_Dung\Documents\Khóa luận\dataset\dataset\OTU_2D\train\train_image\583.JPG,c:\Users\PeaceD_Dung\Documents\Khóa luận\dataset\dataset\OTU_2D\train\train_label\label\583.PNG
OTU_2D_train,584,479x557,479x557,MATCHED,c:\Users\PeaceD_Dung\Documents\Khóa luận\dataset\dataset\OTU_2D\train\train_image\584.JPG,c:\Users\PeaceD_Dung\Documents\Khóa luận\dataset\dataset\OTU_2D\train\train_label\label\584.PNG
OTU_2D_train,586,958x562,958x562,MATCHED,c:\Users\PeaceD_Dung\Documents\Khóa luận\dataset\dataset\OTU_2D\train\train_image\586.JPG,c:\Users\PeaceD_Dung\Documents\Khóa luận\dataset\dataset\OTU_2D\train\train_label\label\586.PNG
OTU_2D_train,589,568x568,568x568,MATCHED,c:\Users\PeaceD_Dung\Documents\Khóa luận\dataset\dataset\OTU_2D\train\train_image\589.JPG,c:\Users\PeaceD_Dung\Documents\Khóa luận\dataset\dataset\OTU_2D\train\train_label\label\589.PNG
OTU_2D_train,59,957x608,957x608,MATCHED,c:\Users\PeaceD_Dung\Documents\Khóa luận\dataset\dataset\OTU_2D\train\train_image\59.JPG,c:\Users\PeaceD_Dung\Documents\Khóa luận\dataset\dataset\OTU_2D\train\train_label\label\59.PNG
OTU_2D_train,590,568x560,568x560,MATCHED,c:\Users\PeaceD_Dung\Documents\Khóa luận\dataset\dataset\OTU_2D\train\train_image\590.JPG,c:\Users\PeaceD_Dung\Documents\Khóa luận\dataset\dataset\OTU_2D\train\train_label\label\590.PNG
OTU_2D_train,593,478x543,478x543,MATCHED,c:\Users\PeaceD_Dung\Documents\Khóa luận\dataset\dataset\OTU_2D\train\train_image\593.JPG,c:\Users\PeaceD_Dung\Documents\Khóa luận\dataset\dataset\OTU_2D\train\train_label\label\593.PNG
OTU_2D_train,596,494x537,494x537,MATCHED,c:\Users\PeaceD_Dung\Documents\Khóa luận\dataset\dataset\OTU_2D\train\train_image\596.JPG,c:\Users\PeaceD_Dung\Documents\Khóa luận\dataset\dataset\OTU_2D\train\train_label\label\596.PNG
OTU_2D_train,597,567x608,567x608,MATCHED,c:\Users\PeaceD_Dung\Documents\Khóa luận\dataset\dataset\OTU_2D\train\train_image\597.JPG,c:\Users\PeaceD_Dung\Documents\Khóa luận\dataset\dataset\OTU_2D\train\train_label\label\597.PNG
OTU_2D_train,598,566x604,566x604,MATCHED,c:\Users\PeaceD_Dung\Documents\Khóa luận\dataset\dataset\OTU_2D\train\train_image\598.JPG,c:\Users\PeaceD_Dung\Documents\Khóa luận\dataset\dataset\OTU_2D\train\train_label\label\598.PNG
OTU_2D_train,599,566x594,566x594,MATCHED,c:\Users\PeaceD_Dung\Documents\Khóa luận\dataset\dataset\OTU_2D\train\train_image\599.JPG,c:\Users\PeaceD_Dung\Documents\Khóa luận\dataset\dataset\OTU_2D\train\train_label\label\599.PNG
OTU_2D_train,6,958x534,958x534,MATCHED,c:\Users\PeaceD_Dung\Documents\Khóa luận\dataset\dataset\OTU_2D\train\train_image\6.JPG,c:\Users\PeaceD_Dung\Documents\Khóa luận\dataset\dataset\OTU_2D\train\train_label\label\6.PNG
OTU_2D_train,60,959x604,959x604,MATCHED,c:\Users\PeaceD_Dung\Documents\Khóa luận\dataset\dataset\OTU_2D\train\train_image\60.JPG,c:\Users\PeaceD_Dung\Documents\Khóa luận\dataset\dataset\OTU_2D\train\train_label\label\60.PNG
OTU_2D_train,601,568x608,568x608,MATCHED,c:\Users\PeaceD_Dung\Documents\Khóa luận\dataset\dataset\OTU_2D\train\train_image\601.JPG,c:\Users\PeaceD_Dung\Documents\Khóa luận\dataset\dataset\OTU_2D\train\train_label\label\601.PNG
OTU_2D_train,603,959x542,959x542,MATCHED,c:\Users\PeaceD_Dung\Documents\Khóa luận\dataset\dataset\OTU_2D\train\train_image\603.JPG,c:\Users\PeaceD_Dung\Documents\Khóa luận\dataset\dataset\OTU_2D\train\train_label\label\603.PNG
OTU_2D_train,604,958x547,958x547,MATCHED,c:\Users\PeaceD_Dung\Documents\Khóa luận\dataset\dataset\OTU_2D\train\train_image\604.JPG,c:\Users\PeaceD_Dung\Documents\Khóa luận\dataset\dataset\OTU_2D\train\train_label\label\604.PNG
OTU_2D_train,605,958x562,958x562,MATCHED,c:\Users\PeaceD_Dung\Documents\Khóa luận\dataset\dataset\OTU_2D\train\train_image\605.JPG,c:\Users\PeaceD_Dung\Documents\Khóa luận\dataset\dataset\OTU_2D\train\train_label\label\605.PNG
OTU_2D_train,607,958x561,958x561,MATCHED,c:\Users\PeaceD_Dung\Documents\Khóa luận\dataset\dataset\OTU_2D\train\train_image\607.JPG,c:\Users\PeaceD_Dung\Documents\Khóa luận\dataset\dataset\OTU_2D\train\train_label\label\607.PNG
OTU_2D_train,608,959x557,959x557,MATCHED,c:\Users\PeaceD_Dung\Documents\Khóa luận\dataset\dataset\OTU_2D\train\train_image\608.JPG,c:\Users\PeaceD_Dung\Documents\Khóa luận\dataset\dataset\OTU_2D\train\train_label\label\608.PNG
OTU_2D_train,61,959x606,959x606,MATCHED,c:\Users\PeaceD_Dung\Documents\Khóa luận\dataset\dataset\OTU_2D\train\train_image\61.JPG,c:\Users\PeaceD_Dung\Documents\Khóa luận\dataset\dataset\OTU_2D\train\train_label\label\61.PNG
OTU_2D_train,611,788x559,788x559,MATCHED,c:\Users\PeaceD_Dung\Documents\Khóa luận\dataset\dataset\OTU_2D\train\train_image\611.JPG,c:\Users\PeaceD_Dung\Documents\Khóa luận\dataset\dataset\OTU_2D\train\train_label\label\611.PNG
OTU_2D_train,612,964x548,964x548,MATCHED,c:\Users\PeaceD_Dung\Documents\Khóa luận\dataset\dataset\OTU_2D\train\train_image\612.JPG,c:\Users\PeaceD_Dung\Documents\Khóa luận\dataset\dataset\OTU_2D\train\train_label\label\612.PNG
OTU_2D_train,613,974x534,974x534,MATCHED,c:\Users\PeaceD_Dung\Documents\Khóa luận\dataset\dataset\OTU_2D\train\train_image\613.JPG,c:\Users\PeaceD_Dung\Documents\Khóa luận\dataset\dataset\OTU_2D\train\train_label\label\613.PNG
OTU_2D_train,615,971x539,971x539,MATCHED,c:\Users\PeaceD_Dung\Documents\Khóa luận\dataset\dataset\OTU_2D\train\train_image\615.JPG,c:\Users\PeaceD_Dung\Documents\Khóa luận\dataset\dataset\OTU_2D\train\train_label\label\615.PNG
OTU_2D_train,616,971x542,971x542,MATCHED,c:\Users\PeaceD_Dung\Documents\Khóa luận\dataset\dataset\OTU_2D\train\train_image\616.JPG,c:\Users\PeaceD_Dung\Documents\Khóa luận\dataset\dataset\OTU_2D\train\train_label\label\616.PNG
OTU_2D_train,617,497x546,497x546,MATCHED,c:\Users\PeaceD_Dung\Documents\Khóa luận\dataset\dataset\OTU_2D\train\train_image\617.JPG,c:\Users\PeaceD_Dung\Documents\Khóa luận\dataset\dataset\OTU_2D\train\train_label\label\617.PNG
OTU_2D_train,618,974x541,974x541,MATCHED,c:\Users\PeaceD_Dung\Documents\Khóa luận\dataset\dataset\OTU_2D\train\train_image\618.JPG,c:\Users\PeaceD_Dung\Documents\Khóa luận\dataset\dataset\OTU_2D\train\train_label\label\618.PNG
OTU_2D_train,619,974x551,974x551,MATCHED,c:\Users\PeaceD_Dung\Documents\Khóa luận\dataset\dataset\OTU_2D\train\train_image\619.JPG,c:\Users\PeaceD_Dung\Documents\Khóa luận\dataset\dataset\OTU_2D\train\train_label\label\619.PNG
OTU_2D_train,62,852x606,852x606,MATCHED,c:\Users\PeaceD_Dung\Documents\Khóa luận\dataset\dataset\OTU_2D\train\train_image\62.JPG,c:\Users\PeaceD_Dung\Documents\Khóa luận\dataset\dataset\OTU_2D\train\train_label\label\62.PNG
OTU_2D_train,622,774x627,774x627,MATCHED,c:\Users\PeaceD_Dung\Documents\Khóa luận\dataset\dataset\OTU_2D\train\train_image\622.JPG,c:\Users\PeaceD_Dung\Documents\Khóa luận\dataset\dataset\OTU_2D\train\train_label\label\622.PNG
OTU_2D_train,624,479x540,479x540,MATCHED,c:\Users\PeaceD_Dung\Documents\Khóa luận\dataset\dataset\OTU_2D\train\train_image\624.JPG,c:\Users\PeaceD_Dung\Documents\Khóa luận\dataset\dataset\OTU_2D\train\train_label\label\624.PNG
OTU_2D_train,625,959x537,959x537,MATCHED,c:\Users\PeaceD_Dung\Documents\Khóa luận\dataset\dataset\OTU_2D\train\train_image\625.JPG,c:\Users\PeaceD_Dung\Documents\Khóa luận\dataset\dataset\OTU_2D\train\train_label\label\625.PNG
OTU_2D_train,628,483x552,483x552,MATCHED,c:\Users\PeaceD_Dung\Documents\Khóa luận\dataset\dataset\OTU_2D\train\train_image\628.JPG,c:\Users\PeaceD_Dung\Documents\Khóa luận\dataset\dataset\OTU_2D\train\train_label\label\628.PNG
OTU_2D_train,629,959x619,959x619,MATCHED,c:\Users\PeaceD_Dung\Documents\Khóa luận\dataset\dataset\OTU_2D\train\train_image\629.JPG,c:\Users\PeaceD_Dung\Documents\Khóa luận\dataset\dataset\OTU_2D\train\train_label\label\629.PNG
OTU_2D_train,630,957x614,957x614,MATCHED,c:\Users\PeaceD_Dung\Documents\Khóa luận\dataset\dataset\OTU_2D\train\train_image\630.JPG,c:\Users\PeaceD_Dung\Documents\Khóa luận\dataset\dataset\OTU_2D\train\train_label\label\630.PNG
OTU_2D_train,634,567x620,567x620,MATCHED,c:\Users\PeaceD_Dung\Documents\Khóa luận\dataset\dataset\OTU_2D\train\train_image\634.JPG,c:\Users\PeaceD_Dung\Documents\Khóa luận\dataset\dataset\OTU_2D\train\train_label\label\634.PNG
OTU_2D_train,635,567x631,567x631,MATCHED,c:\Users\PeaceD_Dung\Documents\Khóa luận\dataset\dataset\OTU_2D\train\train_image\635.JPG,c:\Users\PeaceD_Dung\Documents\Khóa luận\dataset\dataset\OTU_2D\train\train_label\label\635.PNG
OTU_2D_train,637,566x631,566x631,MATCHED,c:\Users\PeaceD_Dung\Documents\Khóa luận\dataset\dataset\OTU_2D\train\train_image\637.JPG,c:\Users\PeaceD_Dung\Documents\Khóa luận\dataset\dataset\OTU_2D\train\train_label\label\637.PNG
OTU_2D_train,641,1116x595,1116x595,MATCHED,c:\Users\PeaceD_Dung\Documents\Khóa luận\dataset\dataset\OTU_2D\train\train_image\641.JPG,c:\Users\PeaceD_Dung\Documents\Khóa luận\dataset\dataset\OTU_2D\train\train_label\label\641.PNG
OTU_2D_train,642,973x551,973x551,MATCHED,c:\Users\PeaceD_Dung\Documents\Khóa luận\dataset\dataset\OTU_2D\train\train_image\642.JPG,c:\Users\PeaceD_Dung\Documents\Khóa luận\dataset\dataset\OTU_2D\train\train_label\label\642.PNG
OTU_2D_train,643,1111x618,1111x618,MATCHED,c:\Users\PeaceD_Dung\Documents\Khóa luận\dataset\dataset\OTU_2D\train\train_image\643.JPG,c:\Users\PeaceD_Dung\Documents\Khóa luận\dataset\dataset\OTU_2D\train\train_label\label\643.PNG
OTU_2D_train,645,973x556,973x556,MATCHED,c:\Users\PeaceD_Dung\Documents\Khóa luận\dataset\dataset\OTU_2D\train\train_image\645.JPG,c:\Users\PeaceD_Dung\Documents\Khóa luận\dataset\dataset\OTU_2D\train\train_label\label\645.PNG
OTU_2D_train,646,970x557,970x557,MATCHED,c:\Users\PeaceD_Dung\Documents\Khóa luận\dataset\dataset\OTU_2D\train\train_image\646.JPG,c:\Users\PeaceD_Dung\Documents\Khóa luận\dataset\dataset\OTU_2D\train\train_label\label\646.PNG
OTU_2D_train,647,972x546,972x546,MATCHED,c:\Users\PeaceD_Dung\Documents\Khóa luận\dataset\dataset\OTU_2D\train\train_image\647.JPG,c:\Users\PeaceD_Dung\Documents\Khóa luận\dataset\dataset\OTU_2D\train\train_label\label\647.PNG
OTU_2D_train,65,863x605,863x605,MATCHED,c:\Users\PeaceD_Dung\Documents\Khóa luận\dataset\dataset\OTU_2D\train\train_image\65.JPG,c:\Users\PeaceD_Dung\Documents\Khóa luận\dataset\dataset\OTU_2D\train\train_label\label\65.PNG
OTU_2D_train,654,494x552,494x552,MATCHED,c:\Users\PeaceD_Dung\Documents\Khóa luận\dataset\dataset\OTU_2D\train\train_image\654.JPG,c:\Users\PeaceD_Dung\Documents\Khóa luận\dataset\dataset\OTU_2D\train\train_label\label\654.PNG
OTU_2D_train,655,480x569,480x569,MATCHED,c:\Users\PeaceD_Dung\Documents\Khóa luận\dataset\dataset\OTU_2D\train\train_image\655.JPG,c:\Users\PeaceD_Dung\Documents\Khóa luận\dataset\dataset\OTU_2D\train\train_label\label\655.PNG
OTU_2D_train,66,958x660,958x660,MATCHED,c:\Users\PeaceD_Dung\Documents\Khóa luận\dataset\dataset\OTU_2D\train\train_image\66.JPG,c:\Users\PeaceD_Dung\Documents\Khóa luận\dataset\dataset\OTU_2D\train\train_label\label\66.PNG
OTU_2D_train,666,958x550,958x550,MATCHED,c:\Users\PeaceD_Dung\Documents\Khóa luận\dataset\dataset\OTU_2D\train\train_image\666.JPG,c:\Users\PeaceD_Dung\Documents\Khóa luận\dataset\dataset\OTU_2D\train\train_label\label\666.PNG
OTU_2D_train,667,479x549,479x549,MATCHED,c:\Users\PeaceD_Dung\Documents\Khóa luận\dataset\dataset\OTU_2D\train\train_image\667.JPG,c:\Users\PeaceD_Dung\Documents\Khóa luận\dataset\dataset\OTU_2D\train\train_label\label\667.PNG
OTU_2D_train,668,482x540,482x540,MATCHED,c:\Users\PeaceD_Dung\Documents\Khóa luận\dataset\dataset\OTU_2D\train\train_image\668.JPG,c:\Users\PeaceD_Dung\Documents\Khóa luận\dataset\dataset\OTU_2D\train\train_label\label\668.PNG
OTU_2D_train,669,1135x785,1135x785,MATCHED,c:\Users\PeaceD_Dung\Documents\Khóa luận\dataset\dataset\OTU_2D\train\train_image\669.JPG,c:\Users\PeaceD_Dung\Documents\Khóa luận\dataset\dataset\OTU_2D\train\train_label\label\669.PNG
OTU_2D_train,67,958x664,958x664,MATCHED,c:\Users\PeaceD_Dung\Documents\Khóa luận\dataset\dataset\OTU_2D\train\train_image\67.JPG,c:\Users\PeaceD_Dung\Documents\Khóa luận\dataset\dataset\OTU_2D\train\train_label\label\67.PNG
OTU_2D_train,670,1135x784,1135x784,MATCHED,c:\Users\PeaceD_Dung\Documents\Khóa luận\dataset\dataset\OTU_2D\train\train_image\670.JPG,c:\Users\PeaceD_Dung\Documents\Khóa luận\dataset\dataset\OTU_2D\train\train_label\label\670.PNG
OTU_2D_train,673,974x579,974x579,MATCHED,c:\Users\PeaceD_Dung\Documents\Khóa luận\dataset\dataset\OTU_2D\train\train_image\673.JPG,c:\Users\PeaceD_Dung\Documents\Khóa luận\dataset\dataset\OTU_2D\train\train_label\label\673.PNG
OTU_2D_train,674,971x572,971x572,MATCHED,c:\Users\PeaceD_Dung\Documents\Khóa luận\dataset\dataset\OTU_2D\train\train_image\674.JPG,c:\Users\PeaceD_Dung\Documents\Khóa luận\dataset\dataset\OTU_2D\train\train_label\label\674.PNG
OTU_2D_train,675,973x661,973x661,MATCHED,c:\Users\PeaceD_Dung\Documents\Khóa luận\dataset\dataset\OTU_2D\train\train_image\675.JPG,c:\Users\PeaceD_Dung\Documents\Khóa luận\dataset\dataset\OTU_2D\train\train_label\label\675.PNG
OTU_2D_train,676,974x662,974x662,MATCHED,c:\Users\PeaceD_Dung\Documents\Khóa luận\dataset\dataset\OTU_2D\train\train_image\676.JPG,c:\Users\PeaceD_Dung\Documents\Khóa luận\dataset\dataset\OTU_2D\train\train_label\label\676.PNG
OTU_2D_train,677,974x661,974x661,MATCHED,c:\Users\PeaceD_Dung\Documents\Khóa luận\dataset\dataset\OTU_2D\train\train_image\677.JPG,c:\Users\PeaceD_Dung\Documents\Khóa luận\dataset\dataset\OTU_2D\train\train_label\label\677.PNG
OTU_2D_train,678,476x552,476x552,MATCHED,c:\Users\PeaceD_Dung\Documents\Khóa luận\dataset\dataset\OTU_2D\train\train_image\678.JPG,c:\Users\PeaceD_Dung\Documents\Khóa luận\dataset\dataset\OTU_2D\train\train_label\label\678.PNG
OTU_2D_train,68,959x662,959x662,MATCHED,c:\Users\PeaceD_Dung\Documents\Khóa luận\dataset\dataset\OTU_2D\train\train_image\68.JPG,c:\Users\PeaceD_Dung\Documents\Khóa luận\dataset\dataset\OTU_2D\train\train_label\label\68.PNG
OTU_2D_train,680,478x587,478x587,MATCHED,c:\Users\PeaceD_Dung\Documents\Khóa luận\dataset\dataset\OTU_2D\train\train_image\680.JPG,c:\Users\PeaceD_Dung\Documents\Khóa luận\dataset\dataset\OTU_2D\train\train_label\label\680.PNG
OTU_2D_train,681,478x534,478x534,MATCHED,c:\Users\PeaceD_Dung\Documents\Khóa luận\dataset\dataset\OTU_2D\train\train_image\681.JPG,c:\Users\PeaceD_Dung\Documents\Khóa luận\dataset\dataset\OTU_2D\train\train_label\label\681.PNG
OTU_2D_train,683,478x545,478x545,MATCHED,c:\Users\PeaceD_Dung\Documents\Khóa luận\dataset\dataset\OTU_2D\train\train_image\683.JPG,c:\Users\PeaceD_Dung\Documents\Khóa luận\dataset\dataset\OTU_2D\train\train_label\label\683.PNG
OTU_2D_train,684,495x552,495x552,MATCHED,c:\Users\PeaceD_Dung\Documents\Khóa luận\dataset\dataset\OTU_2D\train\train_image\684.JPG,c:\Users\PeaceD_Dung\Documents\Khóa luận\dataset\dataset\OTU_2D\train\train_label\label\684.PNG
OTU_2D_train,69,959x660,959x660,MATCHED,c:\Users\PeaceD_Dung\Documents\Khóa luận\dataset\dataset\OTU_2D\train\train_image\69.JPG,c:\Users\PeaceD_Dung\Documents\Khóa luận\dataset\dataset\OTU_2D\train\train_label\label\69.PNG
OTU_2D_train,692,959x535,959x535,MATCHED,c:\Users\PeaceD_Dung\Documents\Khóa luận\dataset\dataset\OTU_2D\train\train_image\692.JPG,c:\Users\PeaceD_Dung\Documents\Khóa luận\dataset\dataset\OTU_2D\train\train_label\label\692.PNG
OTU_2D_train,695,481x554,481x554,MATCHED,c:\Users\PeaceD_Dung\Documents\Khóa luận\dataset\dataset\OTU_2D\train\train_image\695.JPG,c:\Users\PeaceD_Dung\Documents\Khóa luận\dataset\dataset\OTU_2D\train\train_label\label\695.PNG
OTU_2D_train,696,866x617,866x617,MATCHED,c:\Users\PeaceD_Dung\Documents\Khóa luận\dataset\dataset\OTU_2D\train\train_image\696.JPG,c:\Users\PeaceD_Dung\Documents\Khóa luận\dataset\dataset\OTU_2D\train\train_label\label\696.PNG
OTU_2D_train,697,849x617,849x617,MATCHED,c:\Users\PeaceD_Dung\Documents\Khóa luận\dataset\dataset\OTU_2D\train\train_image\697.JPG,c:\Users\PeaceD_Dung\Documents\Khóa luận\dataset\dataset\OTU_2D\train\train_label\label\697.PNG
OTU_2D_train,698,852x613,852x613,MATCHED,c:\Users\PeaceD_Dung\Documents\Khóa luận\dataset\dataset\OTU_2D\train\train_image\698.JPG,c:\Users\PeaceD_Dung\Documents\Khóa luận\dataset\dataset\OTU_2D\train\train_label\label\698.PNG
OTU_2D_train,7,957x531,957x531,MATCHED,c:\Users\PeaceD_Dung\Documents\Khóa luận\dataset\dataset\OTU_2D\train\train_image\7.JPG,c:\Users\PeaceD_Dung\Documents\Khóa luận\dataset\dataset\OTU_2D\train\train_label\label\7.PNG
OTU_2D_train,702,958x533,958x533,MATCHED,c:\Users\PeaceD_Dung\Documents\Khóa luận\dataset\dataset\OTU_2D\train\train_image\702.JPG,c:\Users\PeaceD_Dung\Documents\Khóa luận\dataset\dataset\OTU_2D\train\train_label\label\702.PNG
OTU_2D_train,706,477x550,477x550,MATCHED,c:\Users\PeaceD_Dung\Documents\Khóa luận\dataset\dataset\OTU_2D\train\train_image\706.JPG,c:\Users\PeaceD_Dung\Documents\Khóa luận\dataset\dataset\OTU_2D\train\train_label\label\706.PNG
OTU_2D_train,708,480x550,480x550,MATCHED,c:\Users\PeaceD_Dung\Documents\Khóa luận\dataset\dataset\OTU_2D\train\train_image\708.JPG,c:\Users\PeaceD_Dung\Documents\Khóa luận\dataset\dataset\OTU_2D\train\train_label\label\708.PNG
OTU_2D_train,709,481x553,481x553,MATCHED,c:\Users\PeaceD_Dung\Documents\Khóa luận\dataset\dataset\OTU_2D\train\train_image\709.JPG,c:\Users\PeaceD_Dung\Documents\Khóa luận\dataset\dataset\OTU_2D\train\train_label\label\709.PNG
OTU_2D_train,710,480x552,480x552,MATCHED,c:\Users\PeaceD_Dung\Documents\Khóa luận\dataset\dataset\OTU_2D\train\train_image\710.JPG,c:\Users\PeaceD_Dung\Documents\Khóa luận\dataset\dataset\OTU_2D\train\train_label\label\710.PNG
OTU_2D_train,711,958x542,958x542,MATCHED,c:\Users\PeaceD_Dung\Documents\Khóa luận\dataset\dataset\OTU_2D\train\train_image\711.JPG,c:\Users\PeaceD_Dung\Documents\Khóa luận\dataset\dataset\OTU_2D\train\train_label\label\711.PNG
OTU_2D_train,712,959x539,959x539,MATCHED,c:\Users\PeaceD_Dung\Documents\Khóa luận\dataset\dataset\OTU_2D\train\train_image\712.JPG,c:\Users\PeaceD_Dung\Documents\Khóa luận\dataset\dataset\OTU_2D\train\train_label\label\712.PNG
OTU_2D_train,713,479x288,479x288,MATCHED,c:\Users\PeaceD_Dung\Documents\Khóa luận\dataset\dataset\OTU_2D\train\train_image\713.JPG,c:\Users\PeaceD_Dung\Documents\Khóa luận\dataset\dataset\OTU_2D\train\train_label\label\713.PNG
OTU_2D_train,715,479x543,479x543,MATCHED,c:\Users\PeaceD_Dung\Documents\Khóa luận\dataset\dataset\OTU_2D\train\train_image\715.JPG,c:\Users\PeaceD_Dung\Documents\Khóa luận\dataset\dataset\OTU_2D\train\train_label\label\715.PNG
OTU_2D_train,716,481x551,481x551,MATCHED,c:\Users\PeaceD_Dung\Documents\Khóa luận\dataset\dataset\OTU_2D\train\train_image\716.JPG,c:\Users\PeaceD_Dung\Documents\Khóa luận\dataset\dataset\OTU_2D\train\train_label\label\716.PNG
OTU_2D_train,717,480x550,480x550,MATCHED,c:\Users\PeaceD_Dung\Documents\Khóa luận\dataset\dataset\OTU_2D\train\train_image\717.JPG,c:\Users\PeaceD_Dung\Documents\Khóa luận\dataset\dataset\OTU_2D\train\train_label\label\717.PNG
OTU_2D_train,719,478x558,478x558,MATCHED,c:\Users\PeaceD_Dung\Documents\Khóa luận\dataset\dataset\OTU_2D\train\train_image\719.JPG,c:\Users\PeaceD_Dung\Documents\Khóa luận\dataset\dataset\OTU_2D\train\train_label\label\719.PNG
OTU_2D_train,72,959x535,959x535,MATCHED,c:\Users\PeaceD_Dung\Documents\Khóa luận\dataset\dataset\OTU_2D\train\train_image\72.JPG,c:\Users\PeaceD_Dung\Documents\Khóa luận\dataset\dataset\OTU_2D\train\train_label\label\72.PNG
OTU_2D_train,720,479x544,479x544,MATCHED,c:\Users\PeaceD_Dung\Documents\Khóa luận\dataset\dataset\OTU_2D\train\train_image\720.JPG,c:\Users\PeaceD_Dung\Documents\Khóa luận\dataset\dataset\OTU_2D\train\train_label\label\720.PNG
OTU_2D_train,721,482x560,482x560,MATCHED,c:\Users\PeaceD_Dung\Documents\Khóa luận\dataset\dataset\OTU_2D\train\train_image\721.JPG,c:\Users\PeaceD_Dung\Documents\Khóa luận\dataset\dataset\OTU_2D\train\train_label\label\721.PNG
OTU_2D_train,722,480x556,480x556,MATCHED,c:\Users\PeaceD_Dung\Documents\Khóa luận\dataset\dataset\OTU_2D\train\train_image\722.JPG,c:\Users\PeaceD_Dung\Documents\Khóa luận\dataset\dataset\OTU_2D\train\train_label\label\722.PNG
OTU_2D_train,723,479x554,479x554,MATCHED,c:\Users\PeaceD_Dung\Documents\Khóa luận\dataset\dataset\OTU_2D\train\train_image\723.JPG,c:\Users\PeaceD_Dung\Documents\Khóa luận\dataset\dataset\OTU_2D\train\train_label\label\723.PNG
OTU_2D_train,724,481x563,481x563,MATCHED,c:\Users\PeaceD_Dung\Documents\Khóa luận\dataset\dataset\OTU_2D\train\train_image\724.JPG,c:\Users\PeaceD_Dung\Documents\Khóa luận\dataset\dataset\OTU_2D\train\train_label\label\724.PNG
OTU_2D_train,725,476x557,476x557,MATCHED,c:\Users\PeaceD_Dung\Documents\Khóa luận\dataset\dataset\OTU_2D\train\train_image\725.JPG,c:\Users\PeaceD_Dung\Documents\Khóa luận\dataset\dataset\OTU_2D\train\train_label\label\725.PNG
OTU_2D_train,726,973x540,973x540,MATCHED,c:\Users\PeaceD_Dung\Documents\Khóa luận\dataset\dataset\OTU_2D\train\train_image\726.JPG,c:\Users\PeaceD_Dung\Documents\Khóa luận\dataset\dataset\OTU_2D\train\train_label\label\726.PNG
OTU_2D_train,727,974x564,974x564,MATCHED,c:\Users\PeaceD_Dung\Documents\Khóa luận\dataset\dataset\OTU_2D\train\train_image\727.JPG,c:\Users\PeaceD_Dung\Documents\Khóa luận\dataset\dataset\OTU_2D\train\train_label\label\727.PNG
OTU_2D_train,728,974x535,974x535,MATCHED,c:\Users\PeaceD_Dung\Documents\Khóa luận\dataset\dataset\OTU_2D\train\train_image\728.JPG,c:\Users\PeaceD_Dung\Documents\Khóa luận\dataset\dataset\OTU_2D\train\train_label\label\728.PNG
OTU_2D_train,729,973x533,973x533,MATCHED,c:\Users\PeaceD_Dung\Documents\Khóa luận\dataset\dataset\OTU_2D\train\train_image\729.JPG,c:\Users\PeaceD_Dung\Documents\Khóa luận\dataset\dataset\OTU_2D\train\train_label\label\729.PNG
OTU_2D_train,730,973x547,973x547,MATCHED,c:\Users\PeaceD_Dung\Documents\Khóa luận\dataset\dataset\OTU_2D\train\train_image\730.JPG,c:\Users\PeaceD_Dung\Documents\Khóa luận\dataset\dataset\OTU_2D\train\train_label\label\730.PNG
OTU_2D_train,731,480x533,480x533,MATCHED,c:\Users\PeaceD_Dung\Documents\Khóa luận\dataset\dataset\OTU_2D\train\train_image\731.JPG,c:\Users\PeaceD_Dung\Documents\Khóa luận\dataset\dataset\OTU_2D\train\train_label\label\731.PNG
OTU_2D_train,733,480x556,480x556,MATCHED,c:\Users\PeaceD_Dung\Documents\Khóa luận\dataset\dataset\OTU_2D\train\train_image\733.JPG,c:\Users\PeaceD_Dung\Documents\Khóa luận\dataset\dataset\OTU_2D\train\train_label\label\733.PNG
OTU_2D_train,734,476x566,476x566,MATCHED,c:\Users\PeaceD_Dung\Documents\Khóa luận\dataset\dataset\OTU_2D\train\train_image\734.JPG,c:\Users\PeaceD_Dung\Documents\Khóa luận\dataset\dataset\OTU_2D\train\train_label\label\734.PNG
OTU_2D_train,736,498x546,498x546,MATCHED,c:\Users\PeaceD_Dung\Documents\Khóa luận\dataset\dataset\OTU_2D\train\train_image\736.JPG,c:\Users\PeaceD_Dung\Documents\Khóa luận\dataset\dataset\OTU_2D\train\train_label\label\736.PNG
OTU_2D_train,737,477x557,477x557,MATCHED,c:\Users\PeaceD_Dung\Documents\Khóa luận\dataset\dataset\OTU_2D\train\train_image\737.JPG,c:\Users\PeaceD_Dung\Documents\Khóa luận\dataset\dataset\OTU_2D\train\train_label\label\737.PNG
OTU_2D_train,738,496x549,496x549,MATCHED,c:\Users\PeaceD_Dung\Documents\Khóa luận\dataset\dataset\OTU_2D\train\train_image\738.JPG,c:\Users\PeaceD_Dung\Documents\Khóa luận\dataset\dataset\OTU_2D\train\train_label\label\738.PNG
OTU_2D_train,739,478x557,478x557,MATCHED,c:\Users\PeaceD_Dung\Documents\Khóa luận\dataset\dataset\OTU_2D\train\train_image\739.JPG,c:\Users\PeaceD_Dung\Documents\Khóa luận\dataset\dataset\OTU_2D\train\train_label\label\739.PNG
OTU_2D_train,742,958x662,958x662,MATCHED,c:\Users\PeaceD_Dung\Documents\Khóa luận\dataset\dataset\OTU_2D\train\train_image\742.JPG,c:\Users\PeaceD_Dung\Documents\Khóa luận\dataset\dataset\OTU_2D\train\train_label\label\742.PNG
OTU_2D_train,744,958x543,958x543,MATCHED,c:\Users\PeaceD_Dung\Documents\Khóa luận\dataset\dataset\OTU_2D\train\train_image\744.JPG,c:\Users\PeaceD_Dung\Documents\Khóa luận\dataset\dataset\OTU_2D\train\train_label\label\744.PNG
OTU_2D_train,745,959x536,959x536,MATCHED,c:\Users\PeaceD_Dung\Documents\Khóa luận\dataset\dataset\OTU_2D\train\train_image\745.JPG,c:\Users\PeaceD_Dung\Documents\Khóa luận\dataset\dataset\OTU_2D\train\train_label\label\745.PNG
OTU_2D_train,746,972x543,972x543,MATCHED,c:\Users\PeaceD_Dung\Documents\Khóa luận\dataset\dataset\OTU_2D\train\train_image\746.JPG,c:\Users\PeaceD_Dung\Documents\Khóa luận\dataset\dataset\OTU_2D\train\train_label\label\746.PNG
OTU_2D_train,749,498x541,498x541,MATCHED,c:\Users\PeaceD_Dung\Documents\Khóa luận\dataset\dataset\OTU_2D\train\train_image\749.JPG,c:\Users\PeaceD_Dung\Documents\Khóa luận\dataset\dataset\OTU_2D\train\train_label\label\749.PNG
OTU_2D_train,750,476x520,476x520,MATCHED,c:\Users\PeaceD_Dung\Documents\Khóa luận\dataset\dataset\OTU_2D\train\train_image\750.JPG,c:\Users\PeaceD_Dung\Documents\Khóa luận\dataset\dataset\OTU_2D\train\train_label\label\750.PNG
OTU_2D_train,753,959x546,959x546,MATCHED,c:\Users\PeaceD_Dung\Documents\Khóa luận\dataset\dataset\OTU_2D\train\train_image\753.JPG,c:\Users\PeaceD_Dung\Documents\Khóa luận\dataset\dataset\OTU_2D\train\train_label\label\753.PNG
OTU_2D_train,754,959x546,959x546,MATCHED,c:\Users\PeaceD_Dung\Documents\Khóa luận\dataset\dataset\OTU_2D\train\train_image\754.JPG,c:\Users\PeaceD_Dung\Documents\Khóa luận\dataset\dataset\OTU_2D\train\train_label\label\754.PNG
OTU_2D_train,755,957x549,957x549,MATCHED,c:\Users\PeaceD_Dung\Documents\Khóa luận\dataset\dataset\OTU_2D\train\train_image\755.JPG,c:\Users\PeaceD_Dung\Documents\Khóa luận\dataset\dataset\OTU_2D\train\train_label\label\755.PNG
OTU_2D_train,756,483x540,483x540,MATCHED,c:\Users\PeaceD_Dung\Documents\Khóa luận\dataset\dataset\OTU_2D\train\train_image\756.JPG,c:\Users\PeaceD_Dung\Documents\Khóa luận\dataset\dataset\OTU_2D\train\train_label\label\756.PNG
OTU_2D_train,757,1084x617,1084x617,MATCHED,c:\Users\PeaceD_Dung\Documents\Khóa luận\dataset\dataset\OTU_2D\train\train_image\757.JPG,c:\Users\PeaceD_Dung\Documents\Khóa luận\dataset\dataset\OTU_2D\train\train_label\label\757.PNG
OTU_2D_train,758,1096x614,1096x614,MATCHED,c:\Users\PeaceD_Dung\Documents\Khóa luận\dataset\dataset\OTU_2D\train\train_image\758.JPG,c:\Users\PeaceD_Dung\Documents\Khóa luận\dataset\dataset\OTU_2D\train\train_label\label\758.PNG
OTU_2D_train,759,1106x628,1106x628,MATCHED,c:\Users\PeaceD_Dung\Documents\Khóa luận\dataset\dataset\OTU_2D\train\train_image\759.JPG,c:\Users\PeaceD_Dung\Documents\Khóa luận\dataset\dataset\OTU_2D\train\train_label\label\759.PNG
OTU_2D_train,760,1111x635,1111x635,MATCHED,c:\Users\PeaceD_Dung\Documents\Khóa luận\dataset\dataset\OTU_2D\train\train_image\760.JPG,c:\Users\PeaceD_Dung\Documents\Khóa luận\dataset\dataset\OTU_2D\train\train_label\label\760.PNG
OTU_2D_train,761,1108x632,1108x632,MATCHED,c:\Users\PeaceD_Dung\Documents\Khóa luận\dataset\dataset\OTU_2D\train\train_image\761.JPG,c:\Users\PeaceD_Dung\Documents\Khóa luận\dataset\dataset\OTU_2D\train\train_label\label\761.PNG
OTU_2D_train,763,549x602,549x602,MATCHED,c:\Users\PeaceD_Dung\Documents\Khóa luận\dataset\dataset\OTU_2D\train\train_image\763.JPG,c:\Users\PeaceD_Dung\Documents\Khóa luận\dataset\dataset\OTU_2D\train\train_label\label\763.PNG
OTU_2D_train,764,571x598,571x598,MATCHED,c:\Users\PeaceD_Dung\Documents\Khóa luận\dataset\dataset\OTU_2D\train\train_image\764.JPG,c:\Users\PeaceD_Dung\Documents\Khóa luận\dataset\dataset\OTU_2D\train\train_label\label\764.PNG
OTU_2D_train,765,561x597,561x597,MATCHED,c:\Users\PeaceD_Dung\Documents\Khóa luận\dataset\dataset\OTU_2D\train\train_image\765.JPG,c:\Users\PeaceD_Dung\Documents\Khóa luận\dataset\dataset\OTU_2D\train\train_label\label\765.PNG
OTU_2D_train,766,566x611,566x611,MATCHED,c:\Users\PeaceD_Dung\Documents\Khóa luận\dataset\dataset\OTU_2D\train\train_image\766.JPG,c:\Users\PeaceD_Dung\Documents\Khóa luận\dataset\dataset\OTU_2D\train\train_label\label\766.PNG
OTU_2D_train,767,562x622,562x622,MATCHED,c:\Users\PeaceD_Dung\Documents\Khóa luận\dataset\dataset\OTU_2D\train\train_image\767.JPG,c:\Users\PeaceD_Dung\Documents\Khóa luận\dataset\dataset\OTU_2D\train\train_label\label\767.PNG
OTU_2D_train,768,569x602,569x602,MATCHED,c:\Users\PeaceD_Dung\Documents\Khóa luận\dataset\dataset\OTU_2D\train\train_image\768.JPG,c:\Users\PeaceD_Dung\Documents\Khóa luận\dataset\dataset\OTU_2D\train\train_label\label\768.PNG
OTU_2D_train,769,388x524,388x524,MATCHED,c:\Users\PeaceD_Dung\Documents\Khóa luận\dataset\dataset\OTU_2D\train\train_image\769.JPG,c:\Users\PeaceD_Dung\Documents\Khóa luận\dataset\dataset\OTU_2D\train\train_label\label\769.PNG
OTU_2D_train,77,961x663,961x663,MATCHED,c:\Users\PeaceD_Dung\Documents\Khóa luận\dataset\dataset\OTU_2D\train\train_image\77.JPG,c:\Users\PeaceD_Dung\Documents\Khóa luận\dataset\dataset\OTU_2D\train\train_label\label\77.PNG
OTU_2D_train,771,484x542,484x542,MATCHED,c:\Users\PeaceD_Dung\Documents\Khóa luận\dataset\dataset\OTU_2D\train\train_image\771.JPG,c:\Users\PeaceD_Dung\Documents\Khóa luận\dataset\dataset\OTU_2D\train\train_label\label\771.PNG
OTU_2D_train,772,474x548,474x548,MATCHED,c:\Users\PeaceD_Dung\Documents\Khóa luận\dataset\dataset\OTU_2D\train\train_image\772.JPG,c:\Users\PeaceD_Dung\Documents\Khóa luận\dataset\dataset\OTU_2D\train\train_label\label\772.PNG
OTU_2D_train,774,461x493,461x493,MATCHED,c:\Users\PeaceD_Dung\Documents\Khóa luận\dataset\dataset\OTU_2D\train\train_image\774.JPG,c:\Users\PeaceD_Dung\Documents\Khóa luận\dataset\dataset\OTU_2D\train\train_label\label\774.PNG
OTU_2D_train,775,493x447,493x447,MATCHED,c:\Users\PeaceD_Dung\Documents\Khóa luận\dataset\dataset\OTU_2D\train\train_image\775.JPG,c:\Users\PeaceD_Dung\Documents\Khóa luận\dataset\dataset\OTU_2D\train\train_label\label\775.PNG
OTU_2D_train,777,973x537,973x537,MATCHED,c:\Users\PeaceD_Dung\Documents\Khóa luận\dataset\dataset\OTU_2D\train\train_image\777.JPG,c:\Users\PeaceD_Dung\Documents\Khóa luận\dataset\dataset\OTU_2D\train\train_label\label\777.PNG
OTU_2D_train,78,962x661,962x661,MATCHED,c:\Users\PeaceD_Dung\Documents\Khóa luận\dataset\dataset\OTU_2D\train\train_image\78.JPG,c:\Users\PeaceD_Dung\Documents\Khóa luận\dataset\dataset\OTU_2D\train\train_label\label\78.PNG
OTU_2D_train,780,481x542,481x542,MATCHED,c:\Users\PeaceD_Dung\Documents\Khóa luận\dataset\dataset\OTU_2D\train\train_image\780.JPG,c:\Users\PeaceD_Dung\Documents\Khóa luận\dataset\dataset\OTU_2D\train\train_label\label\780.PNG
OTU_2D_train,781,479x544,479x544,MATCHED,c:\Users\PeaceD_Dung\Documents\Khóa luận\dataset\dataset\OTU_2D\train\train_image\781.JPG,c:\Users\PeaceD_Dung\Documents\Khóa luận\dataset\dataset\OTU_2D\train\train_label\label\781.PNG
OTU_2D_train,785,959x582,959x582,MATCHED,c:\Users\PeaceD_Dung\Documents\Khóa luận\dataset\dataset\OTU_2D\train\train_image\785.JPG,c:\Users\PeaceD_Dung\Documents\Khóa luận\dataset\dataset\OTU_2D\train\train_label\label\785.PNG
OTU_2D_train,786,782x686,782x686,MATCHED,c:\Users\PeaceD_Dung\Documents\Khóa luận\dataset\dataset\OTU_2D\train\train_image\786.JPG,c:\Users\PeaceD_Dung\Documents\Khóa luận\dataset\dataset\OTU_2D\train\train_label\label\786.PNG
OTU_2D_train,787,738x685,738x685,MATCHED,c:\Users\PeaceD_Dung\Documents\Khóa luận\dataset\dataset\OTU_2D\train\train_image\787.JPG,c:\Users\PeaceD_Dung\Documents\Khóa luận\dataset\dataset\OTU_2D\train\train_label\label\787.PNG
OTU_2D_train,788,761x687,761x687,MATCHED,c:\Users\PeaceD_Dung\Documents\Khóa luận\dataset\dataset\OTU_2D\train\train_image\788.JPG,c:\Users\PeaceD_Dung\Documents\Khóa luận\dataset\dataset\OTU_2D\train\train_label\label\788.PNG
OTU_2D_train,79,958x530,958x530,MATCHED,c:\Users\PeaceD_Dung\Documents\Khóa luận\dataset\dataset\OTU_2D\train\train_image\79.JPG,c:\Users\PeaceD_Dung\Documents\Khóa luận\dataset\dataset\OTU_2D\train\train_label\label\79.PNG
OTU_2D_train,794,959x554,959x554,MATCHED,c:\Users\PeaceD_Dung\Documents\Khóa luận\dataset\dataset\OTU_2D\train\train_image\794.JPG,c:\Users\PeaceD_Dung\Documents\Khóa luận\dataset\dataset\OTU_2D\train\train_label\label\794.PNG
OTU_2D_train,795,959x545,959x545,MATCHED,c:\Users\PeaceD_Dung\Documents\Khóa luận\dataset\dataset\OTU_2D\train\train_image\795.JPG,c:\Users\PeaceD_Dung\Documents\Khóa luận\dataset\dataset\OTU_2D\train\train_label\label\795.PNG
OTU_2D_train,796,959x541,959x541,MATCHED,c:\Users\PeaceD_Dung\Documents\Khóa luận\dataset\dataset\OTU_2D\train\train_image\796.JPG,c:\Users\PeaceD_Dung\Documents\Khóa luận\dataset\dataset\OTU_2D\train\train_label\label\796.PNG
OTU_2D_train,797,954x542,954x542,MATCHED,c:\Users\PeaceD_Dung\Documents\Khóa luận\dataset\dataset\OTU_2D\train\train_image\797.JPG,c:\Users\PeaceD_Dung\Documents\Khóa luận\dataset\dataset\OTU_2D\train\train_label\label\797.PNG
OTU_2D_train,798,958x536,958x536,MATCHED,c:\Users\PeaceD_Dung\Documents\Khóa luận\dataset\dataset\OTU_2D\train\train_image\798.JPG,c:\Users\PeaceD_Dung\Documents\Khóa luận\dataset\dataset\OTU_2D\train\train_label\label\798.PNG
OTU_2D_train,799,957x541,957x541,MATCHED,c:\Users\PeaceD_Dung\Documents\Khóa luận\dataset\dataset\OTU_2D\train\train_image\799.JPG,c:\Users\PeaceD_Dung\Documents\Khóa luận\dataset\dataset\OTU_2D\train\train_label\label\799.PNG
OTU_2D_train,80,958x531,958x531,MATCHED,c:\Users\PeaceD_Dung\Documents\Khóa luận\dataset\dataset\OTU_2D\train\train_image\80.JPG,c:\Users\PeaceD_Dung\Documents\Khóa luận\dataset\dataset\OTU_2D\train\train_label\label\80.PNG
OTU_2D_train,801,958x543,958x543,MATCHED,c:\Users\PeaceD_Dung\Documents\Khóa luận\dataset\dataset\OTU_2D\train\train_image\801.JPG,c:\Users\PeaceD_Dung\Documents\Khóa luận\dataset\dataset\OTU_2D\train\train_label\label\801.PNG
OTU_2D_train,803,957x542,957x542,MATCHED,c:\Users\PeaceD_Dung\Documents\Khóa luận\dataset\dataset\OTU_2D\train\train_image\803.JPG,c:\Users\PeaceD_Dung\Documents\Khóa luận\dataset\dataset\OTU_2D\train\train_label\label\803.PNG
OTU_2D_train,805,480x543,480x543,MATCHED,c:\Users\PeaceD_Dung\Documents\Khóa luận\dataset\dataset\OTU_2D\train\train_image\805.JPG,c:\Users\PeaceD_Dung\Documents\Khóa luận\dataset\dataset\OTU_2D\train\train_label\label\805.PNG
OTU_2D_train,81,957x531,957x531,MATCHED,c:\Users\PeaceD_Dung\Documents\Khóa luận\dataset\dataset\OTU_2D\train\train_image\81.JPG,c:\Users\PeaceD_Dung\Documents\Khóa luận\dataset\dataset\OTU_2D\train\train_label\label\81.PNG
OTU_2D_train,811,569x602,569x602,MATCHED,c:\Users\PeaceD_Dung\Documents\Khóa luận\dataset\dataset\OTU_2D\train\train_image\811.JPG,c:\Users\PeaceD_Dung\Documents\Khóa luận\dataset\dataset\OTU_2D\train\train_label\label\811.PNG
OTU_2D_train,812,1135x705,1135x705,MATCHED,c:\Users\PeaceD_Dung\Documents\Khóa luận\dataset\dataset\OTU_2D\train\train_image\812.JPG,c:\Users\PeaceD_Dung\Documents\Khóa luận\dataset\dataset\OTU_2D\train\train_label\label\812.PNG
OTU_2D_train,813,490x273,490x273,MATCHED,c:\Users\PeaceD_Dung\Documents\Khóa luận\dataset\dataset\OTU_2D\train\train_image\813.JPG,c:\Users\PeaceD_Dung\Documents\Khóa luận\dataset\dataset\OTU_2D\train\train_label\label\813.PNG
OTU_2D_train,814,773x629,773x629,MATCHED,c:\Users\PeaceD_Dung\Documents\Khóa luận\dataset\dataset\OTU_2D\train\train_image\814.JPG,c:\Users\PeaceD_Dung\Documents\Khóa luận\dataset\dataset\OTU_2D\train\train_label\label\814.PNG
OTU_2D_train,815,775x610,775x610,MATCHED,c:\Users\PeaceD_Dung\Documents\Khóa luận\dataset\dataset\OTU_2D\train\train_image\815.JPG,c:\Users\PeaceD_Dung\Documents\Khóa luận\dataset\dataset\OTU_2D\train\train_label\label\815.PNG
OTU_2D_train,818,972x534,972x534,MATCHED,c:\Users\PeaceD_Dung\Documents\Khóa luận\dataset\dataset\OTU_2D\train\train_image\818.JPG,c:\Users\PeaceD_Dung\Documents\Khóa luận\dataset\dataset\OTU_2D\train\train_label\label\818.PNG
OTU_2D_train,819,972x548,972x548,MATCHED,c:\Users\PeaceD_Dung\Documents\Khóa luận\dataset\dataset\OTU_2D\train\train_image\819.JPG,c:\Users\PeaceD_Dung\Documents\Khóa luận\dataset\dataset\OTU_2D\train\train_label\label\819.PNG
OTU_2D_train,82,958x532,958x532,MATCHED,c:\Users\PeaceD_Dung\Documents\Khóa luận\dataset\dataset\OTU_2D\train\train_image\82.JPG,c:\Users\PeaceD_Dung\Documents\Khóa luận\dataset\dataset\OTU_2D\train\train_label\label\82.PNG
OTU_2D_train,820,959x544,959x544,MATCHED,c:\Users\PeaceD_Dung\Documents\Khóa luận\dataset\dataset\OTU_2D\train\train_image\820.JPG,c:\Users\PeaceD_Dung\Documents\Khóa luận\dataset\dataset\OTU_2D\train\train_label\label\820.PNG
OTU_2D_train,822,1135x609,1135x609,MATCHED,c:\Users\PeaceD_Dung\Documents\Khóa luận\dataset\dataset\OTU_2D\train\train_image\822.JPG,c:\Users\PeaceD_Dung\Documents\Khóa luận\dataset\dataset\OTU_2D\train\train_label\label\822.PNG
OTU_2D_train,823,959x552,959x552,MATCHED,c:\Users\PeaceD_Dung\Documents\Khóa luận\dataset\dataset\OTU_2D\train\train_image\823.JPG,c:\Users\PeaceD_Dung\Documents\Khóa luận\dataset\dataset\OTU_2D\train\train_label\label\823.PNG
OTU_2D_train,824,959x546,959x546,MATCHED,c:\Users\PeaceD_Dung\Documents\Khóa luận\dataset\dataset\OTU_2D\train\train_image\824.JPG,c:\Users\PeaceD_Dung\Documents\Khóa luận\dataset\dataset\OTU_2D\train\train_label\label\824.PNG
OTU_2D_train,827,959x563,959x563,MATCHED,c:\Users\PeaceD_Dung\Documents\Khóa luận\dataset\dataset\OTU_2D\train\train_image\827.JPG,c:\Users\PeaceD_Dung\Documents\Khóa luận\dataset\dataset\OTU_2D\train\train_label\label\827.PNG
OTU_2D_train,828,971x531,971x531,MATCHED,c:\Users\PeaceD_Dung\Documents\Khóa luận\dataset\dataset\OTU_2D\train\train_image\828.JPG,c:\Users\PeaceD_Dung\Documents\Khóa luận\dataset\dataset\OTU_2D\train\train_label\label\828.PNG
OTU_2D_train,829,1101x586,1101x586,MATCHED,c:\Users\PeaceD_Dung\Documents\Khóa luận\dataset\dataset\OTU_2D\train\train_image\829.JPG,c:\Users\PeaceD_Dung\Documents\Khóa luận\dataset\dataset\OTU_2D\train\train_label\label\829.PNG
OTU_2D_train,830,958x545,958x545,MATCHED,c:\Users\PeaceD_Dung\Documents\Khóa luận\dataset\dataset\OTU_2D\train\train_image\830.JPG,c:\Users\PeaceD_Dung\Documents\Khóa luận\dataset\dataset\OTU_2D\train\train_label\label\830.PNG
OTU_2D_train,831,958x540,958x540,MATCHED,c:\Users\PeaceD_Dung\Documents\Khóa luận\dataset\dataset\OTU_2D\train\train_image\831.JPG,c:\Users\PeaceD_Dung\Documents\Khóa luận\dataset\dataset\OTU_2D\train\train_label\label\831.PNG
OTU_2D_train,832,492x272,492x272,MATCHED,c:\Users\PeaceD_Dung\Documents\Khóa luận\dataset\dataset\OTU_2D\train\train_image\832.JPG,c:\Users\PeaceD_Dung\Documents\Khóa luận\dataset\dataset\OTU_2D\train\train_label\label\832.PNG
OTU_2D_train,833,493x280,493x280,MATCHED,c:\Users\PeaceD_Dung\Documents\Khóa luận\dataset\dataset\OTU_2D\train\train_image\833.JPG,c:\Users\PeaceD_Dung\Documents\Khóa luận\dataset\dataset\OTU_2D\train\train_label\label\833.PNG
OTU_2D_train,834,967x537,967x537,MATCHED,c:\Users\PeaceD_Dung\Documents\Khóa luận\dataset\dataset\OTU_2D\train\train_image\834.JPG,c:\Users\PeaceD_Dung\Documents\Khóa luận\dataset\dataset\OTU_2D\train\train_label\label\834.PNG
OTU_2D_train,835,959x611,959x611,MATCHED,c:\Users\PeaceD_Dung\Documents\Khóa luận\dataset\dataset\OTU_2D\train\train_image\835.JPG,c:\Users\PeaceD_Dung\Documents\Khóa luận\dataset\dataset\OTU_2D\train\train_label\label\835.PNG
OTU_2D_train,836,959x612,959x612,MATCHED,c:\Users\PeaceD_Dung\Documents\Khóa luận\dataset\dataset\OTU_2D\train\train_image\836.JPG,c:\Users\PeaceD_Dung\Documents\Khóa luận\dataset\dataset\OTU_2D\train\train_label\label\836.PNG
OTU_2D_train,838,955x534,955x534,MATCHED,c:\Users\PeaceD_Dung\Documents\Khóa luận\dataset\dataset\OTU_2D\train\train_image\838.JPG,c:\Users\PeaceD_Dung\Documents\Khóa luận\dataset\dataset\OTU_2D\train\train_label\label\838.PNG
OTU_2D_train,839,958x609,958x609,MATCHED,c:\Users\PeaceD_Dung\Documents\Khóa luận\dataset\dataset\OTU_2D\train\train_image\839.JPG,c:\Users\PeaceD_Dung\Documents\Khóa luận\dataset\dataset\OTU_2D\train\train_label\label\839.PNG
OTU_2D_train,840,566x630,566x630,MATCHED,c:\Users\PeaceD_Dung\Documents\Khóa luận\dataset\dataset\OTU_2D\train\train_image\840.JPG,c:\Users\PeaceD_Dung\Documents\Khóa luận\dataset\dataset\OTU_2D\train\train_label\label\840.PNG
OTU_2D_train,841,570x627,570x627,MATCHED,c:\Users\PeaceD_Dung\Documents\Khóa luận\dataset\dataset\OTU_2D\train\train_image\841.JPG,c:\Users\PeaceD_Dung\Documents\Khóa luận\dataset\dataset\OTU_2D\train\train_label\label\841.PNG
OTU_2D_train,843,1105x584,1105x584,MATCHED,c:\Users\PeaceD_Dung\Documents\Khóa luận\dataset\dataset\OTU_2D\train\train_image\843.JPG,c:\Users\PeaceD_Dung\Documents\Khóa luận\dataset\dataset\OTU_2D\train\train_label\label\843.PNG
OTU_2D_train,845,973x554,973x554,MATCHED,c:\Users\PeaceD_Dung\Documents\Khóa luận\dataset\dataset\OTU_2D\train\train_image\845.JPG,c:\Users\PeaceD_Dung\Documents\Khóa luận\dataset\dataset\OTU_2D\train\train_label\label\845.PNG
OTU_2D_train,846,972x554,972x554,MATCHED,c:\Users\PeaceD_Dung\Documents\Khóa luận\dataset\dataset\OTU_2D\train\train_image\846.JPG,c:\Users\PeaceD_Dung\Documents\Khóa luận\dataset\dataset\OTU_2D\train\train_label\label\846.PNG
OTU_2D_train,848,958x539,958x539,MATCHED,c:\Users\PeaceD_Dung\Documents\Khóa luận\dataset\dataset\OTU_2D\train\train_image\848.JPG,c:\Users\PeaceD_Dung\Documents\Khóa luận\dataset\dataset\OTU_2D\train\train_label\label\848.PNG
OTU_2D_train,849,974x661,974x661,MATCHED,c:\Users\PeaceD_Dung\Documents\Khóa luận\dataset\dataset\OTU_2D\train\train_image\849.JPG,c:\Users\PeaceD_Dung\Documents\Khóa luận\dataset\dataset\OTU_2D\train\train_label\label\849.PNG
OTU_2D_train,85,957x533,957x533,MATCHED,c:\Users\PeaceD_Dung\Documents\Khóa luận\dataset\dataset\OTU_2D\train\train_image\85.JPG,c:\Users\PeaceD_Dung\Documents\Khóa luận\dataset\dataset\OTU_2D\train\train_label\label\85.PNG
OTU_2D_train,850,974x553,974x553,MATCHED,c:\Users\PeaceD_Dung\Documents\Khóa luận\dataset\dataset\OTU_2D\train\train_image\850.JPG,c:\Users\PeaceD_Dung\Documents\Khóa luận\dataset\dataset\OTU_2D\train\train_label\label\850.PNG
OTU_2D_train,851,971x534,971x534,MATCHED,c:\Users\PeaceD_Dung\Documents\Khóa luận\dataset\dataset\OTU_2D\train\train_image\851.JPG,c:\Users\PeaceD_Dung\Documents\Khóa luận\dataset\dataset\OTU_2D\train\train_label\label\851.PNG
OTU_2D_train,852,482x274,482x274,MATCHED,c:\Users\PeaceD_Dung\Documents\Khóa luận\dataset\dataset\OTU_2D\train\train_image\852.JPG,c:\Users\PeaceD_Dung\Documents\Khóa luận\dataset\dataset\OTU_2D\train\train_label\label\852.PNG
OTU_2D_train,853,958x546,958x546,MATCHED,c:\Users\PeaceD_Dung\Documents\Khóa luận\dataset\dataset\OTU_2D\train\train_image\853.JPG,c:\Users\PeaceD_Dung\Documents\Khóa luận\dataset\dataset\OTU_2D\train\train_label\label\853.PNG
OTU_2D_train,855,958x539,958x539,MATCHED,c:\Users\PeaceD_Dung\Documents\Khóa luận\dataset\dataset\OTU_2D\train\train_image\855.JPG,c:\Users\PeaceD_Dung\Documents\Khóa luận\dataset\dataset\OTU_2D\train\train_label\label\855.PNG
OTU_2D_train,857,487x272,487x272,MATCHED,c:\Users\PeaceD_Dung\Documents\Khóa luận\dataset\dataset\OTU_2D\train\train_image\857.JPG,c:\Users\PeaceD_Dung\Documents\Khóa luận\dataset\dataset\OTU_2D\train\train_label\label\857.PNG
OTU_2D_train,858,958x548,958x548,MATCHED,c:\Users\PeaceD_Dung\Documents\Khóa luận\dataset\dataset\OTU_2D\train\train_image\858.JPG,c:\Users\PeaceD_Dung\Documents\Khóa luận\dataset\dataset\OTU_2D\train\train_label\label\858.PNG
OTU_2D_train,859,956x537,956x537,MATCHED,c:\Users\PeaceD_Dung\Documents\Khóa luận\dataset\dataset\OTU_2D\train\train_image\859.JPG,c:\Users\PeaceD_Dung\Documents\Khóa luận\dataset\dataset\OTU_2D\train\train_label\label\859.PNG
OTU_2D_train,86,1113x604,1113x604,MATCHED,c:\Users\PeaceD_Dung\Documents\Khóa luận\dataset\dataset\OTU_2D\train\train_image\86.JPG,c:\Users\PeaceD_Dung\Documents\Khóa luận\dataset\dataset\OTU_2D\train\train_label\label\86.PNG
OTU_2D_train,860,959x541,959x541,MATCHED,c:\Users\PeaceD_Dung\Documents\Khóa luận\dataset\dataset\OTU_2D\train\train_image\860.JPG,c:\Users\PeaceD_Dung\Documents\Khóa luận\dataset\dataset\OTU_2D\train\train_label\label\860.PNG
OTU_2D_train,861,959x538,959x538,MATCHED,c:\Users\PeaceD_Dung\Documents\Khóa luận\dataset\dataset\OTU_2D\train\train_image\861.JPG,c:\Users\PeaceD_Dung\Documents\Khóa luận\dataset\dataset\OTU_2D\train\train_label\label\861.PNG
OTU_2D_train,865,972x547,972x547,MATCHED,c:\Users\PeaceD_Dung\Documents\Khóa luận\dataset\dataset\OTU_2D\train\train_image\865.JPG,c:\Users\PeaceD_Dung\Documents\Khóa luận\dataset\dataset\OTU_2D\train\train_label\label\865.PNG
OTU_2D_train,866,974x556,974x556,MATCHED,c:\Users\PeaceD_Dung\Documents\Khóa luận\dataset\dataset\OTU_2D\train\train_image\866.JPG,c:\Users\PeaceD_Dung\Documents\Khóa luận\dataset\dataset\OTU_2D\train\train_label\label\866.PNG
OTU_2D_train,867,477x296,477x296,MATCHED,c:\Users\PeaceD_Dung\Documents\Khóa luận\dataset\dataset\OTU_2D\train\train_image\867.JPG,c:\Users\PeaceD_Dung\Documents\Khóa luận\dataset\dataset\OTU_2D\train\train_label\label\867.PNG
OTU_2D_train,869,972x540,972x540,MATCHED,c:\Users\PeaceD_Dung\Documents\Khóa luận\dataset\dataset\OTU_2D\train\train_image\869.JPG,c:\Users\PeaceD_Dung\Documents\Khóa luận\dataset\dataset\OTU_2D\train\train_label\label\869.PNG
OTU_2D_train,871,956x544,956x544,MATCHED,c:\Users\PeaceD_Dung\Documents\Khóa luận\dataset\dataset\OTU_2D\train\train_image\871.JPG,c:\Users\PeaceD_Dung\Documents\Khóa luận\dataset\dataset\OTU_2D\train\train_label\label\871.PNG
OTU_2D_train,873,1134x608,1134x608,MATCHED,c:\Users\PeaceD_Dung\Documents\Khóa luận\dataset\dataset\OTU_2D\train\train_image\873.JPG,c:\Users\PeaceD_Dung\Documents\Khóa luận\dataset\dataset\OTU_2D\train\train_label\label\873.PNG
OTU_2D_train,874,958x545,958x545,MATCHED,c:\Users\PeaceD_Dung\Documents\Khóa luận\dataset\dataset\OTU_2D\train\train_image\874.JPG,c:\Users\PeaceD_Dung\Documents\Khóa luận\dataset\dataset\OTU_2D\train\train_label\label\874.PNG
OTU_2D_train,875,954x545,954x545,MATCHED,c:\Users\PeaceD_Dung\Documents\Khóa luận\dataset\dataset\OTU_2D\train\train_image\875.JPG,c:\Users\PeaceD_Dung\Documents\Khóa luận\dataset\dataset\OTU_2D\train\train_label\label\875.PNG
OTU_2D_train,876,479x548,479x548,MATCHED,c:\Users\PeaceD_Dung\Documents\Khóa luận\dataset\dataset\OTU_2D\train\train_image\876.JPG,c:\Users\PeaceD_Dung\Documents\Khóa luận\dataset\dataset\OTU_2D\train\train_label\label\876.PNG
OTU_2D_train,879,959x586,959x586,MATCHED,c:\Users\PeaceD_Dung\Documents\Khóa luận\dataset\dataset\OTU_2D\train\train_image\879.JPG,c:\Users\PeaceD_Dung\Documents\Khóa luận\dataset\dataset\OTU_2D\train\train_label\label\879.PNG
OTU_2D_train,880,1135x610,1135x610,MATCHED,c:\Users\PeaceD_Dung\Documents\Khóa luận\dataset\dataset\OTU_2D\train\train_image\880.JPG,c:\Users\PeaceD_Dung\Documents\Khóa luận\dataset\dataset\OTU_2D\train\train_label\label\880.PNG
OTU_2D_train,881,957x539,957x539,MATCHED,c:\Users\PeaceD_Dung\Documents\Khóa luận\dataset\dataset\OTU_2D\train\train_image\881.JPG,c:\Users\PeaceD_Dung\Documents\Khóa luận\dataset\dataset\OTU_2D\train\train_label\label\881.PNG
OTU_2D_train,885,1127x580,1127x580,MATCHED,c:\Users\PeaceD_Dung\Documents\Khóa luận\dataset\dataset\OTU_2D\train\train_image\885.JPG,c:\Users\PeaceD_Dung\Documents\Khóa luận\dataset\dataset\OTU_2D\train\train_label\label\885.PNG
OTU_2D_train,886,565x587,565x587,MATCHED,c:\Users\PeaceD_Dung\Documents\Khóa luận\dataset\dataset\OTU_2D\train\train_image\886.JPG,c:\Users\PeaceD_Dung\Documents\Khóa luận\dataset\dataset\OTU_2D\train\train_label\label\886.PNG
OTU_2D_train,891,479x528,479x528,MATCHED,c:\Users\PeaceD_Dung\Documents\Khóa luận\dataset\dataset\OTU_2D\train\train_image\891.JPG,c:\Users\PeaceD_Dung\Documents\Khóa luận\dataset\dataset\OTU_2D\train\train_label\label\891.PNG
OTU_2D_train,892,959x528,959x528,MATCHED,c:\Users\PeaceD_Dung\Documents\Khóa luận\dataset\dataset\OTU_2D\train\train_image\892.JPG,c:\Users\PeaceD_Dung\Documents\Khóa luận\dataset\dataset\OTU_2D\train\train_label\label\892.PNG
OTU_2D_train,893,958x528,958x528,MATCHED,c:\Users\PeaceD_Dung\Documents\Khóa luận\dataset\dataset\OTU_2D\train\train_image\893.JPG,c:\Users\PeaceD_Dung\Documents\Khóa luận\dataset\dataset\OTU_2D\train\train_label\label\893.PNG
OTU_2D_train,895,480x528,480x528,MATCHED,c:\Users\PeaceD_Dung\Documents\Khóa luận\dataset\dataset\OTU_2D\train\train_image\895.JPG,c:\Users\PeaceD_Dung\Documents\Khóa luận\dataset\dataset\OTU_2D\train\train_label\label\895.PNG
OTU_2D_train,9,480x536,480x536,MATCHED,c:\Users\PeaceD_Dung\Documents\Khóa luận\dataset\dataset\OTU_2D\train\train_image\9.JPG,c:\Users\PeaceD_Dung\Documents\Khóa luận\dataset\dataset\OTU_2D\train\train_label\label\9.PNG
OTU_2D_train,900,478x526,478x526,MATCHED,c:\Users\PeaceD_Dung\Documents\Khóa luận\dataset\dataset\OTU_2D\train\train_image\900.JPG,c:\Users\PeaceD_Dung\Documents\Khóa luận\dataset\dataset\OTU_2D\train\train_label\label\900.PNG
OTU_2D_train,901,480x528,480x528,MATCHED,c:\Users\PeaceD_Dung\Documents\Khóa luận\dataset\dataset\OTU_2D\train\train_image\901.JPG,c:\Users\PeaceD_Dung\Documents\Khóa luận\dataset\dataset\OTU_2D\train\train_label\label\901.PNG
OTU_2D_train,902,479x529,479x529,MATCHED,c:\Users\PeaceD_Dung\Documents\Khóa luận\dataset\dataset\OTU_2D\train\train_image\902.JPG,c:\Users\PeaceD_Dung\Documents\Khóa luận\dataset\dataset\OTU_2D\train\train_label\label\902.PNG
OTU_2D_train,903,566x585,566x585,MATCHED,c:\Users\PeaceD_Dung\Documents\Khóa luận\dataset\dataset\OTU_2D\train\train_image\903.JPG,c:\Users\PeaceD_Dung\Documents\Khóa luận\dataset\dataset\OTU_2D\train\train_label\label\903.PNG
OTU_2D_train,907,963x523,963x523,MATCHED,c:\Users\PeaceD_Dung\Documents\Khóa luận\dataset\dataset\OTU_2D\train\train_image\907.JPG,c:\Users\PeaceD_Dung\Documents\Khóa luận\dataset\dataset\OTU_2D\train\train_label\label\907.PNG
OTU_2D_train,908,481x526,481x526,MATCHED,c:\Users\PeaceD_Dung\Documents\Khóa luận\dataset\dataset\OTU_2D\train\train_image\908.JPG,c:\Users\PeaceD_Dung\Documents\Khóa luận\dataset\dataset\OTU_2D\train\train_label\label\908.PNG
OTU_2D_train,909,953x528,953x528,MATCHED,c:\Users\PeaceD_Dung\Documents\Khóa luận\dataset\dataset\OTU_2D\train\train_image\909.JPG,c:\Users\PeaceD_Dung\Documents\Khóa luận\dataset\dataset\OTU_2D\train\train_label\label\909.PNG
OTU_2D_train,91,861x606,861x606,MATCHED,c:\Users\PeaceD_Dung\Documents\Khóa luận\dataset\dataset\OTU_2D\train\train_image\91.JPG,c:\Users\PeaceD_Dung\Documents\Khóa luận\dataset\dataset\OTU_2D\train\train_label\label\91.PNG
OTU_2D_train,910,953x525,953x525,MATCHED,c:\Users\PeaceD_Dung\Documents\Khóa luận\dataset\dataset\OTU_2D\train\train_image\910.JPG,c:\Users\PeaceD_Dung\Documents\Khóa luận\dataset\dataset\OTU_2D\train\train_label\label\910.PNG
OTU_2D_train,915,958x530,958x530,MATCHED,c:\Users\PeaceD_Dung\Documents\Khóa luận\dataset\dataset\OTU_2D\train\train_image\915.JPG,c:\Users\PeaceD_Dung\Documents\Khóa luận\dataset\dataset\OTU_2D\train\train_label\label\915.PNG
OTU_2D_train,918,957x527,957x527,MATCHED,c:\Users\PeaceD_Dung\Documents\Khóa luận\dataset\dataset\OTU_2D\train\train_image\918.JPG,c:\Users\PeaceD_Dung\Documents\Khóa luận\dataset\dataset\OTU_2D\train\train_label\label\918.PNG
OTU_2D_train,92,846x606,846x606,MATCHED,c:\Users\PeaceD_Dung\Documents\Khóa luận\dataset\dataset\OTU_2D\train\train_image\92.JPG,c:\Users\PeaceD_Dung\Documents\Khóa luận\dataset\dataset\OTU_2D\train\train_label\label\92.PNG
OTU_2D_train,920,957x527,957x527,MATCHED,c:\Users\PeaceD_Dung\Documents\Khóa luận\dataset\dataset\OTU_2D\train\train_image\920.JPG,c:\Users\PeaceD_Dung\Documents\Khóa luận\dataset\dataset\OTU_2D\train\train_label\label\920.PNG
OTU_2D_train,924,479x529,479x529,MATCHED,c:\Users\PeaceD_Dung\Documents\Khóa luận\dataset\dataset\OTU_2D\train\train_image\924.JPG,c:\Users\PeaceD_Dung\Documents\Khóa luận\dataset\dataset\OTU_2D\train\train_label\label\924.PNG
OTU_2D_train,926,957x526,957x526,MATCHED,c:\Users\PeaceD_Dung\Documents\Khóa luận\dataset\dataset\OTU_2D\train\train_image\926.JPG,c:\Users\PeaceD_Dung\Documents\Khóa luận\dataset\dataset\OTU_2D\train\train_label\label\926.PNG
OTU_2D_train,927,482x523,482x523,MATCHED,c:\Users\PeaceD_Dung\Documents\Khóa luận\dataset\dataset\OTU_2D\train\train_image\927.JPG,c:\Users\PeaceD_Dung\Documents\Khóa luận\dataset\dataset\OTU_2D\train\train_label\label\927.PNG
OTU_2D_train,928,952x521,952x521,MATCHED,c:\Users\PeaceD_Dung\Documents\Khóa luận\dataset\dataset\OTU_2D\train\train_image\928.JPG,c:\Users\PeaceD_Dung\Documents\Khóa luận\dataset\dataset\OTU_2D\train\train_label\label\928.PNG
OTU_2D_train,929,480x528,480x528,MATCHED,c:\Users\PeaceD_Dung\Documents\Khóa luận\dataset\dataset\OTU_2D\train\train_image\929.JPG,c:\Users\PeaceD_Dung\Documents\Khóa luận\dataset\dataset\OTU_2D\train\train_label\label\929.PNG
OTU_2D_train,93,959x661,959x661,MATCHED,c:\Users\PeaceD_Dung\Documents\Khóa luận\dataset\dataset\OTU_2D\train\train_image\93.JPG,c:\Users\PeaceD_Dung\Documents\Khóa luận\dataset\dataset\OTU_2D\train\train_label\label\93.PNG
OTU_2D_train,933,567x581,567x581,MATCHED,c:\Users\PeaceD_Dung\Documents\Khóa luận\dataset\dataset\OTU_2D\train\train_image\933.JPG,c:\Users\PeaceD_Dung\Documents\Khóa luận\dataset\dataset\OTU_2D\train\train_label\label\933.PNG
OTU_2D_train,935,569x584,569x584,MATCHED,c:\Users\PeaceD_Dung\Documents\Khóa luận\dataset\dataset\OTU_2D\train\train_image\935.JPG,c:\Users\PeaceD_Dung\Documents\Khóa luận\dataset\dataset\OTU_2D\train\train_label\label\935.PNG
OTU_2D_train,938,565x580,565x580,MATCHED,c:\Users\PeaceD_Dung\Documents\Khóa luận\dataset\dataset\OTU_2D\train\train_image\938.JPG,c:\Users\PeaceD_Dung\Documents\Khóa luận\dataset\dataset\OTU_2D\train\train_label\label\938.PNG
OTU_2D_train,939,569x582,569x582,MATCHED,c:\Users\PeaceD_Dung\Documents\Khóa luận\dataset\dataset\OTU_2D\train\train_image\939.JPG,c:\Users\PeaceD_Dung\Documents\Khóa luận\dataset\dataset\OTU_2D\train\train_label\label\939.PNG
OTU_2D_train,940,568x588,568x588,MATCHED,c:\Users\PeaceD_Dung\Documents\Khóa luận\dataset\dataset\OTU_2D\train\train_image\940.JPG,c:\Users\PeaceD_Dung\Documents\Khóa luận\dataset\dataset\OTU_2D\train\train_label\label\940.PNG
OTU_2D_train,941,569x591,569x591,MATCHED,c:\Users\PeaceD_Dung\Documents\Khóa luận\dataset\dataset\OTU_2D\train\train_image\941.JPG,c:\Users\PeaceD_Dung\Documents\Khóa luận\dataset\dataset\OTU_2D\train\train_label\label\941.PNG
OTU_2D_train,942,567x588,567x588,MATCHED,c:\Users\PeaceD_Dung\Documents\Khóa luận\dataset\dataset\OTU_2D\train\train_image\942.JPG,c:\Users\PeaceD_Dung\Documents\Khóa luận\dataset\dataset\OTU_2D\train\train_label\label\942.PNG
OTU_2D_train,943,568x586,568x586,MATCHED,c:\Users\PeaceD_Dung\Documents\Khóa luận\dataset\dataset\OTU_2D\train\train_image\943.JPG,c:\Users\PeaceD_Dung\Documents\Khóa luận\dataset\dataset\OTU_2D\train\train_label\label\943.PNG
OTU_2D_train,946,566x581,566x581,MATCHED,c:\Users\PeaceD_Dung\Documents\Khóa luận\dataset\dataset\OTU_2D\train\train_image\946.JPG,c:\Users\PeaceD_Dung\Documents\Khóa luận\dataset\dataset\OTU_2D\train\train_label\label\946.PNG
OTU_2D_train,949,567x587,567x587,MATCHED,c:\Users\PeaceD_Dung\Documents\Khóa luận\dataset\dataset\OTU_2D\train\train_image\949.JPG,c:\Users\PeaceD_Dung\Documents\Khóa luận\dataset\dataset\OTU_2D\train\train_label\label\949.PNG
OTU_2D_train,95,958x663,958x663,MATCHED,c:\Users\PeaceD_Dung\Documents\Khóa luận\dataset\dataset\OTU_2D\train\train_image\95.JPG,c:\Users\PeaceD_Dung\Documents\Khóa luận\dataset\dataset\OTU_2D\train\train_label\label\95.PNG
OTU_2D_train,950,568x590,568x590,MATCHED,c:\Users\PeaceD_Dung\Documents\Khóa luận\dataset\dataset\OTU_2D\train\train_image\950.JPG,c:\Users\PeaceD_Dung\Documents\Khóa luận\dataset\dataset\OTU_2D\train\train_label\label\950.PNG
OTU_2D_train,951,568x586,568x586,MATCHED,c:\Users\PeaceD_Dung\Documents\Khóa luận\dataset\dataset\OTU_2D\train\train_image\951.JPG,c:\Users\PeaceD_Dung\Documents\Khóa luận\dataset\dataset\OTU_2D\train\train_label\label\951.PNG
OTU_2D_train,954,568x542,568x542,MATCHED,c:\Users\PeaceD_Dung\Documents\Khóa luận\dataset\dataset\OTU_2D\train\train_image\954.JPG,c:\Users\PeaceD_Dung\Documents\Khóa luận\dataset\dataset\OTU_2D\train\train_label\label\954.PNG
OTU_2D_train,967,801x605,801x605,MATCHED,c:\Users\PeaceD_Dung\Documents\Khóa luận\dataset\dataset\OTU_2D\train\train_image\967.JPG,c:\Users\PeaceD_Dung\Documents\Khóa luận\dataset\dataset\OTU_2D\train\train_label\label\967.PNG
OTU_2D_train,968,1133x585,1133x585,MATCHED,c:\Users\PeaceD_Dung\Documents\Khóa luận\dataset\dataset\OTU_2D\train\train_image\968.JPG,c:\Users\PeaceD_Dung\Documents\Khóa luận\dataset\dataset\OTU_2D\train\train_label\label\968.PNG
OTU_2D_train,969,957x525,957x525,MATCHED,c:\Users\PeaceD_Dung\Documents\Khóa luận\dataset\dataset\OTU_2D\train\train_image\969.JPG,c:\Users\PeaceD_Dung\Documents\Khóa luận\dataset\dataset\OTU_2D\train\train_label\label\969.PNG
OTU_2D_train,972,479x525,479x525,MATCHED,c:\Users\PeaceD_Dung\Documents\Khóa luận\dataset\dataset\OTU_2D\train\train_image\972.JPG,c:\Users\PeaceD_Dung\Documents\Khóa luận\dataset\dataset\OTU_2D\train\train_label\label\972.PNG
OTU_2D_train,974,478x536,478x536,MATCHED,c:\Users\PeaceD_Dung\Documents\Khóa luận\dataset\dataset\OTU_2D\train\train_image\974.JPG,c:\Users\PeaceD_Dung\Documents\Khóa luận\dataset\dataset\OTU_2D\train\train_label\label\974.PNG
OTU_2D_train,975,478x530,478x530,MATCHED,c:\Users\PeaceD_Dung\Documents\Khóa luận\dataset\dataset\OTU_2D\train\train_image\975.JPG,c:\Users\PeaceD_Dung\Documents\Khóa luận\dataset\dataset\OTU_2D\train\train_label\label\975.PNG
OTU_2D_train,976,479x528,479x528,MATCHED,c:\Users\PeaceD_Dung\Documents\Khóa luận\dataset\dataset\OTU_2D\train\train_image\976.JPG,c:\Users\PeaceD_Dung\Documents\Khóa luận\dataset\dataset\OTU_2D\train\train_label\label\976.PNG
OTU_2D_train,977,479x526,479x526,MATCHED,c:\Users\PeaceD_Dung\Documents\Khóa luận\dataset\dataset\OTU_2D\train\train_image\977.JPG,c:\Users\PeaceD_Dung\Documents\Khóa luận\dataset\dataset\OTU_2D\train\train_label\label\977.PNG
OTU_2D_train,978,478x527,478x527,MATCHED,c:\Users\PeaceD_Dung\Documents\Khóa luận\dataset\dataset\OTU_2D\train\train_image\978.JPG,c:\Users\PeaceD_Dung\Documents\Khóa luận\dataset\dataset\OTU_2D\train\train_label\label\978.PNG
OTU_2D_train,982,1135x588,1135x588,MATCHED,c:\Users\PeaceD_Dung\Documents\Khóa luận\dataset\dataset\OTU_2D\train\train_image\982.JPG,c:\Users\PeaceD_Dung\Documents\Khóa luận\dataset\dataset\OTU_2D\train\train_label\label\982.PNG
OTU_2D_train,983,1135x587,1135x587,MATCHED,c:\Users\PeaceD_Dung\Documents\Khóa luận\dataset\dataset\OTU_2D\train\train_image\983.JPG,c:\Users\PeaceD_Dung\Documents\Khóa luận\dataset\dataset\OTU_2D\train\train_label\label\983.PNG
OTU_2D_train,984,569x590,569x590,MATCHED,c:\Users\PeaceD_Dung\Documents\Khóa luận\dataset\dataset\OTU_2D\train\train_image\984.JPG,c:\Users\PeaceD_Dung\Documents\Khóa luận\dataset\dataset\OTU_2D\train\train_label\label\984.PNG
OTU_2D_train,986,567x585,567x585,MATCHED,c:\Users\PeaceD_Dung\Documents\Khóa luận\dataset\dataset\OTU_2D\train\train_image\986.JPG,c:\Users\PeaceD_Dung\Documents\Khóa luận\dataset\dataset\OTU_2D\train\train_label\label\986.PNG
OTU_2D_train,99,481x534,481x534,MATCHED,c:\Users\PeaceD_Dung\Documents\Khóa luận\dataset\dataset\OTU_2D\train\train_image\99.JPG,c:\Users\PeaceD_Dung\Documents\Khóa luận\dataset\dataset\OTU_2D\train\train_label\label\99.PNG
OTU_2D_train,990,690x545,690x545,MATCHED,c:\Users\PeaceD_Dung\Documents\Khóa luận\dataset\dataset\OTU_2D\train\train_image\990.JPG,c:\Users\PeaceD_Dung\Documents\Khóa luận\dataset\dataset\OTU_2D\train\train_label\label\990.PNG
OTU_2D_train,992,723x542,723x542,MATCHED,c:\Users\PeaceD_Dung\Documents\Khóa luận\dataset\dataset\OTU_2D\train\train_image\992.JPG,c:\Users\PeaceD_Dung\Documents\Khóa luận\dataset\dataset\OTU_2D\train\train_label\label\992.PNG
OTU_2D_train,996,480x508,480x508,MATCHED,c:\Users\PeaceD_Dung\Documents\Khóa luận\dataset\dataset\OTU_2D\train\train_image\996.JPG,c:\Users\PeaceD_Dung\Documents\Khóa luận\dataset\dataset\OTU_2D\train\train_label\label\996.PNG
OTU_2D_train,997,479x508,479x508,MATCHED,c:\Users\PeaceD_Dung\Documents\Khóa luận\dataset\dataset\OTU_2D\train\train_image\997.JPG,c:\Users\PeaceD_Dung\Documents\Khóa luận\dataset\dataset\OTU_2D\train\train_label\label\997.PNG
OTU_2D_train,999,958x529,958x529,MATCHED,c:\Users\PeaceD_Dung\Documents\Khóa luận\dataset\dataset\OTU_2D\train\train_image\999.JPG,c:\Users\PeaceD_Dung\Documents\Khóa luận\dataset\dataset\OTU_2D\train\train_label\label\999.PNG
OTU_2D_test,1012,480x528,480x528,MATCHED,c:\Users\PeaceD_Dung\Documents\Khóa luận\dataset\dataset\OTU_2D\test\image\1012.JPG,c:\Users\PeaceD_Dung\Documents\Khóa luận\dataset\dataset\OTU_2D\test\label\black_write\1012.PNG
OTU_2D_test,1013,851x650,851x650,MATCHED,c:\Users\PeaceD_Dung\Documents\Khóa luận\dataset\dataset\OTU_2D\test\image\1013.JPG,c:\Users\PeaceD_Dung\Documents\Khóa luận\dataset\dataset\OTU_2D\test\label\black_write\1013.PNG
OTU_2D_test,1017,568x589,568x589,MATCHED,c:\Users\PeaceD_Dung\Documents\Khóa luận\dataset\dataset\OTU_2D\test\image\1017.JPG,c:\Users\PeaceD_Dung\Documents\Khóa luận\dataset\dataset\OTU_2D\test\label\black_write\1017.PNG
OTU_2D_test,1018,567x589,567x589,MATCHED,c:\Users\PeaceD_Dung\Documents\Khóa luận\dataset\dataset\OTU_2D\test\image\1018.JPG,c:\Users\PeaceD_Dung\Documents\Khóa luận\dataset\dataset\OTU_2D\test\label\black_write\1018.PNG
OTU_2D_test,102,959x533,959x533,MATCHED,c:\Users\PeaceD_Dung\Documents\Khóa luận\dataset\dataset\OTU_2D\test\image\102.JPG,c:\Users\PeaceD_Dung\Documents\Khóa luận\dataset\dataset\OTU_2D\test\label\black_write\102.PNG
OTU_2D_test,1023,477x525,477x525,MATCHED,c:\Users\PeaceD_Dung\Documents\Khóa luận\dataset\dataset\OTU_2D\test\image\1023.JPG,c:\Users\PeaceD_Dung\Documents\Khóa luận\dataset\dataset\OTU_2D\test\label\black_write\1023.PNG
OTU_2D_test,1024,478x523,478x523,MATCHED,c:\Users\PeaceD_Dung\Documents\Khóa luận\dataset\dataset\OTU_2D\test\image\1024.JPG,c:\Users\PeaceD_Dung\Documents\Khóa luận\dataset\dataset\OTU_2D\test\label\black_write\1024.PNG
OTU_2D_test,1025,480x523,480x523,MATCHED,c:\Users\PeaceD_Dung\Documents\Khóa luận\dataset\dataset\OTU_2D\test\image\1025.JPG,c:\Users\PeaceD_Dung\Documents\Khóa luận\dataset\dataset\OTU_2D\test\label\black_write\1025.PNG
OTU_2D_test,1030,479x532,479x532,MATCHED,c:\Users\PeaceD_Dung\Documents\Khóa luận\dataset\dataset\OTU_2D\test\image\1030.JPG,c:\Users\PeaceD_Dung\Documents\Khóa luận\dataset\dataset\OTU_2D\test\label\black_write\1030.PNG
OTU_2D_test,1032,955x530,955x530,MATCHED,c:\Users\PeaceD_Dung\Documents\Khóa luận\dataset\dataset\OTU_2D\test\image\1032.JPG,c:\Users\PeaceD_Dung\Documents\Khóa luận\dataset\dataset\OTU_2D\test\label\black_write\1032.PNG
OTU_2D_test,1038,957x528,957x528,MATCHED,c:\Users\PeaceD_Dung\Documents\Khóa luận\dataset\dataset\OTU_2D\test\image\1038.JPG,c:\Users\PeaceD_Dung\Documents\Khóa luận\dataset\dataset\OTU_2D\test\label\black_write\1038.PNG
OTU_2D_test,1042,958x528,958x528,MATCHED,c:\Users\PeaceD_Dung\Documents\Khóa luận\dataset\dataset\OTU_2D\test\image\1042.JPG,c:\Users\PeaceD_Dung\Documents\Khóa luận\dataset\dataset\OTU_2D\test\label\black_write\1042.PNG
OTU_2D_test,1046,955x538,955x538,MATCHED,c:\Users\PeaceD_Dung\Documents\Khóa luận\dataset\dataset\OTU_2D\test\image\1046.JPG,c:\Users\PeaceD_Dung\Documents\Khóa luận\dataset\dataset\OTU_2D\test\label\black_write\1046.PNG
OTU_2D_test,1049,955x534,955x534,MATCHED,c:\Users\PeaceD_Dung\Documents\Khóa luận\dataset\dataset\OTU_2D\test\image\1049.JPG,c:\Users\PeaceD_Dung\Documents\Khóa luận\dataset\dataset\OTU_2D\test\label\black_write\1049.PNG
OTU_2D_test,1054,479x526,479x526,MATCHED,c:\Users\PeaceD_Dung\Documents\Khóa luận\dataset\dataset\OTU_2D\test\image\1054.JPG,c:\Users\PeaceD_Dung\Documents\Khóa luận\dataset\dataset\OTU_2D\test\label\black_write\1054.PNG
OTU_2D_test,1055,479x541,479x541,MATCHED,c:\Users\PeaceD_Dung\Documents\Khóa luận\dataset\dataset\OTU_2D\test\image\1055.JPG,c:\Users\PeaceD_Dung\Documents\Khóa luận\dataset\dataset\OTU_2D\test\label\black_write\1055.PNG
OTU_2D_test,1061,958x533,958x533,MATCHED,c:\Users\PeaceD_Dung\Documents\Khóa luận\dataset\dataset\OTU_2D\test\image\1061.JPG,c:\Users\PeaceD_Dung\Documents\Khóa luận\dataset\dataset\OTU_2D\test\label\black_write\1061.PNG
OTU_2D_test,1062,958x539,958x539,MATCHED,c:\Users\PeaceD_Dung\Documents\Khóa luận\dataset\dataset\OTU_2D\test\image\1062.JPG,c:\Users\PeaceD_Dung\Documents\Khóa luận\dataset\dataset\OTU_2D\test\label\black_write\1062.PNG
OTU_2D_test,1065,956x533,956x533,MATCHED,c:\Users\PeaceD_Dung\Documents\Khóa luận\dataset\dataset\OTU_2D\test\image\1065.JPG,c:\Users\PeaceD_Dung\Documents\Khóa luận\dataset\dataset\OTU_2D\test\label\black_write\1065.PNG
OTU_2D_test,1071,959x529,959x529,MATCHED,c:\Users\PeaceD_Dung\Documents\Khóa luận\dataset\dataset\OTU_2D\test\image\1071.JPG,c:\Users\PeaceD_Dung\Documents\Khóa luận\dataset\dataset\OTU_2D\test\label\black_write\1071.PNG
OTU_2D_test,1073,958x523,958x523,MATCHED,c:\Users\PeaceD_Dung\Documents\Khóa luận\dataset\dataset\OTU_2D\test\image\1073.JPG,c:\Users\PeaceD_Dung\Documents\Khóa luận\dataset\dataset\OTU_2D\test\label\black_write\1073.PNG
OTU_2D_test,1076,482x529,482x529,MATCHED,c:\Users\PeaceD_Dung\Documents\Khóa luận\dataset\dataset\OTU_2D\test\image\1076.JPG,c:\Users\PeaceD_Dung\Documents\Khóa luận\dataset\dataset\OTU_2D\test\label\black_write\1076.PNG
OTU_2D_test,1082,955x530,955x530,MATCHED,c:\Users\PeaceD_Dung\Documents\Khóa luận\dataset\dataset\OTU_2D\test\image\1082.JPG,c:\Users\PeaceD_Dung\Documents\Khóa luận\dataset\dataset\OTU_2D\test\label\black_write\1082.PNG
OTU_2D_test,1083,959x529,959x529,MATCHED,c:\Users\PeaceD_Dung\Documents\Khóa luận\dataset\dataset\OTU_2D\test\image\1083.JPG,c:\Users\PeaceD_Dung\Documents\Khóa luận\dataset\dataset\OTU_2D\test\label\black_write\1083.PNG
OTU_2D_test,1086,1132x540,1132x540,MATCHED,c:\Users\PeaceD_Dung\Documents\Khóa luận\dataset\dataset\OTU_2D\test\image\1086.JPG,c:\Users\PeaceD_Dung\Documents\Khóa luận\dataset\dataset\OTU_2D\test\label\black_write\1086.PNG
OTU_2D_test,1088,480x599,480x599,MATCHED,c:\Users\PeaceD_Dung\Documents\Khóa luận\dataset\dataset\OTU_2D\test\image\1088.JPG,c:\Users\PeaceD_Dung\Documents\Khóa luận\dataset\dataset\OTU_2D\test\label\black_write\1088.PNG
OTU_2D_test,1089,755x590,755x590,MATCHED,c:\Users\PeaceD_Dung\Documents\Khóa luận\dataset\dataset\OTU_2D\test\image\1089.JPG,c:\Users\PeaceD_Dung\Documents\Khóa luận\dataset\dataset\OTU_2D\test\label\black_write\1089.PNG
OTU_2D_test,1091,1134x605,1134x605,MATCHED,c:\Users\PeaceD_Dung\Documents\Khóa luận\dataset\dataset\OTU_2D\test\image\1091.JPG,c:\Users\PeaceD_Dung\Documents\Khóa luận\dataset\dataset\OTU_2D\test\label\black_write\1091.PNG
OTU_2D_test,1092,566x635,566x635,MATCHED,c:\Users\PeaceD_Dung\Documents\Khóa luận\dataset\dataset\OTU_2D\test\image\1092.JPG,c:\Users\PeaceD_Dung\Documents\Khóa luận\dataset\dataset\OTU_2D\test\label\black_write\1092.PNG
OTU_2D_test,1095,706x549,706x549,MATCHED,c:\Users\PeaceD_Dung\Documents\Khóa luận\dataset\dataset\OTU_2D\test\image\1095.JPG,c:\Users\PeaceD_Dung\Documents\Khóa luận\dataset\dataset\OTU_2D\test\label\black_write\1095.PNG
OTU_2D_test,1096,956x527,956x527,MATCHED,c:\Users\PeaceD_Dung\Documents\Khóa luận\dataset\dataset\OTU_2D\test\image\1096.JPG,c:\Users\PeaceD_Dung\Documents\Khóa luận\dataset\dataset\OTU_2D\test\label\black_write\1096.PNG
OTU_2D_test,1104,957x512,957x512,MATCHED,c:\Users\PeaceD_Dung\Documents\Khóa luận\dataset\dataset\OTU_2D\test\image\1104.JPG,c:\Users\PeaceD_Dung\Documents\Khóa luận\dataset\dataset\OTU_2D\test\label\black_write\1104.PNG
OTU_2D_test,1108,955x524,955x524,MATCHED,c:\Users\PeaceD_Dung\Documents\Khóa luận\dataset\dataset\OTU_2D\test\image\1108.JPG,c:\Users\PeaceD_Dung\Documents\Khóa luận\dataset\dataset\OTU_2D\test\label\black_write\1108.PNG
OTU_2D_test,1122,818x606,818x606,MATCHED,c:\Users\PeaceD_Dung\Documents\Khóa luận\dataset\dataset\OTU_2D\test\image\1122.JPG,c:\Users\PeaceD_Dung\Documents\Khóa luận\dataset\dataset\OTU_2D\test\label\black_write\1122.PNG
OTU_2D_test,1123,824x600,824x600,MATCHED,c:\Users\PeaceD_Dung\Documents\Khóa luận\dataset\dataset\OTU_2D\test\image\1123.JPG,c:\Users\PeaceD_Dung\Documents\Khóa luận\dataset\dataset\OTU_2D\test\label\black_write\1123.PNG
OTU_2D_test,1124,482x534,482x534,MATCHED,c:\Users\PeaceD_Dung\Documents\Khóa luận\dataset\dataset\OTU_2D\test\image\1124.JPG,c:\Users\PeaceD_Dung\Documents\Khóa luận\dataset\dataset\OTU_2D\test\label\black_write\1124.PNG
OTU_2D_test,1130,957x531,957x531,MATCHED,c:\Users\PeaceD_Dung\Documents\Khóa luận\dataset\dataset\OTU_2D\test\image\1130.JPG,c:\Users\PeaceD_Dung\Documents\Khóa luận\dataset\dataset\OTU_2D\test\label\black_write\1130.PNG
OTU_2D_test,1132,958x533,958x533,MATCHED,c:\Users\PeaceD_Dung\Documents\Khóa luận\dataset\dataset\OTU_2D\test\image\1132.JPG,c:\Users\PeaceD_Dung\Documents\Khóa luận\dataset\dataset\OTU_2D\test\label\black_write\1132.PNG
OTU_2D_test,1133,959x529,959x529,MATCHED,c:\Users\PeaceD_Dung\Documents\Khóa luận\dataset\dataset\OTU_2D\test\image\1133.JPG,c:\Users\PeaceD_Dung\Documents\Khóa luận\dataset\dataset\OTU_2D\test\label\black_write\1133.PNG
OTU_2D_test,1134,480x534,480x534,MATCHED,c:\Users\PeaceD_Dung\Documents\Khóa luận\dataset\dataset\OTU_2D\test\image\1134.JPG,c:\Users\PeaceD_Dung\Documents\Khóa luận\dataset\dataset\OTU_2D\test\label\black_write\1134.PNG
OTU_2D_test,1140,973x531,973x531,MATCHED,c:\Users\PeaceD_Dung\Documents\Khóa luận\dataset\dataset\OTU_2D\test\image\1140.JPG,c:\Users\PeaceD_Dung\Documents\Khóa luận\dataset\dataset\OTU_2D\test\label\black_write\1140.PNG
OTU_2D_test,1143,958x524,958x524,MATCHED,c:\Users\PeaceD_Dung\Documents\Khóa luận\dataset\dataset\OTU_2D\test\image\1143.JPG,c:\Users\PeaceD_Dung\Documents\Khóa luận\dataset\dataset\OTU_2D\test\label\black_write\1143.PNG
OTU_2D_test,1157,1135x592,1135x592,MATCHED,c:\Users\PeaceD_Dung\Documents\Khóa luận\dataset\dataset\OTU_2D\test\image\1157.JPG,c:\Users\PeaceD_Dung\Documents\Khóa luận\dataset\dataset\OTU_2D\test\label\black_write\1157.PNG
OTU_2D_test,1162,481x535,481x535,MATCHED,c:\Users\PeaceD_Dung\Documents\Khóa luận\dataset\dataset\OTU_2D\test\image\1162.JPG,c:\Users\PeaceD_Dung\Documents\Khóa luận\dataset\dataset\OTU_2D\test\label\black_write\1162.PNG
OTU_2D_test,1167,568x590,568x590,MATCHED,c:\Users\PeaceD_Dung\Documents\Khóa luận\dataset\dataset\OTU_2D\test\image\1167.JPG,c:\Users\PeaceD_Dung\Documents\Khóa luận\dataset\dataset\OTU_2D\test\label\black_write\1167.PNG
OTU_2D_test,1169,570x589,570x589,MATCHED,c:\Users\PeaceD_Dung\Documents\Khóa luận\dataset\dataset\OTU_2D\test\image\1169.JPG,c:\Users\PeaceD_Dung\Documents\Khóa luận\dataset\dataset\OTU_2D\test\label\black_write\1169.PNG
OTU_2D_test,1170,567x593,567x593,MATCHED,c:\Users\PeaceD_Dung\Documents\Khóa luận\dataset\dataset\OTU_2D\test\image\1170.JPG,c:\Users\PeaceD_Dung\Documents\Khóa luận\dataset\dataset\OTU_2D\test\label\black_write\1170.PNG
OTU_2D_test,1171,568x594,568x594,MATCHED,c:\Users\PeaceD_Dung\Documents\Khóa luận\dataset\dataset\OTU_2D\test\image\1171.JPG,c:\Users\PeaceD_Dung\Documents\Khóa luận\dataset\dataset\OTU_2D\test\label\black_write\1171.PNG
OTU_2D_test,1173,728x555,728x555,MATCHED,c:\Users\PeaceD_Dung\Documents\Khóa luận\dataset\dataset\OTU_2D\test\image\1173.JPG,c:\Users\PeaceD_Dung\Documents\Khóa luận\dataset\dataset\OTU_2D\test\label\black_write\1173.PNG
OTU_2D_test,1175,725x559,725x559,MATCHED,c:\Users\PeaceD_Dung\Documents\Khóa luận\dataset\dataset\OTU_2D\test\image\1175.JPG,c:\Users\PeaceD_Dung\Documents\Khóa luận\dataset\dataset\OTU_2D\test\label\black_write\1175.PNG
OTU_2D_test,1176,954x538,954x538,MATCHED,c:\Users\PeaceD_Dung\Documents\Khóa luận\dataset\dataset\OTU_2D\test\image\1176.JPG,c:\Users\PeaceD_Dung\Documents\Khóa luận\dataset\dataset\OTU_2D\test\label\black_write\1176.PNG
OTU_2D_test,1181,1135x597,1135x597,MATCHED,c:\Users\PeaceD_Dung\Documents\Khóa luận\dataset\dataset\OTU_2D\test\image\1181.JPG,c:\Users\PeaceD_Dung\Documents\Khóa luận\dataset\dataset\OTU_2D\test\label\black_write\1181.PNG
OTU_2D_test,1184,1135x594,1135x594,MATCHED,c:\Users\PeaceD_Dung\Documents\Khóa luận\dataset\dataset\OTU_2D\test\image\1184.JPG,c:\Users\PeaceD_Dung\Documents\Khóa luận\dataset\dataset\OTU_2D\test\label\black_write\1184.PNG
OTU_2D_test,1188,958x528,958x528,MATCHED,c:\Users\PeaceD_Dung\Documents\Khóa luận\dataset\dataset\OTU_2D\test\image\1188.JPG,c:\Users\PeaceD_Dung\Documents\Khóa luận\dataset\dataset\OTU_2D\test\label\black_write\1188.PNG
OTU_2D_test,1190,481x540,481x540,MATCHED,c:\Users\PeaceD_Dung\Documents\Khóa luận\dataset\dataset\OTU_2D\test\image\1190.JPG,c:\Users\PeaceD_Dung\Documents\Khóa luận\dataset\dataset\OTU_2D\test\label\black_write\1190.PNG
OTU_2D_test,1199,959x535,959x535,MATCHED,c:\Users\PeaceD_Dung\Documents\Khóa luận\dataset\dataset\OTU_2D\test\image\1199.JPG,c:\Users\PeaceD_Dung\Documents\Khóa luận\dataset\dataset\OTU_2D\test\label\black_write\1199.PNG
OTU_2D_test,12,479x534,479x534,MATCHED,c:\Users\PeaceD_Dung\Documents\Khóa luận\dataset\dataset\OTU_2D\test\image\12.JPG,c:\Users\PeaceD_Dung\Documents\Khóa luận\dataset\dataset\OTU_2D\test\label\black_write\12.PNG
OTU_2D_test,1200,959x536,959x536,MATCHED,c:\Users\PeaceD_Dung\Documents\Khóa luận\dataset\dataset\OTU_2D\test\image\1200.JPG,c:\Users\PeaceD_Dung\Documents\Khóa luận\dataset\dataset\OTU_2D\test\label\black_write\1200.PNG
OTU_2D_test,1208,483x533,483x533,MATCHED,c:\Users\PeaceD_Dung\Documents\Khóa luận\dataset\dataset\OTU_2D\test\image\1208.JPG,c:\Users\PeaceD_Dung\Documents\Khóa luận\dataset\dataset\OTU_2D\test\label\black_write\1208.PNG
OTU_2D_test,1214,957x536,957x536,MATCHED,c:\Users\PeaceD_Dung\Documents\Khóa luận\dataset\dataset\OTU_2D\test\image\1214.JPG,c:\Users\PeaceD_Dung\Documents\Khóa luận\dataset\dataset\OTU_2D\test\label\black_write\1214.PNG
OTU_2D_test,1217,958x539,958x539,MATCHED,c:\Users\PeaceD_Dung\Documents\Khóa luận\dataset\dataset\OTU_2D\test\image\1217.JPG,c:\Users\PeaceD_Dung\Documents\Khóa luận\dataset\dataset\OTU_2D\test\label\black_write\1217.PNG
OTU_2D_test,1218,958x537,958x537,MATCHED,c:\Users\PeaceD_Dung\Documents\Khóa luận\dataset\dataset\OTU_2D\test\image\1218.JPG,c:\Users\PeaceD_Dung\Documents\Khóa luận\dataset\dataset\OTU_2D\test\label\black_write\1218.PNG
OTU_2D_test,1224,1135x589,1135x589,MATCHED,c:\Users\PeaceD_Dung\Documents\Khóa luận\dataset\dataset\OTU_2D\test\image\1224.JPG,c:\Users\PeaceD_Dung\Documents\Khóa luận\dataset\dataset\OTU_2D\test\label\black_write\1224.PNG
OTU_2D_test,1229,963x535,963x535,MATCHED,c:\Users\PeaceD_Dung\Documents\Khóa luận\dataset\dataset\OTU_2D\test\image\1229.JPG,c:\Users\PeaceD_Dung\Documents\Khóa luận\dataset\dataset\OTU_2D\test\label\black_write\1229.PNG
OTU_2D_test,1230,960x530,960x530,MATCHED,c:\Users\PeaceD_Dung\Documents\Khóa luận\dataset\dataset\OTU_2D\test\image\1230.JPG,c:\Users\PeaceD_Dung\Documents\Khóa luận\dataset\dataset\OTU_2D\test\label\black_write\1230.PNG
OTU_2D_test,1232,973x529,973x529,MATCHED,c:\Users\PeaceD_Dung\Documents\Khóa luận\dataset\dataset\OTU_2D\test\image\1232.JPG,c:\Users\PeaceD_Dung\Documents\Khóa luận\dataset\dataset\OTU_2D\test\label\black_write\1232.PNG
OTU_2D_test,1234,958x535,958x535,MATCHED,c:\Users\PeaceD_Dung\Documents\Khóa luận\dataset\dataset\OTU_2D\test\image\1234.JPG,c:\Users\PeaceD_Dung\Documents\Khóa luận\dataset\dataset\OTU_2D\test\label\black_write\1234.PNG
OTU_2D_test,1235,958x532,958x532,MATCHED,c:\Users\PeaceD_Dung\Documents\Khóa luận\dataset\dataset\OTU_2D\test\image\1235.JPG,c:\Users\PeaceD_Dung\Documents\Khóa luận\dataset\dataset\OTU_2D\test\label\black_write\1235.PNG
OTU_2D_test,1238,570x597,570x597,MATCHED,c:\Users\PeaceD_Dung\Documents\Khóa luận\dataset\dataset\OTU_2D\test\image\1238.JPG,c:\Users\PeaceD_Dung\Documents\Khóa luận\dataset\dataset\OTU_2D\test\label\black_write\1238.PNG
OTU_2D_test,1241,958x535,958x535,MATCHED,c:\Users\PeaceD_Dung\Documents\Khóa luận\dataset\dataset\OTU_2D\test\image\1241.JPG,c:\Users\PeaceD_Dung\Documents\Khóa luận\dataset\dataset\OTU_2D\test\label\black_write\1241.PNG
OTU_2D_test,1244,756x560,756x560,MATCHED,c:\Users\PeaceD_Dung\Documents\Khóa luận\dataset\dataset\OTU_2D\test\image\1244.JPG,c:\Users\PeaceD_Dung\Documents\Khóa luận\dataset\dataset\OTU_2D\test\label\black_write\1244.PNG
OTU_2D_test,125,480x527,480x527,MATCHED,c:\Users\PeaceD_Dung\Documents\Khóa luận\dataset\dataset\OTU_2D\test\image\125.JPG,c:\Users\PeaceD_Dung\Documents\Khóa luận\dataset\dataset\OTU_2D\test\label\black_write\125.PNG
OTU_2D_test,1252,570x542,570x542,MATCHED,c:\Users\PeaceD_Dung\Documents\Khóa luận\dataset\dataset\OTU_2D\test\image\1252.JPG,c:\Users\PeaceD_Dung\Documents\Khóa luận\dataset\dataset\OTU_2D\test\label\black_write\1252.PNG
OTU_2D_test,1254,569x541,569x541,MATCHED,c:\Users\PeaceD_Dung\Documents\Khóa luận\dataset\dataset\OTU_2D\test\image\1254.JPG,c:\Users\PeaceD_Dung\Documents\Khóa luận\dataset\dataset\OTU_2D\test\label\black_write\1254.PNG
OTU_2D_test,1255,959x537,959x537,MATCHED,c:\Users\PeaceD_Dung\Documents\Khóa luận\dataset\dataset\OTU_2D\test\image\1255.JPG,c:\Users\PeaceD_Dung\Documents\Khóa luận\dataset\dataset\OTU_2D\test\label\black_write\1255.PNG
OTU_2D_test,1257,481x535,481x535,MATCHED,c:\Users\PeaceD_Dung\Documents\Khóa luận\dataset\dataset\OTU_2D\test\image\1257.JPG,c:\Users\PeaceD_Dung\Documents\Khóa luận\dataset\dataset\OTU_2D\test\label\black_write\1257.PNG
OTU_2D_test,1270,569x592,569x592,MATCHED,c:\Users\PeaceD_Dung\Documents\Khóa luận\dataset\dataset\OTU_2D\test\image\1270.JPG,c:\Users\PeaceD_Dung\Documents\Khóa luận\dataset\dataset\OTU_2D\test\label\black_write\1270.PNG
OTU_2D_test,1271,1116x592,1116x592,MATCHED,c:\Users\PeaceD_Dung\Documents\Khóa luận\dataset\dataset\OTU_2D\test\image\1271.JPG,c:\Users\PeaceD_Dung\Documents\Khóa luận\dataset\dataset\OTU_2D\test\label\black_write\1271.PNG
OTU_2D_test,1273,1117x590,1117x590,MATCHED,c:\Users\PeaceD_Dung\Documents\Khóa luận\dataset\dataset\OTU_2D\test\image\1273.JPG,c:\Users\PeaceD_Dung\Documents\Khóa luận\dataset\dataset\OTU_2D\test\label\black_write\1273.PNG
OTU_2D_test,1285,1116x591,1116x591,MATCHED,c:\Users\PeaceD_Dung\Documents\Khóa luận\dataset\dataset\OTU_2D\test\image\1285.JPG,c:\Users\PeaceD_Dung\Documents\Khóa luận\dataset\dataset\OTU_2D\test\label\black_write\1285.PNG
OTU_2D_test,1288,567x589,567x589,MATCHED,c:\Users\PeaceD_Dung\Documents\Khóa luận\dataset\dataset\OTU_2D\test\image\1288.JPG,c:\Users\PeaceD_Dung\Documents\Khóa luận\dataset\dataset\OTU_2D\test\label\black_write\1288.PNG
OTU_2D_test,1291,956x533,956x533,MATCHED,c:\Users\PeaceD_Dung\Documents\Khóa luận\dataset\dataset\OTU_2D\test\image\1291.JPG,c:\Users\PeaceD_Dung\Documents\Khóa luận\dataset\dataset\OTU_2D\test\label\black_write\1291.PNG
OTU_2D_test,1295,954x541,954x541,MATCHED,c:\Users\PeaceD_Dung\Documents\Khóa luận\dataset\dataset\OTU_2D\test\image\1295.JPG,c:\Users\PeaceD_Dung\Documents\Khóa luận\dataset\dataset\OTU_2D\test\label\black_write\1295.PNG
OTU_2D_test,1302,958x540,958x540,MATCHED,c:\Users\PeaceD_Dung\Documents\Khóa luận\dataset\dataset\OTU_2D\test\image\1302.JPG,c:\Users\PeaceD_Dung\Documents\Khóa luận\dataset\dataset\OTU_2D\test\label\black_write\1302.PNG
OTU_2D_test,1305,958x536,958x536,MATCHED,c:\Users\PeaceD_Dung\Documents\Khóa luận\dataset\dataset\OTU_2D\test\image\1305.JPG,c:\Users\PeaceD_Dung\Documents\Khóa luận\dataset\dataset\OTU_2D\test\label\black_write\1305.PNG
OTU_2D_test,1306,1116x593,1116x593,MATCHED,c:\Users\PeaceD_Dung\Documents\Khóa luận\dataset\dataset\OTU_2D\test\image\1306.JPG,c:\Users\PeaceD_Dung\Documents\Khóa luận\dataset\dataset\OTU_2D\test\label\black_write\1306.PNG
OTU_2D_test,1307,958x624,958x624,MATCHED,c:\Users\PeaceD_Dung\Documents\Khóa luận\dataset\dataset\OTU_2D\test\image\1307.JPG,c:\Users\PeaceD_Dung\Documents\Khóa luận\dataset\dataset\OTU_2D\test\label\black_write\1307.PNG
OTU_2D_test,1308,962x616,962x616,MATCHED,c:\Users\PeaceD_Dung\Documents\Khóa luận\dataset\dataset\OTU_2D\test\image\1308.JPG,c:\Users\PeaceD_Dung\Documents\Khóa luận\dataset\dataset\OTU_2D\test\label\black_write\1308.PNG
OTU_2D_test,1311,963x529,963x529,MATCHED,c:\Users\PeaceD_Dung\Documents\Khóa luận\dataset\dataset\OTU_2D\test\image\1311.JPG,c:\Users\PeaceD_Dung\Documents\Khóa luận\dataset\dataset\OTU_2D\test\label\black_write\1311.PNG
OTU_2D_test,1317,481x536,481x536,MATCHED,c:\Users\PeaceD_Dung\Documents\Khóa luận\dataset\dataset\OTU_2D\test\image\1317.JPG,c:\Users\PeaceD_Dung\Documents\Khóa luận\dataset\dataset\OTU_2D\test\label\black_write\1317.PNG
OTU_2D_test,1319,480x535,480x535,MATCHED,c:\Users\PeaceD_Dung\Documents\Khóa luận\dataset\dataset\OTU_2D\test\image\1319.JPG,c:\Users\PeaceD_Dung\Documents\Khóa luận\dataset\dataset\OTU_2D\test\label\black_write\1319.PNG
OTU_2D_test,1325,482x530,482x530,MATCHED,c:\Users\PeaceD_Dung\Documents\Khóa luận\dataset\dataset\OTU_2D\test\image\1325.JPG,c:\Users\PeaceD_Dung\Documents\Khóa luận\dataset\dataset\OTU_2D\test\label\black_write\1325.PNG
OTU_2D_test,1329,784x561,784x561,MATCHED,c:\Users\PeaceD_Dung\Documents\Khóa luận\dataset\dataset\OTU_2D\test\image\1329.JPG,c:\Users\PeaceD_Dung\Documents\Khóa luận\dataset\dataset\OTU_2D\test\label\black_write\1329.PNG
OTU_2D_test,1331,479x559,479x559,MATCHED,c:\Users\PeaceD_Dung\Documents\Khóa luận\dataset\dataset\OTU_2D\test\image\1331.JPG,c:\Users\PeaceD_Dung\Documents\Khóa luận\dataset\dataset\OTU_2D\test\label\black_write\1331.PNG
OTU_2D_test,1335,571x602,571x602,MATCHED,c:\Users\PeaceD_Dung\Documents\Khóa luận\dataset\dataset\OTU_2D\test\image\1335.JPG,c:\Users\PeaceD_Dung\Documents\Khóa luận\dataset\dataset\OTU_2D\test\label\black_write\1335.PNG
OTU_2D_test,1336,1103x562,1103x562,MATCHED,c:\Users\PeaceD_Dung\Documents\Khóa luận\dataset\dataset\OTU_2D\test\image\1336.JPG,c:\Users\PeaceD_Dung\Documents\Khóa luận\dataset\dataset\OTU_2D\test\label\black_write\1336.PNG
OTU_2D_test,1337,1105x561,1105x561,MATCHED,c:\Users\PeaceD_Dung\Documents\Khóa luận\dataset\dataset\OTU_2D\test\image\1337.JPG,c:\Users\PeaceD_Dung\Documents\Khóa luận\dataset\dataset\OTU_2D\test\label\black_write\1337.PNG
OTU_2D_test,1347,570x595,570x595,MATCHED,c:\Users\PeaceD_Dung\Documents\Khóa luận\dataset\dataset\OTU_2D\test\image\1347.JPG,c:\Users\PeaceD_Dung\Documents\Khóa luận\dataset\dataset\OTU_2D\test\label\black_write\1347.PNG
OTU_2D_test,1352,959x539,959x539,MATCHED,c:\Users\PeaceD_Dung\Documents\Khóa luận\dataset\dataset\OTU_2D\test\image\1352.JPG,c:\Users\PeaceD_Dung\Documents\Khóa luận\dataset\dataset\OTU_2D\test\label\black_write\1352.PNG
OTU_2D_test,1354,482x540,482x540,MATCHED,c:\Users\PeaceD_Dung\Documents\Khóa luận\dataset\dataset\OTU_2D\test\image\1354.JPG,c:\Users\PeaceD_Dung\Documents\Khóa luận\dataset\dataset\OTU_2D\test\label\black_write\1354.PNG
OTU_2D_test,1357,487x531,487x531,MATCHED,c:\Users\PeaceD_Dung\Documents\Khóa luận\dataset\dataset\OTU_2D\test\image\1357.JPG,c:\Users\PeaceD_Dung\Documents\Khóa luận\dataset\dataset\OTU_2D\test\label\black_write\1357.PNG
OTU_2D_test,1358,482x534,482x534,MATCHED,c:\Users\PeaceD_Dung\Documents\Khóa luận\dataset\dataset\OTU_2D\test\image\1358.JPG,c:\Users\PeaceD_Dung\Documents\Khóa luận\dataset\dataset\OTU_2D\test\label\black_write\1358.PNG
OTU_2D_test,1365,959x535,959x535,MATCHED,c:\Users\PeaceD_Dung\Documents\Khóa luận\dataset\dataset\OTU_2D\test\image\1365.JPG,c:\Users\PeaceD_Dung\Documents\Khóa luận\dataset\dataset\OTU_2D\test\label\black_write\1365.PNG
OTU_2D_test,1366,959x531,959x531,MATCHED,c:\Users\PeaceD_Dung\Documents\Khóa luận\dataset\dataset\OTU_2D\test\image\1366.JPG,c:\Users\PeaceD_Dung\Documents\Khóa luận\dataset\dataset\OTU_2D\test\label\black_write\1366.PNG
OTU_2D_test,1367,959x536,959x536,MATCHED,c:\Users\PeaceD_Dung\Documents\Khóa luận\dataset\dataset\OTU_2D\test\image\1367.JPG,c:\Users\PeaceD_Dung\Documents\Khóa luận\dataset\dataset\OTU_2D\test\label\black_write\1367.PNG
OTU_2D_test,1369,480x531,480x531,MATCHED,c:\Users\PeaceD_Dung\Documents\Khóa luận\dataset\dataset\OTU_2D\test\image\1369.JPG,c:\Users\PeaceD_Dung\Documents\Khóa luận\dataset\dataset\OTU_2D\test\label\black_write\1369.PNG
OTU_2D_test,137,958x533,958x533,MATCHED,c:\Users\PeaceD_Dung\Documents\Khóa luận\dataset\dataset\OTU_2D\test\image\137.JPG,c:\Users\PeaceD_Dung\Documents\Khóa luận\dataset\dataset\OTU_2D\test\label\black_write\137.PNG
OTU_2D_test,1373,480x544,480x544,MATCHED,c:\Users\PeaceD_Dung\Documents\Khóa luận\dataset\dataset\OTU_2D\test\image\1373.JPG,c:\Users\PeaceD_Dung\Documents\Khóa luận\dataset\dataset\OTU_2D\test\label\black_write\1373.PNG
OTU_2D_test,1374,957x538,957x538,MATCHED,c:\Users\PeaceD_Dung\Documents\Khóa luận\dataset\dataset\OTU_2D\test\image\1374.JPG,c:\Users\PeaceD_Dung\Documents\Khóa luận\dataset\dataset\OTU_2D\test\label\black_write\1374.PNG
OTU_2D_test,1376,958x528,958x528,MATCHED,c:\Users\PeaceD_Dung\Documents\Khóa luận\dataset\dataset\OTU_2D\test\image\1376.JPG,c:\Users\PeaceD_Dung\Documents\Khóa luận\dataset\dataset\OTU_2D\test\label\black_write\1376.PNG
OTU_2D_test,1378,958x534,958x534,MATCHED,c:\Users\PeaceD_Dung\Documents\Khóa luận\dataset\dataset\OTU_2D\test\image\1378.JPG,c:\Users\PeaceD_Dung\Documents\Khóa luận\dataset\dataset\OTU_2D\test\label\black_write\1378.PNG
OTU_2D_test,1381,483x551,483x551,MATCHED,c:\Users\PeaceD_Dung\Documents\Khóa luận\dataset\dataset\OTU_2D\test\image\1381.JPG,c:\Users\PeaceD_Dung\Documents\Khóa luận\dataset\dataset\OTU_2D\test\label\black_write\1381.PNG
OTU_2D_test,1388,959x628,959x628,MATCHED,c:\Users\PeaceD_Dung\Documents\Khóa luận\dataset\dataset\OTU_2D\test\image\1388.JPG,c:\Users\PeaceD_Dung\Documents\Khóa luận\dataset\dataset\OTU_2D\test\label\black_write\1388.PNG
OTU_2D_test,1401,959x538,959x538,MATCHED,c:\Users\PeaceD_Dung\Documents\Khóa luận\dataset\dataset\OTU_2D\test\image\1401.JPG,c:\Users\PeaceD_Dung\Documents\Khóa luận\dataset\dataset\OTU_2D\test\label\black_write\1401.PNG
OTU_2D_test,1410,571x320,571x320,MATCHED,c:\Users\PeaceD_Dung\Documents\Khóa luận\dataset\dataset\OTU_2D\test\image\1410.JPG,c:\Users\PeaceD_Dung\Documents\Khóa luận\dataset\dataset\OTU_2D\test\label\black_write\1410.PNG
OTU_2D_test,1411,1129x594,1129x594,MATCHED,c:\Users\PeaceD_Dung\Documents\Khóa luận\dataset\dataset\OTU_2D\test\image\1411.JPG,c:\Users\PeaceD_Dung\Documents\Khóa luận\dataset\dataset\OTU_2D\test\label\black_write\1411.PNG
OTU_2D_test,1413,480x266,480x266,MATCHED,c:\Users\PeaceD_Dung\Documents\Khóa luận\dataset\dataset\OTU_2D\test\image\1413.JPG,c:\Users\PeaceD_Dung\Documents\Khóa luận\dataset\dataset\OTU_2D\test\label\black_write\1413.PNG
OTU_2D_test,1416,959x544,959x544,MATCHED,c:\Users\PeaceD_Dung\Documents\Khóa luận\dataset\dataset\OTU_2D\test\image\1416.JPG,c:\Users\PeaceD_Dung\Documents\Khóa luận\dataset\dataset\OTU_2D\test\label\black_write\1416.PNG
OTU_2D_test,1427,957x534,957x534,MATCHED,c:\Users\PeaceD_Dung\Documents\Khóa luận\dataset\dataset\OTU_2D\test\image\1427.JPG,c:\Users\PeaceD_Dung\Documents\Khóa luận\dataset\dataset\OTU_2D\test\label\black_write\1427.PNG
OTU_2D_test,1430,1115x568,1115x568,MATCHED,c:\Users\PeaceD_Dung\Documents\Khóa luận\dataset\dataset\OTU_2D\test\image\1430.JPG,c:\Users\PeaceD_Dung\Documents\Khóa luận\dataset\dataset\OTU_2D\test\label\black_write\1430.PNG
OTU_2D_test,1432,481x532,481x532,MATCHED,c:\Users\PeaceD_Dung\Documents\Khóa luận\dataset\dataset\OTU_2D\test\image\1432.JPG,c:\Users\PeaceD_Dung\Documents\Khóa luận\dataset\dataset\OTU_2D\test\label\black_write\1432.PNG
OTU_2D_test,1435,476x536,476x536,MATCHED,c:\Users\PeaceD_Dung\Documents\Khóa luận\dataset\dataset\OTU_2D\test\image\1435.JPG,c:\Users\PeaceD_Dung\Documents\Khóa luận\dataset\dataset\OTU_2D\test\label\black_write\1435.PNG
OTU_2D_test,1440,484x531,484x531,MATCHED,c:\Users\PeaceD_Dung\Documents\Khóa luận\dataset\dataset\OTU_2D\test\image\1440.JPG,c:\Users\PeaceD_Dung\Documents\Khóa luận\dataset\dataset\OTU_2D\test\label\black_write\1440.PNG
OTU_2D_test,1444,477x521,477x521,MATCHED,c:\Users\PeaceD_Dung\Documents\Khóa luận\dataset\dataset\OTU_2D\test\image\1444.JPG,c:\Users\PeaceD_Dung\Documents\Khóa luận\dataset\dataset\OTU_2D\test\label\black_write\1444.PNG
OTU_2D_test,1454,957x521,957x521,MATCHED,c:\Users\PeaceD_Dung\Documents\Khóa luận\dataset\dataset\OTU_2D\test\image\1454.JPG,c:\Users\PeaceD_Dung\Documents\Khóa luận\dataset\dataset\OTU_2D\test\label\black_write\1454.PNG
OTU_2D_test,1458,955x531,955x531,MATCHED,c:\Users\PeaceD_Dung\Documents\Khóa luận\dataset\dataset\OTU_2D\test\image\1458.JPG,c:\Users\PeaceD_Dung\Documents\Khóa luận\dataset\dataset\OTU_2D\test\label\black_write\1458.PNG
OTU_2D_test,1460,478x533,478x533,MATCHED,c:\Users\PeaceD_Dung\Documents\Khóa luận\dataset\dataset\OTU_2D\test\image\1460.JPG,c:\Users\PeaceD_Dung\Documents\Khóa luận\dataset\dataset\OTU_2D\test\label\black_write\1460.PNG
OTU_2D_test,1461,482x536,482x536,MATCHED,c:\Users\PeaceD_Dung\Documents\Khóa luận\dataset\dataset\OTU_2D\test\image\1461.JPG,c:\Users\PeaceD_Dung\Documents\Khóa luận\dataset\dataset\OTU_2D\test\label\black_write\1461.PNG
OTU_2D_test,1464,1105x566,1105x566,MATCHED,c:\Users\PeaceD_Dung\Documents\Khóa luận\dataset\dataset\OTU_2D\test\image\1464.JPG,c:\Users\PeaceD_Dung\Documents\Khóa luận\dataset\dataset\OTU_2D\test\label\black_write\1464.PNG
OTU_2D_test,1466,959x534,959x534,MATCHED,c:\Users\PeaceD_Dung\Documents\Khóa luận\dataset\dataset\OTU_2D\test\image\1466.JPG,c:\Users\PeaceD_Dung\Documents\Khóa luận\dataset\dataset\OTU_2D\test\label\black_write\1466.PNG
OTU_2D_test,1467,959x535,959x535,MATCHED,c:\Users\PeaceD_Dung\Documents\Khóa luận\dataset\dataset\OTU_2D\test\image\1467.JPG,c:\Users\PeaceD_Dung\Documents\Khóa luận\dataset\dataset\OTU_2D\test\label\black_write\1467.PNG
OTU_2D_test,1468,482x271,482x271,MATCHED,c:\Users\PeaceD_Dung\Documents\Khóa luận\dataset\dataset\OTU_2D\test\image\1468.JPG,c:\Users\PeaceD_Dung\Documents\Khóa luận\dataset\dataset\OTU_2D\test\label\black_write\1468.PNG
OTU_2D_test,1469,955x520,955x520,MATCHED,c:\Users\PeaceD_Dung\Documents\Khóa luận\dataset\dataset\OTU_2D\test\image\1469.JPG,c:\Users\PeaceD_Dung\Documents\Khóa luận\dataset\dataset\OTU_2D\test\label\black_write\1469.PNG
OTU_2D_test,148,1101x567,1101x567,MATCHED,c:\Users\PeaceD_Dung\Documents\Khóa luận\dataset\dataset\OTU_2D\test\image\148.JPG,c:\Users\PeaceD_Dung\Documents\Khóa luận\dataset\dataset\OTU_2D\test\label\black_write\148.PNG
OTU_2D_test,149,1103x566,1103x566,MATCHED,c:\Users\PeaceD_Dung\Documents\Khóa luận\dataset\dataset\OTU_2D\test\image\149.JPG,c:\Users\PeaceD_Dung\Documents\Khóa luận\dataset\dataset\OTU_2D\test\label\black_write\149.PNG
OTU_2D_test,15,958x534,958x534,MATCHED,c:\Users\PeaceD_Dung\Documents\Khóa luận\dataset\dataset\OTU_2D\test\image\15.JPG,c:\Users\PeaceD_Dung\Documents\Khóa luận\dataset\dataset\OTU_2D\test\label\black_write\15.PNG
OTU_2D_test,152,1102x570,1102x570,MATCHED,c:\Users\PeaceD_Dung\Documents\Khóa luận\dataset\dataset\OTU_2D\test\image\152.JPG,c:\Users\PeaceD_Dung\Documents\Khóa luận\dataset\dataset\OTU_2D\test\label\black_write\152.PNG
OTU_2D_test,159,953x533,953x533,MATCHED,c:\Users\PeaceD_Dung\Documents\Khóa luận\dataset\dataset\OTU_2D\test\image\159.JPG,c:\Users\PeaceD_Dung\Documents\Khóa luận\dataset\dataset\OTU_2D\test\label\black_write\159.PNG
OTU_2D_test,16,959x538,959x538,MATCHED,c:\Users\PeaceD_Dung\Documents\Khóa luận\dataset\dataset\OTU_2D\test\image\16.JPG,c:\Users\PeaceD_Dung\Documents\Khóa luận\dataset\dataset\OTU_2D\test\label\black_write\16.PNG
OTU_2D_test,162,959x536,959x536,MATCHED,c:\Users\PeaceD_Dung\Documents\Khóa luận\dataset\dataset\OTU_2D\test\image\162.JPG,c:\Users\PeaceD_Dung\Documents\Khóa luận\dataset\dataset\OTU_2D\test\label\black_write\162.PNG
OTU_2D_test,163,956x533,956x533,MATCHED,c:\Users\PeaceD_Dung\Documents\Khóa luận\dataset\dataset\OTU_2D\test\image\163.JPG,c:\Users\PeaceD_Dung\Documents\Khóa luận\dataset\dataset\OTU_2D\test\label\black_write\163.PNG
OTU_2D_test,164,480x535,480x535,MATCHED,c:\Users\PeaceD_Dung\Documents\Khóa luận\dataset\dataset\OTU_2D\test\image\164.JPG,c:\Users\PeaceD_Dung\Documents\Khóa luận\dataset\dataset\OTU_2D\test\label\black_write\164.PNG
OTU_2D_test,168,480x535,480x535,MATCHED,c:\Users\PeaceD_Dung\Documents\Khóa luận\dataset\dataset\OTU_2D\test\image\168.JPG,c:\Users\PeaceD_Dung\Documents\Khóa luận\dataset\dataset\OTU_2D\test\label\black_write\168.PNG
OTU_2D_test,170,958x534,958x534,MATCHED,c:\Users\PeaceD_Dung\Documents\Khóa luận\dataset\dataset\OTU_2D\test\image\170.JPG,c:\Users\PeaceD_Dung\Documents\Khóa luận\dataset\dataset\OTU_2D\test\label\black_write\170.PNG
OTU_2D_test,177,958x533,958x533,MATCHED,c:\Users\PeaceD_Dung\Documents\Khóa luận\dataset\dataset\OTU_2D\test\image\177.JPG,c:\Users\PeaceD_Dung\Documents\Khóa luận\dataset\dataset\OTU_2D\test\label\black_write\177.PNG
OTU_2D_test,179,479x535,479x535,MATCHED,c:\Users\PeaceD_Dung\Documents\Khóa luận\dataset\dataset\OTU_2D\test\image\179.JPG,c:\Users\PeaceD_Dung\Documents\Khóa luận\dataset\dataset\OTU_2D\test\label\black_write\179.PNG
OTU_2D_test,180,957x533,957x533,MATCHED,c:\Users\PeaceD_Dung\Documents\Khóa luận\dataset\dataset\OTU_2D\test\image\180.JPG,c:\Users\PeaceD_Dung\Documents\Khóa luận\dataset\dataset\OTU_2D\test\label\black_write\180.PNG
OTU_2D_test,181,957x537,957x537,MATCHED,c:\Users\PeaceD_Dung\Documents\Khóa luận\dataset\dataset\OTU_2D\test\image\181.JPG,c:\Users\PeaceD_Dung\Documents\Khóa luận\dataset\dataset\OTU_2D\test\label\black_write\181.PNG
OTU_2D_test,191,479x536,479x536,MATCHED,c:\Users\PeaceD_Dung\Documents\Khóa luận\dataset\dataset\OTU_2D\test\image\191.JPG,c:\Users\PeaceD_Dung\Documents\Khóa luận\dataset\dataset\OTU_2D\test\label\black_write\191.PNG
OTU_2D_test,206,958x662,958x662,MATCHED,c:\Users\PeaceD_Dung\Documents\Khóa luận\dataset\dataset\OTU_2D\test\image\206.JPG,c:\Users\PeaceD_Dung\Documents\Khóa luận\dataset\dataset\OTU_2D\test\label\black_write\206.PNG
OTU_2D_test,21,480x533,480x533,MATCHED,c:\Users\PeaceD_Dung\Documents\Khóa luận\dataset\dataset\OTU_2D\test\image\21.JPG,c:\Users\PeaceD_Dung\Documents\Khóa luận\dataset\dataset\OTU_2D\test\label\black_write\21.PNG
OTU_2D_test,220,480x531,480x531,MATCHED,c:\Users\PeaceD_Dung\Documents\Khóa luận\dataset\dataset\OTU_2D\test\image\220.JPG,c:\Users\PeaceD_Dung\Documents\Khóa luận\dataset\dataset\OTU_2D\test\label\black_write\220.PNG
OTU_2D_test,225,479x444,479x444,MATCHED,c:\Users\PeaceD_Dung\Documents\Khóa luận\dataset\dataset\OTU_2D\test\image\225.JPG,c:\Users\PeaceD_Dung\Documents\Khóa luận\dataset\dataset\OTU_2D\test\label\black_write\225.PNG
OTU_2D_test,227,478x444,478x444,MATCHED,c:\Users\PeaceD_Dung\Documents\Khóa luận\dataset\dataset\OTU_2D\test\image\227.JPG,c:\Users\PeaceD_Dung\Documents\Khóa luận\dataset\dataset\OTU_2D\test\label\black_write\227.PNG
OTU_2D_test,228,877x446,877x446,MATCHED,c:\Users\PeaceD_Dung\Documents\Khóa luận\dataset\dataset\OTU_2D\test\image\228.JPG,c:\Users\PeaceD_Dung\Documents\Khóa luận\dataset\dataset\OTU_2D\test\label\black_write\228.PNG
OTU_2D_test,229,878x443,878x443,MATCHED,c:\Users\PeaceD_Dung\Documents\Khóa luận\dataset\dataset\OTU_2D\test\image\229.JPG,c:\Users\PeaceD_Dung\Documents\Khóa luận\dataset\dataset\OTU_2D\test\label\black_write\229.PNG
OTU_2D_test,234,480x536,480x536,MATCHED,c:\Users\PeaceD_Dung\Documents\Khóa luận\dataset\dataset\OTU_2D\test\image\234.JPG,c:\Users\PeaceD_Dung\Documents\Khóa luận\dataset\dataset\OTU_2D\test\label\black_write\234.PNG
OTU_2D_test,237,857x559,857x559,MATCHED,c:\Users\PeaceD_Dung\Documents\Khóa luận\dataset\dataset\OTU_2D\test\image\237.JPG,c:\Users\PeaceD_Dung\Documents\Khóa luận\dataset\dataset\OTU_2D\test\label\black_write\237.PNG
OTU_2D_test,240,479x531,479x531,MATCHED,c:\Users\PeaceD_Dung\Documents\Khóa luận\dataset\dataset\OTU_2D\test\image\240.JPG,c:\Users\PeaceD_Dung\Documents\Khóa luận\dataset\dataset\OTU_2D\test\label\black_write\240.PNG
OTU_2D_test,248,480x529,480x529,MATCHED,c:\Users\PeaceD_Dung\Documents\Khóa luận\dataset\dataset\OTU_2D\test\image\248.JPG,c:\Users\PeaceD_Dung\Documents\Khóa luận\dataset\dataset\OTU_2D\test\label\black_write\248.PNG
OTU_2D_test,249,482x531,482x531,MATCHED,c:\Users\PeaceD_Dung\Documents\Khóa luận\dataset\dataset\OTU_2D\test\image\249.JPG,c:\Users\PeaceD_Dung\Documents\Khóa luận\dataset\dataset\OTU_2D\test\label\black_write\249.PNG
OTU_2D_test,253,959x532,959x532,MATCHED,c:\Users\PeaceD_Dung\Documents\Khóa luận\dataset\dataset\OTU_2D\test\image\253.JPG,c:\Users\PeaceD_Dung\Documents\Khóa luận\dataset\dataset\OTU_2D\test\label\black_write\253.PNG
OTU_2D_test,254,959x530,959x530,MATCHED,c:\Users\PeaceD_Dung\Documents\Khóa luận\dataset\dataset\OTU_2D\test\image\254.JPG,c:\Users\PeaceD_Dung\Documents\Khóa luận\dataset\dataset\OTU_2D\test\label\black_write\254.PNG
OTU_2D_test,255,481x536,481x536,MATCHED,c:\Users\PeaceD_Dung\Documents\Khóa luận\dataset\dataset\OTU_2D\test\image\255.JPG,c:\Users\PeaceD_Dung\Documents\Khóa luận\dataset\dataset\OTU_2D\test\label\black_write\255.PNG
OTU_2D_test,26,1104x674,1104x674,MATCHED,c:\Users\PeaceD_Dung\Documents\Khóa luận\dataset\dataset\OTU_2D\test\image\26.JPG,c:\Users\PeaceD_Dung\Documents\Khóa luận\dataset\dataset\OTU_2D\test\label\black_write\26.PNG
OTU_2D_test,261,480x532,480x532,MATCHED,c:\Users\PeaceD_Dung\Documents\Khóa luận\dataset\dataset\OTU_2D\test\image\261.JPG,c:\Users\PeaceD_Dung\Documents\Khóa luận\dataset\dataset\OTU_2D\test\label\black_write\261.PNG
OTU_2D_test,264,481x532,481x532,MATCHED,c:\Users\PeaceD_Dung\Documents\Khóa luận\dataset\dataset\OTU_2D\test\image\264.JPG,c:\Users\PeaceD_Dung\Documents\Khóa luận\dataset\dataset\OTU_2D\test\label\black_write\264.PNG
OTU_2D_test,267,566x591,566x591,MATCHED,c:\Users\PeaceD_Dung\Documents\Khóa luận\dataset\dataset\OTU_2D\test\image\267.JPG,c:\Users\PeaceD_Dung\Documents\Khóa luận\dataset\dataset\OTU_2D\test\label\black_write\267.PNG
OTU_2D_test,268,568x591,568x591,MATCHED,c:\Users\PeaceD_Dung\Documents\Khóa luận\dataset\dataset\OTU_2D\test\image\268.JPG,c:\Users\PeaceD_Dung\Documents\Khóa luận\dataset\dataset\OTU_2D\test\label\black_write\268.PNG
OTU_2D_test,269,568x591,568x591,MATCHED,c:\Users\PeaceD_Dung\Documents\Khóa luận\dataset\dataset\OTU_2D\test\image\269.JPG,c:\Users\PeaceD_Dung\Documents\Khóa luận\dataset\dataset\OTU_2D\test\label\black_write\269.PNG
OTU_2D_test,27,958x535,958x535,MATCHED,c:\Users\PeaceD_Dung\Documents\Khóa luận\dataset\dataset\OTU_2D\test\image\27.JPG,c:\Users\PeaceD_Dung\Documents\Khóa luận\dataset\dataset\OTU_2D\test\label\black_write\27.PNG
OTU_2D_test,281,958x535,958x535,MATCHED,c:\Users\PeaceD_Dung\Documents\Khóa luận\dataset\dataset\OTU_2D\test\image\281.JPG,c:\Users\PeaceD_Dung\Documents\Khóa luận\dataset\dataset\OTU_2D\test\label\black_write\281.PNG
OTU_2D_test,288,489x295,489x295,MATCHED,c:\Users\PeaceD_Dung\Documents\Khóa luận\dataset\dataset\OTU_2D\test\image\288.JPG,c:\Users\PeaceD_Dung\Documents\Khóa luận\dataset\dataset\OTU_2D\test\label\black_write\288.PNG
OTU_2D_test,292,703x400,703x400,MATCHED,c:\Users\PeaceD_Dung\Documents\Khóa luận\dataset\dataset\OTU_2D\test\image\292.JPG,c:\Users\PeaceD_Dung\Documents\Khóa luận\dataset\dataset\OTU_2D\test\label\black_write\292.PNG
OTU_2D_test,295,497x537,497x537,MATCHED,c:\Users\PeaceD_Dung\Documents\Khóa luận\dataset\dataset\OTU_2D\test\image\295.JPG,c:\Users\PeaceD_Dung\Documents\Khóa luận\dataset\dataset\OTU_2D\test\label\black_write\295.PNG
OTU_2D_test,296,958x532,958x532,MATCHED,c:\Users\PeaceD_Dung\Documents\Khóa luận\dataset\dataset\OTU_2D\test\image\296.JPG,c:\Users\PeaceD_Dung\Documents\Khóa luận\dataset\dataset\OTU_2D\test\label\black_write\296.PNG
OTU_2D_test,299,481x534,481x534,MATCHED,c:\Users\PeaceD_Dung\Documents\Khóa luận\dataset\dataset\OTU_2D\test\image\299.JPG,c:\Users\PeaceD_Dung\Documents\Khóa luận\dataset\dataset\OTU_2D\test\label\black_write\299.PNG
OTU_2D_test,3,478x537,478x537,MATCHED,c:\Users\PeaceD_Dung\Documents\Khóa luận\dataset\dataset\OTU_2D\test\image\3.JPG,c:\Users\PeaceD_Dung\Documents\Khóa luận\dataset\dataset\OTU_2D\test\label\black_write\3.PNG
OTU_2D_test,301,480x533,480x533,MATCHED,c:\Users\PeaceD_Dung\Documents\Khóa luận\dataset\dataset\OTU_2D\test\image\301.JPG,c:\Users\PeaceD_Dung\Documents\Khóa luận\dataset\dataset\OTU_2D\test\label\black_write\301.PNG
OTU_2D_test,306,479x534,479x534,MATCHED,c:\Users\PeaceD_Dung\Documents\Khóa luận\dataset\dataset\OTU_2D\test\image\306.JPG,c:\Users\PeaceD_Dung\Documents\Khóa luận\dataset\dataset\OTU_2D\test\label\black_write\306.PNG
OTU_2D_test,313,480x534,480x534,MATCHED,c:\Users\PeaceD_Dung\Documents\Khóa luận\dataset\dataset\OTU_2D\test\image\313.JPG,c:\Users\PeaceD_Dung\Documents\Khóa luận\dataset\dataset\OTU_2D\test\label\black_write\313.PNG
OTU_2D_test,315,479x533,479x533,MATCHED,c:\Users\PeaceD_Dung\Documents\Khóa luận\dataset\dataset\OTU_2D\test\image\315.JPG,c:\Users\PeaceD_Dung\Documents\Khóa luận\dataset\dataset\OTU_2D\test\label\black_write\315.PNG
OTU_2D_test,316,480x535,480x535,MATCHED,c:\Users\PeaceD_Dung\Documents\Khóa luận\dataset\dataset\OTU_2D\test\image\316.JPG,c:\Users\PeaceD_Dung\Documents\Khóa luận\dataset\dataset\OTU_2D\test\label\black_write\316.PNG
OTU_2D_test,322,958x529,958x529,MATCHED,c:\Users\PeaceD_Dung\Documents\Khóa luận\dataset\dataset\OTU_2D\test\image\322.JPG,c:\Users\PeaceD_Dung\Documents\Khóa luận\dataset\dataset\OTU_2D\test\label\black_write\322.PNG
OTU_2D_test,323,479x529,479x529,MATCHED,c:\Users\PeaceD_Dung\Documents\Khóa luận\dataset\dataset\OTU_2D\test\image\323.JPG,c:\Users\PeaceD_Dung\Documents\Khóa luận\dataset\dataset\OTU_2D\test\label\black_write\323.PNG
OTU_2D_test,325,1088x607,1088x607,MATCHED,c:\Users\PeaceD_Dung\Documents\Khóa luận\dataset\dataset\OTU_2D\test\image\325.JPG,c:\Users\PeaceD_Dung\Documents\Khóa luận\dataset\dataset\OTU_2D\test\label\black_write\325.PNG
OTU_2D_test,326,478x535,478x535,MATCHED,c:\Users\PeaceD_Dung\Documents\Khóa luận\dataset\dataset\OTU_2D\test\image\326.JPG,c:\Users\PeaceD_Dung\Documents\Khóa luận\dataset\dataset\OTU_2D\test\label\black_write\326.PNG
OTU_2D_test,331,551x552,551x552,MATCHED,c:\Users\PeaceD_Dung\Documents\Khóa luận\dataset\dataset\OTU_2D\test\image\331.JPG,c:\Users\PeaceD_Dung\Documents\Khóa luận\dataset\dataset\OTU_2D\test\label\black_write\331.PNG
OTU_2D_test,333,1104x567,1104x567,MATCHED,c:\Users\PeaceD_Dung\Documents\Khóa luận\dataset\dataset\OTU_2D\test\image\333.JPG,c:\Users\PeaceD_Dung\Documents\Khóa luận\dataset\dataset\OTU_2D\test\label\black_write\333.PNG
OTU_2D_test,336,1134x592,1134x592,MATCHED,c:\Users\PeaceD_Dung\Documents\Khóa luận\dataset\dataset\OTU_2D\test\image\336.JPG,c:\Users\PeaceD_Dung\Documents\Khóa luận\dataset\dataset\OTU_2D\test\label\black_write\336.PNG
OTU_2D_test,339,569x592,569x592,MATCHED,c:\Users\PeaceD_Dung\Documents\Khóa luận\dataset\dataset\OTU_2D\test\image\339.JPG,c:\Users\PeaceD_Dung\Documents\Khóa luận\dataset\dataset\OTU_2D\test\label\black_write\339.PNG
OTU_2D_test,344,959x533,959x533,MATCHED,c:\Users\PeaceD_Dung\Documents\Khóa luận\dataset\dataset\OTU_2D\test\image\344.JPG,c:\Users\PeaceD_Dung\Documents\Khóa luận\dataset\dataset\OTU_2D\test\label\black_write\344.PNG
OTU_2D_test,345,959x538,959x538,MATCHED,c:\Users\PeaceD_Dung\Documents\Khóa luận\dataset\dataset\OTU_2D\test\image\345.JPG,c:\Users\PeaceD_Dung\Documents\Khóa luận\dataset\dataset\OTU_2D\test\label\black_write\345.PNG
OTU_2D_test,350,474x604,474x604,MATCHED,c:\Users\PeaceD_Dung\Documents\Khóa luận\dataset\dataset\OTU_2D\test\image\350.JPG,c:\Users\PeaceD_Dung\Documents\Khóa luận\dataset\dataset\OTU_2D\test\label\black_write\350.PNG
OTU_2D_test,352,958x535,958x535,MATCHED,c:\Users\PeaceD_Dung\Documents\Khóa luận\dataset\dataset\OTU_2D\test\image\352.JPG,c:\Users\PeaceD_Dung\Documents\Khóa luận\dataset\dataset\OTU_2D\test\label\black_write\352.PNG
OTU_2D_test,354,958x535,958x535,MATCHED,c:\Users\PeaceD_Dung\Documents\Khóa luận\dataset\dataset\OTU_2D\test\image\354.JPG,c:\Users\PeaceD_Dung\Documents\Khóa luận\dataset\dataset\OTU_2D\test\label\black_write\354.PNG
OTU_2D_test,356,959x535,959x535,MATCHED,c:\Users\PeaceD_Dung\Documents\Khóa luận\dataset\dataset\OTU_2D\test\image\356.JPG,c:\Users\PeaceD_Dung\Documents\Khóa luận\dataset\dataset\OTU_2D\test\label\black_write\356.PNG
OTU_2D_test,358,479x534,479x534,MATCHED,c:\Users\PeaceD_Dung\Documents\Khóa luận\dataset\dataset\OTU_2D\test\image\358.JPG,c:\Users\PeaceD_Dung\Documents\Khóa luận\dataset\dataset\OTU_2D\test\label\black_write\358.PNG
OTU_2D_test,359,973x534,973x534,MATCHED,c:\Users\PeaceD_Dung\Documents\Khóa luận\dataset\dataset\OTU_2D\test\image\359.JPG,c:\Users\PeaceD_Dung\Documents\Khóa luận\dataset\dataset\OTU_2D\test\label\black_write\359.PNG
OTU_2D_test,36,958x533,958x533,MATCHED,c:\Users\PeaceD_Dung\Documents\Khóa luận\dataset\dataset\OTU_2D\test\image\36.JPG,c:\Users\PeaceD_Dung\Documents\Khóa luận\dataset\dataset\OTU_2D\test\label\black_write\36.PNG
OTU_2D_test,361,963x555,963x555,MATCHED,c:\Users\PeaceD_Dung\Documents\Khóa luận\dataset\dataset\OTU_2D\test\image\361.JPG,c:\Users\PeaceD_Dung\Documents\Khóa luận\dataset\dataset\OTU_2D\test\label\black_write\361.PNG
OTU_2D_test,363,963x557,963x557,MATCHED,c:\Users\PeaceD_Dung\Documents\Khóa luận\dataset\dataset\OTU_2D\test\image\363.JPG,c:\Users\PeaceD_Dung\Documents\Khóa luận\dataset\dataset\OTU_2D\test\label\black_write\363.PNG
OTU_2D_test,370,1134x591,1134x591,MATCHED,c:\Users\PeaceD_Dung\Documents\Khóa luận\dataset\dataset\OTU_2D\test\image\370.JPG,c:\Users\PeaceD_Dung\Documents\Khóa luận\dataset\dataset\OTU_2D\test\label\black_write\370.PNG
OTU_2D_test,371,803x671,803x671,MATCHED,c:\Users\PeaceD_Dung\Documents\Khóa luận\dataset\dataset\OTU_2D\test\image\371.JPG,c:\Users\PeaceD_Dung\Documents\Khóa luận\dataset\dataset\OTU_2D\test\label\black_write\371.PNG
OTU_2D_test,377,483x539,483x539,MATCHED,c:\Users\PeaceD_Dung\Documents\Khóa luận\dataset\dataset\OTU_2D\test\image\377.JPG,c:\Users\PeaceD_Dung\Documents\Khóa luận\dataset\dataset\OTU_2D\test\label\black_write\377.PNG
OTU_2D_test,382,478x531,478x531,MATCHED,c:\Users\PeaceD_Dung\Documents\Khóa luận\dataset\dataset\OTU_2D\test\image\382.JPG,c:\Users\PeaceD_Dung\Documents\Khóa luận\dataset\dataset\OTU_2D\test\label\black_write\382.PNG
OTU_2D_test,383,549x585,549x585,MATCHED,c:\Users\PeaceD_Dung\Documents\Khóa luận\dataset\dataset\OTU_2D\test\image\383.JPG,c:\Users\PeaceD_Dung\Documents\Khóa luận\dataset\dataset\OTU_2D\test\label\black_write\383.PNG
OTU_2D_test,385,548x584,548x584,MATCHED,c:\Users\PeaceD_Dung\Documents\Khóa luận\dataset\dataset\OTU_2D\test\image\385.JPG,c:\Users\PeaceD_Dung\Documents\Khóa luận\dataset\dataset\OTU_2D\test\label\black_write\385.PNG
OTU_2D_test,386,550x587,550x587,MATCHED,c:\Users\PeaceD_Dung\Documents\Khóa luận\dataset\dataset\OTU_2D\test\image\386.JPG,c:\Users\PeaceD_Dung\Documents\Khóa luận\dataset\dataset\OTU_2D\test\label\black_write\386.PNG
OTU_2D_test,387,905x534,905x534,MATCHED,c:\Users\PeaceD_Dung\Documents\Khóa luận\dataset\dataset\OTU_2D\test\image\387.JPG,c:\Users\PeaceD_Dung\Documents\Khóa luận\dataset\dataset\OTU_2D\test\label\black_write\387.PNG
OTU_2D_test,388,905x532,905x532,MATCHED,c:\Users\PeaceD_Dung\Documents\Khóa luận\dataset\dataset\OTU_2D\test\image\388.JPG,c:\Users\PeaceD_Dung\Documents\Khóa luận\dataset\dataset\OTU_2D\test\label\black_write\388.PNG
OTU_2D_test,39,478x534,478x534,MATCHED,c:\Users\PeaceD_Dung\Documents\Khóa luận\dataset\dataset\OTU_2D\test\image\39.JPG,c:\Users\PeaceD_Dung\Documents\Khóa luận\dataset\dataset\OTU_2D\test\label\black_write\39.PNG
OTU_2D_test,391,959x535,959x535,MATCHED,c:\Users\PeaceD_Dung\Documents\Khóa luận\dataset\dataset\OTU_2D\test\image\391.JPG,c:\Users\PeaceD_Dung\Documents\Khóa luận\dataset\dataset\OTU_2D\test\label\black_write\391.PNG
OTU_2D_test,392,957x530,957x530,MATCHED,c:\Users\PeaceD_Dung\Documents\Khóa luận\dataset\dataset\OTU_2D\test\image\392.JPG,c:\Users\PeaceD_Dung\Documents\Khóa luận\dataset\dataset\OTU_2D\test\label\black_write\392.PNG
OTU_2D_test,394,958x531,958x531,MATCHED,c:\Users\PeaceD_Dung\Documents\Khóa luận\dataset\dataset\OTU_2D\test\image\394.JPG,c:\Users\PeaceD_Dung\Documents\Khóa luận\dataset\dataset\OTU_2D\test\label\black_write\394.PNG
OTU_2D_test,399,843x613,843x613,MATCHED,c:\Users\PeaceD_Dung\Documents\Khóa luận\dataset\dataset\OTU_2D\test\image\399.JPG,c:\Users\PeaceD_Dung\Documents\Khóa luận\dataset\dataset\OTU_2D\test\label\black_write\399.PNG
OTU_2D_test,403,959x535,959x535,MATCHED,c:\Users\PeaceD_Dung\Documents\Khóa luận\dataset\dataset\OTU_2D\test\image\403.JPG,c:\Users\PeaceD_Dung\Documents\Khóa luận\dataset\dataset\OTU_2D\test\label\black_write\403.PNG
OTU_2D_test,412,962x660,962x660,MATCHED,c:\Users\PeaceD_Dung\Documents\Khóa luận\dataset\dataset\OTU_2D\test\image\412.JPG,c:\Users\PeaceD_Dung\Documents\Khóa luận\dataset\dataset\OTU_2D\test\label\black_write\412.PNG
OTU_2D_test,429,959x534,959x534,MATCHED,c:\Users\PeaceD_Dung\Documents\Khóa luận\dataset\dataset\OTU_2D\test\image\429.JPG,c:\Users\PeaceD_Dung\Documents\Khóa luận\dataset\dataset\OTU_2D\test\label\black_write\429.PNG
OTU_2D_test,430,1102x570,1102x570,MATCHED,c:\Users\PeaceD_Dung\Documents\Khóa luận\dataset\dataset\OTU_2D\test\image\430.JPG,c:\Users\PeaceD_Dung\Documents\Khóa luận\dataset\dataset\OTU_2D\test\label\black_write\430.PNG
OTU_2D_test,431,649x327,649x327,MATCHED,c:\Users\PeaceD_Dung\Documents\Khóa luận\dataset\dataset\OTU_2D\test\image\431.JPG,c:\Users\PeaceD_Dung\Documents\Khóa luận\dataset\dataset\OTU_2D\test\label\black_write\431.PNG
OTU_2D_test,436,407x272,407x272,MATCHED,c:\Users\PeaceD_Dung\Documents\Khóa luận\dataset\dataset\OTU_2D\test\image\436.JPG,c:\Users\PeaceD_Dung\Documents\Khóa luận\dataset\dataset\OTU_2D\test\label\black_write\436.PNG
OTU_2D_test,440,958x534,958x534,MATCHED,c:\Users\PeaceD_Dung\Documents\Khóa luận\dataset\dataset\OTU_2D\test\image\440.JPG,c:\Users\PeaceD_Dung\Documents\Khóa luận\dataset\dataset\OTU_2D\test\label\black_write\440.PNG
OTU_2D_test,441,481x266,481x266,MATCHED,c:\Users\PeaceD_Dung\Documents\Khóa luận\dataset\dataset\OTU_2D\test\image\441.JPG,c:\Users\PeaceD_Dung\Documents\Khóa luận\dataset\dataset\OTU_2D\test\label\black_write\441.PNG
OTU_2D_test,443,490x269,490x269,MATCHED,c:\Users\PeaceD_Dung\Documents\Khóa luận\dataset\dataset\OTU_2D\test\image\443.JPG,c:\Users\PeaceD_Dung\Documents\Khóa luận\dataset\dataset\OTU_2D\test\label\black_write\443.PNG
OTU_2D_test,445,957x529,957x529,MATCHED,c:\Users\PeaceD_Dung\Documents\Khóa luận\dataset\dataset\OTU_2D\test\image\445.JPG,c:\Users\PeaceD_Dung\Documents\Khóa luận\dataset\dataset\OTU_2D\test\label\black_write\445.PNG
OTU_2D_test,448,958x534,958x534,MATCHED,c:\Users\PeaceD_Dung\Documents\Khóa luận\dataset\dataset\OTU_2D\test\image\448.JPG,c:\Users\PeaceD_Dung\Documents\Khóa luận\dataset\dataset\OTU_2D\test\label\black_write\448.PNG
OTU_2D_test,452,876x446,876x446,MATCHED,c:\Users\PeaceD_Dung\Documents\Khóa luận\dataset\dataset\OTU_2D\test\image\452.JPG,c:\Users\PeaceD_Dung\Documents\Khóa luận\dataset\dataset\OTU_2D\test\label\black_write\452.PNG
OTU_2D_test,453,478x533,478x533,MATCHED,c:\Users\PeaceD_Dung\Documents\Khóa luận\dataset\dataset\OTU_2D\test\image\453.JPG,c:\Users\PeaceD_Dung\Documents\Khóa luận\dataset\dataset\OTU_2D\test\label\black_write\453.PNG
OTU_2D_test,457,958x531,958x531,MATCHED,c:\Users\PeaceD_Dung\Documents\Khóa luận\dataset\dataset\OTU_2D\test\image\457.JPG,c:\Users\PeaceD_Dung\Documents\Khóa luận\dataset\dataset\OTU_2D\test\label\black_write\457.PNG
OTU_2D_test,464,959x530,959x530,MATCHED,c:\Users\PeaceD_Dung\Documents\Khóa luận\dataset\dataset\OTU_2D\test\image\464.JPG,c:\Users\PeaceD_Dung\Documents\Khóa luận\dataset\dataset\OTU_2D\test\label\black_write\464.PNG
OTU_2D_test,468,959x535,959x535,MATCHED,c:\Users\PeaceD_Dung\Documents\Khóa luận\dataset\dataset\OTU_2D\test\image\468.JPG,c:\Users\PeaceD_Dung\Documents\Khóa luận\dataset\dataset\OTU_2D\test\label\black_write\468.PNG
OTU_2D_test,47,481x531,481x531,MATCHED,c:\Users\PeaceD_Dung\Documents\Khóa luận\dataset\dataset\OTU_2D\test\image\47.JPG,c:\Users\PeaceD_Dung\Documents\Khóa luận\dataset\dataset\OTU_2D\test\label\black_write\47.PNG
OTU_2D_test,472,963x532,963x532,MATCHED,c:\Users\PeaceD_Dung\Documents\Khóa luận\dataset\dataset\OTU_2D\test\image\472.JPG,c:\Users\PeaceD_Dung\Documents\Khóa luận\dataset\dataset\OTU_2D\test\label\black_write\472.PNG
OTU_2D_test,473,1103x569,1103x569,MATCHED,c:\Users\PeaceD_Dung\Documents\Khóa luận\dataset\dataset\OTU_2D\test\image\473.JPG,c:\Users\PeaceD_Dung\Documents\Khóa luận\dataset\dataset\OTU_2D\test\label\black_write\473.PNG
OTU_2D_test,474,1135x590,1135x590,MATCHED,c:\Users\PeaceD_Dung\Documents\Khóa luận\dataset\dataset\OTU_2D\test\image\474.JPG,c:\Users\PeaceD_Dung\Documents\Khóa luận\dataset\dataset\OTU_2D\test\label\black_write\474.PNG
OTU_2D_test,475,798x615,798x615,MATCHED,c:\Users\PeaceD_Dung\Documents\Khóa luận\dataset\dataset\OTU_2D\test\image\475.JPG,c:\Users\PeaceD_Dung\Documents\Khóa luận\dataset\dataset\OTU_2D\test\label\black_write\475.PNG
OTU_2D_test,476,958x534,958x534,MATCHED,c:\Users\PeaceD_Dung\Documents\Khóa luận\dataset\dataset\OTU_2D\test\image\476.JPG,c:\Users\PeaceD_Dung\Documents\Khóa luận\dataset\dataset\OTU_2D\test\label\black_write\476.PNG
OTU_2D_test,477,962x558,962x558,MATCHED,c:\Users\PeaceD_Dung\Documents\Khóa luận\dataset\dataset\OTU_2D\test\image\477.JPG,c:\Users\PeaceD_Dung\Documents\Khóa luận\dataset\dataset\OTU_2D\test\label\black_write\477.PNG
OTU_2D_test,48,568x592,568x592,MATCHED,c:\Users\PeaceD_Dung\Documents\Khóa luận\dataset\dataset\OTU_2D\test\image\48.JPG,c:\Users\PeaceD_Dung\Documents\Khóa luận\dataset\dataset\OTU_2D\test\label\black_write\48.PNG
OTU_2D_test,487,566x701,566x701,MATCHED,c:\Users\PeaceD_Dung\Documents\Khóa luận\dataset\dataset\OTU_2D\test\image\487.JPG,c:\Users\PeaceD_Dung\Documents\Khóa luận\dataset\dataset\OTU_2D\test\label\black_write\487.PNG
OTU_2D_test,488,569x707,569x707,MATCHED,c:\Users\PeaceD_Dung\Documents\Khóa luận\dataset\dataset\OTU_2D\test\image\488.JPG,c:\Users\PeaceD_Dung\Documents\Khóa luận\dataset\dataset\OTU_2D\test\label\black_write\488.PNG
OTU_2D_test,493,480x552,480x552,MATCHED,c:\Users\PeaceD_Dung\Documents\Khóa luận\dataset\dataset\OTU_2D\test\image\493.JPG,c:\Users\PeaceD_Dung\Documents\Khóa luận\dataset\dataset\OTU_2D\test\label\black_write\493.PNG
OTU_2D_test,494,478x559,478x559,MATCHED,c:\Users\PeaceD_Dung\Documents\Khóa luận\dataset\dataset\OTU_2D\test\image\494.JPG,c:\Users\PeaceD_Dung\Documents\Khóa luận\dataset\dataset\OTU_2D\test\label\black_write\494.PNG
OTU_2D_test,495,873x617,873x617,MATCHED,c:\Users\PeaceD_Dung\Documents\Khóa luận\dataset\dataset\OTU_2D\test\image\495.JPG,c:\Users\PeaceD_Dung\Documents\Khóa luận\dataset\dataset\OTU_2D\test\label\black_write\495.PNG
OTU_2D_test,496,814x609,814x609,MATCHED,c:\Users\PeaceD_Dung\Documents\Khóa luận\dataset\dataset\OTU_2D\test\image\496.JPG,c:\Users\PeaceD_Dung\Documents\Khóa luận\dataset\dataset\OTU_2D\test\label\black_write\496.PNG
OTU_2D_test,5,1096x794,1096x794,MATCHED,c:\Users\PeaceD_Dung\Documents\Khóa luận\dataset\dataset\OTU_2D\test\image\5.JPG,c:\Users\PeaceD_Dung\Documents\Khóa luận\dataset\dataset\OTU_2D\test\label\black_write\5.PNG
OTU_2D_test,501,480x552,480x552,MATCHED,c:\Users\PeaceD_Dung\Documents\Khóa luận\dataset\dataset\OTU_2D\test\image\501.JPG,c:\Users\PeaceD_Dung\Documents\Khóa luận\dataset\dataset\OTU_2D\test\label\black_write\501.PNG
OTU_2D_test,504,477x559,477x559,MATCHED,c:\Users\PeaceD_Dung\Documents\Khóa luận\dataset\dataset\OTU_2D\test\image\504.JPG,c:\Users\PeaceD_Dung\Documents\Khóa luận\dataset\dataset\OTU_2D\test\label\black_write\504.PNG
OTU_2D_test,506,484x549,484x549,MATCHED,c:\Users\PeaceD_Dung\Documents\Khóa luận\dataset\dataset\OTU_2D\test\image\506.JPG,c:\Users\PeaceD_Dung\Documents\Khóa luận\dataset\dataset\OTU_2D\test\label\black_write\506.PNG
OTU_2D_test,511,971x545,971x545,MATCHED,c:\Users\PeaceD_Dung\Documents\Khóa luận\dataset\dataset\OTU_2D\test\image\511.JPG,c:\Users\PeaceD_Dung\Documents\Khóa luận\dataset\dataset\OTU_2D\test\label\black_write\511.PNG
OTU_2D_test,512,974x545,974x545,MATCHED,c:\Users\PeaceD_Dung\Documents\Khóa luận\dataset\dataset\OTU_2D\test\image\512.JPG,c:\Users\PeaceD_Dung\Documents\Khóa luận\dataset\dataset\OTU_2D\test\label\black_write\512.PNG
OTU_2D_test,517,957x542,957x542,MATCHED,c:\Users\PeaceD_Dung\Documents\Khóa luận\dataset\dataset\OTU_2D\test\image\517.JPG,c:\Users\PeaceD_Dung\Documents\Khóa luận\dataset\dataset\OTU_2D\test\label\black_write\517.PNG
OTU_2D_test,524,959x564,959x564,MATCHED,c:\Users\PeaceD_Dung\Documents\Khóa luận\dataset\dataset\OTU_2D\test\image\524.JPG,c:\Users\PeaceD_Dung\Documents\Khóa luận\dataset\dataset\OTU_2D\test\label\black_write\524.PNG
OTU_2D_test,532,972x557,972x557,MATCHED,c:\Users\PeaceD_Dung\Documents\Khóa luận\dataset\dataset\OTU_2D\test\image\532.JPG,c:\Users\PeaceD_Dung\Documents\Khóa luận\dataset\dataset\OTU_2D\test\label\black_write\532.PNG
OTU_2D_test,534,972x542,972x542,MATCHED,c:\Users\PeaceD_Dung\Documents\Khóa luận\dataset\dataset\OTU_2D\test\image\534.JPG,c:\Users\PeaceD_Dung\Documents\Khóa luận\dataset\dataset\OTU_2D\test\label\black_write\534.PNG
OTU_2D_test,535,477x558,477x558,MATCHED,c:\Users\PeaceD_Dung\Documents\Khóa luận\dataset\dataset\OTU_2D\test\image\535.JPG,c:\Users\PeaceD_Dung\Documents\Khóa luận\dataset\dataset\OTU_2D\test\label\black_write\535.PNG
OTU_2D_test,536,971x550,971x550,MATCHED,c:\Users\PeaceD_Dung\Documents\Khóa luận\dataset\dataset\OTU_2D\test\image\536.JPG,c:\Users\PeaceD_Dung\Documents\Khóa luận\dataset\dataset\OTU_2D\test\label\black_write\536.PNG
OTU_2D_test,539,477x558,477x558,MATCHED,c:\Users\PeaceD_Dung\Documents\Khóa luận\dataset\dataset\OTU_2D\test\image\539.JPG,c:\Users\PeaceD_Dung\Documents\Khóa luận\dataset\dataset\OTU_2D\test\label\black_write\539.PNG
OTU_2D_test,546,811x573,811x573,MATCHED,c:\Users\PeaceD_Dung\Documents\Khóa luận\dataset\dataset\OTU_2D\test\image\546.JPG,c:\Users\PeaceD_Dung\Documents\Khóa luận\dataset\dataset\OTU_2D\test\label\black_write\546.PNG
OTU_2D_test,548,801x582,801x582,MATCHED,c:\Users\PeaceD_Dung\Documents\Khóa luận\dataset\dataset\OTU_2D\test\image\548.JPG,c:\Users\PeaceD_Dung\Documents\Khóa luận\dataset\dataset\OTU_2D\test\label\black_write\548.PNG
OTU_2D_test,553,480x555,480x555,MATCHED,c:\Users\PeaceD_Dung\Documents\Khóa luận\dataset\dataset\OTU_2D\test\image\553.JPG,c:\Users\PeaceD_Dung\Documents\Khóa luận\dataset\dataset\OTU_2D\test\label\black_write\553.PNG
OTU_2D_test,554,477x552,477x552,MATCHED,c:\Users\PeaceD_Dung\Documents\Khóa luận\dataset\dataset\OTU_2D\test\image\554.JPG,c:\Users\PeaceD_Dung\Documents\Khóa luận\dataset\dataset\OTU_2D\test\label\black_write\554.PNG
OTU_2D_test,560,567x614,567x614,MATCHED,c:\Users\PeaceD_Dung\Documents\Khóa luận\dataset\dataset\OTU_2D\test\image\560.JPG,c:\Users\PeaceD_Dung\Documents\Khóa luận\dataset\dataset\OTU_2D\test\label\black_write\560.PNG
OTU_2D_test,580,480x550,480x550,MATCHED,c:\Users\PeaceD_Dung\Documents\Khóa luận\dataset\dataset\OTU_2D\test\image\580.JPG,c:\Users\PeaceD_Dung\Documents\Khóa luận\dataset\dataset\OTU_2D\test\label\black_write\580.PNG
OTU_2D_test,581,478x545,478x545,MATCHED,c:\Users\PeaceD_Dung\Documents\Khóa luận\dataset\dataset\OTU_2D\test\image\581.JPG,c:\Users\PeaceD_Dung\Documents\Khóa luận\dataset\dataset\OTU_2D\test\label\black_write\581.PNG
OTU_2D_test,582,481x548,481x548,MATCHED,c:\Users\PeaceD_Dung\Documents\Khóa luận\dataset\dataset\OTU_2D\test\image\582.JPG,c:\Users\PeaceD_Dung\Documents\Khóa luận\dataset\dataset\OTU_2D\test\label\black_write\582.PNG
OTU_2D_test,585,957x571,957x571,MATCHED,c:\Users\PeaceD_Dung\Documents\Khóa luận\dataset\dataset\OTU_2D\test\image\585.JPG,c:\Users\PeaceD_Dung\Documents\Khóa luận\dataset\dataset\OTU_2D\test\label\black_write\585.PNG
OTU_2D_test,594,972x544,972x544,MATCHED,c:\Users\PeaceD_Dung\Documents\Khóa luận\dataset\dataset\OTU_2D\test\image\594.JPG,c:\Users\PeaceD_Dung\Documents\Khóa luận\dataset\dataset\OTU_2D\test\label\black_write\594.PNG
OTU_2D_test,595,974x530,974x530,MATCHED,c:\Users\PeaceD_Dung\Documents\Khóa luận\dataset\dataset\OTU_2D\test\image\595.JPG,c:\Users\PeaceD_Dung\Documents\Khóa luận\dataset\dataset\OTU_2D\test\label\black_write\595.PNG
OTU_2D_test,600,569x607,569x607,MATCHED,c:\Users\PeaceD_Dung\Documents\Khóa luận\dataset\dataset\OTU_2D\test\image\600.JPG,c:\Users\PeaceD_Dung\Documents\Khóa luận\dataset\dataset\OTU_2D\test\label\black_write\600.PNG
OTU_2D_test,606,959x567,959x567,MATCHED,c:\Users\PeaceD_Dung\Documents\Khóa luận\dataset\dataset\OTU_2D\test\image\606.JPG,c:\Users\PeaceD_Dung\Documents\Khóa luận\dataset\dataset\OTU_2D\test\label\black_write\606.PNG
OTU_2D_test,609,959x540,959x540,MATCHED,c:\Users\PeaceD_Dung\Documents\Khóa luận\dataset\dataset\OTU_2D\test\image\609.JPG,c:\Users\PeaceD_Dung\Documents\Khóa luận\dataset\dataset\OTU_2D\test\label\black_write\609.PNG
OTU_2D_test,610,959x536,959x536,MATCHED,c:\Users\PeaceD_Dung\Documents\Khóa luận\dataset\dataset\OTU_2D\test\image\610.JPG,c:\Users\PeaceD_Dung\Documents\Khóa luận\dataset\dataset\OTU_2D\test\label\black_write\610.PNG
OTU_2D_test,614,971x548,971x548,MATCHED,c:\Users\PeaceD_Dung\Documents\Khóa luận\dataset\dataset\OTU_2D\test\image\614.JPG,c:\Users\PeaceD_Dung\Documents\Khóa luận\dataset\dataset\OTU_2D\test\label\black_write\614.PNG
OTU_2D_test,623,741x633,741x633,MATCHED,c:\Users\PeaceD_Dung\Documents\Khóa luận\dataset\dataset\OTU_2D\test\image\623.JPG,c:\Users\PeaceD_Dung\Documents\Khóa luận\dataset\dataset\OTU_2D\test\label\black_write\623.PNG
OTU_2D_test,626,958x536,958x536,MATCHED,c:\Users\PeaceD_Dung\Documents\Khóa luận\dataset\dataset\OTU_2D\test\image\626.JPG,c:\Users\PeaceD_Dung\Documents\Khóa luận\dataset\dataset\OTU_2D\test\label\black_write\626.PNG
OTU_2D_test,627,480x540,480x540,MATCHED,c:\Users\PeaceD_Dung\Documents\Khóa luận\dataset\dataset\OTU_2D\test\image\627.JPG,c:\Users\PeaceD_Dung\Documents\Khóa luận\dataset\dataset\OTU_2D\test\label\black_write\627.PNG
OTU_2D_test,63,957x536,957x536,MATCHED,c:\Users\PeaceD_Dung\Documents\Khóa luận\dataset\dataset\OTU_2D\test\image\63.JPG,c:\Users\PeaceD_Dung\Documents\Khóa luận\dataset\dataset\OTU_2D\test\label\black_write\63.PNG
OTU_2D_test,636,566x651,566x651,MATCHED,c:\Users\PeaceD_Dung\Documents\Khóa luận\dataset\dataset\OTU_2D\test\image\636.JPG,c:\Users\PeaceD_Dung\Documents\Khóa luận\dataset\dataset\OTU_2D\test\label\black_write\636.PNG
OTU_2D_test,638,567x627,567x627,MATCHED,c:\Users\PeaceD_Dung\Documents\Khóa luận\dataset\dataset\OTU_2D\test\image\638.JPG,c:\Users\PeaceD_Dung\Documents\Khóa luận\dataset\dataset\OTU_2D\test\label\black_write\638.PNG
OTU_2D_test,639,495x641,495x641,MATCHED,c:\Users\PeaceD_Dung\Documents\Khóa luận\dataset\dataset\OTU_2D\test\image\639.JPG,c:\Users\PeaceD_Dung\Documents\Khóa luận\dataset\dataset\OTU_2D\test\label\black_write\639.PNG
OTU_2D_test,64,958x532,958x532,MATCHED,c:\Users\PeaceD_Dung\Documents\Khóa luận\dataset\dataset\OTU_2D\test\image\64.JPG,c:\Users\PeaceD_Dung\Documents\Khóa luận\dataset\dataset\OTU_2D\test\label\black_write\64.PNG
OTU_2D_test,640,1100x638,1100x638,MATCHED,c:\Users\PeaceD_Dung\Documents\Khóa luận\dataset\dataset\OTU_2D\test\image\640.JPG,c:\Users\PeaceD_Dung\Documents\Khóa luận\dataset\dataset\OTU_2D\test\label\black_write\640.PNG
OTU_2D_test,644,971x553,971x553,MATCHED,c:\Users\PeaceD_Dung\Documents\Khóa luận\dataset\dataset\OTU_2D\test\image\644.JPG,c:\Users\PeaceD_Dung\Documents\Khóa luận\dataset\dataset\OTU_2D\test\label\black_write\644.PNG
OTU_2D_test,653,475x558,475x558,MATCHED,c:\Users\PeaceD_Dung\Documents\Khóa luận\dataset\dataset\OTU_2D\test\image\653.JPG,c:\Users\PeaceD_Dung\Documents\Khóa luận\dataset\dataset\OTU_2D\test\label\black_write\653.PNG
OTU_2D_test,656,972x543,972x543,MATCHED,c:\Users\PeaceD_Dung\Documents\Khóa luận\dataset\dataset\OTU_2D\test\image\656.JPG,c:\Users\PeaceD_Dung\Documents\Khóa luận\dataset\dataset\OTU_2D\test\label\black_write\656.PNG
OTU_2D_test,679,495x557,495x557,MATCHED,c:\Users\PeaceD_Dung\Documents\Khóa luận\dataset\dataset\OTU_2D\test\image\679.JPG,c:\Users\PeaceD_Dung\Documents\Khóa luận\dataset\dataset\OTU_2D\test\label\black_write\679.PNG
OTU_2D_test,682,496x532,496x532,MATCHED,c:\Users\PeaceD_Dung\Documents\Khóa luận\dataset\dataset\OTU_2D\test\image\682.JPG,c:\Users\PeaceD_Dung\Documents\Khóa luận\dataset\dataset\OTU_2D\test\label\black_write\682.PNG
OTU_2D_test,693,959x546,959x546,MATCHED,c:\Users\PeaceD_Dung\Documents\Khóa luận\dataset\dataset\OTU_2D\test\image\693.JPG,c:\Users\PeaceD_Dung\Documents\Khóa luận\dataset\dataset\OTU_2D\test\label\black_write\693.PNG
OTU_2D_test,694,481x545,481x545,MATCHED,c:\Users\PeaceD_Dung\Documents\Khóa luận\dataset\dataset\OTU_2D\test\image\694.JPG,c:\Users\PeaceD_Dung\Documents\Khóa luận\dataset\dataset\OTU_2D\test\label\black_write\694.PNG
OTU_2D_test,699,930x543,930x543,MATCHED,c:\Users\PeaceD_Dung\Documents\Khóa luận\dataset\dataset\OTU_2D\test\image\699.JPG,c:\Users\PeaceD_Dung\Documents\Khóa luận\dataset\dataset\OTU_2D\test\label\black_write\699.PNG
OTU_2D_test,70,479x662,479x662,MATCHED,c:\Users\PeaceD_Dung\Documents\Khóa luận\dataset\dataset\OTU_2D\test\image\70.JPG,c:\Users\PeaceD_Dung\Documents\Khóa luận\dataset\dataset\OTU_2D\test\label\black_write\70.PNG
OTU_2D_test,700,958x557,958x557,MATCHED,c:\Users\PeaceD_Dung\Documents\Khóa luận\dataset\dataset\OTU_2D\test\image\700.JPG,c:\Users\PeaceD_Dung\Documents\Khóa luận\dataset\dataset\OTU_2D\test\label\black_write\700.PNG
OTU_2D_test,701,959x549,959x549,MATCHED,c:\Users\PeaceD_Dung\Documents\Khóa luận\dataset\dataset\OTU_2D\test\image\701.JPG,c:\Users\PeaceD_Dung\Documents\Khóa luận\dataset\dataset\OTU_2D\test\label\black_write\701.PNG
OTU_2D_test,703,958x557,958x557,MATCHED,c:\Users\PeaceD_Dung\Documents\Khóa luận\dataset\dataset\OTU_2D\test\image\703.JPG,c:\Users\PeaceD_Dung\Documents\Khóa luận\dataset\dataset\OTU_2D\test\label\black_write\703.PNG
OTU_2D_test,707,480x545,480x545,MATCHED,c:\Users\PeaceD_Dung\Documents\Khóa luận\dataset\dataset\OTU_2D\test\image\707.JPG,c:\Users\PeaceD_Dung\Documents\Khóa luận\dataset\dataset\OTU_2D\test\label\black_write\707.PNG
OTU_2D_test,71,480x535,480x535,MATCHED,c:\Users\PeaceD_Dung\Documents\Khóa luận\dataset\dataset\OTU_2D\test\image\71.JPG,c:\Users\PeaceD_Dung\Documents\Khóa luận\dataset\dataset\OTU_2D\test\label\black_write\71.PNG
OTU_2D_test,714,959x554,959x554,MATCHED,c:\Users\PeaceD_Dung\Documents\Khóa luận\dataset\dataset\OTU_2D\test\image\714.JPG,c:\Users\PeaceD_Dung\Documents\Khóa luận\dataset\dataset\OTU_2D\test\label\black_write\714.PNG
OTU_2D_test,718,481x543,481x543,MATCHED,c:\Users\PeaceD_Dung\Documents\Khóa luận\dataset\dataset\OTU_2D\test\image\718.JPG,c:\Users\PeaceD_Dung\Documents\Khóa luận\dataset\dataset\OTU_2D\test\label\black_write\718.PNG
OTU_2D_test,73,959x534,959x534,MATCHED,c:\Users\PeaceD_Dung\Documents\Khóa luận\dataset\dataset\OTU_2D\test\image\73.JPG,c:\Users\PeaceD_Dung\Documents\Khóa luận\dataset\dataset\OTU_2D\test\label\black_write\73.PNG
OTU_2D_test,732,481x552,481x552,MATCHED,c:\Users\PeaceD_Dung\Documents\Khóa luận\dataset\dataset\OTU_2D\test\image\732.JPG,c:\Users\PeaceD_Dung\Documents\Khóa luận\dataset\dataset\OTU_2D\test\label\black_write\732.PNG
OTU_2D_test,735,479x545,479x545,MATCHED,c:\Users\PeaceD_Dung\Documents\Khóa luận\dataset\dataset\OTU_2D\test\image\735.JPG,c:\Users\PeaceD_Dung\Documents\Khóa luận\dataset\dataset\OTU_2D\test\label\black_write\735.PNG
OTU_2D_test,740,499x551,499x551,MATCHED,c:\Users\PeaceD_Dung\Documents\Khóa luận\dataset\dataset\OTU_2D\test\image\740.JPG,c:\Users\PeaceD_Dung\Documents\Khóa luận\dataset\dataset\OTU_2D\test\label\black_write\740.PNG
OTU_2D_test,741,971x558,971x558,MATCHED,c:\Users\PeaceD_Dung\Documents\Khóa luận\dataset\dataset\OTU_2D\test\image\741.JPG,c:\Users\PeaceD_Dung\Documents\Khóa luận\dataset\dataset\OTU_2D\test\label\black_write\741.PNG
OTU_2D_test,743,957x539,957x539,MATCHED,c:\Users\PeaceD_Dung\Documents\Khóa luận\dataset\dataset\OTU_2D\test\image\743.JPG,c:\Users\PeaceD_Dung\Documents\Khóa luận\dataset\dataset\OTU_2D\test\label\black_write\743.PNG
OTU_2D_test,747,469x538,469x538,MATCHED,c:\Users\PeaceD_Dung\Documents\Khóa luận\dataset\dataset\OTU_2D\test\image\747.JPG,c:\Users\PeaceD_Dung\Documents\Khóa luận\dataset\dataset\OTU_2D\test\label\black_write\747.PNG
OTU_2D_test,748,498x549,498x549,MATCHED,c:\Users\PeaceD_Dung\Documents\Khóa luận\dataset\dataset\OTU_2D\test\image\748.JPG,c:\Users\PeaceD_Dung\Documents\Khóa luận\dataset\dataset\OTU_2D\test\label\black_write\748.PNG
OTU_2D_test,751,1079x631,1079x631,MATCHED,c:\Users\PeaceD_Dung\Documents\Khóa luận\dataset\dataset\OTU_2D\test\image\751.JPG,c:\Users\PeaceD_Dung\Documents\Khóa luận\dataset\dataset\OTU_2D\test\label\black_write\751.PNG
OTU_2D_test,752,1065x614,1065x614,MATCHED,c:\Users\PeaceD_Dung\Documents\Khóa luận\dataset\dataset\OTU_2D\test\image\752.JPG,c:\Users\PeaceD_Dung\Documents\Khóa luận\dataset\dataset\OTU_2D\test\label\black_write\752.PNG
OTU_2D_test,762,1118x624,1118x624,MATCHED,c:\Users\PeaceD_Dung\Documents\Khóa luận\dataset\dataset\OTU_2D\test\image\762.JPG,c:\Users\PeaceD_Dung\Documents\Khóa luận\dataset\dataset\OTU_2D\test\label\black_write\762.PNG
OTU_2D_test,770,457x536,457x536,MATCHED,c:\Users\PeaceD_Dung\Documents\Khóa luận\dataset\dataset\OTU_2D\test\image\770.JPG,c:\Users\PeaceD_Dung\Documents\Khóa luận\dataset\dataset\OTU_2D\test\label\black_write\770.PNG
OTU_2D_test,773,472x489,472x489,MATCHED,c:\Users\PeaceD_Dung\Documents\Khóa luận\dataset\dataset\OTU_2D\test\image\773.JPG,c:\Users\PeaceD_Dung\Documents\Khóa luận\dataset\dataset\OTU_2D\test\label\black_write\773.PNG
OTU_2D_test,776,972x554,972x554,MATCHED,c:\Users\PeaceD_Dung\Documents\Khóa luận\dataset\dataset\OTU_2D\test\image\776.JPG,c:\Users\PeaceD_Dung\Documents\Khóa luận\dataset\dataset\OTU_2D\test\label\black_write\776.PNG
OTU_2D_test,778,482x541,482x541,MATCHED,c:\Users\PeaceD_Dung\Documents\Khóa luận\dataset\dataset\OTU_2D\test\image\778.JPG,c:\Users\PeaceD_Dung\Documents\Khóa luận\dataset\dataset\OTU_2D\test\label\black_write\778.PNG
OTU_2D_test,779,479x547,479x547,MATCHED,c:\Users\PeaceD_Dung\Documents\Khóa luận\dataset\dataset\OTU_2D\test\image\779.JPG,c:\Users\PeaceD_Dung\Documents\Khóa luận\dataset\dataset\OTU_2D\test\label\black_write\779.PNG
OTU_2D_test,784,883x579,883x579,MATCHED,c:\Users\PeaceD_Dung\Documents\Khóa luận\dataset\dataset\OTU_2D\test\image\784.JPG,c:\Users\PeaceD_Dung\Documents\Khóa luận\dataset\dataset\OTU_2D\test\label\black_write\784.PNG
OTU_2D_test,791,570x602,570x602,MATCHED,c:\Users\PeaceD_Dung\Documents\Khóa luận\dataset\dataset\OTU_2D\test\image\791.JPG,c:\Users\PeaceD_Dung\Documents\Khóa luận\dataset\dataset\OTU_2D\test\label\black_write\791.PNG
OTU_2D_test,792,568x616,568x616,MATCHED,c:\Users\PeaceD_Dung\Documents\Khóa luận\dataset\dataset\OTU_2D\test\image\792.JPG,c:\Users\PeaceD_Dung\Documents\Khóa luận\dataset\dataset\OTU_2D\test\label\black_write\792.PNG
OTU_2D_test,793,953x543,953x543,MATCHED,c:\Users\PeaceD_Dung\Documents\Khóa luận\dataset\dataset\OTU_2D\test\image\793.JPG,c:\Users\PeaceD_Dung\Documents\Khóa luận\dataset\dataset\OTU_2D\test\label\black_write\793.PNG
OTU_2D_test,8,958x533,958x533,MATCHED,c:\Users\PeaceD_Dung\Documents\Khóa luận\dataset\dataset\OTU_2D\test\image\8.JPG,c:\Users\PeaceD_Dung\Documents\Khóa luận\dataset\dataset\OTU_2D\test\label\black_write\8.PNG
OTU_2D_test,800,958x559,958x559,MATCHED,c:\Users\PeaceD_Dung\Documents\Khóa luận\dataset\dataset\OTU_2D\test\image\800.JPG,c:\Users\PeaceD_Dung\Documents\Khóa luận\dataset\dataset\OTU_2D\test\label\black_write\800.PNG
OTU_2D_test,802,482x542,482x542,MATCHED,c:\Users\PeaceD_Dung\Documents\Khóa luận\dataset\dataset\OTU_2D\test\image\802.JPG,c:\Users\PeaceD_Dung\Documents\Khóa luận\dataset\dataset\OTU_2D\test\label\black_write\802.PNG
OTU_2D_test,804,957x535,957x535,MATCHED,c:\Users\PeaceD_Dung\Documents\Khóa luận\dataset\dataset\OTU_2D\test\image\804.JPG,c:\Users\PeaceD_Dung\Documents\Khóa luận\dataset\dataset\OTU_2D\test\label\black_write\804.PNG
OTU_2D_test,810,565x598,565x598,MATCHED,c:\Users\PeaceD_Dung\Documents\Khóa luận\dataset\dataset\OTU_2D\test\image\810.JPG,c:\Users\PeaceD_Dung\Documents\Khóa luận\dataset\dataset\OTU_2D\test\label\black_write\810.PNG
OTU_2D_test,816,972x549,972x549,MATCHED,c:\Users\PeaceD_Dung\Documents\Khóa luận\dataset\dataset\OTU_2D\test\image\816.JPG,c:\Users\PeaceD_Dung\Documents\Khóa luận\dataset\dataset\OTU_2D\test\label\black_write\816.PNG
OTU_2D_test,817,957x572,957x572,MATCHED,c:\Users\PeaceD_Dung\Documents\Khóa luận\dataset\dataset\OTU_2D\test\image\817.JPG,c:\Users\PeaceD_Dung\Documents\Khóa luận\dataset\dataset\OTU_2D\test\label\black_write\817.PNG
OTU_2D_test,821,959x554,959x554,MATCHED,c:\Users\PeaceD_Dung\Documents\Khóa luận\dataset\dataset\OTU_2D\test\image\821.JPG,c:\Users\PeaceD_Dung\Documents\Khóa luận\dataset\dataset\OTU_2D\test\label\black_write\821.PNG
OTU_2D_test,825,958x545,958x545,MATCHED,c:\Users\PeaceD_Dung\Documents\Khóa luận\dataset\dataset\OTU_2D\test\image\825.JPG,c:\Users\PeaceD_Dung\Documents\Khóa luận\dataset\dataset\OTU_2D\test\label\black_write\825.PNG
OTU_2D_test,826,958x534,958x534,MATCHED,c:\Users\PeaceD_Dung\Documents\Khóa luận\dataset\dataset\OTU_2D\test\image\826.JPG,c:\Users\PeaceD_Dung\Documents\Khóa luận\dataset\dataset\OTU_2D\test\label\black_write\826.PNG
OTU_2D_test,83,479x533,479x533,MATCHED,c:\Users\PeaceD_Dung\Documents\Khóa luận\dataset\dataset\OTU_2D\test\image\83.JPG,c:\Users\PeaceD_Dung\Documents\Khóa luận\dataset\dataset\OTU_2D\test\label\black_write\83.PNG
OTU_2D_test,837,958x611,958x611,MATCHED,c:\Users\PeaceD_Dung\Documents\Khóa luận\dataset\dataset\OTU_2D\test\image\837.JPG,c:\Users\PeaceD_Dung\Documents\Khóa luận\dataset\dataset\OTU_2D\test\label\black_write\837.PNG
OTU_2D_test,84,958x529,958x529,MATCHED,c:\Users\PeaceD_Dung\Documents\Khóa luận\dataset\dataset\OTU_2D\test\image\84.JPG,c:\Users\PeaceD_Dung\Documents\Khóa luận\dataset\dataset\OTU_2D\test\label\black_write\84.PNG
OTU_2D_test,842,1104x596,1104x596,MATCHED,c:\Users\PeaceD_Dung\Documents\Khóa luận\dataset\dataset\OTU_2D\test\image\842.JPG,c:\Users\PeaceD_Dung\Documents\Khóa luận\dataset\dataset\OTU_2D\test\label\black_write\842.PNG
OTU_2D_test,844,974x571,974x571,MATCHED,c:\Users\PeaceD_Dung\Documents\Khóa luận\dataset\dataset\OTU_2D\test\image\844.JPG,c:\Users\PeaceD_Dung\Documents\Khóa luận\dataset\dataset\OTU_2D\test\label\black_write\844.PNG
OTU_2D_test,847,477x267,477x267,MATCHED,c:\Users\PeaceD_Dung\Documents\Khóa luận\dataset\dataset\OTU_2D\test\image\847.JPG,c:\Users\PeaceD_Dung\Documents\Khóa luận\dataset\dataset\OTU_2D\test\label\black_write\847.PNG
OTU_2D_test,854,958x546,958x546,MATCHED,c:\Users\PeaceD_Dung\Documents\Khóa luận\dataset\dataset\OTU_2D\test\image\854.JPG,c:\Users\PeaceD_Dung\Documents\Khóa luận\dataset\dataset\OTU_2D\test\label\black_write\854.PNG
OTU_2D_test,856,959x551,959x551,MATCHED,c:\Users\PeaceD_Dung\Documents\Khóa luận\dataset\dataset\OTU_2D\test\image\856.JPG,c:\Users\PeaceD_Dung\Documents\Khóa luận\dataset\dataset\OTU_2D\test\label\black_write\856.PNG
OTU_2D_test,862,959x544,959x544,MATCHED,c:\Users\PeaceD_Dung\Documents\Khóa luận\dataset\dataset\OTU_2D\test\image\862.JPG,c:\Users\PeaceD_Dung\Documents\Khóa luận\dataset\dataset\OTU_2D\test\label\black_write\862.PNG
OTU_2D_test,863,957x549,957x549,MATCHED,c:\Users\PeaceD_Dung\Documents\Khóa luận\dataset\dataset\OTU_2D\test\image\863.JPG,c:\Users\PeaceD_Dung\Documents\Khóa luận\dataset\dataset\OTU_2D\test\label\black_write\863.PNG
OTU_2D_test,864,972x541,972x541,MATCHED,c:\Users\PeaceD_Dung\Documents\Khóa luận\dataset\dataset\OTU_2D\test\image\864.JPG,c:\Users\PeaceD_Dung\Documents\Khóa luận\dataset\dataset\OTU_2D\test\label\black_write\864.PNG
OTU_2D_test,868,480x563,480x563,MATCHED,c:\Users\PeaceD_Dung\Documents\Khóa luận\dataset\dataset\OTU_2D\test\image\868.JPG,c:\Users\PeaceD_Dung\Documents\Khóa luận\dataset\dataset\OTU_2D\test\label\black_write\868.PNG
OTU_2D_test,870,974x537,974x537,MATCHED,c:\Users\PeaceD_Dung\Documents\Khóa luận\dataset\dataset\OTU_2D\test\image\870.JPG,c:\Users\PeaceD_Dung\Documents\Khóa luận\dataset\dataset\OTU_2D\test\label\black_write\870.PNG
OTU_2D_test,872,1134x596,1134x596,MATCHED,c:\Users\PeaceD_Dung\Documents\Khóa luận\dataset\dataset\OTU_2D\test\image\872.JPG,c:\Users\PeaceD_Dung\Documents\Khóa luận\dataset\dataset\OTU_2D\test\label\black_write\872.PNG
OTU_2D_test,877,959x574,959x574,MATCHED,c:\Users\PeaceD_Dung\Documents\Khóa luận\dataset\dataset\OTU_2D\test\image\877.JPG,c:\Users\PeaceD_Dung\Documents\Khóa luận\dataset\dataset\OTU_2D\test\label\black_write\877.PNG
OTU_2D_test,878,956x573,956x573,MATCHED,c:\Users\PeaceD_Dung\Documents\Khóa luận\dataset\dataset\OTU_2D\test\image\878.JPG,c:\Users\PeaceD_Dung\Documents\Khóa luận\dataset\dataset\OTU_2D\test\label\black_write\878.PNG
OTU_2D_test,882,958x543,958x543,MATCHED,c:\Users\PeaceD_Dung\Documents\Khóa luận\dataset\dataset\OTU_2D\test\image\882.JPG,c:\Users\PeaceD_Dung\Documents\Khóa luận\dataset\dataset\OTU_2D\test\label\black_write\882.PNG
OTU_2D_test,883,959x538,959x538,MATCHED,c:\Users\PeaceD_Dung\Documents\Khóa luận\dataset\dataset\OTU_2D\test\image\883.JPG,c:\Users\PeaceD_Dung\Documents\Khóa luận\dataset\dataset\OTU_2D\test\label\black_write\883.PNG
OTU_2D_test,89,958x531,958x531,MATCHED,c:\Users\PeaceD_Dung\Documents\Khóa luận\dataset\dataset\OTU_2D\test\image\89.JPG,c:\Users\PeaceD_Dung\Documents\Khóa luận\dataset\dataset\OTU_2D\test\label\black_write\89.PNG
OTU_2D_test,894,954x526,954x526,MATCHED,c:\Users\PeaceD_Dung\Documents\Khóa luận\dataset\dataset\OTU_2D\test\image\894.JPG,c:\Users\PeaceD_Dung\Documents\Khóa luận\dataset\dataset\OTU_2D\test\label\black_write\894.PNG
OTU_2D_test,896,479x525,479x525,MATCHED,c:\Users\PeaceD_Dung\Documents\Khóa luận\dataset\dataset\OTU_2D\test\image\896.JPG,c:\Users\PeaceD_Dung\Documents\Khóa luận\dataset\dataset\OTU_2D\test\label\black_write\896.PNG
OTU_2D_test,897,957x524,957x524,MATCHED,c:\Users\PeaceD_Dung\Documents\Khóa luận\dataset\dataset\OTU_2D\test\image\897.JPG,c:\Users\PeaceD_Dung\Documents\Khóa luận\dataset\dataset\OTU_2D\test\label\black_write\897.PNG
OTU_2D_test,90,959x528,959x528,MATCHED,c:\Users\PeaceD_Dung\Documents\Khóa luận\dataset\dataset\OTU_2D\test\image\90.JPG,c:\Users\PeaceD_Dung\Documents\Khóa luận\dataset\dataset\OTU_2D\test\label\black_write\90.PNG
OTU_2D_test,904,569x585,569x585,MATCHED,c:\Users\PeaceD_Dung\Documents\Khóa luận\dataset\dataset\OTU_2D\test\image\904.JPG,c:\Users\PeaceD_Dung\Documents\Khóa luận\dataset\dataset\OTU_2D\test\label\black_write\904.PNG
OTU_2D_test,906,968x532,968x532,MATCHED,c:\Users\PeaceD_Dung\Documents\Khóa luận\dataset\dataset\OTU_2D\test\image\906.JPG,c:\Users\PeaceD_Dung\Documents\Khóa luận\dataset\dataset\OTU_2D\test\label\black_write\906.PNG
OTU_2D_test,911,953x532,953x532,MATCHED,c:\Users\PeaceD_Dung\Documents\Khóa luận\dataset\dataset\OTU_2D\test\image\911.JPG,c:\Users\PeaceD_Dung\Documents\Khóa luận\dataset\dataset\OTU_2D\test\label\black_write\911.PNG
OTU_2D_test,912,955x524,955x524,MATCHED,c:\Users\PeaceD_Dung\Documents\Khóa luận\dataset\dataset\OTU_2D\test\image\912.JPG,c:\Users\PeaceD_Dung\Documents\Khóa luận\dataset\dataset\OTU_2D\test\label\black_write\912.PNG
OTU_2D_test,916,957x526,957x526,MATCHED,c:\Users\PeaceD_Dung\Documents\Khóa luận\dataset\dataset\OTU_2D\test\image\916.JPG,c:\Users\PeaceD_Dung\Documents\Khóa luận\dataset\dataset\OTU_2D\test\label\black_write\916.PNG
OTU_2D_test,917,957x528,957x528,MATCHED,c:\Users\PeaceD_Dung\Documents\Khóa luận\dataset\dataset\OTU_2D\test\image\917.JPG,c:\Users\PeaceD_Dung\Documents\Khóa luận\dataset\dataset\OTU_2D\test\label\black_write\917.PNG
OTU_2D_test,919,958x525,958x525,MATCHED,c:\Users\PeaceD_Dung\Documents\Khóa luận\dataset\dataset\OTU_2D\test\image\919.JPG,c:\Users\PeaceD_Dung\Documents\Khóa luận\dataset\dataset\OTU_2D\test\label\black_write\919.PNG
OTU_2D_test,921,958x529,958x529,MATCHED,c:\Users\PeaceD_Dung\Documents\Khóa luận\dataset\dataset\OTU_2D\test\image\921.JPG,c:\Users\PeaceD_Dung\Documents\Khóa luận\dataset\dataset\OTU_2D\test\label\black_write\921.PNG
OTU_2D_test,925,478x527,478x527,MATCHED,c:\Users\PeaceD_Dung\Documents\Khóa luận\dataset\dataset\OTU_2D\test\image\925.JPG,c:\Users\PeaceD_Dung\Documents\Khóa luận\dataset\dataset\OTU_2D\test\label\black_write\925.PNG
OTU_2D_test,934,568x587,568x587,MATCHED,c:\Users\PeaceD_Dung\Documents\Khóa luận\dataset\dataset\OTU_2D\test\image\934.JPG,c:\Users\PeaceD_Dung\Documents\Khóa luận\dataset\dataset\OTU_2D\test\label\black_write\934.PNG
OTU_2D_test,936,566x587,566x587,MATCHED,c:\Users\PeaceD_Dung\Documents\Khóa luận\dataset\dataset\OTU_2D\test\image\936.JPG,c:\Users\PeaceD_Dung\Documents\Khóa luận\dataset\dataset\OTU_2D\test\label\black_write\936.PNG
OTU_2D_test,937,565x578,565x578,MATCHED,c:\Users\PeaceD_Dung\Documents\Khóa luận\dataset\dataset\OTU_2D\test\image\937.JPG,c:\Users\PeaceD_Dung\Documents\Khóa luận\dataset\dataset\OTU_2D\test\label\black_write\937.PNG
OTU_2D_test,94,958x661,958x661,MATCHED,c:\Users\PeaceD_Dung\Documents\Khóa luận\dataset\dataset\OTU_2D\test\image\94.JPG,c:\Users\PeaceD_Dung\Documents\Khóa luận\dataset\dataset\OTU_2D\test\label\black_write\94.PNG
OTU_2D_test,944,565x583,565x583,MATCHED,c:\Users\PeaceD_Dung\Documents\Khóa luận\dataset\dataset\OTU_2D\test\image\944.JPG,c:\Users\PeaceD_Dung\Documents\Khóa luận\dataset\dataset\OTU_2D\test\label\black_write\944.PNG
OTU_2D_test,945,566x589,566x589,MATCHED,c:\Users\PeaceD_Dung\Documents\Khóa luận\dataset\dataset\OTU_2D\test\image\945.JPG,c:\Users\PeaceD_Dung\Documents\Khóa luận\dataset\dataset\OTU_2D\test\label\black_write\945.PNG
OTU_2D_test,947,567x586,567x586,MATCHED,c:\Users\PeaceD_Dung\Documents\Khóa luận\dataset\dataset\OTU_2D\test\image\947.JPG,c:\Users\PeaceD_Dung\Documents\Khóa luận\dataset\dataset\OTU_2D\test\label\black_write\947.PNG
OTU_2D_test,948,568x587,568x587,MATCHED,c:\Users\PeaceD_Dung\Documents\Khóa luận\dataset\dataset\OTU_2D\test\image\948.JPG,c:\Users\PeaceD_Dung\Documents\Khóa luận\dataset\dataset\OTU_2D\test\label\black_write\948.PNG
OTU_2D_test,952,566x583,566x583,MATCHED,c:\Users\PeaceD_Dung\Documents\Khóa luận\dataset\dataset\OTU_2D\test\image\952.JPG,c:\Users\PeaceD_Dung\Documents\Khóa luận\dataset\dataset\OTU_2D\test\label\black_write\952.PNG
OTU_2D_test,953,564x536,564x536,MATCHED,c:\Users\PeaceD_Dung\Documents\Khóa luận\dataset\dataset\OTU_2D\test\image\953.JPG,c:\Users\PeaceD_Dung\Documents\Khóa luận\dataset\dataset\OTU_2D\test\label\black_write\953.PNG
OTU_2D_test,966,777x650,777x650,MATCHED,c:\Users\PeaceD_Dung\Documents\Khóa luận\dataset\dataset\OTU_2D\test\image\966.JPG,c:\Users\PeaceD_Dung\Documents\Khóa luận\dataset\dataset\OTU_2D\test\label\black_write\966.PNG
OTU_2D_test,970,959x530,959x530,MATCHED,c:\Users\PeaceD_Dung\Documents\Khóa luận\dataset\dataset\OTU_2D\test\image\970.JPG,c:\Users\PeaceD_Dung\Documents\Khóa luận\dataset\dataset\OTU_2D\test\label\black_write\970.PNG
OTU_2D_test,971,958x530,958x530,MATCHED,c:\Users\PeaceD_Dung\Documents\Khóa luận\dataset\dataset\OTU_2D\test\image\971.JPG,c:\Users\PeaceD_Dung\Documents\Khóa luận\dataset\dataset\OTU_2D\test\label\black_write\971.PNG
OTU_2D_test,973,478x531,478x531,MATCHED,c:\Users\PeaceD_Dung\Documents\Khóa luận\dataset\dataset\OTU_2D\test\image\973.JPG,c:\Users\PeaceD_Dung\Documents\Khóa luận\dataset\dataset\OTU_2D\test\label\black_write\973.PNG
OTU_2D_test,979,481x525,481x525,MATCHED,c:\Users\PeaceD_Dung\Documents\Khóa luận\dataset\dataset\OTU_2D\test\image\979.JPG,c:\Users\PeaceD_Dung\Documents\Khóa luận\dataset\dataset\OTU_2D\test\label\black_write\979.PNG
OTU_2D_test,98,958x532,958x532,MATCHED,c:\Users\PeaceD_Dung\Documents\Khóa luận\dataset\dataset\OTU_2D\test\image\98.JPG,c:\Users\PeaceD_Dung\Documents\Khóa luận\dataset\dataset\OTU_2D\test\label\black_write\98.PNG
OTU_2D_test,985,1132x585,1132x585,MATCHED,c:\Users\PeaceD_Dung\Documents\Khóa luận\dataset\dataset\OTU_2D\test\image\985.JPG,c:\Users\PeaceD_Dung\Documents\Khóa luận\dataset\dataset\OTU_2D\test\label\black_write\985.PNG
OTU_2D_test,991,683x544,683x544,MATCHED,c:\Users\PeaceD_Dung\Documents\Khóa luận\dataset\dataset\OTU_2D\test\image\991.JPG,c:\Users\PeaceD_Dung\Documents\Khóa luận\dataset\dataset\OTU_2D\test\label\black_write\991.PNG
OTU_2D_test,993,481x526,481x526,MATCHED,c:\Users\PeaceD_Dung\Documents\Khóa luận\dataset\dataset\OTU_2D\test\image\993.JPG,c:\Users\PeaceD_Dung\Documents\Khóa luận\dataset\dataset\OTU_2D\test\label\black_write\993.PNG
OTU_2D_test,998,478x515,478x515,MATCHED,c:\Users\PeaceD_Dung\Documents\Khóa luận\dataset\dataset\OTU_2D\test\image\998.JPG,c:\Users\PeaceD_Dung\Documents\Khóa luận\dataset\dataset\OTU_2D\test\label\black_write\998.PNG
OTU_CEUS,1,339x352,339x352,MATCHED,c:\Users\PeaceD_Dung\Documents\Khóa luận\dataset\dataset\OTU_CEUS\image\1.JPG,c:\Users\PeaceD_Dung\Documents\Khóa luận\dataset\dataset\OTU_CEUS\label\1.PNG
OTU_CEUS,10,554x565,554x565,MATCHED,c:\Users\PeaceD_Dung\Documents\Khóa luận\dataset\dataset\OTU_CEUS\image\10.JPG,c:\Users\PeaceD_Dung\Documents\Khóa luận\dataset\dataset\OTU_CEUS\label\10.PNG
OTU_CEUS,100,592x576,592x576,MATCHED,c:\Users\PeaceD_Dung\Documents\Khóa luận\dataset\dataset\OTU_CEUS\image\100.JPG,c:\Users\PeaceD_Dung\Documents\Khóa luận\dataset\dataset\OTU_CEUS\label\100.PNG
OTU_CEUS,101,343x352,343x352,MATCHED,c:\Users\PeaceD_Dung\Documents\Khóa luận\dataset\dataset\OTU_CEUS\image\101.JPG,c:\Users\PeaceD_Dung\Documents\Khóa luận\dataset\dataset\OTU_CEUS\label\101.PNG
OTU_CEUS,102,338x355,338x355,MATCHED,c:\Users\PeaceD_Dung\Documents\Khóa luận\dataset\dataset\OTU_CEUS\image\102.JPG,c:\Users\PeaceD_Dung\Documents\Khóa luận\dataset\dataset\OTU_CEUS\label\102.PNG
OTU_CEUS,103,342x353,342x353,MATCHED,c:\Users\PeaceD_Dung\Documents\Khóa luận\dataset\dataset\OTU_CEUS\image\103.JPG,c:\Users\PeaceD_Dung\Documents\Khóa luận\dataset\dataset\OTU_CEUS\label\103.PNG
OTU_CEUS,104,564x550,564x550,MATCHED,c:\Users\PeaceD_Dung\Documents\Khóa luận\dataset\dataset\OTU_CEUS\image\104.JPG,c:\Users\PeaceD_Dung\Documents\Khóa luận\dataset\dataset\OTU_CEUS\label\104.PNG
OTU_CEUS,105,556x552,556x552,MATCHED,c:\Users\PeaceD_Dung\Documents\Khóa luận\dataset\dataset\OTU_CEUS\image\105.JPG,c:\Users\PeaceD_Dung\Documents\Khóa luận\dataset\dataset\OTU_CEUS\label\105.PNG
OTU_CEUS,106,557x553,557x553,MATCHED,c:\Users\PeaceD_Dung\Documents\Khóa luận\dataset\dataset\OTU_CEUS\image\106.JPG,c:\Users\PeaceD_Dung\Documents\Khóa luận\dataset\dataset\OTU_CEUS\label\106.PNG
OTU_CEUS,107,551x551,551x551,MATCHED,c:\Users\PeaceD_Dung\Documents\Khóa luận\dataset\dataset\OTU_CEUS\image\107.JPG,c:\Users\PeaceD_Dung\Documents\Khóa luận\dataset\dataset\OTU_CEUS\label\107.PNG
OTU_CEUS,108,338x414,338x414,MATCHED,c:\Users\PeaceD_Dung\Documents\Khóa luận\dataset\dataset\OTU_CEUS\image\108.JPG,c:\Users\PeaceD_Dung\Documents\Khóa luận\dataset\dataset\OTU_CEUS\label\108.PNG
OTU_CEUS,109,336x417,336x417,MATCHED,c:\Users\PeaceD_Dung\Documents\Khóa luận\dataset\dataset\OTU_CEUS\image\109.JPG,c:\Users\PeaceD_Dung\Documents\Khóa luận\dataset\dataset\OTU_CEUS\label\109.PNG
OTU_CEUS,11,552x551,552x551,MATCHED,c:\Users\PeaceD_Dung\Documents\Khóa luận\dataset\dataset\OTU_CEUS\image\11.JPG,c:\Users\PeaceD_Dung\Documents\Khóa luận\dataset\dataset\OTU_CEUS\label\11.PNG
OTU_CEUS,110,333x419,333x419,MATCHED,c:\Users\PeaceD_Dung\Documents\Khóa luận\dataset\dataset\OTU_CEUS\image\110.JPG,c:\Users\PeaceD_Dung\Documents\Khóa luận\dataset\dataset\OTU_CEUS\label\110.PNG
OTU_CEUS,111,333x416,333x416,MATCHED,c:\Users\PeaceD_Dung\Documents\Khóa luận\dataset\dataset\OTU_CEUS\image\111.JPG,c:\Users\PeaceD_Dung\Documents\Khóa luận\dataset\dataset\OTU_CEUS\label\111.PNG
OTU_CEUS,112,330x384,330x384,MATCHED,c:\Users\PeaceD_Dung\Documents\Khóa luận\dataset\dataset\OTU_CEUS\image\112.JPG,c:\Users\PeaceD_Dung\Documents\Khóa luận\dataset\dataset\OTU_CEUS\label\112.PNG
OTU_CEUS,113,333x383,333x383,MATCHED,c:\Users\PeaceD_Dung\Documents\Khóa luận\dataset\dataset\OTU_CEUS\image\113.JPG,c:\Users\PeaceD_Dung\Documents\Khóa luận\dataset\dataset\OTU_CEUS\label\113.PNG
OTU_CEUS,114,332x381,332x381,MATCHED,c:\Users\PeaceD_Dung\Documents\Khóa luận\dataset\dataset\OTU_CEUS\image\114.JPG,c:\Users\PeaceD_Dung\Documents\Khóa luận\dataset\dataset\OTU_CEUS\label\114.PNG
OTU_CEUS,115,877x549,877x549,MATCHED,c:\Users\PeaceD_Dung\Documents\Khóa luận\dataset\dataset\OTU_CEUS\image\115.JPG,c:\Users\PeaceD_Dung\Documents\Khóa luận\dataset\dataset\OTU_CEUS\label\115.PNG
OTU_CEUS,116,877x553,877x553,MATCHED,c:\Users\PeaceD_Dung\Documents\Khóa luận\dataset\dataset\OTU_CEUS\image\116.JPG,c:\Users\PeaceD_Dung\Documents\Khóa luận\dataset\dataset\OTU_CEUS\label\116.PNG
OTU_CEUS,117,888x552,888x552,MATCHED,c:\Users\PeaceD_Dung\Documents\Khóa luận\dataset\dataset\OTU_CEUS\image\117.JPG,c:\Users\PeaceD_Dung\Documents\Khóa luận\dataset\dataset\OTU_CEUS\label\117.PNG
OTU_CEUS,118,341x347,341x347,MATCHED,c:\Users\PeaceD_Dung\Documents\Khóa luận\dataset\dataset\OTU_CEUS\image\118.JPG,c:\Users\PeaceD_Dung\Documents\Khóa luận\dataset\dataset\OTU_CEUS\label\118.PNG
OTU_CEUS,119,338x351,338x351,MATCHED,c:\Users\PeaceD_Dung\Documents\Khóa luận\dataset\dataset\OTU_CEUS\image\119.JPG,c:\Users\PeaceD_Dung\Documents\Khóa luận\dataset\dataset\OTU_CEUS\label\119.PNG
OTU_CEUS,12,556x565,556x565,MATCHED,c:\Users\PeaceD_Dung\Documents\Khóa luận\dataset\dataset\OTU_CEUS\image\12.JPG,c:\Users\PeaceD_Dung\Documents\Khóa luận\dataset\dataset\OTU_CEUS\label\12.PNG
OTU_CEUS,120,338x353,338x353,MATCHED,c:\Users\PeaceD_Dung\Documents\Khóa luận\dataset\dataset\OTU_CEUS\image\120.JPG,c:\Users\PeaceD_Dung\Documents\Khóa luận\dataset\dataset\OTU_CEUS\label\120.PNG
OTU_CEUS,121,339x352,339x352,MATCHED,c:\Users\PeaceD_Dung\Documents\Khóa luận\dataset\dataset\OTU_CEUS\image\121.JPG,c:\Users\PeaceD_Dung\Documents\Khóa luận\dataset\dataset\OTU_CEUS\label\121.PNG
OTU_CEUS,122,556x588,556x588,MATCHED,c:\Users\PeaceD_Dung\Documents\Khóa luận\dataset\dataset\OTU_CEUS\image\122.JPG,c:\Users\PeaceD_Dung\Documents\Khóa luận\dataset\dataset\OTU_CEUS\label\122.PNG
OTU_CEUS,123,554x592,554x592,MATCHED,c:\Users\PeaceD_Dung\Documents\Khóa luận\dataset\dataset\OTU_CEUS\image\123.JPG,c:\Users\PeaceD_Dung\Documents\Khóa luận\dataset\dataset\OTU_CEUS\label\123.PNG
OTU_CEUS,124,556x594,556x594,MATCHED,c:\Users\PeaceD_Dung\Documents\Khóa luận\dataset\dataset\OTU_CEUS\image\124.JPG,c:\Users\PeaceD_Dung\Documents\Khóa luận\dataset\dataset\OTU_CEUS\label\124.PNG
OTU_CEUS,125,550x552,550x552,MATCHED,c:\Users\PeaceD_Dung\Documents\Khóa luận\dataset\dataset\OTU_CEUS\image\125.JPG,c:\Users\PeaceD_Dung\Documents\Khóa luận\dataset\dataset\OTU_CEUS\label\125.PNG
OTU_CEUS,126,552x547,552x547,MATCHED,c:\Users\PeaceD_Dung\Documents\Khóa luận\dataset\dataset\OTU_CEUS\image\126.JPG,c:\Users\PeaceD_Dung\Documents\Khóa luận\dataset\dataset\OTU_CEUS\label\126.PNG
OTU_CEUS,127,552x553,552x553,MATCHED,c:\Users\PeaceD_Dung\Documents\Khóa luận\dataset\dataset\OTU_CEUS\image\127.JPG,c:\Users\PeaceD_Dung\Documents\Khóa luận\dataset\dataset\OTU_CEUS\label\127.PNG
OTU_CEUS,128,556x561,556x561,MATCHED,c:\Users\PeaceD_Dung\Documents\Khóa luận\dataset\dataset\OTU_CEUS\image\128.JPG,c:\Users\PeaceD_Dung\Documents\Khóa luận\dataset\dataset\OTU_CEUS\label\128.PNG
OTU_CEUS,129,560x557,560x557,MATCHED,c:\Users\PeaceD_Dung\Documents\Khóa luận\dataset\dataset\OTU_CEUS\image\129.JPG,c:\Users\PeaceD_Dung\Documents\Khóa luận\dataset\dataset\OTU_CEUS\label\129.PNG
OTU_CEUS,13,546x280,546x280,MATCHED,c:\Users\PeaceD_Dung\Documents\Khóa luận\dataset\dataset\OTU_CEUS\image\13.JPG,c:\Users\PeaceD_Dung\Documents\Khóa luận\dataset\dataset\OTU_CEUS\label\13.PNG
OTU_CEUS,130,591x580,591x580,MATCHED,c:\Users\PeaceD_Dung\Documents\Khóa luận\dataset\dataset\OTU_CEUS\image\130.JPG,c:\Users\PeaceD_Dung\Documents\Khóa luận\dataset\dataset\OTU_CEUS\label\130.PNG
OTU_CEUS,131,590x579,590x579,MATCHED,c:\Users\PeaceD_Dung\Documents\Khóa luận\dataset\dataset\OTU_CEUS\image\131.JPG,c:\Users\PeaceD_Dung\Documents\Khóa luận\dataset\dataset\OTU_CEUS\label\131.PNG
OTU_CEUS,132,585x571,585x571,MATCHED,c:\Users\PeaceD_Dung\Documents\Khóa luận\dataset\dataset\OTU_CEUS\image\132.JPG,c:\Users\PeaceD_Dung\Documents\Khóa luận\dataset\dataset\OTU_CEUS\label\132.PNG
OTU_CEUS,133,593x579,593x579,MATCHED,c:\Users\PeaceD_Dung\Documents\Khóa luận\dataset\dataset\OTU_CEUS\image\133.JPG,c:\Users\PeaceD_Dung\Documents\Khóa luận\dataset\dataset\OTU_CEUS\label\133.PNG
OTU_CEUS,134,550x545,550x545,MATCHED,c:\Users\PeaceD_Dung\Documents\Khóa luận\dataset\dataset\OTU_CEUS\image\134.JPG,c:\Users\PeaceD_Dung\Documents\Khóa luận\dataset\dataset\OTU_CEUS\label\134.PNG
OTU_CEUS,135,550x546,550x546,MATCHED,c:\Users\PeaceD_Dung\Documents\Khóa luận\dataset\dataset\OTU_CEUS\image\135.JPG,c:\Users\PeaceD_Dung\Documents\Khóa luận\dataset\dataset\OTU_CEUS\label\135.PNG
OTU_CEUS,136,591x581,591x581,MATCHED,c:\Users\PeaceD_Dung\Documents\Khóa luận\dataset\dataset\OTU_CEUS\image\136.JPG,c:\Users\PeaceD_Dung\Documents\Khóa luận\dataset\dataset\OTU_CEUS\label\136.PNG
OTU_CEUS,137,597x576,597x576,MATCHED,c:\Users\PeaceD_Dung\Documents\Khóa luận\dataset\dataset\OTU_CEUS\image\137.JPG,c:\Users\PeaceD_Dung\Documents\Khóa luận\dataset\dataset\OTU_CEUS\label\137.PNG
OTU_CEUS,138,587x579,587x579,MATCHED,c:\Users\PeaceD_Dung\Documents\Khóa luận\dataset\dataset\OTU_CEUS\image\138.JPG,c:\Users\PeaceD_Dung\Documents\Khóa luận\dataset\dataset\OTU_CEUS\label\138.PNG
OTU_CEUS,139,546x594,546x594,MATCHED,c:\Users\PeaceD_Dung\Documents\Khóa luận\dataset\dataset\OTU_CEUS\image\139.JPG,c:\Users\PeaceD_Dung\Documents\Khóa luận\dataset\dataset\OTU_CEUS\label\139.PNG
OTU_CEUS,14,331x379,331x379,MATCHED,c:\Users\PeaceD_Dung\Documents\Khóa luận\dataset\dataset\OTU_CEUS\image\14.JPG,c:\Users\PeaceD_Dung\Documents\Khóa luận\dataset\dataset\OTU_CEUS\label\14.PNG
OTU_CEUS,140,550x554,550x554,MATCHED,c:\Users\PeaceD_Dung\Documents\Khóa luận\dataset\dataset\OTU_CEUS\image\140.JPG,c:\Users\PeaceD_Dung\Documents\Khóa luận\dataset\dataset\OTU_CEUS\label\140.PNG
OTU_CEUS,141,553x551,553x551,MATCHED,c:\Users\PeaceD_Dung\Documents\Khóa luận\dataset\dataset\OTU_CEUS\image\141.JPG,c:\Users\PeaceD_Dung\Documents\Khóa luận\dataset\dataset\OTU_CEUS\label\141.PNG
OTU_CEUS,142,553x550,553x550,MATCHED,c:\Users\PeaceD_Dung\Documents\Khóa luận\dataset\dataset\OTU_CEUS\image\142.JPG,c:\Users\PeaceD_Dung\Documents\Khóa luận\dataset\dataset\OTU_CEUS\label\142.PNG
OTU_CEUS,143,555x551,555x551,MATCHED,c:\Users\PeaceD_Dung\Documents\Khóa luận\dataset\dataset\OTU_CEUS\image\143.JPG,c:\Users\PeaceD_Dung\Documents\Khóa luận\dataset\dataset\OTU_CEUS\label\143.PNG
OTU_CEUS,144,554x550,554x550,MATCHED,c:\Users\PeaceD_Dung\Documents\Khóa luận\dataset\dataset\OTU_CEUS\image\144.JPG,c:\Users\PeaceD_Dung\Documents\Khóa luận\dataset\dataset\OTU_CEUS\label\144.PNG
OTU_CEUS,145,442x437,442x437,MATCHED,c:\Users\PeaceD_Dung\Documents\Khóa luận\dataset\dataset\OTU_CEUS\image\145.JPG,c:\Users\PeaceD_Dung\Documents\Khóa luận\dataset\dataset\OTU_CEUS\label\145.PNG
OTU_CEUS,146,443x436,443x436,MATCHED,c:\Users\PeaceD_Dung\Documents\Khóa luận\dataset\dataset\OTU_CEUS\image\146.JPG,c:\Users\PeaceD_Dung\Documents\Khóa luận\dataset\dataset\OTU_CEUS\label\146.PNG
OTU_CEUS,147,436x432,436x432,MATCHED,c:\Users\PeaceD_Dung\Documents\Khóa luận\dataset\dataset\OTU_CEUS\image\147.JPG,c:\Users\PeaceD_Dung\Documents\Khóa luận\dataset\dataset\OTU_CEUS\label\147.PNG
OTU_CEUS,148,431x429,431x429,MATCHED,c:\Users\PeaceD_Dung\Documents\Khóa luận\dataset\dataset\OTU_CEUS\image\148.JPG,c:\Users\PeaceD_Dung\Documents\Khóa luận\dataset\dataset\OTU_CEUS\label\148.PNG
OTU_CEUS,149,444x438,444x438,MATCHED,c:\Users\PeaceD_Dung\Documents\Khóa luận\dataset\dataset\OTU_CEUS\image\149.JPG,c:\Users\PeaceD_Dung\Documents\Khóa luận\dataset\dataset\OTU_CEUS\label\149.PNG
OTU_CEUS,15,330x379,330x379,MATCHED,c:\Users\PeaceD_Dung\Documents\Khóa luận\dataset\dataset\OTU_CEUS\image\15.JPG,c:\Users\PeaceD_Dung\Documents\Khóa luận\dataset\dataset\OTU_CEUS\label\15.PNG
OTU_CEUS,150,447x435,447x435,MATCHED,c:\Users\PeaceD_Dung\Documents\Khóa luận\dataset\dataset\OTU_CEUS\image\150.JPG,c:\Users\PeaceD_Dung\Documents\Khóa luận\dataset\dataset\OTU_CEUS\label\150.PNG
OTU_CEUS,151,555x551,555x551,MATCHED,c:\Users\PeaceD_Dung\Documents\Khóa luận\dataset\dataset\OTU_CEUS\image\151.JPG,c:\Users\PeaceD_Dung\Documents\Khóa luận\dataset\dataset\OTU_CEUS\label\151.PNG
OTU_CEUS,152,559x600,559x600,MATCHED,c:\Users\PeaceD_Dung\Documents\Khóa luận\dataset\dataset\OTU_CEUS\image\152.JPG,c:\Users\PeaceD_Dung\Documents\Khóa luận\dataset\dataset\OTU_CEUS\label\152.PNG
OTU_CEUS,153,559x596,559x596,MATCHED,c:\Users\PeaceD_Dung\Documents\Khóa luận\dataset\dataset\OTU_CEUS\image\153.JPG,c:\Users\PeaceD_Dung\Documents\Khóa luận\dataset\dataset\OTU_CEUS\label\153.PNG
OTU_CEUS,154,554x585,554x585,MATCHED,c:\Users\PeaceD_Dung\Documents\Khóa luận\dataset\dataset\OTU_CEUS\image\154.JPG,c:\Users\PeaceD_Dung\Documents\Khóa luận\dataset\dataset\OTU_CEUS\label\154.PNG
OTU_CEUS,155,433x218,433x218,MATCHED,c:\Users\PeaceD_Dung\Documents\Khóa luận\dataset\dataset\OTU_CEUS\image\155.JPG,c:\Users\PeaceD_Dung\Documents\Khóa luận\dataset\dataset\OTU_CEUS\label\155.PNG
OTU_CEUS,156,584x577,584x577,MATCHED,c:\Users\PeaceD_Dung\Documents\Khóa luận\dataset\dataset\OTU_CEUS\image\156.JPG,c:\Users\PeaceD_Dung\Documents\Khóa luận\dataset\dataset\OTU_CEUS\label\156.PNG
OTU_CEUS,157,582x578,582x578,MATCHED,c:\Users\PeaceD_Dung\Documents\Khóa luận\dataset\dataset\OTU_CEUS\image\157.JPG,c:\Users\PeaceD_Dung\Documents\Khóa luận\dataset\dataset\OTU_CEUS\label\157.PNG
OTU_CEUS,158,574x576,574x576,MATCHED,c:\Users\PeaceD_Dung\Documents\Khóa luận\dataset\dataset\OTU_CEUS\image\158.JPG,c:\Users\PeaceD_Dung\Documents\Khóa luận\dataset\dataset\OTU_CEUS\label\158.PNG
OTU_CEUS,159,578x579,578x579,MATCHED,c:\Users\PeaceD_Dung\Documents\Khóa luận\dataset\dataset\OTU_CEUS\image\159.JPG,c:\Users\PeaceD_Dung\Documents\Khóa luận\dataset\dataset\OTU_CEUS\label\159.PNG
OTU_CEUS,16,332x377,332x377,MATCHED,c:\Users\PeaceD_Dung\Documents\Khóa luận\dataset\dataset\OTU_CEUS\image\16.JPG,c:\Users\PeaceD_Dung\Documents\Khóa luận\dataset\dataset\OTU_CEUS\label\16.PNG
OTU_CEUS,160,583x583,583x583,MATCHED,c:\Users\PeaceD_Dung\Documents\Khóa luận\dataset\dataset\OTU_CEUS\image\160.JPG,c:\Users\PeaceD_Dung\Documents\Khóa luận\dataset\dataset\OTU_CEUS\label\160.PNG
OTU_CEUS,161,339x372,339x372,MATCHED,c:\Users\PeaceD_Dung\Documents\Khóa luận\dataset\dataset\OTU_CEUS\image\161.JPG,c:\Users\PeaceD_Dung\Documents\Khóa luận\dataset\dataset\OTU_CEUS\label\161.PNG
OTU_CEUS,162,341x351,341x351,MATCHED,c:\Users\PeaceD_Dung\Documents\Khóa luận\dataset\dataset\OTU_CEUS\image\162.JPG,c:\Users\PeaceD_Dung\Documents\Khóa luận\dataset\dataset\OTU_CEUS\label\162.PNG
OTU_CEUS,163,338x357,338x357,MATCHED,c:\Users\PeaceD_Dung\Documents\Khóa luận\dataset\dataset\OTU_CEUS\image\163.JPG,c:\Users\PeaceD_Dung\Documents\Khóa luận\dataset\dataset\OTU_CEUS\label\163.PNG
OTU_CEUS,164,552x554,552x554,MATCHED,c:\Users\PeaceD_Dung\Documents\Khóa luận\dataset\dataset\OTU_CEUS\image\164.JPG,c:\Users\PeaceD_Dung\Documents\Khóa luận\dataset\dataset\OTU_CEUS\label\164.PNG
OTU_CEUS,165,553x550,553x550,MATCHED,c:\Users\PeaceD_Dung\Documents\Khóa luận\dataset\dataset\OTU_CEUS\image\165.JPG,c:\Users\PeaceD_Dung\Documents\Khóa luận\dataset\dataset\OTU_CEUS\label\165.PNG
OTU_CEUS,166,553x553,553x553,MATCHED,c:\Users\PeaceD_Dung\Documents\Khóa luận\dataset\dataset\OTU_CEUS\image\166.JPG,c:\Users\PeaceD_Dung\Documents\Khóa luận\dataset\dataset\OTU_CEUS\label\166.PNG
OTU_CEUS,167,555x547,555x547,MATCHED,c:\Users\PeaceD_Dung\Documents\Khóa luận\dataset\dataset\OTU_CEUS\image\167.JPG,c:\Users\PeaceD_Dung\Documents\Khóa luận\dataset\dataset\OTU_CEUS\label\167.PNG
OTU_CEUS,168,338x409,338x409,MATCHED,c:\Users\PeaceD_Dung\Documents\Khóa luận\dataset\dataset\OTU_CEUS\image\168.JPG,c:\Users\PeaceD_Dung\Documents\Khóa luận\dataset\dataset\OTU_CEUS\label\168.PNG
OTU_CEUS,169,338x418,338x418,MATCHED,c:\Users\PeaceD_Dung\Documents\Khóa luận\dataset\dataset\OTU_CEUS\image\169.JPG,c:\Users\PeaceD_Dung\Documents\Khóa luận\dataset\dataset\OTU_CEUS\label\169.PNG
OTU_CEUS,17,555x556,555x556,MATCHED,c:\Users\PeaceD_Dung\Documents\Khóa luận\dataset\dataset\OTU_CEUS\image\17.JPG,c:\Users\PeaceD_Dung\Documents\Khóa luận\dataset\dataset\OTU_CEUS\label\17.PNG
OTU_CEUS,170,339x418,339x418,MATCHED,c:\Users\PeaceD_Dung\Documents\Khóa luận\dataset\dataset\OTU_CEUS\image\170.JPG,c:\Users\PeaceD_Dung\Documents\Khóa luận\dataset\dataset\OTU_CEUS\label\170.PNG
OTU_CEUS,18,549x557,549x557,MATCHED,c:\Users\PeaceD_Dung\Documents\Khóa luận\dataset\dataset\OTU_CEUS\image\18.JPG,c:\Users\PeaceD_Dung\Documents\Khóa luận\dataset\dataset\OTU_CEUS\label\18.PNG
OTU_CEUS,19,554x546,554x546,MATCHED,c:\Users\PeaceD_Dung\Documents\Khóa luận\dataset\dataset\OTU_CEUS\image\19.JPG,c:\Users\PeaceD_Dung\Documents\Khóa luận\dataset\dataset\OTU_CEUS\label\19.PNG
OTU_CEUS,2,342x354,342x354,MATCHED,c:\Users\PeaceD_Dung\Documents\Khóa luận\dataset\dataset\OTU_CEUS\image\2.JPG,c:\Users\PeaceD_Dung\Documents\Khóa luận\dataset\dataset\OTU_CEUS\label\2.PNG
OTU_CEUS,20,552x554,552x554,MATCHED,c:\Users\PeaceD_Dung\Documents\Khóa luận\dataset\dataset\OTU_CEUS\image\20.JPG,c:\Users\PeaceD_Dung\Documents\Khóa luận\dataset\dataset\OTU_CEUS\label\20.PNG
OTU_CEUS,21,556x556,556x556,MATCHED,c:\Users\PeaceD_Dung\Documents\Khóa luận\dataset\dataset\OTU_CEUS\image\21.JPG,c:\Users\PeaceD_Dung\Documents\Khóa luận\dataset\dataset\OTU_CEUS\label\21.PNG
OTU_CEUS,22,553x557,553x557,MATCHED,c:\Users\PeaceD_Dung\Documents\Khóa luận\dataset\dataset\OTU_CEUS\image\22.JPG,c:\Users\PeaceD_Dung\Documents\Khóa luận\dataset\dataset\OTU_CEUS\label\22.PNG
OTU_CEUS,23,551x557,551x557,MATCHED,c:\Users\PeaceD_Dung\Documents\Khóa luận\dataset\dataset\OTU_CEUS\image\23.JPG,c:\Users\PeaceD_Dung\Documents\Khóa luận\dataset\dataset\OTU_CEUS\label\23.PNG
OTU_CEUS,24,558x554,558x554,MATCHED,c:\Users\PeaceD_Dung\Documents\Khóa luận\dataset\dataset\OTU_CEUS\image\24.JPG,c:\Users\PeaceD_Dung\Documents\Khóa luận\dataset\dataset\OTU_CEUS\label\24.PNG
OTU_CEUS,25,563x549,563x549,MATCHED,c:\Users\PeaceD_Dung\Documents\Khóa luận\dataset\dataset\OTU_CEUS\image\25.JPG,c:\Users\PeaceD_Dung\Documents\Khóa luận\dataset\dataset\OTU_CEUS\label\25.PNG
OTU_CEUS,26,561x559,561x559,MATCHED,c:\Users\PeaceD_Dung\Documents\Khóa luận\dataset\dataset\OTU_CEUS\image\26.JPG,c:\Users\PeaceD_Dung\Documents\Khóa luận\dataset\dataset\OTU_CEUS\label\26.PNG
OTU_CEUS,27,340x353,340x353,MATCHED,c:\Users\PeaceD_Dung\Documents\Khóa luận\dataset\dataset\OTU_CEUS\image\27.JPG,c:\Users\PeaceD_Dung\Documents\Khóa luận\dataset\dataset\OTU_CEUS\label\27.PNG
OTU_CEUS,28,337x358,337x358,MATCHED,c:\Users\PeaceD_Dung\Documents\Khóa luận\dataset\dataset\OTU_CEUS\image\28.JPG,c:\Users\PeaceD_Dung\Documents\Khóa luận\dataset\dataset\OTU_CEUS\label\28.PNG
OTU_CEUS,29,337x352,337x352,MATCHED,c:\Users\PeaceD_Dung\Documents\Khóa luận\dataset\dataset\OTU_CEUS\image\29.JPG,c:\Users\PeaceD_Dung\Documents\Khóa luận\dataset\dataset\OTU_CEUS\label\29.PNG
OTU_CEUS,3,337x356,337x356,MATCHED,c:\Users\PeaceD_Dung\Documents\Khóa luận\dataset\dataset\OTU_CEUS\image\3.JPG,c:\Users\PeaceD_Dung\Documents\Khóa luận\dataset\dataset\OTU_CEUS\label\3.PNG
OTU_CEUS,30,552x496,552x496,MATCHED,c:\Users\PeaceD_Dung\Documents\Khóa luận\dataset\dataset\OTU_CEUS\image\30.JPG,c:\Users\PeaceD_Dung\Documents\Khóa luận\dataset\dataset\OTU_CEUS\label\30.PNG
OTU_CEUS,31,556x552,556x552,MATCHED,c:\Users\PeaceD_Dung\Documents\Khóa luận\dataset\dataset\OTU_CEUS\image\31.JPG,c:\Users\PeaceD_Dung\Documents\Khóa luận\dataset\dataset\OTU_CEUS\label\31.PNG
OTU_CEUS,32,559x550,559x550,MATCHED,c:\Users\PeaceD_Dung\Documents\Khóa luận\dataset\dataset\OTU_CEUS\image\32.JPG,c:\Users\PeaceD_Dung\Documents\Khóa luận\dataset\dataset\OTU_CEUS\label\32.PNG
OTU_CEUS,33,554x559,554x559,MATCHED,c:\Users\PeaceD_Dung\Documents\Khóa luận\dataset\dataset\OTU_CEUS\image\33.JPG,c:\Users\PeaceD_Dung\Documents\Khóa luận\dataset\dataset\OTU_CEUS\label\33.PNG
OTU_CEUS,34,555x556,555x556,MATCHED,c:\Users\PeaceD_Dung\Documents\Khóa luận\dataset\dataset\OTU_CEUS\image\34.JPG,c:\Users\PeaceD_Dung\Documents\Khóa luận\dataset\dataset\OTU_CEUS\label\34.PNG
OTU_CEUS,35,553x496,553x496,MATCHED,c:\Users\PeaceD_Dung\Documents\Khóa luận\dataset\dataset\OTU_CEUS\image\35.JPG,c:\Users\PeaceD_Dung\Documents\Khóa luận\dataset\dataset\OTU_CEUS\label\35.PNG
OTU_CEUS,36,554x497,554x497,MATCHED,c:\Users\PeaceD_Dung\Documents\Khóa luận\dataset\dataset\OTU_CEUS\image\36.JPG,c:\Users\PeaceD_Dung\Documents\Khóa luận\dataset\dataset\OTU_CEUS\label\36.PNG
OTU_CEUS,37,561x556,561x556,MATCHED,c:\Users\PeaceD_Dung\Documents\Khóa luận\dataset\dataset\OTU_CEUS\image\37.JPG,c:\Users\PeaceD_Dung\Documents\Khóa luận\dataset\dataset\OTU_CEUS\label\37.PNG
OTU_CEUS,38,564x551,564x551,MATCHED,c:\Users\PeaceD_Dung\Documents\Khóa luận\dataset\dataset\OTU_CEUS\image\38.JPG,c:\Users\PeaceD_Dung\Documents\Khóa luận\dataset\dataset\OTU_CEUS\label\38.PNG
OTU_CEUS,39,559x552,559x552,MATCHED,c:\Users\PeaceD_Dung\Documents\Khóa luận\dataset\dataset\OTU_CEUS\image\39.JPG,c:\Users\PeaceD_Dung\Documents\Khóa luận\dataset\dataset\OTU_CEUS\label\39.PNG
OTU_CEUS,4,550x552,550x552,MATCHED,c:\Users\PeaceD_Dung\Documents\Khóa luận\dataset\dataset\OTU_CEUS\image\4.JPG,c:\Users\PeaceD_Dung\Documents\Khóa luận\dataset\dataset\OTU_CEUS\label\4.PNG
OTU_CEUS,40,557x550,557x550,MATCHED,c:\Users\PeaceD_Dung\Documents\Khóa luận\dataset\dataset\OTU_CEUS\image\40.JPG,c:\Users\PeaceD_Dung\Documents\Khóa luận\dataset\dataset\OTU_CEUS\label\40.PNG
OTU_CEUS,41,560x552,560x552,MATCHED,c:\Users\PeaceD_Dung\Documents\Khóa luận\dataset\dataset\OTU_CEUS\image\41.JPG,c:\Users\PeaceD_Dung\Documents\Khóa luận\dataset\dataset\OTU_CEUS\label\41.PNG
OTU_CEUS,42,372x381,372x381,MATCHED,c:\Users\PeaceD_Dung\Documents\Khóa luận\dataset\dataset\OTU_CEUS\image\42.JPG,c:\Users\PeaceD_Dung\Documents\Khóa luận\dataset\dataset\OTU_CEUS\label\42.PNG
OTU_CEUS,43,371x376,371x376,MATCHED,c:\Users\PeaceD_Dung\Documents\Khóa luận\dataset\dataset\OTU_CEUS\image\43.JPG,c:\Users\PeaceD_Dung\Documents\Khóa luận\dataset\dataset\OTU_CEUS\label\43.PNG
OTU_CEUS,44,375x373,375x373,MATCHED,c:\Users\PeaceD_Dung\Documents\Khóa luận\dataset\dataset\OTU_CEUS\image\44.JPG,c:\Users\PeaceD_Dung\Documents\Khóa luận\dataset\dataset\OTU_CEUS\label\44.PNG
OTU_CEUS,45,544x554,544x554,MATCHED,c:\Users\PeaceD_Dung\Documents\Khóa luận\dataset\dataset\OTU_CEUS\image\45.JPG,c:\Users\PeaceD_Dung\Documents\Khóa luận\dataset\dataset\OTU_CEUS\label\45.PNG
OTU_CEUS,46,554x551,554x551,MATCHED,c:\Users\PeaceD_Dung\Documents\Khóa luận\dataset\dataset\OTU_CEUS\image\46.JPG,c:\Users\PeaceD_Dung\Documents\Khóa luận\dataset\dataset\OTU_CEUS\label\46.PNG
OTU_CEUS,47,553x553,553x553,MATCHED,c:\Users\PeaceD_Dung\Documents\Khóa luận\dataset\dataset\OTU_CEUS\image\47.JPG,c:\Users\PeaceD_Dung\Documents\Khóa luận\dataset\dataset\OTU_CEUS\label\47.PNG
OTU_CEUS,48,367x380,367x380,MATCHED,c:\Users\PeaceD_Dung\Documents\Khóa luận\dataset\dataset\OTU_CEUS\image\48.JPG,c:\Users\PeaceD_Dung\Documents\Khóa luận\dataset\dataset\OTU_CEUS\label\48.PNG
OTU_CEUS,49,553x605,553x605,MATCHED,c:\Users\PeaceD_Dung\Documents\Khóa luận\dataset\dataset\OTU_CEUS\image\49.JPG,c:\Users\PeaceD_Dung\Documents\Khóa luận\dataset\dataset\OTU_CEUS\label\49.PNG
OTU_CEUS,5,555x549,555x549,MATCHED,c:\Users\PeaceD_Dung\Documents\Khóa luận\dataset\dataset\OTU_CEUS\image\5.JPG,c:\Users\PeaceD_Dung\Documents\Khóa luận\dataset\dataset\OTU_CEUS\label\5.PNG
OTU_CEUS,50,555x592,555x592,MATCHED,c:\Users\PeaceD_Dung\Documents\Khóa luận\dataset\dataset\OTU_CEUS\image\50.JPG,c:\Users\PeaceD_Dung\Documents\Khóa luận\dataset\dataset\OTU_CEUS\label\50.PNG
OTU_CEUS,51,885x557,885x557,MATCHED,c:\Users\PeaceD_Dung\Documents\Khóa luận\dataset\dataset\OTU_CEUS\image\51.JPG,c:\Users\PeaceD_Dung\Documents\Khóa luận\dataset\dataset\OTU_CEUS\label\51.PNG
OTU_CEUS,52,879x552,879x552,MATCHED,c:\Users\PeaceD_Dung\Documents\Khóa luận\dataset\dataset\OTU_CEUS\image\52.JPG,c:\Users\PeaceD_Dung\Documents\Khóa luận\dataset\dataset\OTU_CEUS\label\52.PNG
OTU_CEUS,53,882x553,882x553,MATCHED,c:\Users\PeaceD_Dung\Documents\Khóa luận\dataset\dataset\OTU_CEUS\image\53.JPG,c:\Users\PeaceD_Dung\Documents\Khóa luận\dataset\dataset\OTU_CEUS\label\53.PNG
OTU_CEUS,54,882x555,882x555,MATCHED,c:\Users\PeaceD_Dung\Documents\Khóa luận\dataset\dataset\OTU_CEUS\image\54.JPG,c:\Users\PeaceD_Dung\Documents\Khóa luận\dataset\dataset\OTU_CEUS\label\54.PNG
OTU_CEUS,55,551x600,551x600,MATCHED,c:\Users\PeaceD_Dung\Documents\Khóa luận\dataset\dataset\OTU_CEUS\image\55.JPG,c:\Users\PeaceD_Dung\Documents\Khóa luận\dataset\dataset\OTU_CEUS\label\55.PNG
OTU_CEUS,56,550x597,550x597,MATCHED,c:\Users\PeaceD_Dung\Documents\Khóa luận\dataset\dataset\OTU_CEUS\image\56.JPG,c:\Users\PeaceD_Dung\Documents\Khóa luận\dataset\dataset\OTU_CEUS\label\56.PNG
OTU_CEUS,57,559x603,559x603,MATCHED,c:\Users\PeaceD_Dung\Documents\Khóa luận\dataset\dataset\OTU_CEUS\image\57.JPG,c:\Users\PeaceD_Dung\Documents\Khóa luận\dataset\dataset\OTU_CEUS\label\57.PNG
OTU_CEUS,58,551x597,551x597,MATCHED,c:\Users\PeaceD_Dung\Documents\Khóa luận\dataset\dataset\OTU_CEUS\image\58.JPG,c:\Users\PeaceD_Dung\Documents\Khóa luận\dataset\dataset\OTU_CEUS\label\58.PNG
OTU_CEUS,59,542x597,542x597,MATCHED,c:\Users\PeaceD_Dung\Documents\Khóa luận\dataset\dataset\OTU_CEUS\image\59.JPG,c:\Users\PeaceD_Dung\Documents\Khóa luận\dataset\dataset\OTU_CEUS\label\59.PNG
OTU_CEUS,6,553x553,553x553,MATCHED,c:\Users\PeaceD_Dung\Documents\Khóa luận\dataset\dataset\OTU_CEUS\image\6.JPG,c:\Users\PeaceD_Dung\Documents\Khóa luận\dataset\dataset\OTU_CEUS\label\6.PNG
OTU_CEUS,60,555x609,555x609,MATCHED,c:\Users\PeaceD_Dung\Documents\Khóa luận\dataset\dataset\OTU_CEUS\image\60.JPG,c:\Users\PeaceD_Dung\Documents\Khóa luận\dataset\dataset\OTU_CEUS\label\60.PNG
OTU_CEUS,61,335x424,335x424,MATCHED,c:\Users\PeaceD_Dung\Documents\Khóa luận\dataset\dataset\OTU_CEUS\image\61.JPG,c:\Users\PeaceD_Dung\Documents\Khóa luận\dataset\dataset\OTU_CEUS\label\61.PNG
OTU_CEUS,62,335x423,335x423,MATCHED,c:\Users\PeaceD_Dung\Documents\Khóa luận\dataset\dataset\OTU_CEUS\image\62.JPG,c:\Users\PeaceD_Dung\Documents\Khóa luận\dataset\dataset\OTU_CEUS\label\62.PNG
OTU_CEUS,63,334x418,334x418,MATCHED,c:\Users\PeaceD_Dung\Documents\Khóa luận\dataset\dataset\OTU_CEUS\image\63.JPG,c:\Users\PeaceD_Dung\Documents\Khóa luận\dataset\dataset\OTU_CEUS\label\63.PNG
OTU_CEUS,64,339x355,339x355,MATCHED,c:\Users\PeaceD_Dung\Documents\Khóa luận\dataset\dataset\OTU_CEUS\image\64.JPG,c:\Users\PeaceD_Dung\Documents\Khóa luận\dataset\dataset\OTU_CEUS\label\64.PNG
OTU_CEUS,65,341x353,341x353,MATCHED,c:\Users\PeaceD_Dung\Documents\Khóa luận\dataset\dataset\OTU_CEUS\image\65.JPG,c:\Users\PeaceD_Dung\Documents\Khóa luận\dataset\dataset\OTU_CEUS\label\65.PNG
OTU_CEUS,66,560x552,560x552,MATCHED,c:\Users\PeaceD_Dung\Documents\Khóa luận\dataset\dataset\OTU_CEUS\image\66.JPG,c:\Users\PeaceD_Dung\Documents\Khóa luận\dataset\dataset\OTU_CEUS\label\66.PNG
OTU_CEUS,67,557x550,557x550,MATCHED,c:\Users\PeaceD_Dung\Documents\Khóa luận\dataset\dataset\OTU_CEUS\image\67.JPG,c:\Users\PeaceD_Dung\Documents\Khóa luận\dataset\dataset\OTU_CEUS\label\67.PNG
OTU_CEUS,68,551x554,551x554,MATCHED,c:\Users\PeaceD_Dung\Documents\Khóa luận\dataset\dataset\OTU_CEUS\image\68.JPG,c:\Users\PeaceD_Dung\Documents\Khóa luận\dataset\dataset\OTU_CEUS\label\68.PNG
OTU_CEUS,69,553x546,553x546,MATCHED,c:\Users\PeaceD_Dung\Documents\Khóa luận\dataset\dataset\OTU_CEUS\image\69.JPG,c:\Users\PeaceD_Dung\Documents\Khóa luận\dataset\dataset\OTU_CEUS\label\69.PNG
OTU_CEUS,7,581x577,581x577,MATCHED,c:\Users\PeaceD_Dung\Documents\Khóa luận\dataset\dataset\OTU_CEUS\image\7.JPG,c:\Users\PeaceD_Dung\Documents\Khóa luận\dataset\dataset\OTU_CEUS\label\7.PNG
OTU_CEUS,70,549x553,549x553,MATCHED,c:\Users\PeaceD_Dung\Documents\Khóa luận\dataset\dataset\OTU_CEUS\image\70.JPG,c:\Users\PeaceD_Dung\Documents\Khóa luận\dataset\dataset\OTU_CEUS\label\70.PNG
OTU_CEUS,71,557x558,557x558,MATCHED,c:\Users\PeaceD_Dung\Documents\Khóa luận\dataset\dataset\OTU_CEUS\image\71.JPG,c:\Users\PeaceD_Dung\Documents\Khóa luận\dataset\dataset\OTU_CEUS\label\71.PNG
OTU_CEUS,72,553x566,553x566,MATCHED,c:\Users\PeaceD_Dung\Documents\Khóa luận\dataset\dataset\OTU_CEUS\image\72.JPG,c:\Users\PeaceD_Dung\Documents\Khóa luận\dataset\dataset\OTU_CEUS\label\72.PNG
OTU_CEUS,73,555x603,555x603,MATCHED,c:\Users\PeaceD_Dung\Documents\Khóa luận\dataset\dataset\OTU_CEUS\image\73.JPG,c:\Users\PeaceD_Dung\Documents\Khóa luận\dataset\dataset\OTU_CEUS\label\73.PNG
OTU_CEUS,74,556x597,556x597,MATCHED,c:\Users\PeaceD_Dung\Documents\Khóa luận\dataset\dataset\OTU_CEUS\image\74.JPG,c:\Users\PeaceD_Dung\Documents\Khóa luận\dataset\dataset\OTU_CEUS\label\74.PNG
OTU_CEUS,75,549x558,549x558,MATCHED,c:\Users\PeaceD_Dung\Documents\Khóa luận\dataset\dataset\OTU_CEUS\image\75.JPG,c:\Users\PeaceD_Dung\Documents\Khóa luận\dataset\dataset\OTU_CEUS\label\75.PNG
OTU_CEUS,76,520x276,520x276,MATCHED,c:\Users\PeaceD_Dung\Documents\Khóa luận\dataset\dataset\OTU_CEUS\image\76.JPG,c:\Users\PeaceD_Dung\Documents\Khóa luận\dataset\dataset\OTU_CEUS\label\76.PNG
OTU_CEUS,77,550x558,550x558,MATCHED,c:\Users\PeaceD_Dung\Documents\Khóa luận\dataset\dataset\OTU_CEUS\image\77.JPG,c:\Users\PeaceD_Dung\Documents\Khóa luận\dataset\dataset\OTU_CEUS\label\77.PNG
OTU_CEUS,78,550x555,550x555,MATCHED,c:\Users\PeaceD_Dung\Documents\Khóa luận\dataset\dataset\OTU_CEUS\image\78.JPG,c:\Users\PeaceD_Dung\Documents\Khóa luận\dataset\dataset\OTU_CEUS\label\78.PNG
OTU_CEUS,79,551x557,551x557,MATCHED,c:\Users\PeaceD_Dung\Documents\Khóa luận\dataset\dataset\OTU_CEUS\image\79.JPG,c:\Users\PeaceD_Dung\Documents\Khóa luận\dataset\dataset\OTU_CEUS\label\79.PNG
OTU_CEUS,8,581x576,581x576,MATCHED,c:\Users\PeaceD_Dung\Documents\Khóa luận\dataset\dataset\OTU_CEUS\image\8.JPG,c:\Users\PeaceD_Dung\Documents\Khóa luận\dataset\dataset\OTU_CEUS\label\8.PNG
OTU_CEUS,80,548x557,548x557,MATCHED,c:\Users\PeaceD_Dung\Documents\Khóa luận\dataset\dataset\OTU_CEUS\image\80.JPG,c:\Users\PeaceD_Dung\Documents\Khóa luận\dataset\dataset\OTU_CEUS\label\80.PNG
OTU_CEUS,81,554x593,554x593,MATCHED,c:\Users\PeaceD_Dung\Documents\Khóa luận\dataset\dataset\OTU_CEUS\image\81.JPG,c:\Users\PeaceD_Dung\Documents\Khóa luận\dataset\dataset\OTU_CEUS\label\81.PNG
OTU_CEUS,82,541x591,541x591,MATCHED,c:\Users\PeaceD_Dung\Documents\Khóa luận\dataset\dataset\OTU_CEUS\image\82.JPG,c:\Users\PeaceD_Dung\Documents\Khóa luận\dataset\dataset\OTU_CEUS\label\82.PNG
OTU_CEUS,83,552x594,552x594,MATCHED,c:\Users\PeaceD_Dung\Documents\Khóa luận\dataset\dataset\OTU_CEUS\image\83.JPG,c:\Users\PeaceD_Dung\Documents\Khóa luận\dataset\dataset\OTU_CEUS\label\83.PNG
OTU_CEUS,84,369x366,369x366,MATCHED,c:\Users\PeaceD_Dung\Documents\Khóa luận\dataset\dataset\OTU_CEUS\image\84.JPG,c:\Users\PeaceD_Dung\Documents\Khóa luận\dataset\dataset\OTU_CEUS\label\84.PNG
OTU_CEUS,85,365x370,365x370,MATCHED,c:\Users\PeaceD_Dung\Documents\Khóa luận\dataset\dataset\OTU_CEUS\image\85.JPG,c:\Users\PeaceD_Dung\Documents\Khóa luận\dataset\dataset\OTU_CEUS\label\85.PNG
OTU_CEUS,86,555x553,555x553,MATCHED,c:\Users\PeaceD_Dung\Documents\Khóa luận\dataset\dataset\OTU_CEUS\image\86.JPG,c:\Users\PeaceD_Dung\Documents\Khóa luận\dataset\dataset\OTU_CEUS\label\86.PNG
OTU_CEUS,87,555x558,555x558,MATCHED,c:\Users\PeaceD_Dung\Documents\Khóa luận\dataset\dataset\OTU_CEUS\image\87.JPG,c:\Users\PeaceD_Dung\Documents\Khóa luận\dataset\dataset\OTU_CEUS\label\87.PNG
OTU_CEUS,88,558x553,558x553,MATCHED,c:\Users\PeaceD_Dung\Documents\Khóa luận\dataset\dataset\OTU_CEUS\image\88.JPG,c:\Users\PeaceD_Dung\Documents\Khóa luận\dataset\dataset\OTU_CEUS\label\88.PNG
OTU_CEUS,89,339x412,339x412,MATCHED,c:\Users\PeaceD_Dung\Documents\Khóa luận\dataset\dataset\OTU_CEUS\image\89.JPG,c:\Users\PeaceD_Dung\Documents\Khóa luận\dataset\dataset\OTU_CEUS\label\89.PNG
OTU_CEUS,9,552x551,552x551,MATCHED,c:\Users\PeaceD_Dung\Documents\Khóa luận\dataset\dataset\OTU_CEUS\image\9.JPG,c:\Users\PeaceD_Dung\Documents\Khóa luận\dataset\dataset\OTU_CEUS\label\9.PNG
OTU_CEUS,90,553x651,553x651,MATCHED,c:\Users\PeaceD_Dung\Documents\Khóa luận\dataset\dataset\OTU_CEUS\image\90.JPG,c:\Users\PeaceD_Dung\Documents\Khóa luận\dataset\dataset\OTU_CEUS\label\90.PNG
OTU_CEUS,91,552x657,552x657,MATCHED,c:\Users\PeaceD_Dung\Documents\Khóa luận\dataset\dataset\OTU_CEUS\image\91.JPG,c:\Users\PeaceD_Dung\Documents\Khóa luận\dataset\dataset\OTU_CEUS\label\91.PNG
OTU_CEUS,92,553x550,553x550,MATCHED,c:\Users\PeaceD_Dung\Documents\Khóa luận\dataset\dataset\OTU_CEUS\image\92.JPG,c:\Users\PeaceD_Dung\Documents\Khóa luận\dataset\dataset\OTU_CEUS\label\92.PNG
OTU_CEUS,93,554x552,554x552,MATCHED,c:\Users\PeaceD_Dung\Documents\Khóa luận\dataset\dataset\OTU_CEUS\image\93.JPG,c:\Users\PeaceD_Dung\Documents\Khóa luận\dataset\dataset\OTU_CEUS\label\93.PNG
OTU_CEUS,94,553x551,553x551,MATCHED,c:\Users\PeaceD_Dung\Documents\Khóa luận\dataset\dataset\OTU_CEUS\image\94.JPG,c:\Users\PeaceD_Dung\Documents\Khóa luận\dataset\dataset\OTU_CEUS\label\94.PNG
OTU_CEUS,95,883x550,883x550,MATCHED,c:\Users\PeaceD_Dung\Documents\Khóa luận\dataset\dataset\OTU_CEUS\image\95.JPG,c:\Users\PeaceD_Dung\Documents\Khóa luận\dataset\dataset\OTU_CEUS\label\95.PNG
OTU_CEUS,96,880x549,880x549,MATCHED,c:\Users\PeaceD_Dung\Documents\Khóa luận\dataset\dataset\OTU_CEUS\image\96.JPG,c:\Users\PeaceD_Dung\Documents\Khóa luận\dataset\dataset\OTU_CEUS\label\96.PNG
OTU_CEUS,97,568x276,568x276,MATCHED,c:\Users\PeaceD_Dung\Documents\Khóa luận\dataset\dataset\OTU_CEUS\image\97.JPG,c:\Users\PeaceD_Dung\Documents\Khóa luận\dataset\dataset\OTU_CEUS\label\97.PNG
OTU_CEUS,98,552x548,552x548,MATCHED,c:\Users\PeaceD_Dung\Documents\Khóa luận\dataset\dataset\OTU_CEUS\image\98.JPG,c:\Users\PeaceD_Dung\Documents\Khóa luận\dataset\dataset\OTU_CEUS\label\98.PNG
OTU_CEUS,99,559x550,559x550,MATCHED,c:\Users\PeaceD_Dung\Documents\Khóa luận\dataset\dataset\OTU_CEUS\image\99.JPG,c:\Users\PeaceD_Dung\Documents\Khóa luận\dataset\dataset\OTU_CEUS\label\99.PNG
