case_id,image_path,mask_path
Vinmec_2D_train_1,dataset/Vinmec_2D/train/train_image/1.JPG,dataset/Vinmec_2D/train/train_label/label/1.PNG
Vinmec_2D_train_10,dataset/Vinmec_2D/train/train_image/10.JPG,dataset/Vinmec_2D/train/train_label/label/10.PNG
Vinmec_2D_train_100,dataset/Vinmec_2D/train/train_image/100.JPG,dataset/Vinmec_2D/train/train_label/label/100.PNG
Vinmec_2D_train_1000,dataset/Vinmec_2D/train/train_image/1000.JPG,dataset/Vinmec_2D/train/train_label/label/1000.PNG
Vinmec_2D_train_1001,dataset/Vinmec_2D/train/train_image/1001.JPG,dataset/Vinmec_2D/train/train_label/label/1001.PNG
Vinmec_2D_train_1006,dataset/Vinmec_2D/train/train_image/1006.JPG,dataset/Vinmec_2D/train/train_label/label/1006.PNG
Vinmec_2D_train_1007,dataset/Vinmec_2D/train/train_image/1007.JPG,dataset/Vinmec_2D/train/train_label/label/1007.PNG
Vinmec_2D_train_1008,dataset/Vinmec_2D/train/train_image/1008.JPG,dataset/Vinmec_2D/train/train_label/label/1008.PNG
Vinmec_2D_train_101,dataset/Vinmec_2D/train/train_image/101.JPG,dataset/Vinmec_2D/train/train_label/label/101.PNG
Vinmec_2D_train_1010,dataset/Vinmec_2D/train/train_image/1010.JPG,dataset/Vinmec_2D/train/train_label/label/1010.PNG
Vinmec_2D_train_1011,dataset/Vinmec_2D/train/train_image/1011.JPG,dataset/Vinmec_2D/train/train_label/label/1011.PNG
Vinmec_2D_train_1016,dataset/Vinmec_2D/train/train_image/1016.JPG,dataset/Vinmec_2D/train/train_label/label/1016.PNG
Vinmec_2D_train_1019,dataset/Vinmec_2D/train/train_image/1019.JPG,dataset/Vinmec_2D/train/train_label/label/1019.PNG
Vinmec_2D_train_1020,dataset/Vinmec_2D/train/train_image/1020.JPG,dataset/Vinmec_2D/train/train_label/label/1020.PNG
Vinmec_2D_train_1021,dataset/Vinmec_2D/train/train_image/1021.JPG,dataset/Vinmec_2D/train/train_label/label/1021.PNG
Vinmec_2D_train_1022,dataset/Vinmec_2D/train/train_image/1022.JPG,dataset/Vinmec_2D/train/train_label/label/1022.PNG
Vinmec_2D_train_1026,dataset/Vinmec_2D/train/train_image/1026.JPG,dataset/Vinmec_2D/train/train_label/label/1026.PNG
Vinmec_2D_train_1027,dataset/Vinmec_2D/train/train_image/1027.JPG,dataset/Vinmec_2D/train/train_label/label/1027.PNG
Vinmec_2D_train_1028,dataset/Vinmec_2D/train/train_image/1028.JPG,dataset/Vinmec_2D/train/train_label/label/1028.PNG
Vinmec_2D_train_1029,dataset/Vinmec_2D/train/train_image/1029.JPG,dataset/Vinmec_2D/train/train_label/label/1029.PNG
Vinmec_2D_train_103,dataset/Vinmec_2D/train/train_image/103.JPG,dataset/Vinmec_2D/train/train_label/label/103.PNG
Vinmec_2D_train_1036,dataset/Vinmec_2D/train/train_image/1036.JPG,dataset/Vinmec_2D/train/train_label/label/1036.PNG
Vinmec_2D_train_1037,dataset/Vinmec_2D/train/train_image/1037.JPG,dataset/Vinmec_2D/train/train_label/label/1037.PNG
Vinmec_2D_train_104,dataset/Vinmec_2D/train/train_image/104.JPG,dataset/Vinmec_2D/train/train_label/label/104.PNG
Vinmec_2D_train_1041,dataset/Vinmec_2D/train/train_image/1041.JPG,dataset/Vinmec_2D/train/train_label/label/1041.PNG
Vinmec_2D_train_1043,dataset/Vinmec_2D/train/train_image/1043.JPG,dataset/Vinmec_2D/train/train_label/label/1043.PNG
Vinmec_2D_train_1044,dataset/Vinmec_2D/train/train_image/1044.JPG,dataset/Vinmec_2D/train/train_label/label/1044.PNG
Vinmec_2D_train_1045,dataset/Vinmec_2D/train/train_image/1045.JPG,dataset/Vinmec_2D/train/train_label/label/1045.PNG
Vinmec_2D_train_1047,dataset/Vinmec_2D/train/train_image/1047.JPG,dataset/Vinmec_2D/train/train_label/label/1047.PNG
Vinmec_2D_train_1048,dataset/Vinmec_2D/train/train_image/1048.JPG,dataset/Vinmec_2D/train/train_label/label/1048.PNG
Vinmec_2D_train_105,dataset/Vinmec_2D/train/train_image/105.JPG,dataset/Vinmec_2D/train/train_label/label/105.PNG
Vinmec_2D_train_1050,dataset/Vinmec_2D/train/train_image/1050.JPG,dataset/Vinmec_2D/train/train_label/label/1050.PNG
Vinmec_2D_train_1051,dataset/Vinmec_2D/train/train_image/1051.JPG,dataset/Vinmec_2D/train/train_label/label/1051.PNG
Vinmec_2D_train_1052,dataset/Vinmec_2D/train/train_image/1052.JPG,dataset/Vinmec_2D/train/train_label/label/1052.PNG
Vinmec_2D_train_1053,dataset/Vinmec_2D/train/train_image/1053.JPG,dataset/Vinmec_2D/train/train_label/label/1053.PNG
Vinmec_2D_train_1056,dataset/Vinmec_2D/train/train_image/1056.JPG,dataset/Vinmec_2D/train/train_label/label/1056.PNG
Vinmec_2D_train_1057,dataset/Vinmec_2D/train/train_image/1057.JPG,dataset/Vinmec_2D/train/train_label/label/1057.PNG
Vinmec_2D_train_1058,dataset/Vinmec_2D/train/train_image/1058.JPG,dataset/Vinmec_2D/train/train_label/label/1058.PNG
Vinmec_2D_train_1059,dataset/Vinmec_2D/train/train_image/1059.JPG,dataset/Vinmec_2D/train/train_label/label/1059.PNG
Vinmec_2D_train_1060,dataset/Vinmec_2D/train/train_image/1060.JPG,dataset/Vinmec_2D/train/train_label/label/1060.PNG
Vinmec_2D_train_1063,dataset/Vinmec_2D/train/train_image/1063.JPG,dataset/Vinmec_2D/train/train_label/label/1063.PNG
Vinmec_2D_train_1064,dataset/Vinmec_2D/train/train_image/1064.JPG,dataset/Vinmec_2D/train/train_label/label/1064.PNG
Vinmec_2D_train_1070,dataset/Vinmec_2D/train/train_image/1070.JPG,dataset/Vinmec_2D/train/train_label/label/1070.PNG
Vinmec_2D_train_1072,dataset/Vinmec_2D/train/train_image/1072.JPG,dataset/Vinmec_2D/train/train_label/label/1072.PNG
Vinmec_2D_train_1077,dataset/Vinmec_2D/train/train_image/1077.JPG,dataset/Vinmec_2D/train/train_label/label/1077.PNG
Vinmec_2D_train_108,dataset/Vinmec_2D/train/train_image/108.JPG,dataset/Vinmec_2D/train/train_label/label/108.PNG
Vinmec_2D_train_1080,dataset/Vinmec_2D/train/train_image/1080.JPG,dataset/Vinmec_2D/train/train_label/label/1080.PNG
Vinmec_2D_train_1084,dataset/Vinmec_2D/train/train_image/1084.JPG,dataset/Vinmec_2D/train/train_label/label/1084.PNG
Vinmec_2D_train_1087,dataset/Vinmec_2D/train/train_image/1087.JPG,dataset/Vinmec_2D/train/train_label/label/1087.PNG
Vinmec_2D_train_109,dataset/Vinmec_2D/train/train_image/109.JPG,dataset/Vinmec_2D/train/train_label/label/109.PNG
Vinmec_2D_train_1090,dataset/Vinmec_2D/train/train_image/1090.JPG,dataset/Vinmec_2D/train/train_label/label/1090.PNG
Vinmec_2D_train_1093,dataset/Vinmec_2D/train/train_image/1093.JPG,dataset/Vinmec_2D/train/train_label/label/1093.PNG
Vinmec_2D_train_1097,dataset/Vinmec_2D/train/train_image/1097.JPG,dataset/Vinmec_2D/train/train_label/label/1097.PNG
Vinmec_2D_train_1098,dataset/Vinmec_2D/train/train_image/1098.JPG,dataset/Vinmec_2D/train/train_label/label/1098.PNG
Vinmec_2D_train_1099,dataset/Vinmec_2D/train/train_image/1099.JPG,dataset/Vinmec_2D/train/train_label/label/1099.PNG
Vinmec_2D_train_11,dataset/Vinmec_2D/train/train_image/11.JPG,dataset/Vinmec_2D/train/train_label/label/11.PNG
Vinmec_2D_train_110,dataset/Vinmec_2D/train/train_image/110.JPG,dataset/Vinmec_2D/train/train_label/label/110.PNG
Vinmec_2D_train_1100,dataset/Vinmec_2D/train/train_image/1100.JPG,dataset/Vinmec_2D/train/train_label/label/1100.PNG
Vinmec_2D_train_1101,dataset/Vinmec_2D/train/train_image/1101.JPG,dataset/Vinmec_2D/train/train_label/label/1101.PNG
Vinmec_2D_train_1102,dataset/Vinmec_2D/train/train_image/1102.JPG,dataset/Vinmec_2D/train/train_label/label/1102.PNG
Vinmec_2D_train_1103,dataset/Vinmec_2D/train/train_image/1103.JPG,dataset/Vinmec_2D/train/train_label/label/1103.PNG
Vinmec_2D_train_1105,dataset/Vinmec_2D/train/train_image/1105.JPG,dataset/Vinmec_2D/train/train_label/label/1105.PNG
Vinmec_2D_train_1106,dataset/Vinmec_2D/train/train_image/1106.JPG,dataset/Vinmec_2D/train/train_label/label/1106.PNG
Vinmec_2D_train_1107,dataset/Vinmec_2D/train/train_image/1107.JPG,dataset/Vinmec_2D/train/train_label/label/1107.PNG
Vinmec_2D_train_1109,dataset/Vinmec_2D/train/train_image/1109.JPG,dataset/Vinmec_2D/train/train_label/label/1109.PNG
Vinmec_2D_train_1112,dataset/Vinmec_2D/train/train_image/1112.JPG,dataset/Vinmec_2D/train/train_label/label/1112.PNG
Vinmec_2D_train_1116,dataset/Vinmec_2D/train/train_image/1116.JPG,dataset/Vinmec_2D/train/train_label/label/1116.PNG
Vinmec_2D_train_1117,dataset/Vinmec_2D/train/train_image/1117.JPG,dataset/Vinmec_2D/train/train_label/label/1117.PNG
Vinmec_2D_train_1118,dataset/Vinmec_2D/train/train_image/1118.JPG,dataset/Vinmec_2D/train/train_label/label/1118.PNG
Vinmec_2D_train_1119,dataset/Vinmec_2D/train/train_image/1119.JPG,dataset/Vinmec_2D/train/train_label/label/1119.PNG
Vinmec_2D_train_1125,dataset/Vinmec_2D/train/train_image/1125.JPG,dataset/Vinmec_2D/train/train_label/label/1125.PNG
Vinmec_2D_train_1126,dataset/Vinmec_2D/train/train_image/1126.JPG,dataset/Vinmec_2D/train/train_label/label/1126.PNG
Vinmec_2D_train_1128,dataset/Vinmec_2D/train/train_image/1128.JPG,dataset/Vinmec_2D/train/train_label/label/1128.PNG
Vinmec_2D_train_1129,dataset/Vinmec_2D/train/train_image/1129.JPG,dataset/Vinmec_2D/train/train_label/label/1129.PNG
Vinmec_2D_train_1135,dataset/Vinmec_2D/train/train_image/1135.JPG,dataset/Vinmec_2D/train/train_label/label/1135.PNG
Vinmec_2D_train_1138,dataset/Vinmec_2D/train/train_image/1138.JPG,dataset/Vinmec_2D/train/train_label/label/1138.PNG
Vinmec_2D_train_1139,dataset/Vinmec_2D/train/train_image/1139.JPG,dataset/Vinmec_2D/train/train_label/label/1139.PNG
Vinmec_2D_train_1141,dataset/Vinmec_2D/train/train_image/1141.JPG,dataset/Vinmec_2D/train/train_label/label/1141.PNG
Vinmec_2D_train_1142,dataset/Vinmec_2D/train/train_image/1142.JPG,dataset/Vinmec_2D/train/train_label/label/1142.PNG
Vinmec_2D_train_1144,dataset/Vinmec_2D/train/train_image/1144.JPG,dataset/Vinmec_2D/train/train_label/label/1144.PNG
Vinmec_2D_train_1145,dataset/Vinmec_2D/train/train_image/1145.JPG,dataset/Vinmec_2D/train/train_label/label/1145.PNG
Vinmec_2D_train_1146,dataset/Vinmec_2D/train/train_image/1146.JPG,dataset/Vinmec_2D/train/train_label/label/1146.PNG
Vinmec_2D_train_1147,dataset/Vinmec_2D/train/train_image/1147.JPG,dataset/Vinmec_2D/train/train_label/label/1147.PNG
Vinmec_2D_train_1148,dataset/Vinmec_2D/train/train_image/1148.JPG,dataset/Vinmec_2D/train/train_label/label/1148.PNG
Vinmec_2D_train_1149,dataset/Vinmec_2D/train/train_image/1149.JPG,dataset/Vinmec_2D/train/train_label/label/1149.PNG
Vinmec_2D_train_1150,dataset/Vinmec_2D/train/train_image/1150.JPG,dataset/Vinmec_2D/train/train_label/label/1150.PNG
Vinmec_2D_train_1151,dataset/Vinmec_2D/train/train_image/1151.JPG,dataset/Vinmec_2D/train/train_label/label/1151.PNG
Vinmec_2D_train_1152,dataset/Vinmec_2D/train/train_image/1152.JPG,dataset/Vinmec_2D/train/train_label/label/1152.PNG
Vinmec_2D_train_1153,dataset/Vinmec_2D/train/train_image/1153.JPG,dataset/Vinmec_2D/train/train_label/label/1153.PNG
Vinmec_2D_train_1154,dataset/Vinmec_2D/train/train_image/1154.JPG,dataset/Vinmec_2D/train/train_label/label/1154.PNG
Vinmec_2D_train_1155,dataset/Vinmec_2D/train/train_image/1155.JPG,dataset/Vinmec_2D/train/train_label/label/1155.PNG
Vinmec_2D_train_1156,dataset/Vinmec_2D/train/train_image/1156.JPG,dataset/Vinmec_2D/train/train_label/label/1156.PNG
Vinmec_2D_train_1158,dataset/Vinmec_2D/train/train_image/1158.JPG,dataset/Vinmec_2D/train/train_label/label/1158.PNG
Vinmec_2D_train_1159,dataset/Vinmec_2D/train/train_image/1159.JPG,dataset/Vinmec_2D/train/train_label/label/1159.PNG
Vinmec_2D_train_1160,dataset/Vinmec_2D/train/train_image/1160.JPG,dataset/Vinmec_2D/train/train_label/label/1160.PNG
Vinmec_2D_train_1161,dataset/Vinmec_2D/train/train_image/1161.JPG,dataset/Vinmec_2D/train/train_label/label/1161.PNG
Vinmec_2D_train_1163,dataset/Vinmec_2D/train/train_image/1163.JPG,dataset/Vinmec_2D/train/train_label/label/1163.PNG
Vinmec_2D_train_1164,dataset/Vinmec_2D/train/train_image/1164.JPG,dataset/Vinmec_2D/train/train_label/label/1164.PNG
Vinmec_2D_train_1165,dataset/Vinmec_2D/train/train_image/1165.JPG,dataset/Vinmec_2D/train/train_label/label/1165.PNG
Vinmec_2D_train_1166,dataset/Vinmec_2D/train/train_image/1166.JPG,dataset/Vinmec_2D/train/train_label/label/1166.PNG
Vinmec_2D_train_1168,dataset/Vinmec_2D/train/train_image/1168.JPG,dataset/Vinmec_2D/train/train_label/label/1168.PNG
Vinmec_2D_train_117,dataset/Vinmec_2D/train/train_image/117.JPG,dataset/Vinmec_2D/train/train_label/label/117.PNG
Vinmec_2D_train_1172,dataset/Vinmec_2D/train/train_image/1172.JPG,dataset/Vinmec_2D/train/train_label/label/1172.PNG
Vinmec_2D_train_1174,dataset/Vinmec_2D/train/train_image/1174.JPG,dataset/Vinmec_2D/train/train_label/label/1174.PNG
Vinmec_2D_train_1177,dataset/Vinmec_2D/train/train_image/1177.JPG,dataset/Vinmec_2D/train/train_label/label/1177.PNG
Vinmec_2D_train_118,dataset/Vinmec_2D/train/train_image/118.JPG,dataset/Vinmec_2D/train/train_label/label/118.PNG
Vinmec_2D_train_1180,dataset/Vinmec_2D/train/train_image/1180.JPG,dataset/Vinmec_2D/train/train_label/label/1180.PNG
Vinmec_2D_train_1182,dataset/Vinmec_2D/train/train_image/1182.JPG,dataset/Vinmec_2D/train/train_label/label/1182.PNG
Vinmec_2D_train_1183,dataset/Vinmec_2D/train/train_image/1183.JPG,dataset/Vinmec_2D/train/train_label/label/1183.PNG
Vinmec_2D_train_1185,dataset/Vinmec_2D/train/train_image/1185.JPG,dataset/Vinmec_2D/train/train_label/label/1185.PNG
Vinmec_2D_train_1186,dataset/Vinmec_2D/train/train_image/1186.JPG,dataset/Vinmec_2D/train/train_label/label/1186.PNG
Vinmec_2D_train_1187,dataset/Vinmec_2D/train/train_image/1187.JPG,dataset/Vinmec_2D/train/train_label/label/1187.PNG
Vinmec_2D_train_1189,dataset/Vinmec_2D/train/train_image/1189.JPG,dataset/Vinmec_2D/train/train_label/label/1189.PNG
Vinmec_2D_train_119,dataset/Vinmec_2D/train/train_image/119.JPG,dataset/Vinmec_2D/train/train_label/label/119.PNG
Vinmec_2D_train_1191,dataset/Vinmec_2D/train/train_image/1191.JPG,dataset/Vinmec_2D/train/train_label/label/1191.PNG
Vinmec_2D_train_1192,dataset/Vinmec_2D/train/train_image/1192.JPG,dataset/Vinmec_2D/train/train_label/label/1192.PNG
Vinmec_2D_train_1193,dataset/Vinmec_2D/train/train_image/1193.JPG,dataset/Vinmec_2D/train/train_label/label/1193.PNG
Vinmec_2D_train_1194,dataset/Vinmec_2D/train/train_image/1194.JPG,dataset/Vinmec_2D/train/train_label/label/1194.PNG
Vinmec_2D_train_1195,dataset/Vinmec_2D/train/train_image/1195.JPG,dataset/Vinmec_2D/train/train_label/label/1195.PNG
Vinmec_2D_train_1196,dataset/Vinmec_2D/train/train_image/1196.JPG,dataset/Vinmec_2D/train/train_label/label/1196.PNG
Vinmec_2D_train_1197,dataset/Vinmec_2D/train/train_image/1197.JPG,dataset/Vinmec_2D/train/train_label/label/1197.PNG
Vinmec_2D_train_1198,dataset/Vinmec_2D/train/train_image/1198.JPG,dataset/Vinmec_2D/train/train_label/label/1198.PNG
Vinmec_2D_train_1201,dataset/Vinmec_2D/train/train_image/1201.JPG,dataset/Vinmec_2D/train/train_label/label/1201.PNG
Vinmec_2D_train_1205,dataset/Vinmec_2D/train/train_image/1205.JPG,dataset/Vinmec_2D/train/train_label/label/1205.PNG
Vinmec_2D_train_1206,dataset/Vinmec_2D/train/train_image/1206.JPG,dataset/Vinmec_2D/train/train_label/label/1206.PNG
Vinmec_2D_train_1207,dataset/Vinmec_2D/train/train_image/1207.JPG,dataset/Vinmec_2D/train/train_label/label/1207.PNG
Vinmec_2D_train_1209,dataset/Vinmec_2D/train/train_image/1209.JPG,dataset/Vinmec_2D/train/train_label/label/1209.PNG
Vinmec_2D_train_1210,dataset/Vinmec_2D/train/train_image/1210.JPG,dataset/Vinmec_2D/train/train_label/label/1210.PNG
Vinmec_2D_train_1211,dataset/Vinmec_2D/train/train_image/1211.JPG,dataset/Vinmec_2D/train/train_label/label/1211.PNG
Vinmec_2D_train_1212,dataset/Vinmec_2D/train/train_image/1212.JPG,dataset/Vinmec_2D/train/train_label/label/1212.PNG
Vinmec_2D_train_1213,dataset/Vinmec_2D/train/train_image/1213.JPG,dataset/Vinmec_2D/train/train_label/label/1213.PNG
Vinmec_2D_train_1215,dataset/Vinmec_2D/train/train_image/1215.JPG,dataset/Vinmec_2D/train/train_label/label/1215.PNG
Vinmec_2D_train_1216,dataset/Vinmec_2D/train/train_image/1216.JPG,dataset/Vinmec_2D/train/train_label/label/1216.PNG
Vinmec_2D_train_1219,dataset/Vinmec_2D/train/train_image/1219.JPG,dataset/Vinmec_2D/train/train_label/label/1219.PNG
Vinmec_2D_train_1220,dataset/Vinmec_2D/train/train_image/1220.JPG,dataset/Vinmec_2D/train/train_label/label/1220.PNG
Vinmec_2D_train_1222,dataset/Vinmec_2D/train/train_image/1222.JPG,dataset/Vinmec_2D/train/train_label/label/1222.PNG
Vinmec_2D_train_1223,dataset/Vinmec_2D/train/train_image/1223.JPG,dataset/Vinmec_2D/train/train_label/label/1223.PNG
Vinmec_2D_train_1225,dataset/Vinmec_2D/train/train_image/1225.JPG,dataset/Vinmec_2D/train/train_label/label/1225.PNG
Vinmec_2D_train_1226,dataset/Vinmec_2D/train/train_image/1226.JPG,dataset/Vinmec_2D/train/train_label/label/1226.PNG
Vinmec_2D_train_1227,dataset/Vinmec_2D/train/train_image/1227.JPG,dataset/Vinmec_2D/train/train_label/label/1227.PNG
Vinmec_2D_train_1228,dataset/Vinmec_2D/train/train_image/1228.JPG,dataset/Vinmec_2D/train/train_label/label/1228.PNG
Vinmec_2D_train_1231,dataset/Vinmec_2D/train/train_image/1231.JPG,dataset/Vinmec_2D/train/train_label/label/1231.PNG
Vinmec_2D_train_1233,dataset/Vinmec_2D/train/train_image/1233.JPG,dataset/Vinmec_2D/train/train_label/label/1233.PNG
Vinmec_2D_train_1236,dataset/Vinmec_2D/train/train_image/1236.JPG,dataset/Vinmec_2D/train/train_label/label/1236.PNG
Vinmec_2D_train_1237,dataset/Vinmec_2D/train/train_image/1237.JPG,dataset/Vinmec_2D/train/train_label/label/1237.PNG
Vinmec_2D_train_1239,dataset/Vinmec_2D/train/train_image/1239.JPG,dataset/Vinmec_2D/train/train_label/label/1239.PNG
Vinmec_2D_train_1240,dataset/Vinmec_2D/train/train_image/1240.JPG,dataset/Vinmec_2D/train/train_label/label/1240.PNG
Vinmec_2D_train_1242,dataset/Vinmec_2D/train/train_image/1242.JPG,dataset/Vinmec_2D/train/train_label/label/1242.PNG
Vinmec_2D_train_1243,dataset/Vinmec_2D/train/train_image/1243.JPG,dataset/Vinmec_2D/train/train_label/label/1243.PNG
Vinmec_2D_train_1245,dataset/Vinmec_2D/train/train_image/1245.JPG,dataset/Vinmec_2D/train/train_label/label/1245.PNG
Vinmec_2D_train_1246,dataset/Vinmec_2D/train/train_image/1246.JPG,dataset/Vinmec_2D/train/train_label/label/1246.PNG
Vinmec_2D_train_1247,dataset/Vinmec_2D/train/train_image/1247.JPG,dataset/Vinmec_2D/train/train_label/label/1247.PNG
Vinmec_2D_train_1248,dataset/Vinmec_2D/train/train_image/1248.JPG,dataset/Vinmec_2D/train/train_label/label/1248.PNG
Vinmec_2D_train_1249,dataset/Vinmec_2D/train/train_image/1249.JPG,dataset/Vinmec_2D/train/train_label/label/1249.PNG
Vinmec_2D_train_1250,dataset/Vinmec_2D/train/train_image/1250.JPG,dataset/Vinmec_2D/train/train_label/label/1250.PNG
Vinmec_2D_train_1251,dataset/Vinmec_2D/train/train_image/1251.JPG,dataset/Vinmec_2D/train/train_label/label/1251.PNG
Vinmec_2D_train_1253,dataset/Vinmec_2D/train/train_image/1253.JPG,dataset/Vinmec_2D/train/train_label/label/1253.PNG
Vinmec_2D_train_1256,dataset/Vinmec_2D/train/train_image/1256.JPG,dataset/Vinmec_2D/train/train_label/label/1256.PNG
Vinmec_2D_train_1258,dataset/Vinmec_2D/train/train_image/1258.JPG,dataset/Vinmec_2D/train/train_label/label/1258.PNG
Vinmec_2D_train_1259,dataset/Vinmec_2D/train/train_image/1259.JPG,dataset/Vinmec_2D/train/train_label/label/1259.PNG
Vinmec_2D_train_1260,dataset/Vinmec_2D/train/train_image/1260.JPG,dataset/Vinmec_2D/train/train_label/label/1260.PNG
Vinmec_2D_train_1261,dataset/Vinmec_2D/train/train_image/1261.JPG,dataset/Vinmec_2D/train/train_label/label/1261.PNG
Vinmec_2D_train_1262,dataset/Vinmec_2D/train/train_image/1262.JPG,dataset/Vinmec_2D/train/train_label/label/1262.PNG
Vinmec_2D_train_1263,dataset/Vinmec_2D/train/train_image/1263.JPG,dataset/Vinmec_2D/train/train_label/label/1263.PNG
Vinmec_2D_train_1264,dataset/Vinmec_2D/train/train_image/1264.JPG,dataset/Vinmec_2D/train/train_label/label/1264.PNG
Vinmec_2D_train_1265,dataset/Vinmec_2D/train/train_image/1265.JPG,dataset/Vinmec_2D/train/train_label/label/1265.PNG
Vinmec_2D_train_1266,dataset/Vinmec_2D/train/train_image/1266.JPG,dataset/Vinmec_2D/train/train_label/label/1266.PNG
Vinmec_2D_train_1272,dataset/Vinmec_2D/train/train_image/1272.JPG,dataset/Vinmec_2D/train/train_label/label/1272.PNG
Vinmec_2D_train_1278,dataset/Vinmec_2D/train/train_image/1278.JPG,dataset/Vinmec_2D/train/train_label/label/1278.PNG
Vinmec_2D_train_1279,dataset/Vinmec_2D/train/train_image/1279.JPG,dataset/Vinmec_2D/train/train_label/label/1279.PNG
Vinmec_2D_train_1280,dataset/Vinmec_2D/train/train_image/1280.JPG,dataset/Vinmec_2D/train/train_label/label/1280.PNG
Vinmec_2D_train_1281,dataset/Vinmec_2D/train/train_image/1281.JPG,dataset/Vinmec_2D/train/train_label/label/1281.PNG
Vinmec_2D_train_1282,dataset/Vinmec_2D/train/train_image/1282.JPG,dataset/Vinmec_2D/train/train_label/label/1282.PNG
Vinmec_2D_train_1283,dataset/Vinmec_2D/train/train_image/1283.JPG,dataset/Vinmec_2D/train/train_label/label/1283.PNG
Vinmec_2D_train_1284,dataset/Vinmec_2D/train/train_image/1284.JPG,dataset/Vinmec_2D/train/train_label/label/1284.PNG
Vinmec_2D_train_1286,dataset/Vinmec_2D/train/train_image/1286.JPG,dataset/Vinmec_2D/train/train_label/label/1286.PNG
Vinmec_2D_train_1287,dataset/Vinmec_2D/train/train_image/1287.JPG,dataset/Vinmec_2D/train/train_label/label/1287.PNG
Vinmec_2D_train_1289,dataset/Vinmec_2D/train/train_image/1289.JPG,dataset/Vinmec_2D/train/train_label/label/1289.PNG
Vinmec_2D_train_1290,dataset/Vinmec_2D/train/train_image/1290.JPG,dataset/Vinmec_2D/train/train_label/label/1290.PNG
Vinmec_2D_train_1292,dataset/Vinmec_2D/train/train_image/1292.JPG,dataset/Vinmec_2D/train/train_label/label/1292.PNG
Vinmec_2D_train_1293,dataset/Vinmec_2D/train/train_image/1293.JPG,dataset/Vinmec_2D/train/train_label/label/1293.PNG
Vinmec_2D_train_1294,dataset/Vinmec_2D/train/train_image/1294.JPG,dataset/Vinmec_2D/train/train_label/label/1294.PNG
Vinmec_2D_train_1296,dataset/Vinmec_2D/train/train_image/1296.JPG,dataset/Vinmec_2D/train/train_label/label/1296.PNG
Vinmec_2D_train_1297,dataset/Vinmec_2D/train/train_image/1297.JPG,dataset/Vinmec_2D/train/train_label/label/1297.PNG
Vinmec_2D_train_1298,dataset/Vinmec_2D/train/train_image/1298.JPG,dataset/Vinmec_2D/train/train_label/label/1298.PNG
Vinmec_2D_train_1299,dataset/Vinmec_2D/train/train_image/1299.JPG,dataset/Vinmec_2D/train/train_label/label/1299.PNG
Vinmec_2D_train_13,dataset/Vinmec_2D/train/train_image/13.JPG,dataset/Vinmec_2D/train/train_label/label/13.PNG
Vinmec_2D_train_130,dataset/Vinmec_2D/train/train_image/130.JPG,dataset/Vinmec_2D/train/train_label/label/130.PNG
Vinmec_2D_train_1300,dataset/Vinmec_2D/train/train_image/1300.JPG,dataset/Vinmec_2D/train/train_label/label/1300.PNG
Vinmec_2D_train_1301,dataset/Vinmec_2D/train/train_image/1301.JPG,dataset/Vinmec_2D/train/train_label/label/1301.PNG
Vinmec_2D_train_1303,dataset/Vinmec_2D/train/train_image/1303.JPG,dataset/Vinmec_2D/train/train_label/label/1303.PNG
Vinmec_2D_train_1304,dataset/Vinmec_2D/train/train_image/1304.JPG,dataset/Vinmec_2D/train/train_label/label/1304.PNG
Vinmec_2D_train_1309,dataset/Vinmec_2D/train/train_image/1309.JPG,dataset/Vinmec_2D/train/train_label/label/1309.PNG
Vinmec_2D_train_131,dataset/Vinmec_2D/train/train_image/131.JPG,dataset/Vinmec_2D/train/train_label/label/131.PNG
Vinmec_2D_train_1310,dataset/Vinmec_2D/train/train_image/1310.JPG,dataset/Vinmec_2D/train/train_label/label/1310.PNG
Vinmec_2D_train_1312,dataset/Vinmec_2D/train/train_image/1312.JPG,dataset/Vinmec_2D/train/train_label/label/1312.PNG
Vinmec_2D_train_1313,dataset/Vinmec_2D/train/train_image/1313.JPG,dataset/Vinmec_2D/train/train_label/label/1313.PNG
Vinmec_2D_train_1318,dataset/Vinmec_2D/train/train_image/1318.JPG,dataset/Vinmec_2D/train/train_label/label/1318.PNG
Vinmec_2D_train_132,dataset/Vinmec_2D/train/train_image/132.JPG,dataset/Vinmec_2D/train/train_label/label/132.PNG
Vinmec_2D_train_1320,dataset/Vinmec_2D/train/train_image/1320.JPG,dataset/Vinmec_2D/train/train_label/label/1320.PNG
Vinmec_2D_train_1321,dataset/Vinmec_2D/train/train_image/1321.JPG,dataset/Vinmec_2D/train/train_label/label/1321.PNG
Vinmec_2D_train_1322,dataset/Vinmec_2D/train/train_image/1322.JPG,dataset/Vinmec_2D/train/train_label/label/1322.PNG
Vinmec_2D_train_1326,dataset/Vinmec_2D/train/train_image/1326.JPG,dataset/Vinmec_2D/train/train_label/label/1326.PNG
Vinmec_2D_train_1327,dataset/Vinmec_2D/train/train_image/1327.JPG,dataset/Vinmec_2D/train/train_label/label/1327.PNG
Vinmec_2D_train_1328,dataset/Vinmec_2D/train/train_image/1328.JPG,dataset/Vinmec_2D/train/train_label/label/1328.PNG
Vinmec_2D_train_133,dataset/Vinmec_2D/train/train_image/133.JPG,dataset/Vinmec_2D/train/train_label/label/133.PNG
Vinmec_2D_train_1330,dataset/Vinmec_2D/train/train_image/1330.JPG,dataset/Vinmec_2D/train/train_label/label/1330.PNG
Vinmec_2D_train_1332,dataset/Vinmec_2D/train/train_image/1332.JPG,dataset/Vinmec_2D/train/train_label/label/1332.PNG
Vinmec_2D_train_1333,dataset/Vinmec_2D/train/train_image/1333.JPG,dataset/Vinmec_2D/train/train_label/label/1333.PNG
Vinmec_2D_train_1334,dataset/Vinmec_2D/train/train_image/1334.JPG,dataset/Vinmec_2D/train/train_label/label/1334.PNG
Vinmec_2D_train_1343,dataset/Vinmec_2D/train/train_image/1343.JPG,dataset/Vinmec_2D/train/train_label/label/1343.PNG
Vinmec_2D_train_1344,dataset/Vinmec_2D/train/train_image/1344.JPG,dataset/Vinmec_2D/train/train_label/label/1344.PNG
Vinmec_2D_train_1345,dataset/Vinmec_2D/train/train_image/1345.JPG,dataset/Vinmec_2D/train/train_label/label/1345.PNG
Vinmec_2D_train_1346,dataset/Vinmec_2D/train/train_image/1346.JPG,dataset/Vinmec_2D/train/train_label/label/1346.PNG
Vinmec_2D_train_1348,dataset/Vinmec_2D/train/train_image/1348.JPG,dataset/Vinmec_2D/train/train_label/label/1348.PNG
Vinmec_2D_train_1349,dataset/Vinmec_2D/train/train_image/1349.JPG,dataset/Vinmec_2D/train/train_label/label/1349.PNG
Vinmec_2D_train_1350,dataset/Vinmec_2D/train/train_image/1350.JPG,dataset/Vinmec_2D/train/train_label/label/1350.PNG
Vinmec_2D_train_1351,dataset/Vinmec_2D/train/train_image/1351.JPG,dataset/Vinmec_2D/train/train_label/label/1351.PNG
Vinmec_2D_train_1353,dataset/Vinmec_2D/train/train_image/1353.JPG,dataset/Vinmec_2D/train/train_label/label/1353.PNG
Vinmec_2D_train_1355,dataset/Vinmec_2D/train/train_image/1355.JPG,dataset/Vinmec_2D/train/train_label/label/1355.PNG
Vinmec_2D_train_1356,dataset/Vinmec_2D/train/train_image/1356.JPG,dataset/Vinmec_2D/train/train_label/label/1356.PNG
Vinmec_2D_train_1361,dataset/Vinmec_2D/train/train_image/1361.JPG,dataset/Vinmec_2D/train/train_label/label/1361.PNG
Vinmec_2D_train_1362,dataset/Vinmec_2D/train/train_image/1362.JPG,dataset/Vinmec_2D/train/train_label/label/1362.PNG
Vinmec_2D_train_1368,dataset/Vinmec_2D/train/train_image/1368.JPG,dataset/Vinmec_2D/train/train_label/label/1368.PNG
Vinmec_2D_train_1370,dataset/Vinmec_2D/train/train_image/1370.JPG,dataset/Vinmec_2D/train/train_label/label/1370.PNG
Vinmec_2D_train_1372,dataset/Vinmec_2D/train/train_image/1372.JPG,dataset/Vinmec_2D/train/train_label/label/1372.PNG
Vinmec_2D_train_1375,dataset/Vinmec_2D/train/train_image/1375.JPG,dataset/Vinmec_2D/train/train_label/label/1375.PNG
Vinmec_2D_train_1377,dataset/Vinmec_2D/train/train_image/1377.JPG,dataset/Vinmec_2D/train/train_label/label/1377.PNG
Vinmec_2D_train_1379,dataset/Vinmec_2D/train/train_image/1379.JPG,dataset/Vinmec_2D/train/train_label/label/1379.PNG
Vinmec_2D_train_138,dataset/Vinmec_2D/train/train_image/138.JPG,dataset/Vinmec_2D/train/train_label/label/138.PNG
Vinmec_2D_train_1380,dataset/Vinmec_2D/train/train_image/1380.JPG,dataset/Vinmec_2D/train/train_label/label/1380.PNG
Vinmec_2D_train_1385,dataset/Vinmec_2D/train/train_image/1385.JPG,dataset/Vinmec_2D/train/train_label/label/1385.PNG
Vinmec_2D_train_1386,dataset/Vinmec_2D/train/train_image/1386.JPG,dataset/Vinmec_2D/train/train_label/label/1386.PNG
Vinmec_2D_train_1387,dataset/Vinmec_2D/train/train_image/1387.JPG,dataset/Vinmec_2D/train/train_label/label/1387.PNG
Vinmec_2D_train_139,dataset/Vinmec_2D/train/train_image/139.JPG,dataset/Vinmec_2D/train/train_label/label/139.PNG
Vinmec_2D_train_1391,dataset/Vinmec_2D/train/train_image/1391.JPG,dataset/Vinmec_2D/train/train_label/label/1391.PNG
Vinmec_2D_train_1392,dataset/Vinmec_2D/train/train_image/1392.JPG,dataset/Vinmec_2D/train/train_label/label/1392.PNG
Vinmec_2D_train_1395,dataset/Vinmec_2D/train/train_image/1395.JPG,dataset/Vinmec_2D/train/train_label/label/1395.PNG
Vinmec_2D_train_1396,dataset/Vinmec_2D/train/train_image/1396.JPG,dataset/Vinmec_2D/train/train_label/label/1396.PNG
Vinmec_2D_train_14,dataset/Vinmec_2D/train/train_image/14.JPG,dataset/Vinmec_2D/train/train_label/label/14.PNG
Vinmec_2D_train_140,dataset/Vinmec_2D/train/train_image/140.JPG,dataset/Vinmec_2D/train/train_label/label/140.PNG
Vinmec_2D_train_1400,dataset/Vinmec_2D/train/train_image/1400.JPG,dataset/Vinmec_2D/train/train_label/label/1400.PNG
Vinmec_2D_train_1402,dataset/Vinmec_2D/train/train_image/1402.JPG,dataset/Vinmec_2D/train/train_label/label/1402.PNG
Vinmec_2D_train_1408,dataset/Vinmec_2D/train/train_image/1408.JPG,dataset/Vinmec_2D/train/train_label/label/1408.PNG
Vinmec_2D_train_1409,dataset/Vinmec_2D/train/train_image/1409.JPG,dataset/Vinmec_2D/train/train_label/label/1409.PNG
Vinmec_2D_train_1412,dataset/Vinmec_2D/train/train_image/1412.JPG,dataset/Vinmec_2D/train/train_label/label/1412.PNG
Vinmec_2D_train_1414,dataset/Vinmec_2D/train/train_image/1414.JPG,dataset/Vinmec_2D/train/train_label/label/1414.PNG
Vinmec_2D_train_1415,dataset/Vinmec_2D/train/train_image/1415.JPG,dataset/Vinmec_2D/train/train_label/label/1415.PNG
Vinmec_2D_train_1417,dataset/Vinmec_2D/train/train_image/1417.JPG,dataset/Vinmec_2D/train/train_label/label/1417.PNG
Vinmec_2D_train_1418,dataset/Vinmec_2D/train/train_image/1418.JPG,dataset/Vinmec_2D/train/train_label/label/1418.PNG
Vinmec_2D_train_1419,dataset/Vinmec_2D/train/train_image/1419.JPG,dataset/Vinmec_2D/train/train_label/label/1419.PNG
Vinmec_2D_train_1420,dataset/Vinmec_2D/train/train_image/1420.JPG,dataset/Vinmec_2D/train/train_label/label/1420.PNG
Vinmec_2D_train_1421,dataset/Vinmec_2D/train/train_image/1421.JPG,dataset/Vinmec_2D/train/train_label/label/1421.PNG
Vinmec_2D_train_1422,dataset/Vinmec_2D/train/train_image/1422.JPG,dataset/Vinmec_2D/train/train_label/label/1422.PNG
Vinmec_2D_train_1423,dataset/Vinmec_2D/train/train_image/1423.JPG,dataset/Vinmec_2D/train/train_label/label/1423.PNG
Vinmec_2D_train_1424,dataset/Vinmec_2D/train/train_image/1424.JPG,dataset/Vinmec_2D/train/train_label/label/1424.PNG
Vinmec_2D_train_1425,dataset/Vinmec_2D/train/train_image/1425.JPG,dataset/Vinmec_2D/train/train_label/label/1425.PNG
Vinmec_2D_train_1426,dataset/Vinmec_2D/train/train_image/1426.JPG,dataset/Vinmec_2D/train/train_label/label/1426.PNG
Vinmec_2D_train_1428,dataset/Vinmec_2D/train/train_image/1428.JPG,dataset/Vinmec_2D/train/train_label/label/1428.PNG
Vinmec_2D_train_1429,dataset/Vinmec_2D/train/train_image/1429.JPG,dataset/Vinmec_2D/train/train_label/label/1429.PNG
Vinmec_2D_train_1431,dataset/Vinmec_2D/train/train_image/1431.JPG,dataset/Vinmec_2D/train/train_label/label/1431.PNG
Vinmec_2D_train_1433,dataset/Vinmec_2D/train/train_image/1433.JPG,dataset/Vinmec_2D/train/train_label/label/1433.PNG
Vinmec_2D_train_1434,dataset/Vinmec_2D/train/train_image/1434.JPG,dataset/Vinmec_2D/train/train_label/label/1434.PNG
Vinmec_2D_train_1436,dataset/Vinmec_2D/train/train_image/1436.JPG,dataset/Vinmec_2D/train/train_label/label/1436.PNG
Vinmec_2D_train_1437,dataset/Vinmec_2D/train/train_image/1437.JPG,dataset/Vinmec_2D/train/train_label/label/1437.PNG
Vinmec_2D_train_1438,dataset/Vinmec_2D/train/train_image/1438.JPG,dataset/Vinmec_2D/train/train_label/label/1438.PNG
Vinmec_2D_train_1439,dataset/Vinmec_2D/train/train_image/1439.JPG,dataset/Vinmec_2D/train/train_label/label/1439.PNG
Vinmec_2D_train_1441,dataset/Vinmec_2D/train/train_image/1441.JPG,dataset/Vinmec_2D/train/train_label/label/1441.PNG
Vinmec_2D_train_1442,dataset/Vinmec_2D/train/train_image/1442.JPG,dataset/Vinmec_2D/train/train_label/label/1442.PNG
Vinmec_2D_train_1443,dataset/Vinmec_2D/train/train_image/1443.JPG,dataset/Vinmec_2D/train/train_label/label/1443.PNG
Vinmec_2D_train_1445,dataset/Vinmec_2D/train/train_image/1445.JPG,dataset/Vinmec_2D/train/train_label/label/1445.PNG
Vinmec_2D_train_1446,dataset/Vinmec_2D/train/train_image/1446.JPG,dataset/Vinmec_2D/train/train_label/label/1446.PNG
Vinmec_2D_train_1447,dataset/Vinmec_2D/train/train_image/1447.JPG,dataset/Vinmec_2D/train/train_label/label/1447.PNG
Vinmec_2D_train_1448,dataset/Vinmec_2D/train/train_image/1448.JPG,dataset/Vinmec_2D/train/train_label/label/1448.PNG
Vinmec_2D_train_1449,dataset/Vinmec_2D/train/train_image/1449.JPG,dataset/Vinmec_2D/train/train_label/label/1449.PNG
Vinmec_2D_train_1450,dataset/Vinmec_2D/train/train_image/1450.JPG,dataset/Vinmec_2D/train/train_label/label/1450.PNG
Vinmec_2D_train_1451,dataset/Vinmec_2D/train/train_image/1451.JPG,dataset/Vinmec_2D/train/train_label/label/1451.PNG
Vinmec_2D_train_1452,dataset/Vinmec_2D/train/train_image/1452.JPG,dataset/Vinmec_2D/train/train_label/label/1452.PNG
Vinmec_2D_train_1453,dataset/Vinmec_2D/train/train_image/1453.JPG,dataset/Vinmec_2D/train/train_label/label/1453.PNG
Vinmec_2D_train_1455,dataset/Vinmec_2D/train/train_image/1455.JPG,dataset/Vinmec_2D/train/train_label/label/1455.PNG
Vinmec_2D_train_1456,dataset/Vinmec_2D/train/train_image/1456.JPG,dataset/Vinmec_2D/train/train_label/label/1456.PNG
Vinmec_2D_train_1457,dataset/Vinmec_2D/train/train_image/1457.JPG,dataset/Vinmec_2D/train/train_label/label/1457.PNG
Vinmec_2D_train_1459,dataset/Vinmec_2D/train/train_image/1459.JPG,dataset/Vinmec_2D/train/train_label/label/1459.PNG
Vinmec_2D_train_1462,dataset/Vinmec_2D/train/train_image/1462.JPG,dataset/Vinmec_2D/train/train_label/label/1462.PNG
Vinmec_2D_train_1463,dataset/Vinmec_2D/train/train_image/1463.JPG,dataset/Vinmec_2D/train/train_label/label/1463.PNG
Vinmec_2D_train_1465,dataset/Vinmec_2D/train/train_image/1465.JPG,dataset/Vinmec_2D/train/train_label/label/1465.PNG
Vinmec_2D_train_147,dataset/Vinmec_2D/train/train_image/147.JPG,dataset/Vinmec_2D/train/train_label/label/147.PNG
Vinmec_2D_train_150,dataset/Vinmec_2D/train/train_image/150.JPG,dataset/Vinmec_2D/train/train_label/label/150.PNG
Vinmec_2D_train_151,dataset/Vinmec_2D/train/train_image/151.JPG,dataset/Vinmec_2D/train/train_label/label/151.PNG
Vinmec_2D_train_153,dataset/Vinmec_2D/train/train_image/153.JPG,dataset/Vinmec_2D/train/train_label/label/153.PNG
Vinmec_2D_train_160,dataset/Vinmec_2D/train/train_image/160.JPG,dataset/Vinmec_2D/train/train_label/label/160.PNG
Vinmec_2D_train_161,dataset/Vinmec_2D/train/train_image/161.JPG,dataset/Vinmec_2D/train/train_label/label/161.PNG
Vinmec_2D_train_166,dataset/Vinmec_2D/train/train_image/166.JPG,dataset/Vinmec_2D/train/train_label/label/166.PNG
Vinmec_2D_train_167,dataset/Vinmec_2D/train/train_image/167.JPG,dataset/Vinmec_2D/train/train_label/label/167.PNG
Vinmec_2D_train_169,dataset/Vinmec_2D/train/train_image/169.JPG,dataset/Vinmec_2D/train/train_label/label/169.PNG
Vinmec_2D_train_17,dataset/Vinmec_2D/train/train_image/17.JPG,dataset/Vinmec_2D/train/train_label/label/17.PNG
Vinmec_2D_train_171,dataset/Vinmec_2D/train/train_image/171.JPG,dataset/Vinmec_2D/train/train_label/label/171.PNG
Vinmec_2D_train_172,dataset/Vinmec_2D/train/train_image/172.JPG,dataset/Vinmec_2D/train/train_label/label/172.PNG
Vinmec_2D_train_173,dataset/Vinmec_2D/train/train_image/173.JPG,dataset/Vinmec_2D/train/train_label/label/173.PNG
Vinmec_2D_train_174,dataset/Vinmec_2D/train/train_image/174.JPG,dataset/Vinmec_2D/train/train_label/label/174.PNG
Vinmec_2D_train_178,dataset/Vinmec_2D/train/train_image/178.JPG,dataset/Vinmec_2D/train/train_label/label/178.PNG
Vinmec_2D_train_18,dataset/Vinmec_2D/train/train_image/18.JPG,dataset/Vinmec_2D/train/train_label/label/18.PNG
Vinmec_2D_train_182,dataset/Vinmec_2D/train/train_image/182.JPG,dataset/Vinmec_2D/train/train_label/label/182.PNG
Vinmec_2D_train_183,dataset/Vinmec_2D/train/train_image/183.JPG,dataset/Vinmec_2D/train/train_label/label/183.PNG
Vinmec_2D_train_188,dataset/Vinmec_2D/train/train_image/188.JPG,dataset/Vinmec_2D/train/train_label/label/188.PNG
Vinmec_2D_train_189,dataset/Vinmec_2D/train/train_image/189.JPG,dataset/Vinmec_2D/train/train_label/label/189.PNG
Vinmec_2D_train_19,dataset/Vinmec_2D/train/train_image/19.JPG,dataset/Vinmec_2D/train/train_label/label/19.PNG
Vinmec_2D_train_190,dataset/Vinmec_2D/train/train_image/190.JPG,dataset/Vinmec_2D/train/train_label/label/190.PNG
Vinmec_2D_train_192,dataset/Vinmec_2D/train/train_image/192.JPG,dataset/Vinmec_2D/train/train_label/label/192.PNG
Vinmec_2D_train_194,dataset/Vinmec_2D/train/train_image/194.JPG,dataset/Vinmec_2D/train/train_label/label/194.PNG
Vinmec_2D_train_195,dataset/Vinmec_2D/train/train_image/195.JPG,dataset/Vinmec_2D/train/train_label/label/195.PNG
Vinmec_2D_train_196,dataset/Vinmec_2D/train/train_image/196.JPG,dataset/Vinmec_2D/train/train_label/label/196.PNG
Vinmec_2D_train_197,dataset/Vinmec_2D/train/train_image/197.JPG,dataset/Vinmec_2D/train/train_label/label/197.PNG
Vinmec_2D_train_198,dataset/Vinmec_2D/train/train_image/198.JPG,dataset/Vinmec_2D/train/train_label/label/198.PNG
Vinmec_2D_train_199,dataset/Vinmec_2D/train/train_image/199.JPG,dataset/Vinmec_2D/train/train_label/label/199.PNG
Vinmec_2D_train_2,dataset/Vinmec_2D/train/train_image/2.JPG,dataset/Vinmec_2D/train/train_label/label/2.PNG
Vinmec_2D_train_20,dataset/Vinmec_2D/train/train_image/20.JPG,dataset/Vinmec_2D/train/train_label/label/20.PNG
Vinmec_2D_train_200,dataset/Vinmec_2D/train/train_image/200.JPG,dataset/Vinmec_2D/train/train_label/label/200.PNG
Vinmec_2D_train_205,dataset/Vinmec_2D/train/train_image/205.JPG,dataset/Vinmec_2D/train/train_label/label/205.PNG
Vinmec_2D_train_207,dataset/Vinmec_2D/train/train_image/207.JPG,dataset/Vinmec_2D/train/train_label/label/207.PNG
Vinmec_2D_train_208,dataset/Vinmec_2D/train/train_image/208.JPG,dataset/Vinmec_2D/train/train_label/label/208.PNG
Vinmec_2D_train_209,dataset/Vinmec_2D/train/train_image/209.JPG,dataset/Vinmec_2D/train/train_label/label/209.PNG
Vinmec_2D_train_211,dataset/Vinmec_2D/train/train_image/211.JPG,dataset/Vinmec_2D/train/train_label/label/211.PNG
Vinmec_2D_train_212,dataset/Vinmec_2D/train/train_image/212.JPG,dataset/Vinmec_2D/train/train_label/label/212.PNG
Vinmec_2D_train_213,dataset/Vinmec_2D/train/train_image/213.JPG,dataset/Vinmec_2D/train/train_label/label/213.PNG
Vinmec_2D_train_214,dataset/Vinmec_2D/train/train_image/214.JPG,dataset/Vinmec_2D/train/train_label/label/214.PNG
Vinmec_2D_train_215,dataset/Vinmec_2D/train/train_image/215.JPG,dataset/Vinmec_2D/train/train_label/label/215.PNG
Vinmec_2D_train_218,dataset/Vinmec_2D/train/train_image/218.JPG,dataset/Vinmec_2D/train/train_label/label/218.PNG
Vinmec_2D_train_219,dataset/Vinmec_2D/train/train_image/219.JPG,dataset/Vinmec_2D/train/train_label/label/219.PNG
Vinmec_2D_train_22,dataset/Vinmec_2D/train/train_image/22.JPG,dataset/Vinmec_2D/train/train_label/label/22.PNG
Vinmec_2D_train_223,dataset/Vinmec_2D/train/train_image/223.JPG,dataset/Vinmec_2D/train/train_label/label/223.PNG
Vinmec_2D_train_224,dataset/Vinmec_2D/train/train_image/224.JPG,dataset/Vinmec_2D/train/train_label/label/224.PNG
Vinmec_2D_train_226,dataset/Vinmec_2D/train/train_image/226.JPG,dataset/Vinmec_2D/train/train_label/label/226.PNG
Vinmec_2D_train_23,dataset/Vinmec_2D/train/train_image/23.JPG,dataset/Vinmec_2D/train/train_label/label/23.PNG
Vinmec_2D_train_232,dataset/Vinmec_2D/train/train_image/232.JPG,dataset/Vinmec_2D/train/train_label/label/232.PNG
Vinmec_2D_train_233,dataset/Vinmec_2D/train/train_image/233.JPG,dataset/Vinmec_2D/train/train_label/label/233.PNG
Vinmec_2D_train_235,dataset/Vinmec_2D/train/train_image/235.JPG,dataset/Vinmec_2D/train/train_label/label/235.PNG
Vinmec_2D_train_236,dataset/Vinmec_2D/train/train_image/236.JPG,dataset/Vinmec_2D/train/train_label/label/236.PNG
Vinmec_2D_train_238,dataset/Vinmec_2D/train/train_image/238.JPG,dataset/Vinmec_2D/train/train_label/label/238.PNG
Vinmec_2D_train_239,dataset/Vinmec_2D/train/train_image/239.JPG,dataset/Vinmec_2D/train/train_label/label/239.PNG
Vinmec_2D_train_24,dataset/Vinmec_2D/train/train_image/24.JPG,dataset/Vinmec_2D/train/train_label/label/24.PNG
Vinmec_2D_train_241,dataset/Vinmec_2D/train/train_image/241.JPG,dataset/Vinmec_2D/train/train_label/label/241.PNG
Vinmec_2D_train_25,dataset/Vinmec_2D/train/train_image/25.JPG,dataset/Vinmec_2D/train/train_label/label/25.PNG
Vinmec_2D_train_250,dataset/Vinmec_2D/train/train_image/250.JPG,dataset/Vinmec_2D/train/train_label/label/250.PNG
Vinmec_2D_train_251,dataset/Vinmec_2D/train/train_image/251.JPG,dataset/Vinmec_2D/train/train_label/label/251.PNG
Vinmec_2D_train_252,dataset/Vinmec_2D/train/train_image/252.JPG,dataset/Vinmec_2D/train/train_label/label/252.PNG
Vinmec_2D_train_259,dataset/Vinmec_2D/train/train_image/259.JPG,dataset/Vinmec_2D/train/train_label/label/259.PNG
Vinmec_2D_train_260,dataset/Vinmec_2D/train/train_image/260.JPG,dataset/Vinmec_2D/train/train_label/label/260.PNG
Vinmec_2D_train_262,dataset/Vinmec_2D/train/train_image/262.JPG,dataset/Vinmec_2D/train/train_label/label/262.PNG
Vinmec_2D_train_263,dataset/Vinmec_2D/train/train_image/263.JPG,dataset/Vinmec_2D/train/train_label/label/263.PNG
Vinmec_2D_train_272,dataset/Vinmec_2D/train/train_image/272.JPG,dataset/Vinmec_2D/train/train_label/label/272.PNG
Vinmec_2D_train_273,dataset/Vinmec_2D/train/train_image/273.JPG,dataset/Vinmec_2D/train/train_label/label/273.PNG
Vinmec_2D_train_276,dataset/Vinmec_2D/train/train_image/276.JPG,dataset/Vinmec_2D/train/train_label/label/276.PNG
Vinmec_2D_train_277,dataset/Vinmec_2D/train/train_image/277.JPG,dataset/Vinmec_2D/train/train_label/label/277.PNG
Vinmec_2D_train_278,dataset/Vinmec_2D/train/train_image/278.JPG,dataset/Vinmec_2D/train/train_label/label/278.PNG
Vinmec_2D_train_279,dataset/Vinmec_2D/train/train_image/279.JPG,dataset/Vinmec_2D/train/train_label/label/279.PNG
Vinmec_2D_train_28,dataset/Vinmec_2D/train/train_image/28.JPG,dataset/Vinmec_2D/train/train_label/label/28.PNG
Vinmec_2D_train_280,dataset/Vinmec_2D/train/train_image/280.JPG,dataset/Vinmec_2D/train/train_label/label/280.PNG
Vinmec_2D_train_282,dataset/Vinmec_2D/train/train_image/282.JPG,dataset/Vinmec_2D/train/train_label/label/282.PNG
Vinmec_2D_train_283,dataset/Vinmec_2D/train/train_image/283.JPG,dataset/Vinmec_2D/train/train_label/label/283.PNG
Vinmec_2D_train_286,dataset/Vinmec_2D/train/train_image/286.JPG,dataset/Vinmec_2D/train/train_label/label/286.PNG
Vinmec_2D_train_287,dataset/Vinmec_2D/train/train_image/287.JPG,dataset/Vinmec_2D/train/train_label/label/287.PNG
Vinmec_2D_train_289,dataset/Vinmec_2D/train/train_image/289.JPG,dataset/Vinmec_2D/train/train_label/label/289.PNG
Vinmec_2D_train_29,dataset/Vinmec_2D/train/train_image/29.JPG,dataset/Vinmec_2D/train/train_label/label/29.PNG
Vinmec_2D_train_290,dataset/Vinmec_2D/train/train_image/290.JPG,dataset/Vinmec_2D/train/train_label/label/290.PNG
Vinmec_2D_train_291,dataset/Vinmec_2D/train/train_image/291.JPG,dataset/Vinmec_2D/train/train_label/label/291.PNG
Vinmec_2D_train_293,dataset/Vinmec_2D/train/train_image/293.JPG,dataset/Vinmec_2D/train/train_label/label/293.PNG
Vinmec_2D_train_294,dataset/Vinmec_2D/train/train_image/294.JPG,dataset/Vinmec_2D/train/train_label/label/294.PNG
Vinmec_2D_train_297,dataset/Vinmec_2D/train/train_image/297.JPG,dataset/Vinmec_2D/train/train_label/label/297.PNG
Vinmec_2D_train_298,dataset/Vinmec_2D/train/train_image/298.JPG,dataset/Vinmec_2D/train/train_label/label/298.PNG
Vinmec_2D_train_30,dataset/Vinmec_2D/train/train_image/30.JPG,dataset/Vinmec_2D/train/train_label/label/30.PNG
Vinmec_2D_train_300,dataset/Vinmec_2D/train/train_image/300.JPG,dataset/Vinmec_2D/train/train_label/label/300.PNG
Vinmec_2D_train_302,dataset/Vinmec_2D/train/train_image/302.JPG,dataset/Vinmec_2D/train/train_label/label/302.PNG
Vinmec_2D_train_303,dataset/Vinmec_2D/train/train_image/303.JPG,dataset/Vinmec_2D/train/train_label/label/303.PNG
Vinmec_2D_train_304,dataset/Vinmec_2D/train/train_image/304.JPG,dataset/Vinmec_2D/train/train_label/label/304.PNG
Vinmec_2D_train_305,dataset/Vinmec_2D/train/train_image/305.JPG,dataset/Vinmec_2D/train/train_label/label/305.PNG
Vinmec_2D_train_307,dataset/Vinmec_2D/train/train_image/307.JPG,dataset/Vinmec_2D/train/train_label/label/307.PNG
Vinmec_2D_train_308,dataset/Vinmec_2D/train/train_image/308.JPG,dataset/Vinmec_2D/train/train_label/label/308.PNG
Vinmec_2D_train_309,dataset/Vinmec_2D/train/train_image/309.JPG,dataset/Vinmec_2D/train/train_label/label/309.PNG
Vinmec_2D_train_31,dataset/Vinmec_2D/train/train_image/31.JPG,dataset/Vinmec_2D/train/train_label/label/31.PNG
Vinmec_2D_train_310,dataset/Vinmec_2D/train/train_image/310.JPG,dataset/Vinmec_2D/train/train_label/label/310.PNG
Vinmec_2D_train_311,dataset/Vinmec_2D/train/train_image/311.JPG,dataset/Vinmec_2D/train/train_label/label/311.PNG
Vinmec_2D_train_312,dataset/Vinmec_2D/train/train_image/312.JPG,dataset/Vinmec_2D/train/train_label/label/312.PNG
Vinmec_2D_train_314,dataset/Vinmec_2D/train/train_image/314.JPG,dataset/Vinmec_2D/train/train_label/label/314.PNG
Vinmec_2D_train_317,dataset/Vinmec_2D/train/train_image/317.JPG,dataset/Vinmec_2D/train/train_label/label/317.PNG
Vinmec_2D_train_318,dataset/Vinmec_2D/train/train_image/318.JPG,dataset/Vinmec_2D/train/train_label/label/318.PNG
Vinmec_2D_train_319,dataset/Vinmec_2D/train/train_image/319.JPG,dataset/Vinmec_2D/train/train_label/label/319.PNG
Vinmec_2D_train_32,dataset/Vinmec_2D/train/train_image/32.JPG,dataset/Vinmec_2D/train/train_label/label/32.PNG
Vinmec_2D_train_320,dataset/Vinmec_2D/train/train_image/320.JPG,dataset/Vinmec_2D/train/train_label/label/320.PNG
Vinmec_2D_train_321,dataset/Vinmec_2D/train/train_image/321.JPG,dataset/Vinmec_2D/train/train_label/label/321.PNG
Vinmec_2D_train_324,dataset/Vinmec_2D/train/train_image/324.JPG,dataset/Vinmec_2D/train/train_label/label/324.PNG
Vinmec_2D_train_327,dataset/Vinmec_2D/train/train_image/327.JPG,dataset/Vinmec_2D/train/train_label/label/327.PNG
Vinmec_2D_train_328,dataset/Vinmec_2D/train/train_image/328.JPG,dataset/Vinmec_2D/train/train_label/label/328.PNG
Vinmec_2D_train_329,dataset/Vinmec_2D/train/train_image/329.JPG,dataset/Vinmec_2D/train/train_label/label/329.PNG
Vinmec_2D_train_33,dataset/Vinmec_2D/train/train_image/33.JPG,dataset/Vinmec_2D/train/train_label/label/33.PNG
Vinmec_2D_train_330,dataset/Vinmec_2D/train/train_image/330.JPG,dataset/Vinmec_2D/train/train_label/label/330.PNG
Vinmec_2D_train_332,dataset/Vinmec_2D/train/train_image/332.JPG,dataset/Vinmec_2D/train/train_label/label/332.PNG
Vinmec_2D_train_334,dataset/Vinmec_2D/train/train_image/334.JPG,dataset/Vinmec_2D/train/train_label/label/334.PNG
Vinmec_2D_train_335,dataset/Vinmec_2D/train/train_image/335.JPG,dataset/Vinmec_2D/train/train_label/label/335.PNG
Vinmec_2D_train_337,dataset/Vinmec_2D/train/train_image/337.JPG,dataset/Vinmec_2D/train/train_label/label/337.PNG
Vinmec_2D_train_338,dataset/Vinmec_2D/train/train_image/338.JPG,dataset/Vinmec_2D/train/train_label/label/338.PNG
Vinmec_2D_train_34,dataset/Vinmec_2D/train/train_image/34.JPG,dataset/Vinmec_2D/train/train_label/label/34.PNG
Vinmec_2D_train_340,dataset/Vinmec_2D/train/train_image/340.JPG,dataset/Vinmec_2D/train/train_label/label/340.PNG
Vinmec_2D_train_341,dataset/Vinmec_2D/train/train_image/341.JPG,dataset/Vinmec_2D/train/train_label/label/341.PNG
Vinmec_2D_train_342,dataset/Vinmec_2D/train/train_image/342.JPG,dataset/Vinmec_2D/train/train_label/label/342.PNG
Vinmec_2D_train_343,dataset/Vinmec_2D/train/train_image/343.JPG,dataset/Vinmec_2D/train/train_label/label/343.PNG
Vinmec_2D_train_346,dataset/Vinmec_2D/train/train_image/346.JPG,dataset/Vinmec_2D/train/train_label/label/346.PNG
Vinmec_2D_train_347,dataset/Vinmec_2D/train/train_image/347.JPG,dataset/Vinmec_2D/train/train_label/label/347.PNG
Vinmec_2D_train_348,dataset/Vinmec_2D/train/train_image/348.JPG,dataset/Vinmec_2D/train/train_label/label/348.PNG
Vinmec_2D_train_349,dataset/Vinmec_2D/train/train_image/349.JPG,dataset/Vinmec_2D/train/train_label/label/349.PNG
Vinmec_2D_train_35,dataset/Vinmec_2D/train/train_image/35.JPG,dataset/Vinmec_2D/train/train_label/label/35.PNG
Vinmec_2D_train_351,dataset/Vinmec_2D/train/train_image/351.JPG,dataset/Vinmec_2D/train/train_label/label/351.PNG
Vinmec_2D_train_353,dataset/Vinmec_2D/train/train_image/353.JPG,dataset/Vinmec_2D/train/train_label/label/353.PNG
Vinmec_2D_train_355,dataset/Vinmec_2D/train/train_image/355.JPG,dataset/Vinmec_2D/train/train_label/label/355.PNG
Vinmec_2D_train_357,dataset/Vinmec_2D/train/train_image/357.JPG,dataset/Vinmec_2D/train/train_label/label/357.PNG
Vinmec_2D_train_360,dataset/Vinmec_2D/train/train_image/360.JPG,dataset/Vinmec_2D/train/train_label/label/360.PNG
Vinmec_2D_train_362,dataset/Vinmec_2D/train/train_image/362.JPG,dataset/Vinmec_2D/train/train_label/label/362.PNG
Vinmec_2D_train_364,dataset/Vinmec_2D/train/train_image/364.JPG,dataset/Vinmec_2D/train/train_label/label/364.PNG
Vinmec_2D_train_365,dataset/Vinmec_2D/train/train_image/365.JPG,dataset/Vinmec_2D/train/train_label/label/365.PNG
Vinmec_2D_train_366,dataset/Vinmec_2D/train/train_image/366.JPG,dataset/Vinmec_2D/train/train_label/label/366.PNG
Vinmec_2D_train_367,dataset/Vinmec_2D/train/train_image/367.JPG,dataset/Vinmec_2D/train/train_label/label/367.PNG
Vinmec_2D_train_368,dataset/Vinmec_2D/train/train_image/368.JPG,dataset/Vinmec_2D/train/train_label/label/368.PNG
Vinmec_2D_train_369,dataset/Vinmec_2D/train/train_image/369.JPG,dataset/Vinmec_2D/train/train_label/label/369.PNG
Vinmec_2D_train_37,dataset/Vinmec_2D/train/train_image/37.JPG,dataset/Vinmec_2D/train/train_label/label/37.PNG
Vinmec_2D_train_372,dataset/Vinmec_2D/train/train_image/372.JPG,dataset/Vinmec_2D/train/train_label/label/372.PNG
Vinmec_2D_train_373,dataset/Vinmec_2D/train/train_image/373.JPG,dataset/Vinmec_2D/train/train_label/label/373.PNG
Vinmec_2D_train_374,dataset/Vinmec_2D/train/train_image/374.JPG,dataset/Vinmec_2D/train/train_label/label/374.PNG
Vinmec_2D_train_375,dataset/Vinmec_2D/train/train_image/375.JPG,dataset/Vinmec_2D/train/train_label/label/375.PNG
Vinmec_2D_train_376,dataset/Vinmec_2D/train/train_image/376.JPG,dataset/Vinmec_2D/train/train_label/label/376.PNG
Vinmec_2D_train_378,dataset/Vinmec_2D/train/train_image/378.JPG,dataset/Vinmec_2D/train/train_label/label/378.PNG
Vinmec_2D_train_379,dataset/Vinmec_2D/train/train_image/379.JPG,dataset/Vinmec_2D/train/train_label/label/379.PNG
Vinmec_2D_train_38,dataset/Vinmec_2D/train/train_image/38.JPG,dataset/Vinmec_2D/train/train_label/label/38.PNG
Vinmec_2D_train_380,dataset/Vinmec_2D/train/train_image/380.JPG,dataset/Vinmec_2D/train/train_label/label/380.PNG
Vinmec_2D_train_381,dataset/Vinmec_2D/train/train_image/381.JPG,dataset/Vinmec_2D/train/train_label/label/381.PNG
Vinmec_2D_train_384,dataset/Vinmec_2D/train/train_image/384.JPG,dataset/Vinmec_2D/train/train_label/label/384.PNG
Vinmec_2D_train_389,dataset/Vinmec_2D/train/train_image/389.JPG,dataset/Vinmec_2D/train/train_label/label/389.PNG
Vinmec_2D_train_390,dataset/Vinmec_2D/train/train_image/390.JPG,dataset/Vinmec_2D/train/train_label/label/390.PNG
Vinmec_2D_train_393,dataset/Vinmec_2D/train/train_image/393.JPG,dataset/Vinmec_2D/train/train_label/label/393.PNG
Vinmec_2D_train_395,dataset/Vinmec_2D/train/train_image/395.JPG,dataset/Vinmec_2D/train/train_label/label/395.PNG
Vinmec_2D_train_396,dataset/Vinmec_2D/train/train_image/396.JPG,dataset/Vinmec_2D/train/train_label/label/396.PNG
Vinmec_2D_train_397,dataset/Vinmec_2D/train/train_image/397.JPG,dataset/Vinmec_2D/train/train_label/label/397.PNG
Vinmec_2D_train_398,dataset/Vinmec_2D/train/train_image/398.JPG,dataset/Vinmec_2D/train/train_label/label/398.PNG
Vinmec_2D_train_4,dataset/Vinmec_2D/train/train_image/4.JPG,dataset/Vinmec_2D/train/train_label/label/4.PNG
Vinmec_2D_train_40,dataset/Vinmec_2D/train/train_image/40.JPG,dataset/Vinmec_2D/train/train_label/label/40.PNG
Vinmec_2D_train_400,dataset/Vinmec_2D/train/train_image/400.JPG,dataset/Vinmec_2D/train/train_label/label/400.PNG
Vinmec_2D_train_401,dataset/Vinmec_2D/train/train_image/401.JPG,dataset/Vinmec_2D/train/train_label/label/401.PNG
Vinmec_2D_train_402,dataset/Vinmec_2D/train/train_image/402.JPG,dataset/Vinmec_2D/train/train_label/label/402.PNG
Vinmec_2D_train_404,dataset/Vinmec_2D/train/train_image/404.JPG,dataset/Vinmec_2D/train/train_label/label/404.PNG
Vinmec_2D_train_405,dataset/Vinmec_2D/train/train_image/405.JPG,dataset/Vinmec_2D/train/train_label/label/405.PNG
Vinmec_2D_train_406,dataset/Vinmec_2D/train/train_image/406.JPG,dataset/Vinmec_2D/train/train_label/label/406.PNG
Vinmec_2D_train_407,dataset/Vinmec_2D/train/train_image/407.JPG,dataset/Vinmec_2D/train/train_label/label/407.PNG
Vinmec_2D_train_408,dataset/Vinmec_2D/train/train_image/408.JPG,dataset/Vinmec_2D/train/train_label/label/408.PNG
Vinmec_2D_train_409,dataset/Vinmec_2D/train/train_image/409.JPG,dataset/Vinmec_2D/train/train_label/label/409.PNG
Vinmec_2D_train_41,dataset/Vinmec_2D/train/train_image/41.JPG,dataset/Vinmec_2D/train/train_label/label/41.PNG
Vinmec_2D_train_410,dataset/Vinmec_2D/train/train_image/410.JPG,dataset/Vinmec_2D/train/train_label/label/410.PNG
Vinmec_2D_train_411,dataset/Vinmec_2D/train/train_image/411.JPG,dataset/Vinmec_2D/train/train_label/label/411.PNG
Vinmec_2D_train_413,dataset/Vinmec_2D/train/train_image/413.JPG,dataset/Vinmec_2D/train/train_label/label/413.PNG
Vinmec_2D_train_414,dataset/Vinmec_2D/train/train_image/414.JPG,dataset/Vinmec_2D/train/train_label/label/414.PNG
Vinmec_2D_train_415,dataset/Vinmec_2D/train/train_image/415.JPG,dataset/Vinmec_2D/train/train_label/label/415.PNG
Vinmec_2D_train_416,dataset/Vinmec_2D/train/train_image/416.JPG,dataset/Vinmec_2D/train/train_label/label/416.PNG
Vinmec_2D_train_417,dataset/Vinmec_2D/train/train_image/417.JPG,dataset/Vinmec_2D/train/train_label/label/417.PNG
Vinmec_2D_train_418,dataset/Vinmec_2D/train/train_image/418.JPG,dataset/Vinmec_2D/train/train_label/label/418.PNG
Vinmec_2D_train_419,dataset/Vinmec_2D/train/train_image/419.JPG,dataset/Vinmec_2D/train/train_label/label/419.PNG
Vinmec_2D_train_42,dataset/Vinmec_2D/train/train_image/42.JPG,dataset/Vinmec_2D/train/train_label/label/42.PNG
Vinmec_2D_train_420,dataset/Vinmec_2D/train/train_image/420.JPG,dataset/Vinmec_2D/train/train_label/label/420.PNG
Vinmec_2D_train_423,dataset/Vinmec_2D/train/train_image/423.JPG,dataset/Vinmec_2D/train/train_label/label/423.PNG
Vinmec_2D_train_424,dataset/Vinmec_2D/train/train_image/424.JPG,dataset/Vinmec_2D/train/train_label/label/424.PNG
Vinmec_2D_train_425,dataset/Vinmec_2D/train/train_image/425.JPG,dataset/Vinmec_2D/train/train_label/label/425.PNG
Vinmec_2D_train_426,dataset/Vinmec_2D/train/train_image/426.JPG,dataset/Vinmec_2D/train/train_label/label/426.PNG
Vinmec_2D_train_427,dataset/Vinmec_2D/train/train_image/427.JPG,dataset/Vinmec_2D/train/train_label/label/427.PNG
Vinmec_2D_train_428,dataset/Vinmec_2D/train/train_image/428.JPG,dataset/Vinmec_2D/train/train_label/label/428.PNG
Vinmec_2D_train_43,dataset/Vinmec_2D/train/train_image/43.JPG,dataset/Vinmec_2D/train/train_label/label/43.PNG
Vinmec_2D_train_432,dataset/Vinmec_2D/train/train_image/432.JPG,dataset/Vinmec_2D/train/train_label/label/432.PNG
Vinmec_2D_train_433,dataset/Vinmec_2D/train/train_image/433.JPG,dataset/Vinmec_2D/train/train_label/label/433.PNG
Vinmec_2D_train_434,dataset/Vinmec_2D/train/train_image/434.JPG,dataset/Vinmec_2D/train/train_label/label/434.PNG
Vinmec_2D_train_435,dataset/Vinmec_2D/train/train_image/435.JPG,dataset/Vinmec_2D/train/train_label/label/435.PNG
Vinmec_2D_train_437,dataset/Vinmec_2D/train/train_image/437.JPG,dataset/Vinmec_2D/train/train_label/label/437.PNG
Vinmec_2D_train_438,dataset/Vinmec_2D/train/train_image/438.JPG,dataset/Vinmec_2D/train/train_label/label/438.PNG
Vinmec_2D_train_439,dataset/Vinmec_2D/train/train_image/439.JPG,dataset/Vinmec_2D/train/train_label/label/439.PNG
Vinmec_2D_train_44,dataset/Vinmec_2D/train/train_image/44.JPG,dataset/Vinmec_2D/train/train_label/label/44.PNG
Vinmec_2D_train_444,dataset/Vinmec_2D/train/train_image/444.JPG,dataset/Vinmec_2D/train/train_label/label/444.PNG
Vinmec_2D_train_446,dataset/Vinmec_2D/train/train_image/446.JPG,dataset/Vinmec_2D/train/train_label/label/446.PNG
Vinmec_2D_train_447,dataset/Vinmec_2D/train/train_image/447.JPG,dataset/Vinmec_2D/train/train_label/label/447.PNG
Vinmec_2D_train_449,dataset/Vinmec_2D/train/train_image/449.JPG,dataset/Vinmec_2D/train/train_label/label/449.PNG
Vinmec_2D_train_45,dataset/Vinmec_2D/train/train_image/45.JPG,dataset/Vinmec_2D/train/train_label/label/45.PNG
Vinmec_2D_train_450,dataset/Vinmec_2D/train/train_image/450.JPG,dataset/Vinmec_2D/train/train_label/label/450.PNG
Vinmec_2D_train_451,dataset/Vinmec_2D/train/train_image/451.JPG,dataset/Vinmec_2D/train/train_label/label/451.PNG
Vinmec_2D_train_454,dataset/Vinmec_2D/train/train_image/454.JPG,dataset/Vinmec_2D/train/train_label/label/454.PNG
Vinmec_2D_train_455,dataset/Vinmec_2D/train/train_image/455.JPG,dataset/Vinmec_2D/train/train_label/label/455.PNG
Vinmec_2D_train_456,dataset/Vinmec_2D/train/train_image/456.JPG,dataset/Vinmec_2D/train/train_label/label/456.PNG
Vinmec_2D_train_458,dataset/Vinmec_2D/train/train_image/458.JPG,dataset/Vinmec_2D/train/train_label/label/458.PNG
Vinmec_2D_train_459,dataset/Vinmec_2D/train/train_image/459.JPG,dataset/Vinmec_2D/train/train_label/label/459.PNG
Vinmec_2D_train_46,dataset/Vinmec_2D/train/train_image/46.JPG,dataset/Vinmec_2D/train/train_label/label/46.PNG
Vinmec_2D_train_460,dataset/Vinmec_2D/train/train_image/460.JPG,dataset/Vinmec_2D/train/train_label/label/460.PNG
Vinmec_2D_train_461,dataset/Vinmec_2D/train/train_image/461.JPG,dataset/Vinmec_2D/train/train_label/label/461.PNG
Vinmec_2D_train_462,dataset/Vinmec_2D/train/train_image/462.JPG,dataset/Vinmec_2D/train/train_label/label/462.PNG
Vinmec_2D_train_463,dataset/Vinmec_2D/train/train_image/463.JPG,dataset/Vinmec_2D/train/train_label/label/463.PNG
Vinmec_2D_train_465,dataset/Vinmec_2D/train/train_image/465.JPG,dataset/Vinmec_2D/train/train_label/label/465.PNG
Vinmec_2D_train_466,dataset/Vinmec_2D/train/train_image/466.JPG,dataset/Vinmec_2D/train/train_label/label/466.PNG
Vinmec_2D_train_467,dataset/Vinmec_2D/train/train_image/467.JPG,dataset/Vinmec_2D/train/train_label/label/467.PNG
Vinmec_2D_train_469,dataset/Vinmec_2D/train/train_image/469.JPG,dataset/Vinmec_2D/train/train_label/label/469.PNG
Vinmec_2D_train_470,dataset/Vinmec_2D/train/train_image/470.JPG,dataset/Vinmec_2D/train/train_label/label/470.PNG
Vinmec_2D_train_471,dataset/Vinmec_2D/train/train_image/471.JPG,dataset/Vinmec_2D/train/train_label/label/471.PNG
Vinmec_2D_train_478,dataset/Vinmec_2D/train/train_image/478.JPG,dataset/Vinmec_2D/train/train_label/label/478.PNG
Vinmec_2D_train_479,dataset/Vinmec_2D/train/train_image/479.JPG,dataset/Vinmec_2D/train/train_label/label/479.PNG
Vinmec_2D_train_480,dataset/Vinmec_2D/train/train_image/480.JPG,dataset/Vinmec_2D/train/train_label/label/480.PNG
Vinmec_2D_train_481,dataset/Vinmec_2D/train/train_image/481.JPG,dataset/Vinmec_2D/train/train_label/label/481.PNG
Vinmec_2D_train_485,dataset/Vinmec_2D/train/train_image/485.JPG,dataset/Vinmec_2D/train/train_label/label/485.PNG
Vinmec_2D_train_486,dataset/Vinmec_2D/train/train_image/486.JPG,dataset/Vinmec_2D/train/train_label/label/486.PNG
Vinmec_2D_train_489,dataset/Vinmec_2D/train/train_image/489.JPG,dataset/Vinmec_2D/train/train_label/label/489.PNG
Vinmec_2D_train_49,dataset/Vinmec_2D/train/train_image/49.JPG,dataset/Vinmec_2D/train/train_label/label/49.PNG
Vinmec_2D_train_490,dataset/Vinmec_2D/train/train_image/490.JPG,dataset/Vinmec_2D/train/train_label/label/490.PNG
Vinmec_2D_train_491,dataset/Vinmec_2D/train/train_image/491.JPG,dataset/Vinmec_2D/train/train_label/label/491.PNG
Vinmec_2D_train_492,dataset/Vinmec_2D/train/train_image/492.JPG,dataset/Vinmec_2D/train/train_label/label/492.PNG
Vinmec_2D_train_497,dataset/Vinmec_2D/train/train_image/497.JPG,dataset/Vinmec_2D/train/train_label/label/497.PNG
Vinmec_2D_train_498,dataset/Vinmec_2D/train/train_image/498.JPG,dataset/Vinmec_2D/train/train_label/label/498.PNG
Vinmec_2D_train_499,dataset/Vinmec_2D/train/train_image/499.JPG,dataset/Vinmec_2D/train/train_label/label/499.PNG
Vinmec_2D_train_50,dataset/Vinmec_2D/train/train_image/50.JPG,dataset/Vinmec_2D/train/train_label/label/50.PNG
Vinmec_2D_train_500,dataset/Vinmec_2D/train/train_image/500.JPG,dataset/Vinmec_2D/train/train_label/label/500.PNG
Vinmec_2D_train_505,dataset/Vinmec_2D/train/train_image/505.JPG,dataset/Vinmec_2D/train/train_label/label/505.PNG
Vinmec_2D_train_51,dataset/Vinmec_2D/train/train_image/51.JPG,dataset/Vinmec_2D/train/train_label/label/51.PNG
Vinmec_2D_train_513,dataset/Vinmec_2D/train/train_image/513.JPG,dataset/Vinmec_2D/train/train_label/label/513.PNG
Vinmec_2D_train_518,dataset/Vinmec_2D/train/train_image/518.JPG,dataset/Vinmec_2D/train/train_label/label/518.PNG
Vinmec_2D_train_519,dataset/Vinmec_2D/train/train_image/519.JPG,dataset/Vinmec_2D/train/train_label/label/519.PNG
Vinmec_2D_train_52,dataset/Vinmec_2D/train/train_image/52.JPG,dataset/Vinmec_2D/train/train_label/label/52.PNG
Vinmec_2D_train_525,dataset/Vinmec_2D/train/train_image/525.JPG,dataset/Vinmec_2D/train/train_label/label/525.PNG
Vinmec_2D_train_526,dataset/Vinmec_2D/train/train_image/526.JPG,dataset/Vinmec_2D/train/train_label/label/526.PNG
Vinmec_2D_train_527,dataset/Vinmec_2D/train/train_image/527.JPG,dataset/Vinmec_2D/train/train_label/label/527.PNG
Vinmec_2D_train_53,dataset/Vinmec_2D/train/train_image/53.JPG,dataset/Vinmec_2D/train/train_label/label/53.PNG
Vinmec_2D_train_533,dataset/Vinmec_2D/train/train_image/533.JPG,dataset/Vinmec_2D/train/train_label/label/533.PNG
Vinmec_2D_train_537,dataset/Vinmec_2D/train/train_image/537.JPG,dataset/Vinmec_2D/train/train_label/label/537.PNG
Vinmec_2D_train_538,dataset/Vinmec_2D/train/train_image/538.JPG,dataset/Vinmec_2D/train/train_label/label/538.PNG
Vinmec_2D_train_54,dataset/Vinmec_2D/train/train_image/54.JPG,dataset/Vinmec_2D/train/train_label/label/54.PNG
Vinmec_2D_train_540,dataset/Vinmec_2D/train/train_image/540.JPG,dataset/Vinmec_2D/train/train_label/label/540.PNG
Vinmec_2D_train_541,dataset/Vinmec_2D/train/train_image/541.JPG,dataset/Vinmec_2D/train/train_label/label/541.PNG
Vinmec_2D_train_547,dataset/Vinmec_2D/train/train_image/547.JPG,dataset/Vinmec_2D/train/train_label/label/547.PNG
Vinmec_2D_train_55,dataset/Vinmec_2D/train/train_image/55.JPG,dataset/Vinmec_2D/train/train_label/label/55.PNG
Vinmec_2D_train_555,dataset/Vinmec_2D/train/train_image/555.JPG,dataset/Vinmec_2D/train/train_label/label/555.PNG
Vinmec_2D_train_556,dataset/Vinmec_2D/train/train_image/556.JPG,dataset/Vinmec_2D/train/train_label/label/556.PNG
Vinmec_2D_train_559,dataset/Vinmec_2D/train/train_image/559.JPG,dataset/Vinmec_2D/train/train_label/label/559.PNG
Vinmec_2D_train_56,dataset/Vinmec_2D/train/train_image/56.JPG,dataset/Vinmec_2D/train/train_label/label/56.PNG
Vinmec_2D_train_561,dataset/Vinmec_2D/train/train_image/561.JPG,dataset/Vinmec_2D/train/train_label/label/561.PNG
Vinmec_2D_train_562,dataset/Vinmec_2D/train/train_image/562.JPG,dataset/Vinmec_2D/train/train_label/label/562.PNG
Vinmec_2D_train_563,dataset/Vinmec_2D/train/train_image/563.JPG,dataset/Vinmec_2D/train/train_label/label/563.PNG
Vinmec_2D_train_564,dataset/Vinmec_2D/train/train_image/564.JPG,dataset/Vinmec_2D/train/train_label/label/564.PNG
Vinmec_2D_train_565,dataset/Vinmec_2D/train/train_image/565.JPG,dataset/Vinmec_2D/train/train_label/label/565.PNG
Vinmec_2D_train_569,dataset/Vinmec_2D/train/train_image/569.JPG,dataset/Vinmec_2D/train/train_label/label/569.PNG
Vinmec_2D_train_57,dataset/Vinmec_2D/train/train_image/57.JPG,dataset/Vinmec_2D/train/train_label/label/57.PNG
Vinmec_2D_train_570,dataset/Vinmec_2D/train/train_image/570.JPG,dataset/Vinmec_2D/train/train_label/label/570.PNG
Vinmec_2D_train_571,dataset/Vinmec_2D/train/train_image/571.JPG,dataset/Vinmec_2D/train/train_label/label/571.PNG
Vinmec_2D_train_575,dataset/Vinmec_2D/train/train_image/575.JPG,dataset/Vinmec_2D/train/train_label/label/575.PNG
Vinmec_2D_train_576,dataset/Vinmec_2D/train/train_image/576.JPG,dataset/Vinmec_2D/train/train_label/label/576.PNG
Vinmec_2D_train_577,dataset/Vinmec_2D/train/train_image/577.JPG,dataset/Vinmec_2D/train/train_label/label/577.PNG
Vinmec_2D_train_578,dataset/Vinmec_2D/train/train_image/578.JPG,dataset/Vinmec_2D/train/train_label/label/578.PNG
Vinmec_2D_train_579,dataset/Vinmec_2D/train/train_image/579.JPG,dataset/Vinmec_2D/train/train_label/label/579.PNG
Vinmec_2D_train_58,dataset/Vinmec_2D/train/train_image/58.JPG,dataset/Vinmec_2D/train/train_label/label/58.PNG
Vinmec_2D_train_583,dataset/Vinmec_2D/train/train_image/583.JPG,dataset/Vinmec_2D/train/train_label/label/583.PNG
Vinmec_2D_train_584,dataset/Vinmec_2D/train/train_image/584.JPG,dataset/Vinmec_2D/train/train_label/label/584.PNG
Vinmec_2D_train_586,dataset/Vinmec_2D/train/train_image/586.JPG,dataset/Vinmec_2D/train/train_label/label/586.PNG
Vinmec_2D_train_589,dataset/Vinmec_2D/train/train_image/589.JPG,dataset/Vinmec_2D/train/train_label/label/589.PNG
Vinmec_2D_train_59,dataset/Vinmec_2D/train/train_image/59.JPG,dataset/Vinmec_2D/train/train_label/label/59.PNG
Vinmec_2D_train_590,dataset/Vinmec_2D/train/train_image/590.JPG,dataset/Vinmec_2D/train/train_label/label/590.PNG
Vinmec_2D_train_593,dataset/Vinmec_2D/train/train_image/593.JPG,dataset/Vinmec_2D/train/train_label/label/593.PNG
Vinmec_2D_train_596,dataset/Vinmec_2D/train/train_image/596.JPG,dataset/Vinmec_2D/train/train_label/label/596.PNG
Vinmec_2D_train_597,dataset/Vinmec_2D/train/train_image/597.JPG,dataset/Vinmec_2D/train/train_label/label/597.PNG
Vinmec_2D_train_598,dataset/Vinmec_2D/train/train_image/598.JPG,dataset/Vinmec_2D/train/train_label/label/598.PNG
Vinmec_2D_train_599,dataset/Vinmec_2D/train/train_image/599.JPG,dataset/Vinmec_2D/train/train_label/label/599.PNG
Vinmec_2D_train_6,dataset/Vinmec_2D/train/train_image/6.JPG,dataset/Vinmec_2D/train/train_label/label/6.PNG
Vinmec_2D_train_60,dataset/Vinmec_2D/train/train_image/60.JPG,dataset/Vinmec_2D/train/train_label/label/60.PNG
Vinmec_2D_train_601,dataset/Vinmec_2D/train/train_image/601.JPG,dataset/Vinmec_2D/train/train_label/label/601.PNG
Vinmec_2D_train_603,dataset/Vinmec_2D/train/train_image/603.JPG,dataset/Vinmec_2D/train/train_label/label/603.PNG
Vinmec_2D_train_604,dataset/Vinmec_2D/train/train_image/604.JPG,dataset/Vinmec_2D/train/train_label/label/604.PNG
Vinmec_2D_train_605,dataset/Vinmec_2D/train/train_image/605.JPG,dataset/Vinmec_2D/train/train_label/label/605.PNG
Vinmec_2D_train_607,dataset/Vinmec_2D/train/train_image/607.JPG,dataset/Vinmec_2D/train/train_label/label/607.PNG
Vinmec_2D_train_608,dataset/Vinmec_2D/train/train_image/608.JPG,dataset/Vinmec_2D/train/train_label/label/608.PNG
Vinmec_2D_train_61,dataset/Vinmec_2D/train/train_image/61.JPG,dataset/Vinmec_2D/train/train_label/label/61.PNG
Vinmec_2D_train_611,dataset/Vinmec_2D/train/train_image/611.JPG,dataset/Vinmec_2D/train/train_label/label/611.PNG
Vinmec_2D_train_612,dataset/Vinmec_2D/train/train_image/612.JPG,dataset/Vinmec_2D/train/train_label/label/612.PNG
Vinmec_2D_train_613,dataset/Vinmec_2D/train/train_image/613.JPG,dataset/Vinmec_2D/train/train_label/label/613.PNG
Vinmec_2D_train_615,dataset/Vinmec_2D/train/train_image/615.JPG,dataset/Vinmec_2D/train/train_label/label/615.PNG
Vinmec_2D_train_616,dataset/Vinmec_2D/train/train_image/616.JPG,dataset/Vinmec_2D/train/train_label/label/616.PNG
Vinmec_2D_train_617,dataset/Vinmec_2D/train/train_image/617.JPG,dataset/Vinmec_2D/train/train_label/label/617.PNG
Vinmec_2D_train_618,dataset/Vinmec_2D/train/train_image/618.JPG,dataset/Vinmec_2D/train/train_label/label/618.PNG
Vinmec_2D_train_619,dataset/Vinmec_2D/train/train_image/619.JPG,dataset/Vinmec_2D/train/train_label/label/619.PNG
Vinmec_2D_train_62,dataset/Vinmec_2D/train/train_image/62.JPG,dataset/Vinmec_2D/train/train_label/label/62.PNG
Vinmec_2D_train_622,dataset/Vinmec_2D/train/train_image/622.JPG,dataset/Vinmec_2D/train/train_label/label/622.PNG
Vinmec_2D_train_624,dataset/Vinmec_2D/train/train_image/624.JPG,dataset/Vinmec_2D/train/train_label/label/624.PNG
Vinmec_2D_train_625,dataset/Vinmec_2D/train/train_image/625.JPG,dataset/Vinmec_2D/train/train_label/label/625.PNG
Vinmec_2D_train_628,dataset/Vinmec_2D/train/train_image/628.JPG,dataset/Vinmec_2D/train/train_label/label/628.PNG
Vinmec_2D_train_629,dataset/Vinmec_2D/train/train_image/629.JPG,dataset/Vinmec_2D/train/train_label/label/629.PNG
Vinmec_2D_train_630,dataset/Vinmec_2D/train/train_image/630.JPG,dataset/Vinmec_2D/train/train_label/label/630.PNG
Vinmec_2D_train_634,dataset/Vinmec_2D/train/train_image/634.JPG,dataset/Vinmec_2D/train/train_label/label/634.PNG
Vinmec_2D_train_635,dataset/Vinmec_2D/train/train_image/635.JPG,dataset/Vinmec_2D/train/train_label/label/635.PNG
Vinmec_2D_train_637,dataset/Vinmec_2D/train/train_image/637.JPG,dataset/Vinmec_2D/train/train_label/label/637.PNG
Vinmec_2D_train_641,dataset/Vinmec_2D/train/train_image/641.JPG,dataset/Vinmec_2D/train/train_label/label/641.PNG
Vinmec_2D_train_642,dataset/Vinmec_2D/train/train_image/642.JPG,dataset/Vinmec_2D/train/train_label/label/642.PNG
Vinmec_2D_train_643,dataset/Vinmec_2D/train/train_image/643.JPG,dataset/Vinmec_2D/train/train_label/label/643.PNG
Vinmec_2D_train_645,dataset/Vinmec_2D/train/train_image/645.JPG,dataset/Vinmec_2D/train/train_label/label/645.PNG
Vinmec_2D_train_646,dataset/Vinmec_2D/train/train_image/646.JPG,dataset/Vinmec_2D/train/train_label/label/646.PNG
Vinmec_2D_train_647,dataset/Vinmec_2D/train/train_image/647.JPG,dataset/Vinmec_2D/train/train_label/label/647.PNG
Vinmec_2D_train_65,dataset/Vinmec_2D/train/train_image/65.JPG,dataset/Vinmec_2D/train/train_label/label/65.PNG
Vinmec_2D_train_654,dataset/Vinmec_2D/train/train_image/654.JPG,dataset/Vinmec_2D/train/train_label/label/654.PNG
Vinmec_2D_train_655,dataset/Vinmec_2D/train/train_image/655.JPG,dataset/Vinmec_2D/train/train_label/label/655.PNG
Vinmec_2D_train_66,dataset/Vinmec_2D/train/train_image/66.JPG,dataset/Vinmec_2D/train/train_label/label/66.PNG
Vinmec_2D_train_666,dataset/Vinmec_2D/train/train_image/666.JPG,dataset/Vinmec_2D/train/train_label/label/666.PNG
Vinmec_2D_train_667,dataset/Vinmec_2D/train/train_image/667.JPG,dataset/Vinmec_2D/train/train_label/label/667.PNG
Vinmec_2D_train_668,dataset/Vinmec_2D/train/train_image/668.JPG,dataset/Vinmec_2D/train/train_label/label/668.PNG
Vinmec_2D_train_669,dataset/Vinmec_2D/train/train_image/669.JPG,dataset/Vinmec_2D/train/train_label/label/669.PNG
Vinmec_2D_train_67,dataset/Vinmec_2D/train/train_image/67.JPG,dataset/Vinmec_2D/train/train_label/label/67.PNG
Vinmec_2D_train_670,dataset/Vinmec_2D/train/train_image/670.JPG,dataset/Vinmec_2D/train/train_label/label/670.PNG
Vinmec_2D_train_673,dataset/Vinmec_2D/train/train_image/673.JPG,dataset/Vinmec_2D/train/train_label/label/673.PNG
Vinmec_2D_train_674,dataset/Vinmec_2D/train/train_image/674.JPG,dataset/Vinmec_2D/train/train_label/label/674.PNG
Vinmec_2D_train_675,dataset/Vinmec_2D/train/train_image/675.JPG,dataset/Vinmec_2D/train/train_label/label/675.PNG
Vinmec_2D_train_676,dataset/Vinmec_2D/train/train_image/676.JPG,dataset/Vinmec_2D/train/train_label/label/676.PNG
Vinmec_2D_train_677,dataset/Vinmec_2D/train/train_image/677.JPG,dataset/Vinmec_2D/train/train_label/label/677.PNG
Vinmec_2D_train_678,dataset/Vinmec_2D/train/train_image/678.JPG,dataset/Vinmec_2D/train/train_label/label/678.PNG
Vinmec_2D_train_68,dataset/Vinmec_2D/train/train_image/68.JPG,dataset/Vinmec_2D/train/train_label/label/68.PNG
Vinmec_2D_train_680,dataset/Vinmec_2D/train/train_image/680.JPG,dataset/Vinmec_2D/train/train_label/label/680.PNG
Vinmec_2D_train_681,dataset/Vinmec_2D/train/train_image/681.JPG,dataset/Vinmec_2D/train/train_label/label/681.PNG
Vinmec_2D_train_683,dataset/Vinmec_2D/train/train_image/683.JPG,dataset/Vinmec_2D/train/train_label/label/683.PNG
Vinmec_2D_train_684,dataset/Vinmec_2D/train/train_image/684.JPG,dataset/Vinmec_2D/train/train_label/label/684.PNG
Vinmec_2D_train_69,dataset/Vinmec_2D/train/train_image/69.JPG,dataset/Vinmec_2D/train/train_label/label/69.PNG
Vinmec_2D_train_692,dataset/Vinmec_2D/train/train_image/692.JPG,dataset/Vinmec_2D/train/train_label/label/692.PNG
Vinmec_2D_train_695,dataset/Vinmec_2D/train/train_image/695.JPG,dataset/Vinmec_2D/train/train_label/label/695.PNG
Vinmec_2D_train_696,dataset/Vinmec_2D/train/train_image/696.JPG,dataset/Vinmec_2D/train/train_label/label/696.PNG
Vinmec_2D_train_697,dataset/Vinmec_2D/train/train_image/697.JPG,dataset/Vinmec_2D/train/train_label/label/697.PNG
Vinmec_2D_train_698,dataset/Vinmec_2D/train/train_image/698.JPG,dataset/Vinmec_2D/train/train_label/label/698.PNG
Vinmec_2D_train_7,dataset/Vinmec_2D/train/train_image/7.JPG,dataset/Vinmec_2D/train/train_label/label/7.PNG
Vinmec_2D_train_702,dataset/Vinmec_2D/train/train_image/702.JPG,dataset/Vinmec_2D/train/train_label/label/702.PNG
Vinmec_2D_train_706,dataset/Vinmec_2D/train/train_image/706.JPG,dataset/Vinmec_2D/train/train_label/label/706.PNG
Vinmec_2D_train_708,dataset/Vinmec_2D/train/train_image/708.JPG,dataset/Vinmec_2D/train/train_label/label/708.PNG
Vinmec_2D_train_709,dataset/Vinmec_2D/train/train_image/709.JPG,dataset/Vinmec_2D/train/train_label/label/709.PNG
Vinmec_2D_train_710,dataset/Vinmec_2D/train/train_image/710.JPG,dataset/Vinmec_2D/train/train_label/label/710.PNG
Vinmec_2D_train_711,dataset/Vinmec_2D/train/train_image/711.JPG,dataset/Vinmec_2D/train/train_label/label/711.PNG
Vinmec_2D_train_712,dataset/Vinmec_2D/train/train_image/712.JPG,dataset/Vinmec_2D/train/train_label/label/712.PNG
Vinmec_2D_train_713,dataset/Vinmec_2D/train/train_image/713.JPG,dataset/Vinmec_2D/train/train_label/label/713.PNG
Vinmec_2D_train_715,dataset/Vinmec_2D/train/train_image/715.JPG,dataset/Vinmec_2D/train/train_label/label/715.PNG
Vinmec_2D_train_716,dataset/Vinmec_2D/train/train_image/716.JPG,dataset/Vinmec_2D/train/train_label/label/716.PNG
Vinmec_2D_train_717,dataset/Vinmec_2D/train/train_image/717.JPG,dataset/Vinmec_2D/train/train_label/label/717.PNG
Vinmec_2D_train_719,dataset/Vinmec_2D/train/train_image/719.JPG,dataset/Vinmec_2D/train/train_label/label/719.PNG
Vinmec_2D_train_72,dataset/Vinmec_2D/train/train_image/72.JPG,dataset/Vinmec_2D/train/train_label/label/72.PNG
Vinmec_2D_train_720,dataset/Vinmec_2D/train/train_image/720.JPG,dataset/Vinmec_2D/train/train_label/label/720.PNG
Vinmec_2D_train_721,dataset/Vinmec_2D/train/train_image/721.JPG,dataset/Vinmec_2D/train/train_label/label/721.PNG
Vinmec_2D_train_722,dataset/Vinmec_2D/train/train_image/722.JPG,dataset/Vinmec_2D/train/train_label/label/722.PNG
Vinmec_2D_train_723,dataset/Vinmec_2D/train/train_image/723.JPG,dataset/Vinmec_2D/train/train_label/label/723.PNG
Vinmec_2D_train_724,dataset/Vinmec_2D/train/train_image/724.JPG,dataset/Vinmec_2D/train/train_label/label/724.PNG
Vinmec_2D_train_725,dataset/Vinmec_2D/train/train_image/725.JPG,dataset/Vinmec_2D/train/train_label/label/725.PNG
Vinmec_2D_train_726,dataset/Vinmec_2D/train/train_image/726.JPG,dataset/Vinmec_2D/train/train_label/label/726.PNG
Vinmec_2D_train_727,dataset/Vinmec_2D/train/train_image/727.JPG,dataset/Vinmec_2D/train/train_label/label/727.PNG
Vinmec_2D_train_728,dataset/Vinmec_2D/train/train_image/728.JPG,dataset/Vinmec_2D/train/train_label/label/728.PNG
Vinmec_2D_train_729,dataset/Vinmec_2D/train/train_image/729.JPG,dataset/Vinmec_2D/train/train_label/label/729.PNG
Vinmec_2D_train_730,dataset/Vinmec_2D/train/train_image/730.JPG,dataset/Vinmec_2D/train/train_label/label/730.PNG
Vinmec_2D_train_731,dataset/Vinmec_2D/train/train_image/731.JPG,dataset/Vinmec_2D/train/train_label/label/731.PNG
Vinmec_2D_train_733,dataset/Vinmec_2D/train/train_image/733.JPG,dataset/Vinmec_2D/train/train_label/label/733.PNG
Vinmec_2D_train_734,dataset/Vinmec_2D/train/train_image/734.JPG,dataset/Vinmec_2D/train/train_label/label/734.PNG
Vinmec_2D_train_736,dataset/Vinmec_2D/train/train_image/736.JPG,dataset/Vinmec_2D/train/train_label/label/736.PNG
Vinmec_2D_train_737,dataset/Vinmec_2D/train/train_image/737.JPG,dataset/Vinmec_2D/train/train_label/label/737.PNG
Vinmec_2D_train_738,dataset/Vinmec_2D/train/train_image/738.JPG,dataset/Vinmec_2D/train/train_label/label/738.PNG
Vinmec_2D_train_739,dataset/Vinmec_2D/train/train_image/739.JPG,dataset/Vinmec_2D/train/train_label/label/739.PNG
Vinmec_2D_train_742,dataset/Vinmec_2D/train/train_image/742.JPG,dataset/Vinmec_2D/train/train_label/label/742.PNG
Vinmec_2D_train_744,dataset/Vinmec_2D/train/train_image/744.JPG,dataset/Vinmec_2D/train/train_label/label/744.PNG
Vinmec_2D_train_745,dataset/Vinmec_2D/train/train_image/745.JPG,dataset/Vinmec_2D/train/train_label/label/745.PNG
Vinmec_2D_train_746,dataset/Vinmec_2D/train/train_image/746.JPG,dataset/Vinmec_2D/train/train_label/label/746.PNG
Vinmec_2D_train_749,dataset/Vinmec_2D/train/train_image/749.JPG,dataset/Vinmec_2D/train/train_label/label/749.PNG
Vinmec_2D_train_750,dataset/Vinmec_2D/train/train_image/750.JPG,dataset/Vinmec_2D/train/train_label/label/750.PNG
Vinmec_2D_train_753,dataset/Vinmec_2D/train/train_image/753.JPG,dataset/Vinmec_2D/train/train_label/label/753.PNG
Vinmec_2D_train_754,dataset/Vinmec_2D/train/train_image/754.JPG,dataset/Vinmec_2D/train/train_label/label/754.PNG
Vinmec_2D_train_755,dataset/Vinmec_2D/train/train_image/755.JPG,dataset/Vinmec_2D/train/train_label/label/755.PNG
Vinmec_2D_train_756,dataset/Vinmec_2D/train/train_image/756.JPG,dataset/Vinmec_2D/train/train_label/label/756.PNG
Vinmec_2D_train_757,dataset/Vinmec_2D/train/train_image/757.JPG,dataset/Vinmec_2D/train/train_label/label/757.PNG
Vinmec_2D_train_758,dataset/Vinmec_2D/train/train_image/758.JPG,dataset/Vinmec_2D/train/train_label/label/758.PNG
Vinmec_2D_train_759,dataset/Vinmec_2D/train/train_image/759.JPG,dataset/Vinmec_2D/train/train_label/label/759.PNG
Vinmec_2D_train_760,dataset/Vinmec_2D/train/train_image/760.JPG,dataset/Vinmec_2D/train/train_label/label/760.PNG
Vinmec_2D_train_761,dataset/Vinmec_2D/train/train_image/761.JPG,dataset/Vinmec_2D/train/train_label/label/761.PNG
Vinmec_2D_train_763,dataset/Vinmec_2D/train/train_image/763.JPG,dataset/Vinmec_2D/train/train_label/label/763.PNG
Vinmec_2D_train_764,dataset/Vinmec_2D/train/train_image/764.JPG,dataset/Vinmec_2D/train/train_label/label/764.PNG
Vinmec_2D_train_765,dataset/Vinmec_2D/train/train_image/765.JPG,dataset/Vinmec_2D/train/train_label/label/765.PNG
Vinmec_2D_train_766,dataset/Vinmec_2D/train/train_image/766.JPG,dataset/Vinmec_2D/train/train_label/label/766.PNG
Vinmec_2D_train_767,dataset/Vinmec_2D/train/train_image/767.JPG,dataset/Vinmec_2D/train/train_label/label/767.PNG
Vinmec_2D_train_768,dataset/Vinmec_2D/train/train_image/768.JPG,dataset/Vinmec_2D/train/train_label/label/768.PNG
Vinmec_2D_train_769,dataset/Vinmec_2D/train/train_image/769.JPG,dataset/Vinmec_2D/train/train_label/label/769.PNG
Vinmec_2D_train_77,dataset/Vinmec_2D/train/train_image/77.JPG,dataset/Vinmec_2D/train/train_label/label/77.PNG
Vinmec_2D_train_771,dataset/Vinmec_2D/train/train_image/771.JPG,dataset/Vinmec_2D/train/train_label/label/771.PNG
Vinmec_2D_train_772,dataset/Vinmec_2D/train/train_image/772.JPG,dataset/Vinmec_2D/train/train_label/label/772.PNG
Vinmec_2D_train_774,dataset/Vinmec_2D/train/train_image/774.JPG,dataset/Vinmec_2D/train/train_label/label/774.PNG
Vinmec_2D_train_775,dataset/Vinmec_2D/train/train_image/775.JPG,dataset/Vinmec_2D/train/train_label/label/775.PNG
Vinmec_2D_train_777,dataset/Vinmec_2D/train/train_image/777.JPG,dataset/Vinmec_2D/train/train_label/label/777.PNG
Vinmec_2D_train_78,dataset/Vinmec_2D/train/train_image/78.JPG,dataset/Vinmec_2D/train/train_label/label/78.PNG
Vinmec_2D_train_780,dataset/Vinmec_2D/train/train_image/780.JPG,dataset/Vinmec_2D/train/train_label/label/780.PNG
Vinmec_2D_train_781,dataset/Vinmec_2D/train/train_image/781.JPG,dataset/Vinmec_2D/train/train_label/label/781.PNG
Vinmec_2D_train_785,dataset/Vinmec_2D/train/train_image/785.JPG,dataset/Vinmec_2D/train/train_label/label/785.PNG
Vinmec_2D_train_786,dataset/Vinmec_2D/train/train_image/786.JPG,dataset/Vinmec_2D/train/train_label/label/786.PNG
Vinmec_2D_train_787,dataset/Vinmec_2D/train/train_image/787.JPG,dataset/Vinmec_2D/train/train_label/label/787.PNG
Vinmec_2D_train_788,dataset/Vinmec_2D/train/train_image/788.JPG,dataset/Vinmec_2D/train/train_label/label/788.PNG
Vinmec_2D_train_79,dataset/Vinmec_2D/train/train_image/79.JPG,dataset/Vinmec_2D/train/train_label/label/79.PNG
Vinmec_2D_train_794,dataset/Vinmec_2D/train/train_image/794.JPG,dataset/Vinmec_2D/train/train_label/label/794.PNG
Vinmec_2D_train_795,dataset/Vinmec_2D/train/train_image/795.JPG,dataset/Vinmec_2D/train/train_label/label/795.PNG
Vinmec_2D_train_796,dataset/Vinmec_2D/train/train_image/796.JPG,dataset/Vinmec_2D/train/train_label/label/796.PNG
Vinmec_2D_train_797,dataset/Vinmec_2D/train/train_image/797.JPG,dataset/Vinmec_2D/train/train_label/label/797.PNG
Vinmec_2D_train_798,dataset/Vinmec_2D/train/train_image/798.JPG,dataset/Vinmec_2D/train/train_label/label/798.PNG
Vinmec_2D_train_799,dataset/Vinmec_2D/train/train_image/799.JPG,dataset/Vinmec_2D/train/train_label/label/799.PNG
Vinmec_2D_train_80,dataset/Vinmec_2D/train/train_image/80.JPG,dataset/Vinmec_2D/train/train_label/label/80.PNG
Vinmec_2D_train_801,dataset/Vinmec_2D/train/train_image/801.JPG,dataset/Vinmec_2D/train/train_label/label/801.PNG
Vinmec_2D_train_803,dataset/Vinmec_2D/train/train_image/803.JPG,dataset/Vinmec_2D/train/train_label/label/803.PNG
Vinmec_2D_train_805,dataset/Vinmec_2D/train/train_image/805.JPG,dataset/Vinmec_2D/train/train_label/label/805.PNG
Vinmec_2D_train_81,dataset/Vinmec_2D/train/train_image/81.JPG,dataset/Vinmec_2D/train/train_label/label/81.PNG
Vinmec_2D_train_811,dataset/Vinmec_2D/train/train_image/811.JPG,dataset/Vinmec_2D/train/train_label/label/811.PNG
Vinmec_2D_train_812,dataset/Vinmec_2D/train/train_image/812.JPG,dataset/Vinmec_2D/train/train_label/label/812.PNG
Vinmec_2D_train_813,dataset/Vinmec_2D/train/train_image/813.JPG,dataset/Vinmec_2D/train/train_label/label/813.PNG
Vinmec_2D_train_814,dataset/Vinmec_2D/train/train_image/814.JPG,dataset/Vinmec_2D/train/train_label/label/814.PNG
Vinmec_2D_train_815,dataset/Vinmec_2D/train/train_image/815.JPG,dataset/Vinmec_2D/train/train_label/label/815.PNG
Vinmec_2D_train_818,dataset/Vinmec_2D/train/train_image/818.JPG,dataset/Vinmec_2D/train/train_label/label/818.PNG
Vinmec_2D_train_819,dataset/Vinmec_2D/train/train_image/819.JPG,dataset/Vinmec_2D/train/train_label/label/819.PNG
Vinmec_2D_train_82,dataset/Vinmec_2D/train/train_image/82.JPG,dataset/Vinmec_2D/train/train_label/label/82.PNG
Vinmec_2D_train_820,dataset/Vinmec_2D/train/train_image/820.JPG,dataset/Vinmec_2D/train/train_label/label/820.PNG
Vinmec_2D_train_822,dataset/Vinmec_2D/train/train_image/822.JPG,dataset/Vinmec_2D/train/train_label/label/822.PNG
Vinmec_2D_train_823,dataset/Vinmec_2D/train/train_image/823.JPG,dataset/Vinmec_2D/train/train_label/label/823.PNG
Vinmec_2D_train_824,dataset/Vinmec_2D/train/train_image/824.JPG,dataset/Vinmec_2D/train/train_label/label/824.PNG
Vinmec_2D_train_827,dataset/Vinmec_2D/train/train_image/827.JPG,dataset/Vinmec_2D/train/train_label/label/827.PNG
Vinmec_2D_train_828,dataset/Vinmec_2D/train/train_image/828.JPG,dataset/Vinmec_2D/train/train_label/label/828.PNG
Vinmec_2D_train_829,dataset/Vinmec_2D/train/train_image/829.JPG,dataset/Vinmec_2D/train/train_label/label/829.PNG
Vinmec_2D_train_830,dataset/Vinmec_2D/train/train_image/830.JPG,dataset/Vinmec_2D/train/train_label/label/830.PNG
Vinmec_2D_train_831,dataset/Vinmec_2D/train/train_image/831.JPG,dataset/Vinmec_2D/train/train_label/label/831.PNG
Vinmec_2D_train_832,dataset/Vinmec_2D/train/train_image/832.JPG,dataset/Vinmec_2D/train/train_label/label/832.PNG
Vinmec_2D_train_833,dataset/Vinmec_2D/train/train_image/833.JPG,dataset/Vinmec_2D/train/train_label/label/833.PNG
Vinmec_2D_train_834,dataset/Vinmec_2D/train/train_image/834.JPG,dataset/Vinmec_2D/train/train_label/label/834.PNG
Vinmec_2D_train_835,dataset/Vinmec_2D/train/train_image/835.JPG,dataset/Vinmec_2D/train/train_label/label/835.PNG
Vinmec_2D_train_836,dataset/Vinmec_2D/train/train_image/836.JPG,dataset/Vinmec_2D/train/train_label/label/836.PNG
Vinmec_2D_train_838,dataset/Vinmec_2D/train/train_image/838.JPG,dataset/Vinmec_2D/train/train_label/label/838.PNG
Vinmec_2D_train_839,dataset/Vinmec_2D/train/train_image/839.JPG,dataset/Vinmec_2D/train/train_label/label/839.PNG
Vinmec_2D_train_840,dataset/Vinmec_2D/train/train_image/840.JPG,dataset/Vinmec_2D/train/train_label/label/840.PNG
Vinmec_2D_train_841,dataset/Vinmec_2D/train/train_image/841.JPG,dataset/Vinmec_2D/train/train_label/label/841.PNG
Vinmec_2D_train_843,dataset/Vinmec_2D/train/train_image/843.JPG,dataset/Vinmec_2D/train/train_label/label/843.PNG
Vinmec_2D_train_845,dataset/Vinmec_2D/train/train_image/845.JPG,dataset/Vinmec_2D/train/train_label/label/845.PNG
Vinmec_2D_train_846,dataset/Vinmec_2D/train/train_image/846.JPG,dataset/Vinmec_2D/train/train_label/label/846.PNG
Vinmec_2D_train_848,dataset/Vinmec_2D/train/train_image/848.JPG,dataset/Vinmec_2D/train/train_label/label/848.PNG
Vinmec_2D_train_849,dataset/Vinmec_2D/train/train_image/849.JPG,dataset/Vinmec_2D/train/train_label/label/849.PNG
Vinmec_2D_train_85,dataset/Vinmec_2D/train/train_image/85.JPG,dataset/Vinmec_2D/train/train_label/label/85.PNG
Vinmec_2D_train_850,dataset/Vinmec_2D/train/train_image/850.JPG,dataset/Vinmec_2D/train/train_label/label/850.PNG
Vinmec_2D_train_851,dataset/Vinmec_2D/train/train_image/851.JPG,dataset/Vinmec_2D/train/train_label/label/851.PNG
Vinmec_2D_train_852,dataset/Vinmec_2D/train/train_image/852.JPG,dataset/Vinmec_2D/train/train_label/label/852.PNG
Vinmec_2D_train_853,dataset/Vinmec_2D/train/train_image/853.JPG,dataset/Vinmec_2D/train/train_label/label/853.PNG
Vinmec_2D_train_855,dataset/Vinmec_2D/train/train_image/855.JPG,dataset/Vinmec_2D/train/train_label/label/855.PNG
Vinmec_2D_train_857,dataset/Vinmec_2D/train/train_image/857.JPG,dataset/Vinmec_2D/train/train_label/label/857.PNG
Vinmec_2D_train_858,dataset/Vinmec_2D/train/train_image/858.JPG,dataset/Vinmec_2D/train/train_label/label/858.PNG
Vinmec_2D_train_859,dataset/Vinmec_2D/train/train_image/859.JPG,dataset/Vinmec_2D/train/train_label/label/859.PNG
Vinmec_2D_train_86,dataset/Vinmec_2D/train/train_image/86.JPG,dataset/Vinmec_2D/train/train_label/label/86.PNG
Vinmec_2D_train_860,dataset/Vinmec_2D/train/train_image/860.JPG,dataset/Vinmec_2D/train/train_label/label/860.PNG
Vinmec_2D_train_861,dataset/Vinmec_2D/train/train_image/861.JPG,dataset/Vinmec_2D/train/train_label/label/861.PNG
Vinmec_2D_train_865,dataset/Vinmec_2D/train/train_image/865.JPG,dataset/Vinmec_2D/train/train_label/label/865.PNG
Vinmec_2D_train_866,dataset/Vinmec_2D/train/train_image/866.JPG,dataset/Vinmec_2D/train/train_label/label/866.PNG
Vinmec_2D_train_867,dataset/Vinmec_2D/train/train_image/867.JPG,dataset/Vinmec_2D/train/train_label/label/867.PNG
Vinmec_2D_train_869,dataset/Vinmec_2D/train/train_image/869.JPG,dataset/Vinmec_2D/train/train_label/label/869.PNG
Vinmec_2D_train_871,dataset/Vinmec_2D/train/train_image/871.JPG,dataset/Vinmec_2D/train/train_label/label/871.PNG
Vinmec_2D_train_873,dataset/Vinmec_2D/train/train_image/873.JPG,dataset/Vinmec_2D/train/train_label/label/873.PNG
Vinmec_2D_train_874,dataset/Vinmec_2D/train/train_image/874.JPG,dataset/Vinmec_2D/train/train_label/label/874.PNG
Vinmec_2D_train_875,dataset/Vinmec_2D/train/train_image/875.JPG,dataset/Vinmec_2D/train/train_label/label/875.PNG
Vinmec_2D_train_876,dataset/Vinmec_2D/train/train_image/876.JPG,dataset/Vinmec_2D/train/train_label/label/876.PNG
Vinmec_2D_train_879,dataset/Vinmec_2D/train/train_image/879.JPG,dataset/Vinmec_2D/train/train_label/label/879.PNG
Vinmec_2D_train_880,dataset/Vinmec_2D/train/train_image/880.JPG,dataset/Vinmec_2D/train/train_label/label/880.PNG
Vinmec_2D_train_881,dataset/Vinmec_2D/train/train_image/881.JPG,dataset/Vinmec_2D/train/train_label/label/881.PNG
Vinmec_2D_train_885,dataset/Vinmec_2D/train/train_image/885.JPG,dataset/Vinmec_2D/train/train_label/label/885.PNG
Vinmec_2D_train_886,dataset/Vinmec_2D/train/train_image/886.JPG,dataset/Vinmec_2D/train/train_label/label/886.PNG
Vinmec_2D_train_891,dataset/Vinmec_2D/train/train_image/891.JPG,dataset/Vinmec_2D/train/train_label/label/891.PNG
Vinmec_2D_train_892,dataset/Vinmec_2D/train/train_image/892.JPG,dataset/Vinmec_2D/train/train_label/label/892.PNG
Vinmec_2D_train_893,dataset/Vinmec_2D/train/train_image/893.JPG,dataset/Vinmec_2D/train/train_label/label/893.PNG
Vinmec_2D_train_895,dataset/Vinmec_2D/train/train_image/895.JPG,dataset/Vinmec_2D/train/train_label/label/895.PNG
Vinmec_2D_train_9,dataset/Vinmec_2D/train/train_image/9.JPG,dataset/Vinmec_2D/train/train_label/label/9.PNG
Vinmec_2D_train_900,dataset/Vinmec_2D/train/train_image/900.JPG,dataset/Vinmec_2D/train/train_label/label/900.PNG
Vinmec_2D_train_901,dataset/Vinmec_2D/train/train_image/901.JPG,dataset/Vinmec_2D/train/train_label/label/901.PNG
Vinmec_2D_train_902,dataset/Vinmec_2D/train/train_image/902.JPG,dataset/Vinmec_2D/train/train_label/label/902.PNG
Vinmec_2D_train_903,dataset/Vinmec_2D/train/train_image/903.JPG,dataset/Vinmec_2D/train/train_label/label/903.PNG
Vinmec_2D_train_907,dataset/Vinmec_2D/train/train_image/907.JPG,dataset/Vinmec_2D/train/train_label/label/907.PNG
Vinmec_2D_train_908,dataset/Vinmec_2D/train/train_image/908.JPG,dataset/Vinmec_2D/train/train_label/label/908.PNG
Vinmec_2D_train_909,dataset/Vinmec_2D/train/train_image/909.JPG,dataset/Vinmec_2D/train/train_label/label/909.PNG
Vinmec_2D_train_91,dataset/Vinmec_2D/train/train_image/91.JPG,dataset/Vinmec_2D/train/train_label/label/91.PNG
Vinmec_2D_train_910,dataset/Vinmec_2D/train/train_image/910.JPG,dataset/Vinmec_2D/train/train_label/label/910.PNG
Vinmec_2D_train_915,dataset/Vinmec_2D/train/train_image/915.JPG,dataset/Vinmec_2D/train/train_label/label/915.PNG
Vinmec_2D_train_918,dataset/Vinmec_2D/train/train_image/918.JPG,dataset/Vinmec_2D/train/train_label/label/918.PNG
Vinmec_2D_train_92,dataset/Vinmec_2D/train/train_image/92.JPG,dataset/Vinmec_2D/train/train_label/label/92.PNG
Vinmec_2D_train_920,dataset/Vinmec_2D/train/train_image/920.JPG,dataset/Vinmec_2D/train/train_label/label/920.PNG
Vinmec_2D_train_924,dataset/Vinmec_2D/train/train_image/924.JPG,dataset/Vinmec_2D/train/train_label/label/924.PNG
Vinmec_2D_train_926,dataset/Vinmec_2D/train/train_image/926.JPG,dataset/Vinmec_2D/train/train_label/label/926.PNG
Vinmec_2D_train_927,dataset/Vinmec_2D/train/train_image/927.JPG,dataset/Vinmec_2D/train/train_label/label/927.PNG
Vinmec_2D_train_928,dataset/Vinmec_2D/train/train_image/928.JPG,dataset/Vinmec_2D/train/train_label/label/928.PNG
Vinmec_2D_train_929,dataset/Vinmec_2D/train/train_image/929.JPG,dataset/Vinmec_2D/train/train_label/label/929.PNG
Vinmec_2D_train_93,dataset/Vinmec_2D/train/train_image/93.JPG,dataset/Vinmec_2D/train/train_label/label/93.PNG
Vinmec_2D_train_933,dataset/Vinmec_2D/train/train_image/933.JPG,dataset/Vinmec_2D/train/train_label/label/933.PNG
Vinmec_2D_train_935,dataset/Vinmec_2D/train/train_image/935.JPG,dataset/Vinmec_2D/train/train_label/label/935.PNG
Vinmec_2D_train_938,dataset/Vinmec_2D/train/train_image/938.JPG,dataset/Vinmec_2D/train/train_label/label/938.PNG
Vinmec_2D_train_939,dataset/Vinmec_2D/train/train_image/939.JPG,dataset/Vinmec_2D/train/train_label/label/939.PNG
Vinmec_2D_train_940,dataset/Vinmec_2D/train/train_image/940.JPG,dataset/Vinmec_2D/train/train_label/label/940.PNG
Vinmec_2D_train_941,dataset/Vinmec_2D/train/train_image/941.JPG,dataset/Vinmec_2D/train/train_label/label/941.PNG
Vinmec_2D_train_942,dataset/Vinmec_2D/train/train_image/942.JPG,dataset/Vinmec_2D/train/train_label/label/942.PNG
Vinmec_2D_train_943,dataset/Vinmec_2D/train/train_image/943.JPG,dataset/Vinmec_2D/train/train_label/label/943.PNG
Vinmec_2D_train_946,dataset/Vinmec_2D/train/train_image/946.JPG,dataset/Vinmec_2D/train/train_label/label/946.PNG
Vinmec_2D_train_949,dataset/Vinmec_2D/train/train_image/949.JPG,dataset/Vinmec_2D/train/train_label/label/949.PNG
Vinmec_2D_train_95,dataset/Vinmec_2D/train/train_image/95.JPG,dataset/Vinmec_2D/train/train_label/label/95.PNG
Vinmec_2D_train_950,dataset/Vinmec_2D/train/train_image/950.JPG,dataset/Vinmec_2D/train/train_label/label/950.PNG
Vinmec_2D_train_951,dataset/Vinmec_2D/train/train_image/951.JPG,dataset/Vinmec_2D/train/train_label/label/951.PNG
Vinmec_2D_train_954,dataset/Vinmec_2D/train/train_image/954.JPG,dataset/Vinmec_2D/train/train_label/label/954.PNG
Vinmec_2D_train_967,dataset/Vinmec_2D/train/train_image/967.JPG,dataset/Vinmec_2D/train/train_label/label/967.PNG
Vinmec_2D_train_968,dataset/Vinmec_2D/train/train_image/968.JPG,dataset/Vinmec_2D/train/train_label/label/968.PNG
Vinmec_2D_train_969,dataset/Vinmec_2D/train/train_image/969.JPG,dataset/Vinmec_2D/train/train_label/label/969.PNG
Vinmec_2D_train_972,dataset/Vinmec_2D/train/train_image/972.JPG,dataset/Vinmec_2D/train/train_label/label/972.PNG
Vinmec_2D_train_974,dataset/Vinmec_2D/train/train_image/974.JPG,dataset/Vinmec_2D/train/train_label/label/974.PNG
Vinmec_2D_train_975,dataset/Vinmec_2D/train/train_image/975.JPG,dataset/Vinmec_2D/train/train_label/label/975.PNG
Vinmec_2D_train_976,dataset/Vinmec_2D/train/train_image/976.JPG,dataset/Vinmec_2D/train/train_label/label/976.PNG
Vinmec_2D_train_977,dataset/Vinmec_2D/train/train_image/977.JPG,dataset/Vinmec_2D/train/train_label/label/977.PNG
Vinmec_2D_train_978,dataset/Vinmec_2D/train/train_image/978.JPG,dataset/Vinmec_2D/train/train_label/label/978.PNG
Vinmec_2D_train_982,dataset/Vinmec_2D/train/train_image/982.JPG,dataset/Vinmec_2D/train/train_label/label/982.PNG
Vinmec_2D_train_983,dataset/Vinmec_2D/train/train_image/983.JPG,dataset/Vinmec_2D/train/train_label/label/983.PNG
Vinmec_2D_train_984,dataset/Vinmec_2D/train/train_image/984.JPG,dataset/Vinmec_2D/train/train_label/label/984.PNG
Vinmec_2D_train_986,dataset/Vinmec_2D/train/train_image/986.JPG,dataset/Vinmec_2D/train/train_label/label/986.PNG
Vinmec_2D_train_99,dataset/Vinmec_2D/train/train_image/99.JPG,dataset/Vinmec_2D/train/train_label/label/99.PNG
Vinmec_2D_train_990,dataset/Vinmec_2D/train/train_image/990.JPG,dataset/Vinmec_2D/train/train_label/label/990.PNG
Vinmec_2D_train_992,dataset/Vinmec_2D/train/train_image/992.JPG,dataset/Vinmec_2D/train/train_label/label/992.PNG
Vinmec_2D_train_996,dataset/Vinmec_2D/train/train_image/996.JPG,dataset/Vinmec_2D/train/train_label/label/996.PNG
Vinmec_2D_train_997,dataset/Vinmec_2D/train/train_image/997.JPG,dataset/Vinmec_2D/train/train_label/label/997.PNG
Vinmec_2D_train_999,dataset/Vinmec_2D/train/train_image/999.JPG,dataset/Vinmec_2D/train/train_label/label/999.PNG
Vinmec_2D_test_1012,dataset/Vinmec_2D/test/image/1012.JPG,dataset/Vinmec_2D/test/label/black_write/1012.PNG
Vinmec_2D_test_1013,dataset/Vinmec_2D/test/image/1013.JPG,dataset/Vinmec_2D/test/label/black_write/1013.PNG
Vinmec_2D_test_1017,dataset/Vinmec_2D/test/image/1017.JPG,dataset/Vinmec_2D/test/label/black_write/1017.PNG
Vinmec_2D_test_1018,dataset/Vinmec_2D/test/image/1018.JPG,dataset/Vinmec_2D/test/label/black_write/1018.PNG
Vinmec_2D_test_102,dataset/Vinmec_2D/test/image/102.JPG,dataset/Vinmec_2D/test/label/black_write/102.PNG
Vinmec_2D_test_1023,dataset/Vinmec_2D/test/image/1023.JPG,dataset/Vinmec_2D/test/label/black_write/1023.PNG
Vinmec_2D_test_1024,dataset/Vinmec_2D/test/image/1024.JPG,dataset/Vinmec_2D/test/label/black_write/1024.PNG
Vinmec_2D_test_1025,dataset/Vinmec_2D/test/image/1025.JPG,dataset/Vinmec_2D/test/label/black_write/1025.PNG
Vinmec_2D_test_1030,dataset/Vinmec_2D/test/image/1030.JPG,dataset/Vinmec_2D/test/label/black_write/1030.PNG
Vinmec_2D_test_1032,dataset/Vinmec_2D/test/image/1032.JPG,dataset/Vinmec_2D/test/label/black_write/1032.PNG
Vinmec_2D_test_1038,dataset/Vinmec_2D/test/image/1038.JPG,dataset/Vinmec_2D/test/label/black_write/1038.PNG
Vinmec_2D_test_1042,dataset/Vinmec_2D/test/image/1042.JPG,dataset/Vinmec_2D/test/label/black_write/1042.PNG
Vinmec_2D_test_1046,dataset/Vinmec_2D/test/image/1046.JPG,dataset/Vinmec_2D/test/label/black_write/1046.PNG
Vinmec_2D_test_1049,dataset/Vinmec_2D/test/image/1049.JPG,dataset/Vinmec_2D/test/label/black_write/1049.PNG
Vinmec_2D_test_1054,dataset/Vinmec_2D/test/image/1054.JPG,dataset/Vinmec_2D/test/label/black_write/1054.PNG
Vinmec_2D_test_1055,dataset/Vinmec_2D/test/image/1055.JPG,dataset/Vinmec_2D/test/label/black_write/1055.PNG
Vinmec_2D_test_1061,dataset/Vinmec_2D/test/image/1061.JPG,dataset/Vinmec_2D/test/label/black_write/1061.PNG
Vinmec_2D_test_1062,dataset/Vinmec_2D/test/image/1062.JPG,dataset/Vinmec_2D/test/label/black_write/1062.PNG
Vinmec_2D_test_1065,dataset/Vinmec_2D/test/image/1065.JPG,dataset/Vinmec_2D/test/label/black_write/1065.PNG
Vinmec_2D_test_1071,dataset/Vinmec_2D/test/image/1071.JPG,dataset/Vinmec_2D/test/label/black_write/1071.PNG
Vinmec_2D_test_1073,dataset/Vinmec_2D/test/image/1073.JPG,dataset/Vinmec_2D/test/label/black_write/1073.PNG
Vinmec_2D_test_1076,dataset/Vinmec_2D/test/image/1076.JPG,dataset/Vinmec_2D/test/label/black_write/1076.PNG
Vinmec_2D_test_1082,dataset/Vinmec_2D/test/image/1082.JPG,dataset/Vinmec_2D/test/label/black_write/1082.PNG
Vinmec_2D_test_1083,dataset/Vinmec_2D/test/image/1083.JPG,dataset/Vinmec_2D/test/label/black_write/1083.PNG
Vinmec_2D_test_1086,dataset/Vinmec_2D/test/image/1086.JPG,dataset/Vinmec_2D/test/label/black_write/1086.PNG
Vinmec_2D_test_1088,dataset/Vinmec_2D/test/image/1088.JPG,dataset/Vinmec_2D/test/label/black_write/1088.PNG
Vinmec_2D_test_1089,dataset/Vinmec_2D/test/image/1089.JPG,dataset/Vinmec_2D/test/label/black_write/1089.PNG
Vinmec_2D_test_1091,dataset/Vinmec_2D/test/image/1091.JPG,dataset/Vinmec_2D/test/label/black_write/1091.PNG
Vinmec_2D_test_1092,dataset/Vinmec_2D/test/image/1092.JPG,dataset/Vinmec_2D/test/label/black_write/1092.PNG
Vinmec_2D_test_1095,dataset/Vinmec_2D/test/image/1095.JPG,dataset/Vinmec_2D/test/label/black_write/1095.PNG
Vinmec_2D_test_1096,dataset/Vinmec_2D/test/image/1096.JPG,dataset/Vinmec_2D/test/label/black_write/1096.PNG
Vinmec_2D_test_1104,dataset/Vinmec_2D/test/image/1104.JPG,dataset/Vinmec_2D/test/label/black_write/1104.PNG
Vinmec_2D_test_1108,dataset/Vinmec_2D/test/image/1108.JPG,dataset/Vinmec_2D/test/label/black_write/1108.PNG
Vinmec_2D_test_1122,dataset/Vinmec_2D/test/image/1122.JPG,dataset/Vinmec_2D/test/label/black_write/1122.PNG
Vinmec_2D_test_1123,dataset/Vinmec_2D/test/image/1123.JPG,dataset/Vinmec_2D/test/label/black_write/1123.PNG
Vinmec_2D_test_1124,dataset/Vinmec_2D/test/image/1124.JPG,dataset/Vinmec_2D/test/label/black_write/1124.PNG
Vinmec_2D_test_1130,dataset/Vinmec_2D/test/image/1130.JPG,dataset/Vinmec_2D/test/label/black_write/1130.PNG
Vinmec_2D_test_1132,dataset/Vinmec_2D/test/image/1132.JPG,dataset/Vinmec_2D/test/label/black_write/1132.PNG
Vinmec_2D_test_1133,dataset/Vinmec_2D/test/image/1133.JPG,dataset/Vinmec_2D/test/label/black_write/1133.PNG
Vinmec_2D_test_1134,dataset/Vinmec_2D/test/image/1134.JPG,dataset/Vinmec_2D/test/label/black_write/1134.PNG
Vinmec_2D_test_1140,dataset/Vinmec_2D/test/image/1140.JPG,dataset/Vinmec_2D/test/label/black_write/1140.PNG
Vinmec_2D_test_1143,dataset/Vinmec_2D/test/image/1143.JPG,dataset/Vinmec_2D/test/label/black_write/1143.PNG
Vinmec_2D_test_1157,dataset/Vinmec_2D/test/image/1157.JPG,dataset/Vinmec_2D/test/label/black_write/1157.PNG
Vinmec_2D_test_1162,dataset/Vinmec_2D/test/image/1162.JPG,dataset/Vinmec_2D/test/label/black_write/1162.PNG
Vinmec_2D_test_1167,dataset/Vinmec_2D/test/image/1167.JPG,dataset/Vinmec_2D/test/label/black_write/1167.PNG
Vinmec_2D_test_1169,dataset/Vinmec_2D/test/image/1169.JPG,dataset/Vinmec_2D/test/label/black_write/1169.PNG
Vinmec_2D_test_1170,dataset/Vinmec_2D/test/image/1170.JPG,dataset/Vinmec_2D/test/label/black_write/1170.PNG
Vinmec_2D_test_1171,dataset/Vinmec_2D/test/image/1171.JPG,dataset/Vinmec_2D/test/label/black_write/1171.PNG
Vinmec_2D_test_1173,dataset/Vinmec_2D/test/image/1173.JPG,dataset/Vinmec_2D/test/label/black_write/1173.PNG
Vinmec_2D_test_1175,dataset/Vinmec_2D/test/image/1175.JPG,dataset/Vinmec_2D/test/label/black_write/1175.PNG
Vinmec_2D_test_1176,dataset/Vinmec_2D/test/image/1176.JPG,dataset/Vinmec_2D/test/label/black_write/1176.PNG
Vinmec_2D_test_1181,dataset/Vinmec_2D/test/image/1181.JPG,dataset/Vinmec_2D/test/label/black_write/1181.PNG
Vinmec_2D_test_1184,dataset/Vinmec_2D/test/image/1184.JPG,dataset/Vinmec_2D/test/label/black_write/1184.PNG
Vinmec_2D_test_1188,dataset/Vinmec_2D/test/image/1188.JPG,dataset/Vinmec_2D/test/label/black_write/1188.PNG
Vinmec_2D_test_1190,dataset/Vinmec_2D/test/image/1190.JPG,dataset/Vinmec_2D/test/label/black_write/1190.PNG
Vinmec_2D_test_1199,dataset/Vinmec_2D/test/image/1199.JPG,dataset/Vinmec_2D/test/label/black_write/1199.PNG
Vinmec_2D_test_12,dataset/Vinmec_2D/test/image/12.JPG,dataset/Vinmec_2D/test/label/black_write/12.PNG
Vinmec_2D_test_1200,dataset/Vinmec_2D/test/image/1200.JPG,dataset/Vinmec_2D/test/label/black_write/1200.PNG
Vinmec_2D_test_1208,dataset/Vinmec_2D/test/image/1208.JPG,dataset/Vinmec_2D/test/label/black_write/1208.PNG
Vinmec_2D_test_1214,dataset/Vinmec_2D/test/image/1214.JPG,dataset/Vinmec_2D/test/label/black_write/1214.PNG
Vinmec_2D_test_1217,dataset/Vinmec_2D/test/image/1217.JPG,dataset/Vinmec_2D/test/label/black_write/1217.PNG
Vinmec_2D_test_1218,dataset/Vinmec_2D/test/image/1218.JPG,dataset/Vinmec_2D/test/label/black_write/1218.PNG
Vinmec_2D_test_1224,dataset/Vinmec_2D/test/image/1224.JPG,dataset/Vinmec_2D/test/label/black_write/1224.PNG
Vinmec_2D_test_1229,dataset/Vinmec_2D/test/image/1229.JPG,dataset/Vinmec_2D/test/label/black_write/1229.PNG
Vinmec_2D_test_1230,dataset/Vinmec_2D/test/image/1230.JPG,dataset/Vinmec_2D/test/label/black_write/1230.PNG
Vinmec_2D_test_1232,dataset/Vinmec_2D/test/image/1232.JPG,dataset/Vinmec_2D/test/label/black_write/1232.PNG
Vinmec_2D_test_1234,dataset/Vinmec_2D/test/image/1234.JPG,dataset/Vinmec_2D/test/label/black_write/1234.PNG
Vinmec_2D_test_1235,dataset/Vinmec_2D/test/image/1235.JPG,dataset/Vinmec_2D/test/label/black_write/1235.PNG
Vinmec_2D_test_1238,dataset/Vinmec_2D/test/image/1238.JPG,dataset/Vinmec_2D/test/label/black_write/1238.PNG
Vinmec_2D_test_1241,dataset/Vinmec_2D/test/image/1241.JPG,dataset/Vinmec_2D/test/label/black_write/1241.PNG
Vinmec_2D_test_1244,dataset/Vinmec_2D/test/image/1244.JPG,dataset/Vinmec_2D/test/label/black_write/1244.PNG
Vinmec_2D_test_125,dataset/Vinmec_2D/test/image/125.JPG,dataset/Vinmec_2D/test/label/black_write/125.PNG
Vinmec_2D_test_1252,dataset/Vinmec_2D/test/image/1252.JPG,dataset/Vinmec_2D/test/label/black_write/1252.PNG
Vinmec_2D_test_1254,dataset/Vinmec_2D/test/image/1254.JPG,dataset/Vinmec_2D/test/label/black_write/1254.PNG
Vinmec_2D_test_1255,dataset/Vinmec_2D/test/image/1255.JPG,dataset/Vinmec_2D/test/label/black_write/1255.PNG
Vinmec_2D_test_1257,dataset/Vinmec_2D/test/image/1257.JPG,dataset/Vinmec_2D/test/label/black_write/1257.PNG
Vinmec_2D_test_1270,dataset/Vinmec_2D/test/image/1270.JPG,dataset/Vinmec_2D/test/label/black_write/1270.PNG
Vinmec_2D_test_1271,dataset/Vinmec_2D/test/image/1271.JPG,dataset/Vinmec_2D/test/label/black_write/1271.PNG
Vinmec_2D_test_1273,dataset/Vinmec_2D/test/image/1273.JPG,dataset/Vinmec_2D/test/label/black_write/1273.PNG
Vinmec_2D_test_1285,dataset/Vinmec_2D/test/image/1285.JPG,dataset/Vinmec_2D/test/label/black_write/1285.PNG
Vinmec_2D_test_1288,dataset/Vinmec_2D/test/image/1288.JPG,dataset/Vinmec_2D/test/label/black_write/1288.PNG
Vinmec_2D_test_1291,dataset/Vinmec_2D/test/image/1291.JPG,dataset/Vinmec_2D/test/label/black_write/1291.PNG
Vinmec_2D_test_1295,dataset/Vinmec_2D/test/image/1295.JPG,dataset/Vinmec_2D/test/label/black_write/1295.PNG
Vinmec_2D_test_1302,dataset/Vinmec_2D/test/image/1302.JPG,dataset/Vinmec_2D/test/label/black_write/1302.PNG
Vinmec_2D_test_1305,dataset/Vinmec_2D/test/image/1305.JPG,dataset/Vinmec_2D/test/label/black_write/1305.PNG
Vinmec_2D_test_1306,dataset/Vinmec_2D/test/image/1306.JPG,dataset/Vinmec_2D/test/label/black_write/1306.PNG
Vinmec_2D_test_1307,dataset/Vinmec_2D/test/image/1307.JPG,dataset/Vinmec_2D/test/label/black_write/1307.PNG
Vinmec_2D_test_1308,dataset/Vinmec_2D/test/image/1308.JPG,dataset/Vinmec_2D/test/label/black_write/1308.PNG
Vinmec_2D_test_1311,dataset/Vinmec_2D/test/image/1311.JPG,dataset/Vinmec_2D/test/label/black_write/1311.PNG
Vinmec_2D_test_1317,dataset/Vinmec_2D/test/image/1317.JPG,dataset/Vinmec_2D/test/label/black_write/1317.PNG
Vinmec_2D_test_1319,dataset/Vinmec_2D/test/image/1319.JPG,dataset/Vinmec_2D/test/label/black_write/1319.PNG
Vinmec_2D_test_1325,dataset/Vinmec_2D/test/image/1325.JPG,dataset/Vinmec_2D/test/label/black_write/1325.PNG
Vinmec_2D_test_1329,dataset/Vinmec_2D/test/image/1329.JPG,dataset/Vinmec_2D/test/label/black_write/1329.PNG
Vinmec_2D_test_1331,dataset/Vinmec_2D/test/image/1331.JPG,dataset/Vinmec_2D/test/label/black_write/1331.PNG
Vinmec_2D_test_1335,dataset/Vinmec_2D/test/image/1335.JPG,dataset/Vinmec_2D/test/label/black_write/1335.PNG
Vinmec_2D_test_1336,dataset/Vinmec_2D/test/image/1336.JPG,dataset/Vinmec_2D/test/label/black_write/1336.PNG
Vinmec_2D_test_1337,dataset/Vinmec_2D/test/image/1337.JPG,dataset/Vinmec_2D/test/label/black_write/1337.PNG
Vinmec_2D_test_1347,dataset/Vinmec_2D/test/image/1347.JPG,dataset/Vinmec_2D/test/label/black_write/1347.PNG
Vinmec_2D_test_1352,dataset/Vinmec_2D/test/image/1352.JPG,dataset/Vinmec_2D/test/label/black_write/1352.PNG
Vinmec_2D_test_1354,dataset/Vinmec_2D/test/image/1354.JPG,dataset/Vinmec_2D/test/label/black_write/1354.PNG
Vinmec_2D_test_1357,dataset/Vinmec_2D/test/image/1357.JPG,dataset/Vinmec_2D/test/label/black_write/1357.PNG
Vinmec_2D_test_1358,dataset/Vinmec_2D/test/image/1358.JPG,dataset/Vinmec_2D/test/label/black_write/1358.PNG
Vinmec_2D_test_1365,dataset/Vinmec_2D/test/image/1365.JPG,dataset/Vinmec_2D/test/label/black_write/1365.PNG
Vinmec_2D_test_1366,dataset/Vinmec_2D/test/image/1366.JPG,dataset/Vinmec_2D/test/label/black_write/1366.PNG
Vinmec_2D_test_1367,dataset/Vinmec_2D/test/image/1367.JPG,dataset/Vinmec_2D/test/label/black_write/1367.PNG
Vinmec_2D_test_1369,dataset/Vinmec_2D/test/image/1369.JPG,dataset/Vinmec_2D/test/label/black_write/1369.PNG
Vinmec_2D_test_137,dataset/Vinmec_2D/test/image/137.JPG,dataset/Vinmec_2D/test/label/black_write/137.PNG
Vinmec_2D_test_1373,dataset/Vinmec_2D/test/image/1373.JPG,dataset/Vinmec_2D/test/label/black_write/1373.PNG
Vinmec_2D_test_1374,dataset/Vinmec_2D/test/image/1374.JPG,dataset/Vinmec_2D/test/label/black_write/1374.PNG
Vinmec_2D_test_1376,dataset/Vinmec_2D/test/image/1376.JPG,dataset/Vinmec_2D/test/label/black_write/1376.PNG
Vinmec_2D_test_1378,dataset/Vinmec_2D/test/image/1378.JPG,dataset/Vinmec_2D/test/label/black_write/1378.PNG
Vinmec_2D_test_1381,dataset/Vinmec_2D/test/image/1381.JPG,dataset/Vinmec_2D/test/label/black_write/1381.PNG
Vinmec_2D_test_1388,dataset/Vinmec_2D/test/image/1388.JPG,dataset/Vinmec_2D/test/label/black_write/1388.PNG
Vinmec_2D_test_1401,dataset/Vinmec_2D/test/image/1401.JPG,dataset/Vinmec_2D/test/label/black_write/1401.PNG
Vinmec_2D_test_1410,dataset/Vinmec_2D/test/image/1410.JPG,dataset/Vinmec_2D/test/label/black_write/1410.PNG
Vinmec_2D_test_1411,dataset/Vinmec_2D/test/image/1411.JPG,dataset/Vinmec_2D/test/label/black_write/1411.PNG
Vinmec_2D_test_1413,dataset/Vinmec_2D/test/image/1413.JPG,dataset/Vinmec_2D/test/label/black_write/1413.PNG
Vinmec_2D_test_1416,dataset/Vinmec_2D/test/image/1416.JPG,dataset/Vinmec_2D/test/label/black_write/1416.PNG
Vinmec_2D_test_1427,dataset/Vinmec_2D/test/image/1427.JPG,dataset/Vinmec_2D/test/label/black_write/1427.PNG
Vinmec_2D_test_1430,dataset/Vinmec_2D/test/image/1430.JPG,dataset/Vinmec_2D/test/label/black_write/1430.PNG
Vinmec_2D_test_1432,dataset/Vinmec_2D/test/image/1432.JPG,dataset/Vinmec_2D/test/label/black_write/1432.PNG
Vinmec_2D_test_1435,dataset/Vinmec_2D/test/image/1435.JPG,dataset/Vinmec_2D/test/label/black_write/1435.PNG
Vinmec_2D_test_1440,dataset/Vinmec_2D/test/image/1440.JPG,dataset/Vinmec_2D/test/label/black_write/1440.PNG
Vinmec_2D_test_1444,dataset/Vinmec_2D/test/image/1444.JPG,dataset/Vinmec_2D/test/label/black_write/1444.PNG
Vinmec_2D_test_1454,dataset/Vinmec_2D/test/image/1454.JPG,dataset/Vinmec_2D/test/label/black_write/1454.PNG
Vinmec_2D_test_1458,dataset/Vinmec_2D/test/image/1458.JPG,dataset/Vinmec_2D/test/label/black_write/1458.PNG
Vinmec_2D_test_1460,dataset/Vinmec_2D/test/image/1460.JPG,dataset/Vinmec_2D/test/label/black_write/1460.PNG
Vinmec_2D_test_1461,dataset/Vinmec_2D/test/image/1461.JPG,dataset/Vinmec_2D/test/label/black_write/1461.PNG
Vinmec_2D_test_1464,dataset/Vinmec_2D/test/image/1464.JPG,dataset/Vinmec_2D/test/label/black_write/1464.PNG
Vinmec_2D_test_1466,dataset/Vinmec_2D/test/image/1466.JPG,dataset/Vinmec_2D/test/label/black_write/1466.PNG
Vinmec_2D_test_1467,dataset/Vinmec_2D/test/image/1467.JPG,dataset/Vinmec_2D/test/label/black_write/1467.PNG
Vinmec_2D_test_1468,dataset/Vinmec_2D/test/image/1468.JPG,dataset/Vinmec_2D/test/label/black_write/1468.PNG
Vinmec_2D_test_1469,dataset/Vinmec_2D/test/image/1469.JPG,dataset/Vinmec_2D/test/label/black_write/1469.PNG
Vinmec_2D_test_148,dataset/Vinmec_2D/test/image/148.JPG,dataset/Vinmec_2D/test/label/black_write/148.PNG
Vinmec_2D_test_149,dataset/Vinmec_2D/test/image/149.JPG,dataset/Vinmec_2D/test/label/black_write/149.PNG
Vinmec_2D_test_15,dataset/Vinmec_2D/test/image/15.JPG,dataset/Vinmec_2D/test/label/black_write/15.PNG
Vinmec_2D_test_152,dataset/Vinmec_2D/test/image/152.JPG,dataset/Vinmec_2D/test/label/black_write/152.PNG
Vinmec_2D_test_159,dataset/Vinmec_2D/test/image/159.JPG,dataset/Vinmec_2D/test/label/black_write/159.PNG
Vinmec_2D_test_16,dataset/Vinmec_2D/test/image/16.JPG,dataset/Vinmec_2D/test/label/black_write/16.PNG
Vinmec_2D_test_162,dataset/Vinmec_2D/test/image/162.JPG,dataset/Vinmec_2D/test/label/black_write/162.PNG
Vinmec_2D_test_163,dataset/Vinmec_2D/test/image/163.JPG,dataset/Vinmec_2D/test/label/black_write/163.PNG
Vinmec_2D_test_164,dataset/Vinmec_2D/test/image/164.JPG,dataset/Vinmec_2D/test/label/black_write/164.PNG
Vinmec_2D_test_168,dataset/Vinmec_2D/test/image/168.JPG,dataset/Vinmec_2D/test/label/black_write/168.PNG
Vinmec_2D_test_170,dataset/Vinmec_2D/test/image/170.JPG,dataset/Vinmec_2D/test/label/black_write/170.PNG
Vinmec_2D_test_177,dataset/Vinmec_2D/test/image/177.JPG,dataset/Vinmec_2D/test/label/black_write/177.PNG
Vinmec_2D_test_179,dataset/Vinmec_2D/test/image/179.JPG,dataset/Vinmec_2D/test/label/black_write/179.PNG
Vinmec_2D_test_180,dataset/Vinmec_2D/test/image/180.JPG,dataset/Vinmec_2D/test/label/black_write/180.PNG
Vinmec_2D_test_181,dataset/Vinmec_2D/test/image/181.JPG,dataset/Vinmec_2D/test/label/black_write/181.PNG
Vinmec_2D_test_191,dataset/Vinmec_2D/test/image/191.JPG,dataset/Vinmec_2D/test/label/black_write/191.PNG
Vinmec_2D_test_206,dataset/Vinmec_2D/test/image/206.JPG,dataset/Vinmec_2D/test/label/black_write/206.PNG
Vinmec_2D_test_21,dataset/Vinmec_2D/test/image/21.JPG,dataset/Vinmec_2D/test/label/black_write/21.PNG
Vinmec_2D_test_220,dataset/Vinmec_2D/test/image/220.JPG,dataset/Vinmec_2D/test/label/black_write/220.PNG
Vinmec_2D_test_225,dataset/Vinmec_2D/test/image/225.JPG,dataset/Vinmec_2D/test/label/black_write/225.PNG
Vinmec_2D_test_227,dataset/Vinmec_2D/test/image/227.JPG,dataset/Vinmec_2D/test/label/black_write/227.PNG
Vinmec_2D_test_228,dataset/Vinmec_2D/test/image/228.JPG,dataset/Vinmec_2D/test/label/black_write/228.PNG
Vinmec_2D_test_229,dataset/Vinmec_2D/test/image/229.JPG,dataset/Vinmec_2D/test/label/black_write/229.PNG
Vinmec_2D_test_234,dataset/Vinmec_2D/test/image/234.JPG,dataset/Vinmec_2D/test/label/black_write/234.PNG
Vinmec_2D_test_237,dataset/Vinmec_2D/test/image/237.JPG,dataset/Vinmec_2D/test/label/black_write/237.PNG
Vinmec_2D_test_240,dataset/Vinmec_2D/test/image/240.JPG,dataset/Vinmec_2D/test/label/black_write/240.PNG
Vinmec_2D_test_248,dataset/Vinmec_2D/test/image/248.JPG,dataset/Vinmec_2D/test/label/black_write/248.PNG
Vinmec_2D_test_249,dataset/Vinmec_2D/test/image/249.JPG,dataset/Vinmec_2D/test/label/black_write/249.PNG
Vinmec_2D_test_253,dataset/Vinmec_2D/test/image/253.JPG,dataset/Vinmec_2D/test/label/black_write/253.PNG
Vinmec_2D_test_254,dataset/Vinmec_2D/test/image/254.JPG,dataset/Vinmec_2D/test/label/black_write/254.PNG
Vinmec_2D_test_255,dataset/Vinmec_2D/test/image/255.JPG,dataset/Vinmec_2D/test/label/black_write/255.PNG
Vinmec_2D_test_26,dataset/Vinmec_2D/test/image/26.JPG,dataset/Vinmec_2D/test/label/black_write/26.PNG
Vinmec_2D_test_261,dataset/Vinmec_2D/test/image/261.JPG,dataset/Vinmec_2D/test/label/black_write/261.PNG
Vinmec_2D_test_264,dataset/Vinmec_2D/test/image/264.JPG,dataset/Vinmec_2D/test/label/black_write/264.PNG
Vinmec_2D_test_267,dataset/Vinmec_2D/test/image/267.JPG,dataset/Vinmec_2D/test/label/black_write/267.PNG
Vinmec_2D_test_268,dataset/Vinmec_2D/test/image/268.JPG,dataset/Vinmec_2D/test/label/black_write/268.PNG
Vinmec_2D_test_269,dataset/Vinmec_2D/test/image/269.JPG,dataset/Vinmec_2D/test/label/black_write/269.PNG
Vinmec_2D_test_27,dataset/Vinmec_2D/test/image/27.JPG,dataset/Vinmec_2D/test/label/black_write/27.PNG
Vinmec_2D_test_281,dataset/Vinmec_2D/test/image/281.JPG,dataset/Vinmec_2D/test/label/black_write/281.PNG
Vinmec_2D_test_288,dataset/Vinmec_2D/test/image/288.JPG,dataset/Vinmec_2D/test/label/black_write/288.PNG
Vinmec_2D_test_292,dataset/Vinmec_2D/test/image/292.JPG,dataset/Vinmec_2D/test/label/black_write/292.PNG
Vinmec_2D_test_295,dataset/Vinmec_2D/test/image/295.JPG,dataset/Vinmec_2D/test/label/black_write/295.PNG
Vinmec_2D_test_296,dataset/Vinmec_2D/test/image/296.JPG,dataset/Vinmec_2D/test/label/black_write/296.PNG
Vinmec_2D_test_299,dataset/Vinmec_2D/test/image/299.JPG,dataset/Vinmec_2D/test/label/black_write/299.PNG
Vinmec_2D_test_3,dataset/Vinmec_2D/test/image/3.JPG,dataset/Vinmec_2D/test/label/black_write/3.PNG
Vinmec_2D_test_301,dataset/Vinmec_2D/test/image/301.JPG,dataset/Vinmec_2D/test/label/black_write/301.PNG
Vinmec_2D_test_306,dataset/Vinmec_2D/test/image/306.JPG,dataset/Vinmec_2D/test/label/black_write/306.PNG
Vinmec_2D_test_313,dataset/Vinmec_2D/test/image/313.JPG,dataset/Vinmec_2D/test/label/black_write/313.PNG
Vinmec_2D_test_315,dataset/Vinmec_2D/test/image/315.JPG,dataset/Vinmec_2D/test/label/black_write/315.PNG
Vinmec_2D_test_316,dataset/Vinmec_2D/test/image/316.JPG,dataset/Vinmec_2D/test/label/black_write/316.PNG
Vinmec_2D_test_322,dataset/Vinmec_2D/test/image/322.JPG,dataset/Vinmec_2D/test/label/black_write/322.PNG
Vinmec_2D_test_323,dataset/Vinmec_2D/test/image/323.JPG,dataset/Vinmec_2D/test/label/black_write/323.PNG
Vinmec_2D_test_325,dataset/Vinmec_2D/test/image/325.JPG,dataset/Vinmec_2D/test/label/black_write/325.PNG
Vinmec_2D_test_326,dataset/Vinmec_2D/test/image/326.JPG,dataset/Vinmec_2D/test/label/black_write/326.PNG
Vinmec_2D_test_331,dataset/Vinmec_2D/test/image/331.JPG,dataset/Vinmec_2D/test/label/black_write/331.PNG
Vinmec_2D_test_333,dataset/Vinmec_2D/test/image/333.JPG,dataset/Vinmec_2D/test/label/black_write/333.PNG
Vinmec_2D_test_336,dataset/Vinmec_2D/test/image/336.JPG,dataset/Vinmec_2D/test/label/black_write/336.PNG
Vinmec_2D_test_339,dataset/Vinmec_2D/test/image/339.JPG,dataset/Vinmec_2D/test/label/black_write/339.PNG
Vinmec_2D_test_344,dataset/Vinmec_2D/test/image/344.JPG,dataset/Vinmec_2D/test/label/black_write/344.PNG
Vinmec_2D_test_345,dataset/Vinmec_2D/test/image/345.JPG,dataset/Vinmec_2D/test/label/black_write/345.PNG
Vinmec_2D_test_350,dataset/Vinmec_2D/test/image/350.JPG,dataset/Vinmec_2D/test/label/black_write/350.PNG
Vinmec_2D_test_352,dataset/Vinmec_2D/test/image/352.JPG,dataset/Vinmec_2D/test/label/black_write/352.PNG
Vinmec_2D_test_354,dataset/Vinmec_2D/test/image/354.JPG,dataset/Vinmec_2D/test/label/black_write/354.PNG
Vinmec_2D_test_356,dataset/Vinmec_2D/test/image/356.JPG,dataset/Vinmec_2D/test/label/black_write/356.PNG
Vinmec_2D_test_358,dataset/Vinmec_2D/test/image/358.JPG,dataset/Vinmec_2D/test/label/black_write/358.PNG
Vinmec_2D_test_359,dataset/Vinmec_2D/test/image/359.JPG,dataset/Vinmec_2D/test/label/black_write/359.PNG
Vinmec_2D_test_36,dataset/Vinmec_2D/test/image/36.JPG,dataset/Vinmec_2D/test/label/black_write/36.PNG
Vinmec_2D_test_361,dataset/Vinmec_2D/test/image/361.JPG,dataset/Vinmec_2D/test/label/black_write/361.PNG
Vinmec_2D_test_363,dataset/Vinmec_2D/test/image/363.JPG,dataset/Vinmec_2D/test/label/black_write/363.PNG
Vinmec_2D_test_370,dataset/Vinmec_2D/test/image/370.JPG,dataset/Vinmec_2D/test/label/black_write/370.PNG
Vinmec_2D_test_371,dataset/Vinmec_2D/test/image/371.JPG,dataset/Vinmec_2D/test/label/black_write/371.PNG
Vinmec_2D_test_377,dataset/Vinmec_2D/test/image/377.JPG,dataset/Vinmec_2D/test/label/black_write/377.PNG
Vinmec_2D_test_382,dataset/Vinmec_2D/test/image/382.JPG,dataset/Vinmec_2D/test/label/black_write/382.PNG
Vinmec_2D_test_383,dataset/Vinmec_2D/test/image/383.JPG,dataset/Vinmec_2D/test/label/black_write/383.PNG
Vinmec_2D_test_385,dataset/Vinmec_2D/test/image/385.JPG,dataset/Vinmec_2D/test/label/black_write/385.PNG
Vinmec_2D_test_386,dataset/Vinmec_2D/test/image/386.JPG,dataset/Vinmec_2D/test/label/black_write/386.PNG
Vinmec_2D_test_387,dataset/Vinmec_2D/test/image/387.JPG,dataset/Vinmec_2D/test/label/black_write/387.PNG
Vinmec_2D_test_388,dataset/Vinmec_2D/test/image/388.JPG,dataset/Vinmec_2D/test/label/black_write/388.PNG
Vinmec_2D_test_39,dataset/Vinmec_2D/test/image/39.JPG,dataset/Vinmec_2D/test/label/black_write/39.PNG
Vinmec_2D_test_391,dataset/Vinmec_2D/test/image/391.JPG,dataset/Vinmec_2D/test/label/black_write/391.PNG
Vinmec_2D_test_392,dataset/Vinmec_2D/test/image/392.JPG,dataset/Vinmec_2D/test/label/black_write/392.PNG
Vinmec_2D_test_394,dataset/Vinmec_2D/test/image/394.JPG,dataset/Vinmec_2D/test/label/black_write/394.PNG
Vinmec_2D_test_399,dataset/Vinmec_2D/test/image/399.JPG,dataset/Vinmec_2D/test/label/black_write/399.PNG
Vinmec_2D_test_403,dataset/Vinmec_2D/test/image/403.JPG,dataset/Vinmec_2D/test/label/black_write/403.PNG
Vinmec_2D_test_412,dataset/Vinmec_2D/test/image/412.JPG,dataset/Vinmec_2D/test/label/black_write/412.PNG
Vinmec_2D_test_429,dataset/Vinmec_2D/test/image/429.JPG,dataset/Vinmec_2D/test/label/black_write/429.PNG
Vinmec_2D_test_430,dataset/Vinmec_2D/test/image/430.JPG,dataset/Vinmec_2D/test/label/black_write/430.PNG
Vinmec_2D_test_431,dataset/Vinmec_2D/test/image/431.JPG,dataset/Vinmec_2D/test/label/black_write/431.PNG
Vinmec_2D_test_436,dataset/Vinmec_2D/test/image/436.JPG,dataset/Vinmec_2D/test/label/black_write/436.PNG
Vinmec_2D_test_440,dataset/Vinmec_2D/test/image/440.JPG,dataset/Vinmec_2D/test/label/black_write/440.PNG
Vinmec_2D_test_441,dataset/Vinmec_2D/test/image/441.JPG,dataset/Vinmec_2D/test/label/black_write/441.PNG
Vinmec_2D_test_443,dataset/Vinmec_2D/test/image/443.JPG,dataset/Vinmec_2D/test/label/black_write/443.PNG
Vinmec_2D_test_445,dataset/Vinmec_2D/test/image/445.JPG,dataset/Vinmec_2D/test/label/black_write/445.PNG
Vinmec_2D_test_448,dataset/Vinmec_2D/test/image/448.JPG,dataset/Vinmec_2D/test/label/black_write/448.PNG
Vinmec_2D_test_452,dataset/Vinmec_2D/test/image/452.JPG,dataset/Vinmec_2D/test/label/black_write/452.PNG
Vinmec_2D_test_453,dataset/Vinmec_2D/test/image/453.JPG,dataset/Vinmec_2D/test/label/black_write/453.PNG
Vinmec_2D_test_457,dataset/Vinmec_2D/test/image/457.JPG,dataset/Vinmec_2D/test/label/black_write/457.PNG
Vinmec_2D_test_464,dataset/Vinmec_2D/test/image/464.JPG,dataset/Vinmec_2D/test/label/black_write/464.PNG
Vinmec_2D_test_468,dataset/Vinmec_2D/test/image/468.JPG,dataset/Vinmec_2D/test/label/black_write/468.PNG
Vinmec_2D_test_47,dataset/Vinmec_2D/test/image/47.JPG,dataset/Vinmec_2D/test/label/black_write/47.PNG
Vinmec_2D_test_472,dataset/Vinmec_2D/test/image/472.JPG,dataset/Vinmec_2D/test/label/black_write/472.PNG
Vinmec_2D_test_473,dataset/Vinmec_2D/test/image/473.JPG,dataset/Vinmec_2D/test/label/black_write/473.PNG
Vinmec_2D_test_474,dataset/Vinmec_2D/test/image/474.JPG,dataset/Vinmec_2D/test/label/black_write/474.PNG
Vinmec_2D_test_475,dataset/Vinmec_2D/test/image/475.JPG,dataset/Vinmec_2D/test/label/black_write/475.PNG
Vinmec_2D_test_476,dataset/Vinmec_2D/test/image/476.JPG,dataset/Vinmec_2D/test/label/black_write/476.PNG
Vinmec_2D_test_477,dataset/Vinmec_2D/test/image/477.JPG,dataset/Vinmec_2D/test/label/black_write/477.PNG
Vinmec_2D_test_48,dataset/Vinmec_2D/test/image/48.JPG,dataset/Vinmec_2D/test/label/black_write/48.PNG
Vinmec_2D_test_487,dataset/Vinmec_2D/test/image/487.JPG,dataset/Vinmec_2D/test/label/black_write/487.PNG
Vinmec_2D_test_488,dataset/Vinmec_2D/test/image/488.JPG,dataset/Vinmec_2D/test/label/black_write/488.PNG
Vinmec_2D_test_493,dataset/Vinmec_2D/test/image/493.JPG,dataset/Vinmec_2D/test/label/black_write/493.PNG
Vinmec_2D_test_494,dataset/Vinmec_2D/test/image/494.JPG,dataset/Vinmec_2D/test/label/black_write/494.PNG
Vinmec_2D_test_495,dataset/Vinmec_2D/test/image/495.JPG,dataset/Vinmec_2D/test/label/black_write/495.PNG
Vinmec_2D_test_496,dataset/Vinmec_2D/test/image/496.JPG,dataset/Vinmec_2D/test/label/black_write/496.PNG
Vinmec_2D_test_5,dataset/Vinmec_2D/test/image/5.JPG,dataset/Vinmec_2D/test/label/black_write/5.PNG
Vinmec_2D_test_501,dataset/Vinmec_2D/test/image/501.JPG,dataset/Vinmec_2D/test/label/black_write/501.PNG
Vinmec_2D_test_504,dataset/Vinmec_2D/test/image/504.JPG,dataset/Vinmec_2D/test/label/black_write/504.PNG
Vinmec_2D_test_506,dataset/Vinmec_2D/test/image/506.JPG,dataset/Vinmec_2D/test/label/black_write/506.PNG
Vinmec_2D_test_511,dataset/Vinmec_2D/test/image/511.JPG,dataset/Vinmec_2D/test/label/black_write/511.PNG
Vinmec_2D_test_512,dataset/Vinmec_2D/test/image/512.JPG,dataset/Vinmec_2D/test/label/black_write/512.PNG
Vinmec_2D_test_517,dataset/Vinmec_2D/test/image/517.JPG,dataset/Vinmec_2D/test/label/black_write/517.PNG
Vinmec_2D_test_524,dataset/Vinmec_2D/test/image/524.JPG,dataset/Vinmec_2D/test/label/black_write/524.PNG
Vinmec_2D_test_532,dataset/Vinmec_2D/test/image/532.JPG,dataset/Vinmec_2D/test/label/black_write/532.PNG
Vinmec_2D_test_534,dataset/Vinmec_2D/test/image/534.JPG,dataset/Vinmec_2D/test/label/black_write/534.PNG
Vinmec_2D_test_535,dataset/Vinmec_2D/test/image/535.JPG,dataset/Vinmec_2D/test/label/black_write/535.PNG
Vinmec_2D_test_536,dataset/Vinmec_2D/test/image/536.JPG,dataset/Vinmec_2D/test/label/black_write/536.PNG
Vinmec_2D_test_539,dataset/Vinmec_2D/test/image/539.JPG,dataset/Vinmec_2D/test/label/black_write/539.PNG
Vinmec_2D_test_546,dataset/Vinmec_2D/test/image/546.JPG,dataset/Vinmec_2D/test/label/black_write/546.PNG
Vinmec_2D_test_548,dataset/Vinmec_2D/test/image/548.JPG,dataset/Vinmec_2D/test/label/black_write/548.PNG
Vinmec_2D_test_553,dataset/Vinmec_2D/test/image/553.JPG,dataset/Vinmec_2D/test/label/black_write/553.PNG
Vinmec_2D_test_554,dataset/Vinmec_2D/test/image/554.JPG,dataset/Vinmec_2D/test/label/black_write/554.PNG
Vinmec_2D_test_560,dataset/Vinmec_2D/test/image/560.JPG,dataset/Vinmec_2D/test/label/black_write/560.PNG
Vinmec_2D_test_580,dataset/Vinmec_2D/test/image/580.JPG,dataset/Vinmec_2D/test/label/black_write/580.PNG
Vinmec_2D_test_581,dataset/Vinmec_2D/test/image/581.JPG,dataset/Vinmec_2D/test/label/black_write/581.PNG
Vinmec_2D_test_582,dataset/Vinmec_2D/test/image/582.JPG,dataset/Vinmec_2D/test/label/black_write/582.PNG
Vinmec_2D_test_585,dataset/Vinmec_2D/test/image/585.JPG,dataset/Vinmec_2D/test/label/black_write/585.PNG
Vinmec_2D_test_594,dataset/Vinmec_2D/test/image/594.JPG,dataset/Vinmec_2D/test/label/black_write/594.PNG
Vinmec_2D_test_595,dataset/Vinmec_2D/test/image/595.JPG,dataset/Vinmec_2D/test/label/black_write/595.PNG
Vinmec_2D_test_600,dataset/Vinmec_2D/test/image/600.JPG,dataset/Vinmec_2D/test/label/black_write/600.PNG
Vinmec_2D_test_606,dataset/Vinmec_2D/test/image/606.JPG,dataset/Vinmec_2D/test/label/black_write/606.PNG
Vinmec_2D_test_609,dataset/Vinmec_2D/test/image/609.JPG,dataset/Vinmec_2D/test/label/black_write/609.PNG
Vinmec_2D_test_610,dataset/Vinmec_2D/test/image/610.JPG,dataset/Vinmec_2D/test/label/black_write/610.PNG
Vinmec_2D_test_614,dataset/Vinmec_2D/test/image/614.JPG,dataset/Vinmec_2D/test/label/black_write/614.PNG
Vinmec_2D_test_623,dataset/Vinmec_2D/test/image/623.JPG,dataset/Vinmec_2D/test/label/black_write/623.PNG
Vinmec_2D_test_626,dataset/Vinmec_2D/test/image/626.JPG,dataset/Vinmec_2D/test/label/black_write/626.PNG
Vinmec_2D_test_627,dataset/Vinmec_2D/test/image/627.JPG,dataset/Vinmec_2D/test/label/black_write/627.PNG
Vinmec_2D_test_63,dataset/Vinmec_2D/test/image/63.JPG,dataset/Vinmec_2D/test/label/black_write/63.PNG
Vinmec_2D_test_636,dataset/Vinmec_2D/test/image/636.JPG,dataset/Vinmec_2D/test/label/black_write/636.PNG
Vinmec_2D_test_638,dataset/Vinmec_2D/test/image/638.JPG,dataset/Vinmec_2D/test/label/black_write/638.PNG
Vinmec_2D_test_639,dataset/Vinmec_2D/test/image/639.JPG,dataset/Vinmec_2D/test/label/black_write/639.PNG
Vinmec_2D_test_64,dataset/Vinmec_2D/test/image/64.JPG,dataset/Vinmec_2D/test/label/black_write/64.PNG
Vinmec_2D_test_640,dataset/Vinmec_2D/test/image/640.JPG,dataset/Vinmec_2D/test/label/black_write/640.PNG
Vinmec_2D_test_644,dataset/Vinmec_2D/test/image/644.JPG,dataset/Vinmec_2D/test/label/black_write/644.PNG
Vinmec_2D_test_653,dataset/Vinmec_2D/test/image/653.JPG,dataset/Vinmec_2D/test/label/black_write/653.PNG
Vinmec_2D_test_656,dataset/Vinmec_2D/test/image/656.JPG,dataset/Vinmec_2D/test/label/black_write/656.PNG
Vinmec_2D_test_679,dataset/Vinmec_2D/test/image/679.JPG,dataset/Vinmec_2D/test/label/black_write/679.PNG
Vinmec_2D_test_682,dataset/Vinmec_2D/test/image/682.JPG,dataset/Vinmec_2D/test/label/black_write/682.PNG
Vinmec_2D_test_693,dataset/Vinmec_2D/test/image/693.JPG,dataset/Vinmec_2D/test/label/black_write/693.PNG
Vinmec_2D_test_694,dataset/Vinmec_2D/test/image/694.JPG,dataset/Vinmec_2D/test/label/black_write/694.PNG
Vinmec_2D_test_699,dataset/Vinmec_2D/test/image/699.JPG,dataset/Vinmec_2D/test/label/black_write/699.PNG
Vinmec_2D_test_70,dataset/Vinmec_2D/test/image/70.JPG,dataset/Vinmec_2D/test/label/black_write/70.PNG
Vinmec_2D_test_700,dataset/Vinmec_2D/test/image/700.JPG,dataset/Vinmec_2D/test/label/black_write/700.PNG
Vinmec_2D_test_701,dataset/Vinmec_2D/test/image/701.JPG,dataset/Vinmec_2D/test/label/black_write/701.PNG
Vinmec_2D_test_703,dataset/Vinmec_2D/test/image/703.JPG,dataset/Vinmec_2D/test/label/black_write/703.PNG
Vinmec_2D_test_707,dataset/Vinmec_2D/test/image/707.JPG,dataset/Vinmec_2D/test/label/black_write/707.PNG
Vinmec_2D_test_71,dataset/Vinmec_2D/test/image/71.JPG,dataset/Vinmec_2D/test/label/black_write/71.PNG
Vinmec_2D_test_714,dataset/Vinmec_2D/test/image/714.JPG,dataset/Vinmec_2D/test/label/black_write/714.PNG
Vinmec_2D_test_718,dataset/Vinmec_2D/test/image/718.JPG,dataset/Vinmec_2D/test/label/black_write/718.PNG
Vinmec_2D_test_73,dataset/Vinmec_2D/test/image/73.JPG,dataset/Vinmec_2D/test/label/black_write/73.PNG
Vinmec_2D_test_732,dataset/Vinmec_2D/test/image/732.JPG,dataset/Vinmec_2D/test/label/black_write/732.PNG
Vinmec_2D_test_735,dataset/Vinmec_2D/test/image/735.JPG,dataset/Vinmec_2D/test/label/black_write/735.PNG
Vinmec_2D_test_740,dataset/Vinmec_2D/test/image/740.JPG,dataset/Vinmec_2D/test/label/black_write/740.PNG
Vinmec_2D_test_741,dataset/Vinmec_2D/test/image/741.JPG,dataset/Vinmec_2D/test/label/black_write/741.PNG
Vinmec_2D_test_743,dataset/Vinmec_2D/test/image/743.JPG,dataset/Vinmec_2D/test/label/black_write/743.PNG
Vinmec_2D_test_747,dataset/Vinmec_2D/test/image/747.JPG,dataset/Vinmec_2D/test/label/black_write/747.PNG
Vinmec_2D_test_748,dataset/Vinmec_2D/test/image/748.JPG,dataset/Vinmec_2D/test/label/black_write/748.PNG
Vinmec_2D_test_751,dataset/Vinmec_2D/test/image/751.JPG,dataset/Vinmec_2D/test/label/black_write/751.PNG
Vinmec_2D_test_752,dataset/Vinmec_2D/test/image/752.JPG,dataset/Vinmec_2D/test/label/black_write/752.PNG
Vinmec_2D_test_762,dataset/Vinmec_2D/test/image/762.JPG,dataset/Vinmec_2D/test/label/black_write/762.PNG
Vinmec_2D_test_770,dataset/Vinmec_2D/test/image/770.JPG,dataset/Vinmec_2D/test/label/black_write/770.PNG
Vinmec_2D_test_773,dataset/Vinmec_2D/test/image/773.JPG,dataset/Vinmec_2D/test/label/black_write/773.PNG
Vinmec_2D_test_776,dataset/Vinmec_2D/test/image/776.JPG,dataset/Vinmec_2D/test/label/black_write/776.PNG
Vinmec_2D_test_778,dataset/Vinmec_2D/test/image/778.JPG,dataset/Vinmec_2D/test/label/black_write/778.PNG
Vinmec_2D_test_779,dataset/Vinmec_2D/test/image/779.JPG,dataset/Vinmec_2D/test/label/black_write/779.PNG
Vinmec_2D_test_784,dataset/Vinmec_2D/test/image/784.JPG,dataset/Vinmec_2D/test/label/black_write/784.PNG
Vinmec_2D_test_791,dataset/Vinmec_2D/test/image/791.JPG,dataset/Vinmec_2D/test/label/black_write/791.PNG
Vinmec_2D_test_792,dataset/Vinmec_2D/test/image/792.JPG,dataset/Vinmec_2D/test/label/black_write/792.PNG
Vinmec_2D_test_793,dataset/Vinmec_2D/test/image/793.JPG,dataset/Vinmec_2D/test/label/black_write/793.PNG
Vinmec_2D_test_8,dataset/Vinmec_2D/test/image/8.JPG,dataset/Vinmec_2D/test/label/black_write/8.PNG
Vinmec_2D_test_800,dataset/Vinmec_2D/test/image/800.JPG,dataset/Vinmec_2D/test/label/black_write/800.PNG
Vinmec_2D_test_802,dataset/Vinmec_2D/test/image/802.JPG,dataset/Vinmec_2D/test/label/black_write/802.PNG
Vinmec_2D_test_804,dataset/Vinmec_2D/test/image/804.JPG,dataset/Vinmec_2D/test/label/black_write/804.PNG
Vinmec_2D_test_810,dataset/Vinmec_2D/test/image/810.JPG,dataset/Vinmec_2D/test/label/black_write/810.PNG
Vinmec_2D_test_816,dataset/Vinmec_2D/test/image/816.JPG,dataset/Vinmec_2D/test/label/black_write/816.PNG
Vinmec_2D_test_817,dataset/Vinmec_2D/test/image/817.JPG,dataset/Vinmec_2D/test/label/black_write/817.PNG
Vinmec_2D_test_821,dataset/Vinmec_2D/test/image/821.JPG,dataset/Vinmec_2D/test/label/black_write/821.PNG
Vinmec_2D_test_825,dataset/Vinmec_2D/test/image/825.JPG,dataset/Vinmec_2D/test/label/black_write/825.PNG
Vinmec_2D_test_826,dataset/Vinmec_2D/test/image/826.JPG,dataset/Vinmec_2D/test/label/black_write/826.PNG
Vinmec_2D_test_83,dataset/Vinmec_2D/test/image/83.JPG,dataset/Vinmec_2D/test/label/black_write/83.PNG
Vinmec_2D_test_837,dataset/Vinmec_2D/test/image/837.JPG,dataset/Vinmec_2D/test/label/black_write/837.PNG
Vinmec_2D_test_84,dataset/Vinmec_2D/test/image/84.JPG,dataset/Vinmec_2D/test/label/black_write/84.PNG
Vinmec_2D_test_842,dataset/Vinmec_2D/test/image/842.JPG,dataset/Vinmec_2D/test/label/black_write/842.PNG
Vinmec_2D_test_844,dataset/Vinmec_2D/test/image/844.JPG,dataset/Vinmec_2D/test/label/black_write/844.PNG
Vinmec_2D_test_847,dataset/Vinmec_2D/test/image/847.JPG,dataset/Vinmec_2D/test/label/black_write/847.PNG
Vinmec_2D_test_854,dataset/Vinmec_2D/test/image/854.JPG,dataset/Vinmec_2D/test/label/black_write/854.PNG
Vinmec_2D_test_856,dataset/Vinmec_2D/test/image/856.JPG,dataset/Vinmec_2D/test/label/black_write/856.PNG
Vinmec_2D_test_862,dataset/Vinmec_2D/test/image/862.JPG,dataset/Vinmec_2D/test/label/black_write/862.PNG
Vinmec_2D_test_863,dataset/Vinmec_2D/test/image/863.JPG,dataset/Vinmec_2D/test/label/black_write/863.PNG
Vinmec_2D_test_864,dataset/Vinmec_2D/test/image/864.JPG,dataset/Vinmec_2D/test/label/black_write/864.PNG
Vinmec_2D_test_868,dataset/Vinmec_2D/test/image/868.JPG,dataset/Vinmec_2D/test/label/black_write/868.PNG
Vinmec_2D_test_870,dataset/Vinmec_2D/test/image/870.JPG,dataset/Vinmec_2D/test/label/black_write/870.PNG
Vinmec_2D_test_872,dataset/Vinmec_2D/test/image/872.JPG,dataset/Vinmec_2D/test/label/black_write/872.PNG
Vinmec_2D_test_877,dataset/Vinmec_2D/test/image/877.JPG,dataset/Vinmec_2D/test/label/black_write/877.PNG
Vinmec_2D_test_878,dataset/Vinmec_2D/test/image/878.JPG,dataset/Vinmec_2D/test/label/black_write/878.PNG
Vinmec_2D_test_882,dataset/Vinmec_2D/test/image/882.JPG,dataset/Vinmec_2D/test/label/black_write/882.PNG
Vinmec_2D_test_883,dataset/Vinmec_2D/test/image/883.JPG,dataset/Vinmec_2D/test/label/black_write/883.PNG
Vinmec_2D_test_89,dataset/Vinmec_2D/test/image/89.JPG,dataset/Vinmec_2D/test/label/black_write/89.PNG
Vinmec_2D_test_894,dataset/Vinmec_2D/test/image/894.JPG,dataset/Vinmec_2D/test/label/black_write/894.PNG
Vinmec_2D_test_896,dataset/Vinmec_2D/test/image/896.JPG,dataset/Vinmec_2D/test/label/black_write/896.PNG
Vinmec_2D_test_897,dataset/Vinmec_2D/test/image/897.JPG,dataset/Vinmec_2D/test/label/black_write/897.PNG
Vinmec_2D_test_90,dataset/Vinmec_2D/test/image/90.JPG,dataset/Vinmec_2D/test/label/black_write/90.PNG
Vinmec_2D_test_904,dataset/Vinmec_2D/test/image/904.JPG,dataset/Vinmec_2D/test/label/black_write/904.PNG
Vinmec_2D_test_906,dataset/Vinmec_2D/test/image/906.JPG,dataset/Vinmec_2D/test/label/black_write/906.PNG
Vinmec_2D_test_911,dataset/Vinmec_2D/test/image/911.JPG,dataset/Vinmec_2D/test/label/black_write/911.PNG
Vinmec_2D_test_912,dataset/Vinmec_2D/test/image/912.JPG,dataset/Vinmec_2D/test/label/black_write/912.PNG
Vinmec_2D_test_916,dataset/Vinmec_2D/test/image/916.JPG,dataset/Vinmec_2D/test/label/black_write/916.PNG
Vinmec_2D_test_917,dataset/Vinmec_2D/test/image/917.JPG,dataset/Vinmec_2D/test/label/black_write/917.PNG
Vinmec_2D_test_919,dataset/Vinmec_2D/test/image/919.JPG,dataset/Vinmec_2D/test/label/black_write/919.PNG
Vinmec_2D_test_921,dataset/Vinmec_2D/test/image/921.JPG,dataset/Vinmec_2D/test/label/black_write/921.PNG
Vinmec_2D_test_925,dataset/Vinmec_2D/test/image/925.JPG,dataset/Vinmec_2D/test/label/black_write/925.PNG
Vinmec_2D_test_934,dataset/Vinmec_2D/test/image/934.JPG,dataset/Vinmec_2D/test/label/black_write/934.PNG
Vinmec_2D_test_936,dataset/Vinmec_2D/test/image/936.JPG,dataset/Vinmec_2D/test/label/black_write/936.PNG
Vinmec_2D_test_937,dataset/Vinmec_2D/test/image/937.JPG,dataset/Vinmec_2D/test/label/black_write/937.PNG
Vinmec_2D_test_94,dataset/Vinmec_2D/test/image/94.JPG,dataset/Vinmec_2D/test/label/black_write/94.PNG
Vinmec_2D_test_944,dataset/Vinmec_2D/test/image/944.JPG,dataset/Vinmec_2D/test/label/black_write/944.PNG
Vinmec_2D_test_945,dataset/Vinmec_2D/test/image/945.JPG,dataset/Vinmec_2D/test/label/black_write/945.PNG
Vinmec_2D_test_947,dataset/Vinmec_2D/test/image/947.JPG,dataset/Vinmec_2D/test/label/black_write/947.PNG
Vinmec_2D_test_948,dataset/Vinmec_2D/test/image/948.JPG,dataset/Vinmec_2D/test/label/black_write/948.PNG
Vinmec_2D_test_952,dataset/Vinmec_2D/test/image/952.JPG,dataset/Vinmec_2D/test/label/black_write/952.PNG
Vinmec_2D_test_953,dataset/Vinmec_2D/test/image/953.JPG,dataset/Vinmec_2D/test/label/black_write/953.PNG
Vinmec_2D_test_966,dataset/Vinmec_2D/test/image/966.JPG,dataset/Vinmec_2D/test/label/black_write/966.PNG
Vinmec_2D_test_970,dataset/Vinmec_2D/test/image/970.JPG,dataset/Vinmec_2D/test/label/black_write/970.PNG
Vinmec_2D_test_971,dataset/Vinmec_2D/test/image/971.JPG,dataset/Vinmec_2D/test/label/black_write/971.PNG
Vinmec_2D_test_973,dataset/Vinmec_2D/test/image/973.JPG,dataset/Vinmec_2D/test/label/black_write/973.PNG
Vinmec_2D_test_979,dataset/Vinmec_2D/test/image/979.JPG,dataset/Vinmec_2D/test/label/black_write/979.PNG
Vinmec_2D_test_98,dataset/Vinmec_2D/test/image/98.JPG,dataset/Vinmec_2D/test/label/black_write/98.PNG
Vinmec_2D_test_985,dataset/Vinmec_2D/test/image/985.JPG,dataset/Vinmec_2D/test/label/black_write/985.PNG
Vinmec_2D_test_991,dataset/Vinmec_2D/test/image/991.JPG,dataset/Vinmec_2D/test/label/black_write/991.PNG
Vinmec_2D_test_993,dataset/Vinmec_2D/test/image/993.JPG,dataset/Vinmec_2D/test/label/black_write/993.PNG
Vinmec_2D_test_998,dataset/Vinmec_2D/test/image/998.JPG,dataset/Vinmec_2D/test/label/black_write/998.PNG
Vinmec_CEUS_1,dataset/Vinmec_CEUS/image/1.JPG,dataset/Vinmec_CEUS/label/1.PNG
Vinmec_CEUS_10,dataset/Vinmec_CEUS/image/10.JPG,dataset/Vinmec_CEUS/label/10.PNG
Vinmec_CEUS_100,dataset/Vinmec_CEUS/image/100.JPG,dataset/Vinmec_CEUS/label/100.PNG
Vinmec_CEUS_101,dataset/Vinmec_CEUS/image/101.JPG,dataset/Vinmec_CEUS/label/101.PNG
Vinmec_CEUS_102,dataset/Vinmec_CEUS/image/102.JPG,dataset/Vinmec_CEUS/label/102.PNG
Vinmec_CEUS_103,dataset/Vinmec_CEUS/image/103.JPG,dataset/Vinmec_CEUS/label/103.PNG
Vinmec_CEUS_104,dataset/Vinmec_CEUS/image/104.JPG,dataset/Vinmec_CEUS/label/104.PNG
Vinmec_CEUS_105,dataset/Vinmec_CEUS/image/105.JPG,dataset/Vinmec_CEUS/label/105.PNG
Vinmec_CEUS_106,dataset/Vinmec_CEUS/image/106.JPG,dataset/Vinmec_CEUS/label/106.PNG
Vinmec_CEUS_107,dataset/Vinmec_CEUS/image/107.JPG,dataset/Vinmec_CEUS/label/107.PNG
Vinmec_CEUS_108,dataset/Vinmec_CEUS/image/108.JPG,dataset/Vinmec_CEUS/label/108.PNG
Vinmec_CEUS_109,dataset/Vinmec_CEUS/image/109.JPG,dataset/Vinmec_CEUS/label/109.PNG
Vinmec_CEUS_11,dataset/Vinmec_CEUS/image/11.JPG,dataset/Vinmec_CEUS/label/11.PNG
Vinmec_CEUS_110,dataset/Vinmec_CEUS/image/110.JPG,dataset/Vinmec_CEUS/label/110.PNG
Vinmec_CEUS_111,dataset/Vinmec_CEUS/image/111.JPG,dataset/Vinmec_CEUS/label/111.PNG
Vinmec_CEUS_112,dataset/Vinmec_CEUS/image/112.JPG,dataset/Vinmec_CEUS/label/112.PNG
Vinmec_CEUS_113,dataset/Vinmec_CEUS/image/113.JPG,dataset/Vinmec_CEUS/label/113.PNG
Vinmec_CEUS_114,dataset/Vinmec_CEUS/image/114.JPG,dataset/Vinmec_CEUS/label/114.PNG
Vinmec_CEUS_115,dataset/Vinmec_CEUS/image/115.JPG,dataset/Vinmec_CEUS/label/115.PNG
Vinmec_CEUS_116,dataset/Vinmec_CEUS/image/116.JPG,dataset/Vinmec_CEUS/label/116.PNG
Vinmec_CEUS_117,dataset/Vinmec_CEUS/image/117.JPG,dataset/Vinmec_CEUS/label/117.PNG
Vinmec_CEUS_118,dataset/Vinmec_CEUS/image/118.JPG,dataset/Vinmec_CEUS/label/118.PNG
Vinmec_CEUS_119,dataset/Vinmec_CEUS/image/119.JPG,dataset/Vinmec_CEUS/label/119.PNG
Vinmec_CEUS_12,dataset/Vinmec_CEUS/image/12.JPG,dataset/Vinmec_CEUS/label/12.PNG
Vinmec_CEUS_120,dataset/Vinmec_CEUS/image/120.JPG,dataset/Vinmec_CEUS/label/120.PNG
Vinmec_CEUS_121,dataset/Vinmec_CEUS/image/121.JPG,dataset/Vinmec_CEUS/label/121.PNG
Vinmec_CEUS_122,dataset/Vinmec_CEUS/image/122.JPG,dataset/Vinmec_CEUS/label/122.PNG
Vinmec_CEUS_123,dataset/Vinmec_CEUS/image/123.JPG,dataset/Vinmec_CEUS/label/123.PNG
Vinmec_CEUS_124,dataset/Vinmec_CEUS/image/124.JPG,dataset/Vinmec_CEUS/label/124.PNG
Vinmec_CEUS_125,dataset/Vinmec_CEUS/image/125.JPG,dataset/Vinmec_CEUS/label/125.PNG
Vinmec_CEUS_126,dataset/Vinmec_CEUS/image/126.JPG,dataset/Vinmec_CEUS/label/126.PNG
Vinmec_CEUS_127,dataset/Vinmec_CEUS/image/127.JPG,dataset/Vinmec_CEUS/label/127.PNG
Vinmec_CEUS_128,dataset/Vinmec_CEUS/image/128.JPG,dataset/Vinmec_CEUS/label/128.PNG
Vinmec_CEUS_129,dataset/Vinmec_CEUS/image/129.JPG,dataset/Vinmec_CEUS/label/129.PNG
Vinmec_CEUS_13,dataset/Vinmec_CEUS/image/13.JPG,dataset/Vinmec_CEUS/label/13.PNG
Vinmec_CEUS_130,dataset/Vinmec_CEUS/image/130.JPG,dataset/Vinmec_CEUS/label/130.PNG
Vinmec_CEUS_131,dataset/Vinmec_CEUS/image/131.JPG,dataset/Vinmec_CEUS/label/131.PNG
Vinmec_CEUS_132,dataset/Vinmec_CEUS/image/132.JPG,dataset/Vinmec_CEUS/label/132.PNG
Vinmec_CEUS_133,dataset/Vinmec_CEUS/image/133.JPG,dataset/Vinmec_CEUS/label/133.PNG
Vinmec_CEUS_134,dataset/Vinmec_CEUS/image/134.JPG,dataset/Vinmec_CEUS/label/134.PNG
Vinmec_CEUS_135,dataset/Vinmec_CEUS/image/135.JPG,dataset/Vinmec_CEUS/label/135.PNG
Vinmec_CEUS_136,dataset/Vinmec_CEUS/image/136.JPG,dataset/Vinmec_CEUS/label/136.PNG
Vinmec_CEUS_137,dataset/Vinmec_CEUS/image/137.JPG,dataset/Vinmec_CEUS/label/137.PNG
Vinmec_CEUS_138,dataset/Vinmec_CEUS/image/138.JPG,dataset/Vinmec_CEUS/label/138.PNG
Vinmec_CEUS_139,dataset/Vinmec_CEUS/image/139.JPG,dataset/Vinmec_CEUS/label/139.PNG
Vinmec_CEUS_14,dataset/Vinmec_CEUS/image/14.JPG,dataset/Vinmec_CEUS/label/14.PNG
Vinmec_CEUS_140,dataset/Vinmec_CEUS/image/140.JPG,dataset/Vinmec_CEUS/label/140.PNG
Vinmec_CEUS_141,dataset/Vinmec_CEUS/image/141.JPG,dataset/Vinmec_CEUS/label/141.PNG
Vinmec_CEUS_142,dataset/Vinmec_CEUS/image/142.JPG,dataset/Vinmec_CEUS/label/142.PNG
Vinmec_CEUS_143,dataset/Vinmec_CEUS/image/143.JPG,dataset/Vinmec_CEUS/label/143.PNG
Vinmec_CEUS_144,dataset/Vinmec_CEUS/image/144.JPG,dataset/Vinmec_CEUS/label/144.PNG
Vinmec_CEUS_145,dataset/Vinmec_CEUS/image/145.JPG,dataset/Vinmec_CEUS/label/145.PNG
Vinmec_CEUS_146,dataset/Vinmec_CEUS/image/146.JPG,dataset/Vinmec_CEUS/label/146.PNG
Vinmec_CEUS_147,dataset/Vinmec_CEUS/image/147.JPG,dataset/Vinmec_CEUS/label/147.PNG
Vinmec_CEUS_148,dataset/Vinmec_CEUS/image/148.JPG,dataset/Vinmec_CEUS/label/148.PNG
Vinmec_CEUS_149,dataset/Vinmec_CEUS/image/149.JPG,dataset/Vinmec_CEUS/label/149.PNG
Vinmec_CEUS_15,dataset/Vinmec_CEUS/image/15.JPG,dataset/Vinmec_CEUS/label/15.PNG
Vinmec_CEUS_150,dataset/Vinmec_CEUS/image/150.JPG,dataset/Vinmec_CEUS/label/150.PNG
Vinmec_CEUS_151,dataset/Vinmec_CEUS/image/151.JPG,dataset/Vinmec_CEUS/label/151.PNG
Vinmec_CEUS_152,dataset/Vinmec_CEUS/image/152.JPG,dataset/Vinmec_CEUS/label/152.PNG
Vinmec_CEUS_153,dataset/Vinmec_CEUS/image/153.JPG,dataset/Vinmec_CEUS/label/153.PNG
Vinmec_CEUS_154,dataset/Vinmec_CEUS/image/154.JPG,dataset/Vinmec_CEUS/label/154.PNG
Vinmec_CEUS_155,dataset/Vinmec_CEUS/image/155.JPG,dataset/Vinmec_CEUS/label/155.PNG
Vinmec_CEUS_156,dataset/Vinmec_CEUS/image/156.JPG,dataset/Vinmec_CEUS/label/156.PNG
Vinmec_CEUS_157,dataset/Vinmec_CEUS/image/157.JPG,dataset/Vinmec_CEUS/label/157.PNG
Vinmec_CEUS_158,dataset/Vinmec_CEUS/image/158.JPG,dataset/Vinmec_CEUS/label/158.PNG
Vinmec_CEUS_159,dataset/Vinmec_CEUS/image/159.JPG,dataset/Vinmec_CEUS/label/159.PNG
Vinmec_CEUS_16,dataset/Vinmec_CEUS/image/16.JPG,dataset/Vinmec_CEUS/label/16.PNG
Vinmec_CEUS_160,dataset/Vinmec_CEUS/image/160.JPG,dataset/Vinmec_CEUS/label/160.PNG
Vinmec_CEUS_161,dataset/Vinmec_CEUS/image/161.JPG,dataset/Vinmec_CEUS/label/161.PNG
Vinmec_CEUS_162,dataset/Vinmec_CEUS/image/162.JPG,dataset/Vinmec_CEUS/label/162.PNG
Vinmec_CEUS_163,dataset/Vinmec_CEUS/image/163.JPG,dataset/Vinmec_CEUS/label/163.PNG
Vinmec_CEUS_164,dataset/Vinmec_CEUS/image/164.JPG,dataset/Vinmec_CEUS/label/164.PNG
Vinmec_CEUS_165,dataset/Vinmec_CEUS/image/165.JPG,dataset/Vinmec_CEUS/label/165.PNG
Vinmec_CEUS_166,dataset/Vinmec_CEUS/image/166.JPG,dataset/Vinmec_CEUS/label/166.PNG
Vinmec_CEUS_167,dataset/Vinmec_CEUS/image/167.JPG,dataset/Vinmec_CEUS/label/167.PNG
Vinmec_CEUS_168,dataset/Vinmec_CEUS/image/168.JPG,dataset/Vinmec_CEUS/label/168.PNG
Vinmec_CEUS_169,dataset/Vinmec_CEUS/image/169.JPG,dataset/Vinmec_CEUS/label/169.PNG
Vinmec_CEUS_17,dataset/Vinmec_CEUS/image/17.JPG,dataset/Vinmec_CEUS/label/17.PNG
Vinmec_CEUS_170,dataset/Vinmec_CEUS/image/170.JPG,dataset/Vinmec_CEUS/label/170.PNG
Vinmec_CEUS_18,dataset/Vinmec_CEUS/image/18.JPG,dataset/Vinmec_CEUS/label/18.PNG
Vinmec_CEUS_19,dataset/Vinmec_CEUS/image/19.JPG,dataset/Vinmec_CEUS/label/19.PNG
Vinmec_CEUS_2,dataset/Vinmec_CEUS/image/2.JPG,dataset/Vinmec_CEUS/label/2.PNG
Vinmec_CEUS_20,dataset/Vinmec_CEUS/image/20.JPG,dataset/Vinmec_CEUS/label/20.PNG
Vinmec_CEUS_21,dataset/Vinmec_CEUS/image/21.JPG,dataset/Vinmec_CEUS/label/21.PNG
Vinmec_CEUS_22,dataset/Vinmec_CEUS/image/22.JPG,dataset/Vinmec_CEUS/label/22.PNG
Vinmec_CEUS_23,dataset/Vinmec_CEUS/image/23.JPG,dataset/Vinmec_CEUS/label/23.PNG
Vinmec_CEUS_24,dataset/Vinmec_CEUS/image/24.JPG,dataset/Vinmec_CEUS/label/24.PNG
Vinmec_CEUS_25,dataset/Vinmec_CEUS/image/25.JPG,dataset/Vinmec_CEUS/label/25.PNG
Vinmec_CEUS_26,dataset/Vinmec_CEUS/image/26.JPG,dataset/Vinmec_CEUS/label/26.PNG
Vinmec_CEUS_27,dataset/Vinmec_CEUS/image/27.JPG,dataset/Vinmec_CEUS/label/27.PNG
Vinmec_CEUS_28,dataset/Vinmec_CEUS/image/28.JPG,dataset/Vinmec_CEUS/label/28.PNG
Vinmec_CEUS_29,dataset/Vinmec_CEUS/image/29.JPG,dataset/Vinmec_CEUS/label/29.PNG
Vinmec_CEUS_3,dataset/Vinmec_CEUS/image/3.JPG,dataset/Vinmec_CEUS/label/3.PNG
Vinmec_CEUS_30,dataset/Vinmec_CEUS/image/30.JPG,dataset/Vinmec_CEUS/label/30.PNG
Vinmec_CEUS_31,dataset/Vinmec_CEUS/image/31.JPG,dataset/Vinmec_CEUS/label/31.PNG
Vinmec_CEUS_32,dataset/Vinmec_CEUS/image/32.JPG,dataset/Vinmec_CEUS/label/32.PNG
Vinmec_CEUS_33,dataset/Vinmec_CEUS/image/33.JPG,dataset/Vinmec_CEUS/label/33.PNG
Vinmec_CEUS_34,dataset/Vinmec_CEUS/image/34.JPG,dataset/Vinmec_CEUS/label/34.PNG
Vinmec_CEUS_35,dataset/Vinmec_CEUS/image/35.JPG,dataset/Vinmec_CEUS/label/35.PNG
Vinmec_CEUS_36,dataset/Vinmec_CEUS/image/36.JPG,dataset/Vinmec_CEUS/label/36.PNG
Vinmec_CEUS_37,dataset/Vinmec_CEUS/image/37.JPG,dataset/Vinmec_CEUS/label/37.PNG
Vinmec_CEUS_38,dataset/Vinmec_CEUS/image/38.JPG,dataset/Vinmec_CEUS/label/38.PNG
Vinmec_CEUS_39,dataset/Vinmec_CEUS/image/39.JPG,dataset/Vinmec_CEUS/label/39.PNG
Vinmec_CEUS_4,dataset/Vinmec_CEUS/image/4.JPG,dataset/Vinmec_CEUS/label/4.PNG
Vinmec_CEUS_40,dataset/Vinmec_CEUS/image/40.JPG,dataset/Vinmec_CEUS/label/40.PNG
Vinmec_CEUS_41,dataset/Vinmec_CEUS/image/41.JPG,dataset/Vinmec_CEUS/label/41.PNG
Vinmec_CEUS_42,dataset/Vinmec_CEUS/image/42.JPG,dataset/Vinmec_CEUS/label/42.PNG
Vinmec_CEUS_43,dataset/Vinmec_CEUS/image/43.JPG,dataset/Vinmec_CEUS/label/43.PNG
Vinmec_CEUS_44,dataset/Vinmec_CEUS/image/44.JPG,dataset/Vinmec_CEUS/label/44.PNG
Vinmec_CEUS_45,dataset/Vinmec_CEUS/image/45.JPG,dataset/Vinmec_CEUS/label/45.PNG
Vinmec_CEUS_46,dataset/Vinmec_CEUS/image/46.JPG,dataset/Vinmec_CEUS/label/46.PNG
Vinmec_CEUS_47,dataset/Vinmec_CEUS/image/47.JPG,dataset/Vinmec_CEUS/label/47.PNG
Vinmec_CEUS_48,dataset/Vinmec_CEUS/image/48.JPG,dataset/Vinmec_CEUS/label/48.PNG
Vinmec_CEUS_49,dataset/Vinmec_CEUS/image/49.JPG,dataset/Vinmec_CEUS/label/49.PNG
Vinmec_CEUS_5,dataset/Vinmec_CEUS/image/5.JPG,dataset/Vinmec_CEUS/label/5.PNG
Vinmec_CEUS_50,dataset/Vinmec_CEUS/image/50.JPG,dataset/Vinmec_CEUS/label/50.PNG
Vinmec_CEUS_51,dataset/Vinmec_CEUS/image/51.JPG,dataset/Vinmec_CEUS/label/51.PNG
Vinmec_CEUS_52,dataset/Vinmec_CEUS/image/52.JPG,dataset/Vinmec_CEUS/label/52.PNG
Vinmec_CEUS_53,dataset/Vinmec_CEUS/image/53.JPG,dataset/Vinmec_CEUS/label/53.PNG
Vinmec_CEUS_54,dataset/Vinmec_CEUS/image/54.JPG,dataset/Vinmec_CEUS/label/54.PNG
Vinmec_CEUS_55,dataset/Vinmec_CEUS/image/55.JPG,dataset/Vinmec_CEUS/label/55.PNG
Vinmec_CEUS_56,dataset/Vinmec_CEUS/image/56.JPG,dataset/Vinmec_CEUS/label/56.PNG
Vinmec_CEUS_57,dataset/Vinmec_CEUS/image/57.JPG,dataset/Vinmec_CEUS/label/57.PNG
Vinmec_CEUS_58,dataset/Vinmec_CEUS/image/58.JPG,dataset/Vinmec_CEUS/label/58.PNG
Vinmec_CEUS_59,dataset/Vinmec_CEUS/image/59.JPG,dataset/Vinmec_CEUS/label/59.PNG
Vinmec_CEUS_6,dataset/Vinmec_CEUS/image/6.JPG,dataset/Vinmec_CEUS/label/6.PNG
Vinmec_CEUS_60,dataset/Vinmec_CEUS/image/60.JPG,dataset/Vinmec_CEUS/label/60.PNG
Vinmec_CEUS_61,dataset/Vinmec_CEUS/image/61.JPG,dataset/Vinmec_CEUS/label/61.PNG
Vinmec_CEUS_62,dataset/Vinmec_CEUS/image/62.JPG,dataset/Vinmec_CEUS/label/62.PNG
Vinmec_CEUS_63,dataset/Vinmec_CEUS/image/63.JPG,dataset/Vinmec_CEUS/label/63.PNG
Vinmec_CEUS_64,dataset/Vinmec_CEUS/image/64.JPG,dataset/Vinmec_CEUS/label/64.PNG
Vinmec_CEUS_65,dataset/Vinmec_CEUS/image/65.JPG,dataset/Vinmec_CEUS/label/65.PNG
Vinmec_CEUS_66,dataset/Vinmec_CEUS/image/66.JPG,dataset/Vinmec_CEUS/label/66.PNG
Vinmec_CEUS_67,dataset/Vinmec_CEUS/image/67.JPG,dataset/Vinmec_CEUS/label/67.PNG
Vinmec_CEUS_68,dataset/Vinmec_CEUS/image/68.JPG,dataset/Vinmec_CEUS/label/68.PNG
Vinmec_CEUS_69,dataset/Vinmec_CEUS/image/69.JPG,dataset/Vinmec_CEUS/label/69.PNG
Vinmec_CEUS_7,dataset/Vinmec_CEUS/image/7.JPG,dataset/Vinmec_CEUS/label/7.PNG
Vinmec_CEUS_70,dataset/Vinmec_CEUS/image/70.JPG,dataset/Vinmec_CEUS/label/70.PNG
Vinmec_CEUS_71,dataset/Vinmec_CEUS/image/71.JPG,dataset/Vinmec_CEUS/label/71.PNG
Vinmec_CEUS_72,dataset/Vinmec_CEUS/image/72.JPG,dataset/Vinmec_CEUS/label/72.PNG
Vinmec_CEUS_73,dataset/Vinmec_CEUS/image/73.JPG,dataset/Vinmec_CEUS/label/73.PNG
Vinmec_CEUS_74,dataset/Vinmec_CEUS/image/74.JPG,dataset/Vinmec_CEUS/label/74.PNG
Vinmec_CEUS_75,dataset/Vinmec_CEUS/image/75.JPG,dataset/Vinmec_CEUS/label/75.PNG
Vinmec_CEUS_76,dataset/Vinmec_CEUS/image/76.JPG,dataset/Vinmec_CEUS/label/76.PNG
Vinmec_CEUS_77,dataset/Vinmec_CEUS/image/77.JPG,dataset/Vinmec_CEUS/label/77.PNG
Vinmec_CEUS_78,dataset/Vinmec_CEUS/image/78.JPG,dataset/Vinmec_CEUS/label/78.PNG
Vinmec_CEUS_79,dataset/Vinmec_CEUS/image/79.JPG,dataset/Vinmec_CEUS/label/79.PNG
Vinmec_CEUS_8,dataset/Vinmec_CEUS/image/8.JPG,dataset/Vinmec_CEUS/label/8.PNG
Vinmec_CEUS_80,dataset/Vinmec_CEUS/image/80.JPG,dataset/Vinmec_CEUS/label/80.PNG
Vinmec_CEUS_81,dataset/Vinmec_CEUS/image/81.JPG,dataset/Vinmec_CEUS/label/81.PNG
Vinmec_CEUS_82,dataset/Vinmec_CEUS/image/82.JPG,dataset/Vinmec_CEUS/label/82.PNG
Vinmec_CEUS_83,dataset/Vinmec_CEUS/image/83.JPG,dataset/Vinmec_CEUS/label/83.PNG
Vinmec_CEUS_84,dataset/Vinmec_CEUS/image/84.JPG,dataset/Vinmec_CEUS/label/84.PNG
Vinmec_CEUS_85,dataset/Vinmec_CEUS/image/85.JPG,dataset/Vinmec_CEUS/label/85.PNG
Vinmec_CEUS_86,dataset/Vinmec_CEUS/image/86.JPG,dataset/Vinmec_CEUS/label/86.PNG
Vinmec_CEUS_87,dataset/Vinmec_CEUS/image/87.JPG,dataset/Vinmec_CEUS/label/87.PNG
Vinmec_CEUS_88,dataset/Vinmec_CEUS/image/88.JPG,dataset/Vinmec_CEUS/label/88.PNG
Vinmec_CEUS_89,dataset/Vinmec_CEUS/image/89.JPG,dataset/Vinmec_CEUS/label/89.PNG
Vinmec_CEUS_9,dataset/Vinmec_CEUS/image/9.JPG,dataset/Vinmec_CEUS/label/9.PNG
Vinmec_CEUS_90,dataset/Vinmec_CEUS/image/90.JPG,dataset/Vinmec_CEUS/label/90.PNG
Vinmec_CEUS_91,dataset/Vinmec_CEUS/image/91.JPG,dataset/Vinmec_CEUS/label/91.PNG
Vinmec_CEUS_92,dataset/Vinmec_CEUS/image/92.JPG,dataset/Vinmec_CEUS/label/92.PNG
Vinmec_CEUS_93,dataset/Vinmec_CEUS/image/93.JPG,dataset/Vinmec_CEUS/label/93.PNG
Vinmec_CEUS_94,dataset/Vinmec_CEUS/image/94.JPG,dataset/Vinmec_CEUS/label/94.PNG
Vinmec_CEUS_95,dataset/Vinmec_CEUS/image/95.JPG,dataset/Vinmec_CEUS/label/95.PNG
Vinmec_CEUS_96,dataset/Vinmec_CEUS/image/96.JPG,dataset/Vinmec_CEUS/label/96.PNG
Vinmec_CEUS_97,dataset/Vinmec_CEUS/image/97.JPG,dataset/Vinmec_CEUS/label/97.PNG
Vinmec_CEUS_98,dataset/Vinmec_CEUS/image/98.JPG,dataset/Vinmec_CEUS/label/98.PNG
Vinmec_CEUS_99,dataset/Vinmec_CEUS/image/99.JPG,dataset/Vinmec_CEUS/label/99.PNG
