case_id,subset,modality,status,annotation_valid,is_empty_mask,image_width,image_height,mask_width,mask_height,positive_pixels,lesion_ratio_pct,image_path,mask_path
VINMEC_RAW_OTU_2D_test_89,VINMEC_RAW_UNANNOTATED,B-Mode 2D,UNANNOTATED_RAW,False,False,958,531,0,0,0,0.0,dataset/vinmec_ovarian/OTU_2D/test/image/89.JPG,NONE
VINMEC_RAW_OTU_2D_train_69,VINMEC_RAW_UNANNOTATED,B-Mode 2D,UNANNOTATED_RAW,False,False,959,660,0,0,0,0.0,dataset/vinmec_ovarian/OTU_2D/train/train_image/69.JPG,NONE
VINMEC_RAW_OTU_2D_train_451,VINMEC_RAW_UNANNOTATED,B-Mode 2D,UNANNOTATED_RAW,False,False,958,532,0,0,0,0.0,dataset/vinmec_ovarian/OTU_2D/train/train_image/451.JPG,NONE
VINMEC_RAW_OTU_2D_train_335,VINMEC_RAW_UNANNOTATED,B-Mode 2D,UNANNOTATED_RAW,False,False,1135,590,0,0,0,0.0,dataset/vinmec_ovarian/OTU_2D/train/train_image/335.JPG,NONE
VINMEC_RAW_OTU_2D_test_1082,VINMEC_RAW_UNANNOTATED,B-Mode 2D,UNANNOTATED_RAW,False,False,955,530,0,0,0,0.0,dataset/vinmec_ovarian/OTU_2D/test/image/1082.JPG,NONE
VINMEC_RAW_OTU_2D_test_504,VINMEC_RAW_UNANNOTATED,B-Mode 2D,UNANNOTATED_RAW,False,False,477,559,0,0,0,0.0,dataset/vinmec_ovarian/OTU_2D/test/image/504.JPG,NONE
VINMEC_RAW_OTU_2D_train_219,VINMEC_RAW_UNANNOTATED,B-Mode 2D,UNANNOTATED_RAW,False,False,481,530,0,0,0,0.0,dataset/vinmec_ovarian/OTU_2D/train/train_image/219.JPG,NONE
VINMEC_RAW_OTU_2D_train_1168,VINMEC_RAW_UNANNOTATED,B-Mode 2D,UNANNOTATED_RAW,False,False,568,589,0,0,0,0.0,dataset/vinmec_ovarian/OTU_2D/train/train_image/1168.JPG,NONE
VINMEC_RAW_OTU_2D_train_205,VINMEC_RAW_UNANNOTATED,B-Mode 2D,UNANNOTATED_RAW,False,False,955,661,0,0,0,0.0,dataset/vinmec_ovarian/OTU_2D/train/train_image/205.JPG,NONE
VINMEC_RAW_OTU_CEUS_122,VINMEC_RAW_UNANNOTATED,CEUS,UNANNOTATED_RAW,False,False,556,588,0,0,0,0.0,dataset/vinmec_ovarian/OTU_CEUS/image/122.JPG,NONE
VINMEC_RAW_OTU_2D_train_1148,VINMEC_RAW_UNANNOTATED,B-Mode 2D,UNANNOTATED_RAW,False,False,958,532,0,0,0,0.0,dataset/vinmec_ovarian/OTU_2D/train/train_image/1148.JPG,NONE
VINMEC_RAW_OTU_2D_train_1212,VINMEC_RAW_UNANNOTATED,B-Mode 2D,UNANNOTATED_RAW,False,False,957,539,0,0,0,0.0,dataset/vinmec_ovarian/OTU_2D/train/train_image/1212.JPG,NONE
VINMEC_RAW_OTU_2D_train_950,VINMEC_RAW_UNANNOTATED,B-Mode 2D,UNANNOTATED_RAW,False,False,568,590,0,0,0,0.0,dataset/vinmec_ovarian/OTU_2D/train/train_image/950.JPG,NONE
VINMEC_RAW_OTU_2D_train_1019,VINMEC_RAW_UNANNOTATED,B-Mode 2D,UNANNOTATED_RAW,False,False,568,583,0,0,0,0.0,dataset/vinmec_ovarian/OTU_2D/train/train_image/1019.JPG,NONE
VINMEC_RAW_OTU_2D_train_577,VINMEC_RAW_UNANNOTATED,B-Mode 2D,UNANNOTATED_RAW,False,False,479,559,0,0,0,0.0,dataset/vinmec_ovarian/OTU_2D/train/train_image/577.JPG,NONE
VINMEC_RAW_OTU_2D_train_1281,VINMEC_RAW_UNANNOTATED,B-Mode 2D,UNANNOTATED_RAW,False,False,848,573,0,0,0,0.0,dataset/vinmec_ovarian/OTU_2D/train/train_image/1281.JPG,NONE
VINMEC_RAW_OTU_2D_train_673,VINMEC_RAW_UNANNOTATED,B-Mode 2D,UNANNOTATED_RAW,False,False,974,579,0,0,0,0.0,dataset/vinmec_ovarian/OTU_2D/train/train_image/673.JPG,NONE
VINMEC_RAW_OTU_CEUS_149,VINMEC_RAW_UNANNOTATED,CEUS,UNANNOTATED_RAW,False,False,444,438,0,0,0,0.0,dataset/vinmec_ovarian/OTU_CEUS/image/149.JPG,NONE
VINMEC_RAW_OTU_2D_train_1431,VINMEC_RAW_UNANNOTATED,B-Mode 2D,UNANNOTATED_RAW,False,False,1106,566,0,0,0,0.0,dataset/vinmec_ovarian/OTU_2D/train/train_image/1431.JPG,NONE
VINMEC_RAW_OTU_2D_test_825,VINMEC_RAW_UNANNOTATED,B-Mode 2D,UNANNOTATED_RAW,False,False,958,545,0,0,0,0.0,dataset/vinmec_ovarian/OTU_2D/test/image/825.JPG,NONE
VINMEC_RAW_OTU_2D_train_80,VINMEC_RAW_UNANNOTATED,B-Mode 2D,UNANNOTATED_RAW,False,False,958,531,0,0,0,0.0,dataset/vinmec_ovarian/OTU_2D/train/train_image/80.JPG,NONE
VINMEC_RAW_OTU_2D_train_786,VINMEC_RAW_UNANNOTATED,B-Mode 2D,UNANNOTATED_RAW,False,False,782,686,0,0,0,0.0,dataset/vinmec_ovarian/OTU_2D/train/train_image/786.JPG,NONE
VINMEC_RAW_OTU_CEUS_4,VINMEC_RAW_UNANNOTATED,CEUS,UNANNOTATED_RAW,False,False,550,552,0,0,0,0.0,dataset/vinmec_ovarian/OTU_CEUS/image/4.JPG,NONE
VINMEC_RAW_OTU_2D_train_827,VINMEC_RAW_UNANNOTATED,B-Mode 2D,UNANNOTATED_RAW,False,False,959,563,0,0,0,0.0,dataset/vinmec_ovarian/OTU_2D/train/train_image/827.JPG,NONE
VINMEC_RAW_OTU_2D_train_226,VINMEC_RAW_UNANNOTATED,B-Mode 2D,UNANNOTATED_RAW,False,False,480,444,0,0,0,0.0,dataset/vinmec_ovarian/OTU_2D/train/train_image/226.JPG,NONE
VINMEC_RAW_OTU_2D_train_279,VINMEC_RAW_UNANNOTATED,B-Mode 2D,UNANNOTATED_RAW,False,False,958,535,0,0,0,0.0,dataset/vinmec_ovarian/OTU_2D/train/train_image/279.JPG,NONE
VINMEC_RAW_OTU_2D_train_1226,VINMEC_RAW_UNANNOTATED,B-Mode 2D,UNANNOTATED_RAW,False,False,1135,592,0,0,0,0.0,dataset/vinmec_ovarian/OTU_2D/train/train_image/1226.JPG,NONE
VINMEC_RAW_OTU_2D_train_311,VINMEC_RAW_UNANNOTATED,B-Mode 2D,UNANNOTATED_RAW,False,False,479,533,0,0,0,0.0,dataset/vinmec_ovarian/OTU_2D/train/train_image/311.JPG,NONE
VINMEC_RAW_OTU_2D_train_166,VINMEC_RAW_UNANNOTATED,B-Mode 2D,UNANNOTATED_RAW,False,False,480,537,0,0,0,0.0,dataset/vinmec_ovarian/OTU_2D/train/train_image/166.JPG,NONE
VINMEC_RAW_OTU_2D_test_707,VINMEC_RAW_UNANNOTATED,B-Mode 2D,UNANNOTATED_RAW,False,False,480,545,0,0,0,0.0,dataset/vinmec_ovarian/OTU_2D/test/image/707.JPG,NONE
VINMEC_RAW_OTU_2D_test_1416,VINMEC_RAW_UNANNOTATED,B-Mode 2D,UNANNOTATED_RAW,False,False,959,544,0,0,0,0.0,dataset/vinmec_ovarian/OTU_2D/test/image/1416.JPG,NONE
VINMEC_RAW_OTU_2D_train_1231,VINMEC_RAW_UNANNOTATED,B-Mode 2D,UNANNOTATED_RAW,False,False,961,531,0,0,0,0.0,dataset/vinmec_ovarian/OTU_2D/train/train_image/1231.JPG,NONE
VINMEC_RAW_OTU_2D_train_81,VINMEC_RAW_UNANNOTATED,B-Mode 2D,UNANNOTATED_RAW,False,False,957,531,0,0,0,0.0,dataset/vinmec_ovarian/OTU_2D/train/train_image/81.JPG,NONE
VINMEC_RAW_OTU_2D_train_734,VINMEC_RAW_UNANNOTATED,B-Mode 2D,UNANNOTATED_RAW,False,False,476,566,0,0,0,0.0,dataset/vinmec_ovarian/OTU_2D/train/train_image/734.JPG,NONE
VINMEC_RAW_OTU_2D_train_605,VINMEC_RAW_UNANNOTATED,B-Mode 2D,UNANNOTATED_RAW,False,False,958,562,0,0,0,0.0,dataset/vinmec_ovarian/OTU_2D/train/train_image/605.JPG,NONE
VINMEC_RAW_OTU_2D_train_1227,VINMEC_RAW_UNANNOTATED,B-Mode 2D,UNANNOTATED_RAW,False,False,958,530,0,0,0,0.0,dataset/vinmec_ovarian/OTU_2D/train/train_image/1227.JPG,NONE
VINMEC_RAW_OTU_2D_test_998,VINMEC_RAW_UNANNOTATED,B-Mode 2D,UNANNOTATED_RAW,False,False,478,515,0,0,0,0.0,dataset/vinmec_ovarian/OTU_2D/test/image/998.JPG,NONE
VINMEC_RAW_OTU_2D_test_614,VINMEC_RAW_UNANNOTATED,B-Mode 2D,UNANNOTATED_RAW,False,False,971,548,0,0,0,0.0,dataset/vinmec_ovarian/OTU_2D/test/image/614.JPG,NONE
VINMEC_RAW_OTU_2D_train_1370,VINMEC_RAW_UNANNOTATED,B-Mode 2D,UNANNOTATED_RAW,False,False,482,542,0,0,0,0.0,dataset/vinmec_ovarian/OTU_2D/train/train_image/1370.JPG,NONE
VINMEC_RAW_OTU_2D_test_1430,VINMEC_RAW_UNANNOTATED,B-Mode 2D,UNANNOTATED_RAW,False,False,1115,568,0,0,0,0.0,dataset/vinmec_ovarian/OTU_2D/test/image/1430.JPG,NONE
VINMEC_RAW_OTU_2D_train_1449,VINMEC_RAW_UNANNOTATED,B-Mode 2D,UNANNOTATED_RAW,False,False,479,551,0,0,0,0.0,dataset/vinmec_ovarian/OTU_2D/train/train_image/1449.JPG,NONE
VINMEC_RAW_OTU_2D_train_212,VINMEC_RAW_UNANNOTATED,B-Mode 2D,UNANNOTATED_RAW,False,False,973,530,0,0,0,0.0,dataset/vinmec_ovarian/OTU_2D/train/train_image/212.JPG,NONE
VINMEC_RAW_OTU_2D_test_63,VINMEC_RAW_UNANNOTATED,B-Mode 2D,UNANNOTATED_RAW,False,False,957,536,0,0,0,0.0,dataset/vinmec_ovarian/OTU_2D/test/image/63.JPG,NONE
VINMEC_RAW_OTU_2D_train_349,VINMEC_RAW_UNANNOTATED,B-Mode 2D,UNANNOTATED_RAW,False,False,476,600,0,0,0,0.0,dataset/vinmec_ovarian/OTU_2D/train/train_image/349.JPG,NONE
VINMEC_RAW_OTU_2D_train_214,VINMEC_RAW_UNANNOTATED,B-Mode 2D,UNANNOTATED_RAW,False,False,483,532,0,0,0,0.0,dataset/vinmec_ovarian/OTU_2D/train/train_image/214.JPG,NONE
VINMEC_RAW_OTU_2D_test_1091,VINMEC_RAW_UNANNOTATED,B-Mode 2D,UNANNOTATED_RAW,False,False,1134,605,0,0,0,0.0,dataset/vinmec_ovarian/OTU_2D/test/image/1091.JPG,NONE
VINMEC_RAW_OTU_2D_train_174,VINMEC_RAW_UNANNOTATED,B-Mode 2D,UNANNOTATED_RAW,False,False,478,534,0,0,0,0.0,dataset/vinmec_ovarian/OTU_2D/train/train_image/174.JPG,NONE
VINMEC_RAW_OTU_2D_train_851,VINMEC_RAW_UNANNOTATED,B-Mode 2D,UNANNOTATED_RAW,False,False,971,534,0,0,0,0.0,dataset/vinmec_ovarian/OTU_2D/train/train_image/851.JPG,NONE
VINMEC_RAW_OTU_2D_train_541,VINMEC_RAW_UNANNOTATED,B-Mode 2D,UNANNOTATED_RAW,False,False,957,543,0,0,0,0.0,dataset/vinmec_ovarian/OTU_2D/train/train_image/541.JPG,NONE
VINMEC_RAW_OTU_2D_test_1466,VINMEC_RAW_UNANNOTATED,B-Mode 2D,UNANNOTATED_RAW,False,False,959,534,0,0,0,0.0,dataset/vinmec_ovarian/OTU_2D/test/image/1466.JPG,NONE
VINMEC_RAW_OTU_CEUS_162,VINMEC_RAW_UNANNOTATED,CEUS,UNANNOTATED_RAW,False,False,341,351,0,0,0,0.0,dataset/vinmec_ovarian/OTU_CEUS/image/162.JPG,NONE
VINMEC_RAW_OTU_2D_test_1169,VINMEC_RAW_UNANNOTATED,B-Mode 2D,UNANNOTATED_RAW,False,False,570,589,0,0,0,0.0,dataset/vinmec_ovarian/OTU_2D/test/image/1169.JPG,NONE
VINMEC_RAW_OTU_2D_train_439,VINMEC_RAW_UNANNOTATED,B-Mode 2D,UNANNOTATED_RAW,False,False,957,531,0,0,0,0.0,dataset/vinmec_ovarian/OTU_2D/train/train_image/439.JPG,NONE
VINMEC_RAW_OTU_2D_train_942,VINMEC_RAW_UNANNOTATED,B-Mode 2D,UNANNOTATED_RAW,False,False,567,588,0,0,0,0.0,dataset/vinmec_ovarian/OTU_2D/train/train_image/942.JPG,NONE
VINMEC_RAW_OTU_2D_test_970,VINMEC_RAW_UNANNOTATED,B-Mode 2D,UNANNOTATED_RAW,False,False,959,530,0,0,0,0.0,dataset/vinmec_ovarian/OTU_2D/test/image/970.JPG,NONE
VINMEC_RAW_OTU_2D_test_1124,VINMEC_RAW_UNANNOTATED,B-Mode 2D,UNANNOTATED_RAW,False,False,482,534,0,0,0,0.0,dataset/vinmec_ovarian/OTU_2D/test/image/1124.JPG,NONE
VINMEC_RAW_OTU_2D_train_692,VINMEC_RAW_UNANNOTATED,B-Mode 2D,UNANNOTATED_RAW,False,False,959,535,0,0,0,0.0,dataset/vinmec_ovarian/OTU_2D/train/train_image/692.JPG,NONE
VINMEC_RAW_OTU_2D_test_206,VINMEC_RAW_UNANNOTATED,B-Mode 2D,UNANNOTATED_RAW,False,False,958,662,0,0,0,0.0,dataset/vinmec_ovarian/OTU_2D/test/image/206.JPG,NONE
VINMEC_RAW_OTU_2D_test_1461,VINMEC_RAW_UNANNOTATED,B-Mode 2D,UNANNOTATED_RAW,False,False,482,536,0,0,0,0.0,dataset/vinmec_ovarian/OTU_2D/test/image/1461.JPG,NONE
VINMEC_RAW_OTU_2D_test_991,VINMEC_RAW_UNANNOTATED,B-Mode 2D,UNANNOTATED_RAW,False,False,683,544,0,0,0,0.0,dataset/vinmec_ovarian/OTU_2D/test/image/991.JPG,NONE
VINMEC_RAW_OTU_2D_train_858,VINMEC_RAW_UNANNOTATED,B-Mode 2D,UNANNOTATED_RAW,False,False,958,548,0,0,0,0.0,dataset/vinmec_ovarian/OTU_2D/train/train_image/858.JPG,NONE
VINMEC_RAW_OTU_CEUS_132,VINMEC_RAW_UNANNOTATED,CEUS,UNANNOTATED_RAW,False,False,585,571,0,0,0,0.0,dataset/vinmec_ovarian/OTU_CEUS/image/132.JPG,NONE
VINMEC_RAW_OTU_2D_train_478,VINMEC_RAW_UNANNOTATED,B-Mode 2D,UNANNOTATED_RAW,False,False,485,283,0,0,0,0.0,dataset/vinmec_ovarian/OTU_2D/train/train_image/478.JPG,NONE
VINMEC_RAW_OTU_2D_train_706,VINMEC_RAW_UNANNOTATED,B-Mode 2D,UNANNOTATED_RAW,False,False,477,550,0,0,0,0.0,dataset/vinmec_ovarian/OTU_2D/train/train_image/706.JPG,NONE
VINMEC_RAW_OTU_2D_test_1444,VINMEC_RAW_UNANNOTATED,B-Mode 2D,UNANNOTATED_RAW,False,False,477,521,0,0,0,0.0,dataset/vinmec_ovarian/OTU_2D/test/image/1444.JPG,NONE
VINMEC_RAW_OTU_2D_train_425,VINMEC_RAW_UNANNOTATED,B-Mode 2D,UNANNOTATED_RAW,False,False,831,602,0,0,0,0.0,dataset/vinmec_ovarian/OTU_2D/train/train_image/425.JPG,NONE
VINMEC_RAW_OTU_2D_train_209,VINMEC_RAW_UNANNOTATED,B-Mode 2D,UNANNOTATED_RAW,False,False,478,534,0,0,0,0.0,dataset/vinmec_ovarian/OTU_2D/train/train_image/209.JPG,NONE
VINMEC_RAW_OTU_2D_train_1006,VINMEC_RAW_UNANNOTATED,B-Mode 2D,UNANNOTATED_RAW,False,False,961,528,0,0,0,0.0,dataset/vinmec_ovarian/OTU_2D/train/train_image/1006.JPG,NONE
VINMEC_RAW_OTU_2D_train_992,VINMEC_RAW_UNANNOTATED,B-Mode 2D,UNANNOTATED_RAW,False,False,723,542,0,0,0,0.0,dataset/vinmec_ovarian/OTU_2D/train/train_image/992.JPG,NONE
VINMEC_RAW_OTU_2D_train_819,VINMEC_RAW_UNANNOTATED,B-Mode 2D,UNANNOTATED_RAW,False,False,972,548,0,0,0,0.0,dataset/vinmec_ovarian/OTU_2D/train/train_image/819.JPG,NONE
VINMEC_RAW_OTU_2D_test_511,VINMEC_RAW_UNANNOTATED,B-Mode 2D,UNANNOTATED_RAW,False,False,971,545,0,0,0,0.0,dataset/vinmec_ovarian/OTU_2D/test/image/511.JPG,NONE
VINMEC_RAW_OTU_2D_train_709,VINMEC_RAW_UNANNOTATED,B-Mode 2D,UNANNOTATED_RAW,False,False,481,553,0,0,0,0.0,dataset/vinmec_ovarian/OTU_2D/train/train_image/709.JPG,NONE
VINMEC_RAW_OTU_2D_train_1060,VINMEC_RAW_UNANNOTATED,B-Mode 2D,UNANNOTATED_RAW,False,False,963,520,0,0,0,0.0,dataset/vinmec_ovarian/OTU_2D/train/train_image/1060.JPG,NONE
VINMEC_RAW_OTU_2D_train_105,VINMEC_RAW_UNANNOTATED,B-Mode 2D,UNANNOTATED_RAW,False,False,823,597,0,0,0,0.0,dataset/vinmec_ovarian/OTU_2D/train/train_image/105.JPG,NONE
VINMEC_RAW_OTU_2D_train_1402,VINMEC_RAW_UNANNOTATED,B-Mode 2D,UNANNOTATED_RAW,False,False,958,535,0,0,0,0.0,dataset/vinmec_ovarian/OTU_2D/train/train_image/1402.JPG,NONE
VINMEC_RAW_OTU_2D_train_886,VINMEC_RAW_UNANNOTATED,B-Mode 2D,UNANNOTATED_RAW,False,False,565,587,0,0,0,0.0,dataset/vinmec_ovarian/OTU_2D/train/train_image/886.JPG,NONE
VINMEC_RAW_OTU_2D_test_254,VINMEC_RAW_UNANNOTATED,B-Mode 2D,UNANNOTATED_RAW,False,False,959,530,0,0,0,0.0,dataset/vinmec_ovarian/OTU_2D/test/image/254.JPG,NONE
VINMEC_RAW_OTU_2D_train_1223,VINMEC_RAW_UNANNOTATED,B-Mode 2D,UNANNOTATED_RAW,False,False,569,594,0,0,0,0.0,dataset/vinmec_ovarian/OTU_2D/train/train_image/1223.JPG,NONE
VINMEC_RAW_OTU_2D_train_195,VINMEC_RAW_UNANNOTATED,B-Mode 2D,UNANNOTATED_RAW,False,False,480,532,0,0,0,0.0,dataset/vinmec_ovarian/OTU_2D/train/train_image/195.JPG,NONE
VINMEC_RAW_OTU_2D_test_810,VINMEC_RAW_UNANNOTATED,B-Mode 2D,UNANNOTATED_RAW,False,False,565,598,0,0,0,0.0,dataset/vinmec_ovarian/OTU_2D/test/image/810.JPG,NONE
VINMEC_RAW_OTU_2D_train_643,VINMEC_RAW_UNANNOTATED,B-Mode 2D,UNANNOTATED_RAW,False,False,1111,618,0,0,0,0.0,dataset/vinmec_ovarian/OTU_2D/train/train_image/643.JPG,NONE
VINMEC_RAW_OTU_2D_train_563,VINMEC_RAW_UNANNOTATED,B-Mode 2D,UNANNOTATED_RAW,False,False,483,554,0,0,0,0.0,dataset/vinmec_ovarian/OTU_2D/train/train_image/563.JPG,NONE
VINMEC_RAW_OTU_CEUS_107,VINMEC_RAW_UNANNOTATED,CEUS,UNANNOTATED_RAW,False,False,551,551,0,0,0,0.0,dataset/vinmec_ovarian/OTU_CEUS/image/107.JPG,NONE
VINMEC_RAW_OTU_2D_test_906,VINMEC_RAW_UNANNOTATED,B-Mode 2D,UNANNOTATED_RAW,False,False,968,532,0,0,0,0.0,dataset/vinmec_ovarian/OTU_2D/test/image/906.JPG,NONE
VINMEC_RAW_OTU_CEUS_90,VINMEC_RAW_UNANNOTATED,CEUS,UNANNOTATED_RAW,False,False,553,651,0,0,0,0.0,dataset/vinmec_ovarian/OTU_CEUS/image/90.JPG,NONE
VINMEC_RAW_OTU_2D_train_6,VINMEC_RAW_UNANNOTATED,B-Mode 2D,UNANNOTATED_RAW,False,False,958,534,0,0,0,0.0,dataset/vinmec_ovarian/OTU_2D/train/train_image/6.JPG,NONE
VINMEC_RAW_OTU_2D_train_1000,VINMEC_RAW_UNANNOTATED,B-Mode 2D,UNANNOTATED_RAW,False,False,959,532,0,0,0,0.0,dataset/vinmec_ovarian/OTU_2D/train/train_image/1000.JPG,NONE
VINMEC_RAW_OTU_2D_train_1187,VINMEC_RAW_UNANNOTATED,B-Mode 2D,UNANNOTATED_RAW,False,False,1135,590,0,0,0,0.0,dataset/vinmec_ovarian/OTU_2D/train/train_image/1187.JPG,NONE
VINMEC_RAW_OTU_CEUS_14,VINMEC_RAW_UNANNOTATED,CEUS,UNANNOTATED_RAW,False,False,331,379,0,0,0,0.0,dataset/vinmec_ovarian/OTU_CEUS/image/14.JPG,NONE
VINMEC_RAW_OTU_CEUS_51,VINMEC_RAW_UNANNOTATED,CEUS,UNANNOTATED_RAW,False,False,885,557,0,0,0,0.0,dataset/vinmec_ovarian/OTU_CEUS/image/51.JPG,NONE
VINMEC_RAW_OTU_CEUS_120,VINMEC_RAW_UNANNOTATED,CEUS,UNANNOTATED_RAW,False,False,338,353,0,0,0,0.0,dataset/vinmec_ovarian/OTU_CEUS/image/120.JPG,NONE
VINMEC_RAW_OTU_2D_test_854,VINMEC_RAW_UNANNOTATED,B-Mode 2D,UNANNOTATED_RAW,False,False,958,546,0,0,0,0.0,dataset/vinmec_ovarian/OTU_2D/test/image/854.JPG,NONE
VINMEC_RAW_OTU_2D_test_453,VINMEC_RAW_UNANNOTATED,B-Mode 2D,UNANNOTATED_RAW,False,False,478,533,0,0,0,0.0,dataset/vinmec_ovarian/OTU_2D/test/image/453.JPG,NONE
VINMEC_RAW_OTU_2D_test_394,VINMEC_RAW_UNANNOTATED,B-Mode 2D,UNANNOTATED_RAW,False,False,958,531,0,0,0,0.0,dataset/vinmec_ovarian/OTU_2D/test/image/394.JPG,NONE
VINMEC_RAW_OTU_2D_test_181,VINMEC_RAW_UNANNOTATED,B-Mode 2D,UNANNOTATED_RAW,False,False,957,537,0,0,0,0.0,dataset/vinmec_ovarian/OTU_2D/test/image/181.JPG,NONE
VINMEC_RAW_OTU_2D_train_307,VINMEC_RAW_UNANNOTATED,B-Mode 2D,UNANNOTATED_RAW,False,False,480,529,0,0,0,0.0,dataset/vinmec_ovarian/OTU_2D/train/train_image/307.JPG,NONE
VINMEC_RAW_OTU_2D_train_199,VINMEC_RAW_UNANNOTATED,B-Mode 2D,UNANNOTATED_RAW,False,False,479,533,0,0,0,0.0,dataset/vinmec_ovarian/OTU_2D/train/train_image/199.JPG,NONE
VINMEC_RAW_OTU_2D_train_4,VINMEC_RAW_UNANNOTATED,B-Mode 2D,UNANNOTATED_RAW,False,False,478,535,0,0,0,0.0,dataset/vinmec_ovarian/OTU_2D/train/train_image/4.JPG,NONE
VINMEC_RAW_OTU_2D_train_207,VINMEC_RAW_UNANNOTATED,B-Mode 2D,UNANNOTATED_RAW,False,False,959,532,0,0,0,0.0,dataset/vinmec_ovarian/OTU_2D/train/train_image/207.JPG,NONE
VINMEC_RAW_OTU_2D_train_765,VINMEC_RAW_UNANNOTATED,B-Mode 2D,UNANNOTATED_RAW,False,False,561,597,0,0,0,0.0,dataset/vinmec_ovarian/OTU_2D/train/train_image/765.JPG,NONE
VINMEC_RAW_OTU_2D_train_372,VINMEC_RAW_UNANNOTATED,B-Mode 2D,UNANNOTATED_RAW,False,False,806,669,0,0,0,0.0,dataset/vinmec_ovarian/OTU_2D/train/train_image/372.JPG,NONE
VINMEC_RAW_OTU_CEUS_74,VINMEC_RAW_UNANNOTATED,CEUS,UNANNOTATED_RAW,False,False,556,597,0,0,0,0.0,dataset/vinmec_ovarian/OTU_CEUS/image/74.JPG,NONE
VINMEC_RAW_OTU_2D_train_728,VINMEC_RAW_UNANNOTATED,B-Mode 2D,UNANNOTATED_RAW,False,False,974,535,0,0,0,0.0,dataset/vinmec_ovarian/OTU_2D/train/train_image/728.JPG,NONE
VINMEC_RAW_OTU_2D_test_718,VINMEC_RAW_UNANNOTATED,B-Mode 2D,UNANNOTATED_RAW,False,False,481,543,0,0,0,0.0,dataset/vinmec_ovarian/OTU_2D/test/image/718.JPG,NONE
VINMEC_RAW_OTU_2D_train_615,VINMEC_RAW_UNANNOTATED,B-Mode 2D,UNANNOTATED_RAW,False,False,971,539,0,0,0,0.0,dataset/vinmec_ovarian/OTU_2D/train/train_image/615.JPG,NONE
VINMEC_RAW_OTU_2D_train_1377,VINMEC_RAW_UNANNOTATED,B-Mode 2D,UNANNOTATED_RAW,False,False,764,556,0,0,0,0.0,dataset/vinmec_ovarian/OTU_2D/train/train_image/1377.JPG,NONE
VINMEC_RAW_OTU_2D_train_646,VINMEC_RAW_UNANNOTATED,B-Mode 2D,UNANNOTATED_RAW,False,False,970,557,0,0,0,0.0,dataset/vinmec_ovarian/OTU_2D/train/train_image/646.JPG,NONE
VINMEC_RAW_OTU_2D_train_769,VINMEC_RAW_UNANNOTATED,B-Mode 2D,UNANNOTATED_RAW,False,False,388,524,0,0,0,0.0,dataset/vinmec_ovarian/OTU_2D/train/train_image/769.JPG,NONE
VINMEC_RAW_OTU_2D_test_770,VINMEC_RAW_UNANNOTATED,B-Mode 2D,UNANNOTATED_RAW,False,False,457,536,0,0,0,0.0,dataset/vinmec_ovarian/OTU_2D/test/image/770.JPG,NONE
VINMEC_RAW_OTU_2D_test_261,VINMEC_RAW_UNANNOTATED,B-Mode 2D,UNANNOTATED_RAW,False,False,480,532,0,0,0,0.0,dataset/vinmec_ovarian/OTU_2D/test/image/261.JPG,NONE
VINMEC_RAW_OTU_2D_train_1116,VINMEC_RAW_UNANNOTATED,B-Mode 2D,UNANNOTATED_RAW,False,False,959,535,0,0,0,0.0,dataset/vinmec_ovarian/OTU_2D/train/train_image/1116.JPG,NONE
VINMEC_RAW_OTU_2D_test_776,VINMEC_RAW_UNANNOTATED,B-Mode 2D,UNANNOTATED_RAW,False,False,972,554,0,0,0,0.0,dataset/vinmec_ovarian/OTU_2D/test/image/776.JPG,NONE
VINMEC_RAW_OTU_2D_test_336,VINMEC_RAW_UNANNOTATED,B-Mode 2D,UNANNOTATED_RAW,False,False,1134,592,0,0,0,0.0,dataset/vinmec_ovarian/OTU_2D/test/image/336.JPG,NONE
VINMEC_RAW_OTU_2D_train_1344,VINMEC_RAW_UNANNOTATED,B-Mode 2D,UNANNOTATED_RAW,False,False,567,596,0,0,0,0.0,dataset/vinmec_ovarian/OTU_2D/train/train_image/1344.JPG,NONE
VINMEC_RAW_OTU_2D_test_255,VINMEC_RAW_UNANNOTATED,B-Mode 2D,UNANNOTATED_RAW,False,False,481,536,0,0,0,0.0,dataset/vinmec_ovarian/OTU_2D/test/image/255.JPG,NONE
VINMEC_RAW_OTU_2D_train_841,VINMEC_RAW_UNANNOTATED,B-Mode 2D,UNANNOTATED_RAW,False,False,570,627,0,0,0,0.0,dataset/vinmec_ovarian/OTU_2D/train/train_image/841.JPG,NONE
VINMEC_RAW_OTU_2D_test_295,VINMEC_RAW_UNANNOTATED,B-Mode 2D,UNANNOTATED_RAW,False,False,497,537,0,0,0,0.0,dataset/vinmec_ovarian/OTU_2D/test/image/295.JPG,NONE
VINMEC_RAW_OTU_CEUS_117,VINMEC_RAW_UNANNOTATED,CEUS,UNANNOTATED_RAW,False,False,888,552,0,0,0,0.0,dataset/vinmec_ovarian/OTU_CEUS/image/117.JPG,NONE
VINMEC_RAW_OTU_2D_test_234,VINMEC_RAW_UNANNOTATED,B-Mode 2D,UNANNOTATED_RAW,False,False,480,536,0,0,0,0.0,dataset/vinmec_ovarian/OTU_2D/test/image/234.JPG,NONE
VINMEC_RAW_OTU_CEUS_126,VINMEC_RAW_UNANNOTATED,CEUS,UNANNOTATED_RAW,False,False,552,547,0,0,0,0.0,dataset/vinmec_ovarian/OTU_CEUS/image/126.JPG,NONE
VINMEC_RAW_OTU_CEUS_73,VINMEC_RAW_UNANNOTATED,CEUS,UNANNOTATED_RAW,False,False,555,603,0,0,0,0.0,dataset/vinmec_ovarian/OTU_CEUS/image/73.JPG,NONE
VINMEC_RAW_OTU_2D_train_9,VINMEC_RAW_UNANNOTATED,B-Mode 2D,UNANNOTATED_RAW,False,False,480,536,0,0,0,0.0,dataset/vinmec_ovarian/OTU_2D/train/train_image/9.JPG,NONE
VINMEC_RAW_OTU_CEUS_130,VINMEC_RAW_UNANNOTATED,CEUS,UNANNOTATED_RAW,False,False,591,580,0,0,0,0.0,dataset/vinmec_ovarian/OTU_CEUS/image/130.JPG,NONE
VINMEC_RAW_OTU_CEUS_127,VINMEC_RAW_UNANNOTATED,CEUS,UNANNOTATED_RAW,False,False,552,553,0,0,0,0.0,dataset/vinmec_ovarian/OTU_CEUS/image/127.JPG,NONE
VINMEC_RAW_OTU_2D_test_1190,VINMEC_RAW_UNANNOTATED,B-Mode 2D,UNANNOTATED_RAW,False,False,481,540,0,0,0,0.0,dataset/vinmec_ovarian/OTU_2D/test/image/1190.JPG,NONE
VINMEC_RAW_OTU_CEUS_17,VINMEC_RAW_UNANNOTATED,CEUS,UNANNOTATED_RAW,False,False,555,556,0,0,0,0.0,dataset/vinmec_ovarian/OTU_CEUS/image/17.JPG,NONE
VINMEC_RAW_OTU_2D_test_953,VINMEC_RAW_UNANNOTATED,B-Mode 2D,UNANNOTATED_RAW,False,False,564,536,0,0,0,0.0,dataset/vinmec_ovarian/OTU_2D/test/image/953.JPG,NONE
VINMEC_RAW_OTU_2D_train_1448,VINMEC_RAW_UNANNOTATED,B-Mode 2D,UNANNOTATED_RAW,False,False,478,557,0,0,0,0.0,dataset/vinmec_ovarian/OTU_2D/train/train_image/1448.JPG,NONE
VINMEC_RAW_OTU_2D_test_1307,VINMEC_RAW_UNANNOTATED,B-Mode 2D,UNANNOTATED_RAW,False,False,958,624,0,0,0,0.0,dataset/vinmec_ovarian/OTU_2D/test/image/1307.JPG,NONE
VINMEC_RAW_OTU_2D_train_289,VINMEC_RAW_UNANNOTATED,B-Mode 2D,UNANNOTATED_RAW,False,False,961,532,0,0,0,0.0,dataset/vinmec_ovarian/OTU_2D/train/train_image/289.JPG,NONE
VINMEC_RAW_OTU_2D_train_100,VINMEC_RAW_UNANNOTATED,B-Mode 2D,UNANNOTATED_RAW,False,False,958,531,0,0,0,0.0,dataset/vinmec_ovarian/OTU_2D/train/train_image/100.JPG,NONE
VINMEC_RAW_OTU_2D_train_1007,VINMEC_RAW_UNANNOTATED,B-Mode 2D,UNANNOTATED_RAW,False,False,956,532,0,0,0,0.0,dataset/vinmec_ovarian/OTU_2D/train/train_image/1007.JPG,NONE
VINMEC_RAW_OTU_2D_train_196,VINMEC_RAW_UNANNOTATED,B-Mode 2D,UNANNOTATED_RAW,False,False,479,535,0,0,0,0.0,dataset/vinmec_ovarian/OTU_2D/train/train_image/196.JPG,NONE
VINMEC_RAW_OTU_2D_test_1143,VINMEC_RAW_UNANNOTATED,B-Mode 2D,UNANNOTATED_RAW,False,False,958,524,0,0,0,0.0,dataset/vinmec_ovarian/OTU_2D/test/image/1143.JPG,NONE
VINMEC_RAW_OTU_2D_train_929,VINMEC_RAW_UNANNOTATED,B-Mode 2D,UNANNOTATED_RAW,False,False,480,528,0,0,0,0.0,dataset/vinmec_ovarian/OTU_2D/train/train_image/929.JPG,NONE
VINMEC_RAW_OTU_CEUS_82,VINMEC_RAW_UNANNOTATED,CEUS,UNANNOTATED_RAW,False,False,541,591,0,0,0,0.0,dataset/vinmec_ovarian/OTU_CEUS/image/82.JPG,NONE
VINMEC_RAW_OTU_2D_train_1349,VINMEC_RAW_UNANNOTATED,B-Mode 2D,UNANNOTATED_RAW,False,False,566,592,0,0,0,0.0,dataset/vinmec_ovarian/OTU_2D/train/train_image/1349.JPG,NONE
VINMEC_RAW_OTU_2D_train_61,VINMEC_RAW_UNANNOTATED,B-Mode 2D,UNANNOTATED_RAW,False,False,959,606,0,0,0,0.0,dataset/vinmec_ovarian/OTU_2D/train/train_image/61.JPG,NONE
VINMEC_RAW_OTU_2D_train_1045,VINMEC_RAW_UNANNOTATED,B-Mode 2D,UNANNOTATED_RAW,False,False,959,533,0,0,0,0.0,dataset/vinmec_ovarian/OTU_2D/train/train_image/1045.JPG,NONE
VINMEC_RAW_OTU_2D_test_934,VINMEC_RAW_UNANNOTATED,B-Mode 2D,UNANNOTATED_RAW,False,False,568,587,0,0,0,0.0,dataset/vinmec_ovarian/OTU_2D/test/image/934.JPG,NONE
VINMEC_RAW_OTU_2D_train_833,VINMEC_RAW_UNANNOTATED,B-Mode 2D,UNANNOTATED_RAW,False,False,493,280,0,0,0,0.0,dataset/vinmec_ovarian/OTU_2D/train/train_image/833.JPG,NONE
VINMEC_RAW_OTU_2D_test_1018,VINMEC_RAW_UNANNOTATED,B-Mode 2D,UNANNOTATED_RAW,False,False,567,589,0,0,0,0.0,dataset/vinmec_ovarian/OTU_2D/test/image/1018.JPG,NONE
VINMEC_RAW_OTU_CEUS_59,VINMEC_RAW_UNANNOTATED,CEUS,UNANNOTATED_RAW,False,False,542,597,0,0,0,0.0,dataset/vinmec_ovarian/OTU_CEUS/image/59.JPG,NONE
VINMEC_RAW_OTU_2D_test_1012,VINMEC_RAW_UNANNOTATED,B-Mode 2D,UNANNOTATED_RAW,False,False,480,528,0,0,0,0.0,dataset/vinmec_ovarian/OTU_2D/test/image/1012.JPG,NONE
VINMEC_RAW_OTU_CEUS_109,VINMEC_RAW_UNANNOTATED,CEUS,UNANNOTATED_RAW,False,False,336,417,0,0,0,0.0,dataset/vinmec_ovarian/OTU_CEUS/image/109.JPG,NONE
VINMEC_RAW_OTU_2D_train_1425,VINMEC_RAW_UNANNOTATED,B-Mode 2D,UNANNOTATED_RAW,False,False,959,537,0,0,0,0.0,dataset/vinmec_ovarian/OTU_2D/train/train_image/1425.JPG,NONE
VINMEC_RAW_OTU_2D_train_1043,VINMEC_RAW_UNANNOTATED,B-Mode 2D,UNANNOTATED_RAW,False,False,959,510,0,0,0,0.0,dataset/vinmec_ovarian/OTU_2D/train/train_image/1043.JPG,NONE
VINMEC_RAW_OTU_2D_train_235,VINMEC_RAW_UNANNOTATED,B-Mode 2D,UNANNOTATED_RAW,False,False,481,534,0,0,0,0.0,dataset/vinmec_ovarian/OTU_2D/train/train_image/235.JPG,NONE
VINMEC_RAW_OTU_2D_train_1084,VINMEC_RAW_UNANNOTATED,B-Mode 2D,UNANNOTATED_RAW,False,False,481,520,0,0,0,0.0,dataset/vinmec_ovarian/OTU_2D/train/train_image/1084.JPG,NONE
VINMEC_RAW_OTU_2D_train_1180,VINMEC_RAW_UNANNOTATED,B-Mode 2D,UNANNOTATED_RAW,False,False,569,592,0,0,0,0.0,dataset/vinmec_ovarian/OTU_2D/train/train_image/1180.JPG,NONE
VINMEC_RAW_OTU_2D_train_263,VINMEC_RAW_UNANNOTATED,B-Mode 2D,UNANNOTATED_RAW,False,False,480,532,0,0,0,0.0,dataset/vinmec_ovarian/OTU_2D/train/train_image/263.JPG,NONE
VINMEC_RAW_OTU_2D_train_11,VINMEC_RAW_UNANNOTATED,B-Mode 2D,UNANNOTATED_RAW,False,False,480,530,0,0,0,0.0,dataset/vinmec_ovarian/OTU_2D/train/train_image/11.JPG,NONE
VINMEC_RAW_OTU_2D_train_767,VINMEC_RAW_UNANNOTATED,B-Mode 2D,UNANNOTATED_RAW,False,False,562,622,0,0,0,0.0,dataset/vinmec_ovarian/OTU_2D/train/train_image/767.JPG,NONE
VINMEC_RAW_OTU_2D_train_1346,VINMEC_RAW_UNANNOTATED,B-Mode 2D,UNANNOTATED_RAW,False,False,570,589,0,0,0,0.0,dataset/vinmec_ovarian/OTU_2D/train/train_image/1346.JPG,NONE
VINMEC_RAW_OTU_2D_train_1197,VINMEC_RAW_UNANNOTATED,B-Mode 2D,UNANNOTATED_RAW,False,False,958,536,0,0,0,0.0,dataset/vinmec_ovarian/OTU_2D/train/train_image/1197.JPG,NONE
VINMEC_RAW_OTU_2D_train_836,VINMEC_RAW_UNANNOTATED,B-Mode 2D,UNANNOTATED_RAW,False,False,959,612,0,0,0,0.0,dataset/vinmec_ovarian/OTU_2D/train/train_image/836.JPG,NONE
VINMEC_RAW_OTU_2D_train_683,VINMEC_RAW_UNANNOTATED,B-Mode 2D,UNANNOTATED_RAW,False,False,478,545,0,0,0,0.0,dataset/vinmec_ovarian/OTU_2D/train/train_image/683.JPG,NONE
VINMEC_RAW_OTU_2D_train_1128,VINMEC_RAW_UNANNOTATED,B-Mode 2D,UNANNOTATED_RAW,False,False,569,595,0,0,0,0.0,dataset/vinmec_ovarian/OTU_2D/train/train_image/1128.JPG,NONE
VINMEC_RAW_OTU_2D_train_926,VINMEC_RAW_UNANNOTATED,B-Mode 2D,UNANNOTATED_RAW,False,False,957,526,0,0,0,0.0,dataset/vinmec_ovarian/OTU_2D/train/train_image/926.JPG,NONE
VINMEC_RAW_OTU_2D_test_1378,VINMEC_RAW_UNANNOTATED,B-Mode 2D,UNANNOTATED_RAW,False,False,958,534,0,0,0,0.0,dataset/vinmec_ovarian/OTU_2D/test/image/1378.JPG,NONE
VINMEC_RAW_OTU_2D_train_108,VINMEC_RAW_UNANNOTATED,B-Mode 2D,UNANNOTATED_RAW,False,False,957,535,0,0,0,0.0,dataset/vinmec_ovarian/OTU_2D/train/train_image/108.JPG,NONE
VINMEC_RAW_OTU_2D_test_350,VINMEC_RAW_UNANNOTATED,B-Mode 2D,UNANNOTATED_RAW,False,False,474,604,0,0,0,0.0,dataset/vinmec_ovarian/OTU_2D/test/image/350.JPG,NONE
VINMEC_RAW_OTU_2D_train_519,VINMEC_RAW_UNANNOTATED,B-Mode 2D,UNANNOTATED_RAW,False,False,479,527,0,0,0,0.0,dataset/vinmec_ovarian/OTU_2D/train/train_image/519.JPG,NONE
VINMEC_RAW_OTU_2D_test_1285,VINMEC_RAW_UNANNOTATED,B-Mode 2D,UNANNOTATED_RAW,False,False,1116,591,0,0,0,0.0,dataset/vinmec_ovarian/OTU_2D/test/image/1285.JPG,NONE
VINMEC_RAW_OTU_2D_train_830,VINMEC_RAW_UNANNOTATED,B-Mode 2D,UNANNOTATED_RAW,False,False,958,545,0,0,0,0.0,dataset/vinmec_ovarian/OTU_2D/train/train_image/830.JPG,NONE
VINMEC_RAW_OTU_2D_train_818,VINMEC_RAW_UNANNOTATED,B-Mode 2D,UNANNOTATED_RAW,False,False,972,534,0,0,0,0.0,dataset/vinmec_ovarian/OTU_2D/train/train_image/818.JPG,NONE
VINMEC_RAW_OTU_2D_train_540,VINMEC_RAW_UNANNOTATED,B-Mode 2D,UNANNOTATED_RAW,False,False,478,548,0,0,0,0.0,dataset/vinmec_ovarian/OTU_2D/train/train_image/540.JPG,NONE
VINMEC_RAW_OTU_2D_train_423,VINMEC_RAW_UNANNOTATED,B-Mode 2D,UNANNOTATED_RAW,False,False,961,534,0,0,0,0.0,dataset/vinmec_ovarian/OTU_2D/train/train_image/423.JPG,NONE
VINMEC_RAW_OTU_2D_train_853,VINMEC_RAW_UNANNOTATED,B-Mode 2D,UNANNOTATED_RAW,False,False,958,546,0,0,0,0.0,dataset/vinmec_ovarian/OTU_2D/train/train_image/853.JPG,NONE
VINMEC_RAW_OTU_2D_test_90,VINMEC_RAW_UNANNOTATED,B-Mode 2D,UNANNOTATED_RAW,False,False,959,528,0,0,0,0.0,dataset/vinmec_ovarian/OTU_2D/test/image/90.JPG,NONE
VINMEC_RAW_OTU_CEUS_89,VINMEC_RAW_UNANNOTATED,CEUS,UNANNOTATED_RAW,False,False,339,412,0,0,0,0.0,dataset/vinmec_ovarian/OTU_CEUS/image/89.JPG,NONE
VINMEC_RAW_OTU_2D_train_1103,VINMEC_RAW_UNANNOTATED,B-Mode 2D,UNANNOTATED_RAW,False,False,956,521,0,0,0,0.0,dataset/vinmec_ovarian/OTU_2D/train/train_image/1103.JPG,NONE
VINMEC_RAW_OTU_2D_train_1158,VINMEC_RAW_UNANNOTATED,B-Mode 2D,UNANNOTATED_RAW,False,False,1135,592,0,0,0,0.0,dataset/vinmec_ovarian/OTU_2D/train/train_image/1158.JPG,NONE
VINMEC_RAW_OTU_2D_train_634,VINMEC_RAW_UNANNOTATED,B-Mode 2D,UNANNOTATED_RAW,False,False,567,620,0,0,0,0.0,dataset/vinmec_ovarian/OTU_2D/train/train_image/634.JPG,NONE
VINMEC_RAW_OTU_2D_train_1310,VINMEC_RAW_UNANNOTATED,B-Mode 2D,UNANNOTATED_RAW,False,False,573,321,0,0,0,0.0,dataset/vinmec_ovarian/OTU_2D/train/train_image/1310.JPG,NONE
VINMEC_RAW_OTU_2D_train_1456,VINMEC_RAW_UNANNOTATED,B-Mode 2D,UNANNOTATED_RAW,False,False,953,530,0,0,0,0.0,dataset/vinmec_ovarian/OTU_2D/train/train_image/1456.JPG,NONE
VINMEC_RAW_OTU_2D_train_283,VINMEC_RAW_UNANNOTATED,B-Mode 2D,UNANNOTATED_RAW,False,False,958,534,0,0,0,0.0,dataset/vinmec_ovarian/OTU_2D/train/train_image/283.JPG,NONE
VINMEC_RAW_OTU_2D_train_505,VINMEC_RAW_UNANNOTATED,B-Mode 2D,UNANNOTATED_RAW,False,False,480,549,0,0,0,0.0,dataset/vinmec_ovarian/OTU_2D/train/train_image/505.JPG,NONE
VINMEC_RAW_OTU_2D_train_771,VINMEC_RAW_UNANNOTATED,B-Mode 2D,UNANNOTATED_RAW,False,False,484,542,0,0,0,0.0,dataset/vinmec_ovarian/OTU_2D/train/train_image/771.JPG,NONE
VINMEC_RAW_OTU_2D_train_805,VINMEC_RAW_UNANNOTATED,B-Mode 2D,UNANNOTATED_RAW,False,False,480,543,0,0,0,0.0,dataset/vinmec_ovarian/OTU_2D/train/train_image/805.JPG,NONE
VINMEC_RAW_OTU_2D_train_1296,VINMEC_RAW_UNANNOTATED,B-Mode 2D,UNANNOTATED_RAW,False,False,569,592,0,0,0,0.0,dataset/vinmec_ovarian/OTU_2D/train/train_image/1296.JPG,NONE
VINMEC_RAW_OTU_2D_train_1186,VINMEC_RAW_UNANNOTATED,B-Mode 2D,UNANNOTATED_RAW,False,False,1134,593,0,0,0,0.0,dataset/vinmec_ovarian/OTU_2D/train/train_image/1186.JPG,NONE
VINMEC_RAW_OTU_2D_test_177,VINMEC_RAW_UNANNOTATED,B-Mode 2D,UNANNOTATED_RAW,False,False,958,533,0,0,0,0.0,dataset/vinmec_ovarian/OTU_2D/test/image/177.JPG,NONE
VINMEC_RAW_OTU_2D_test_945,VINMEC_RAW_UNANNOTATED,B-Mode 2D,UNANNOTATED_RAW,False,False,566,589,0,0,0,0.0,dataset/vinmec_ovarian/OTU_2D/test/image/945.JPG,NONE
VINMEC_RAW_OTU_2D_train_1328,VINMEC_RAW_UNANNOTATED,B-Mode 2D,UNANNOTATED_RAW,False,False,957,535,0,0,0,0.0,dataset/vinmec_ovarian/OTU_2D/train/train_image/1328.JPG,NONE
VINMEC_RAW_OTU_2D_test_1184,VINMEC_RAW_UNANNOTATED,B-Mode 2D,UNANNOTATED_RAW,False,False,1135,594,0,0,0,0.0,dataset/vinmec_ovarian/OTU_2D/test/image/1184.JPG,NONE
VINMEC_RAW_OTU_2D_train_1097,VINMEC_RAW_UNANNOTATED,B-Mode 2D,UNANNOTATED_RAW,False,False,959,530,0,0,0,0.0,dataset/vinmec_ovarian/OTU_2D/train/train_image/1097.JPG,NONE
VINMEC_RAW_OTU_2D_train_565,VINMEC_RAW_UNANNOTATED,B-Mode 2D,UNANNOTATED_RAW,False,False,482,550,0,0,0,0.0,dataset/vinmec_ovarian/OTU_2D/train/train_image/565.JPG,NONE
VINMEC_RAW_OTU_2D_test_1046,VINMEC_RAW_UNANNOTATED,B-Mode 2D,UNANNOTATED_RAW,False,False,955,538,0,0,0,0.0,dataset/vinmec_ovarian/OTU_2D/test/image/1046.JPG,NONE
VINMEC_RAW_OTU_CEUS_125,VINMEC_RAW_UNANNOTATED,CEUS,UNANNOTATED_RAW,False,False,550,552,0,0,0,0.0,dataset/vinmec_ovarian/OTU_CEUS/image/125.JPG,NONE
VINMEC_RAW_OTU_2D_train_820,VINMEC_RAW_UNANNOTATED,B-Mode 2D,UNANNOTATED_RAW,False,False,959,544,0,0,0,0.0,dataset/vinmec_ovarian/OTU_2D/train/train_image/820.JPG,NONE
VINMEC_RAW_OTU_2D_test_377,VINMEC_RAW_UNANNOTATED,B-Mode 2D,UNANNOTATED_RAW,False,False,483,539,0,0,0,0.0,dataset/vinmec_ovarian/OTU_2D/test/image/377.JPG,NONE
VINMEC_RAW_OTU_2D_train_1297,VINMEC_RAW_UNANNOTATED,B-Mode 2D,UNANNOTATED_RAW,False,False,959,537,0,0,0,0.0,dataset/vinmec_ovarian/OTU_2D/train/train_image/1297.JPG,NONE
VINMEC_RAW_OTU_2D_train_1225,VINMEC_RAW_UNANNOTATED,B-Mode 2D,UNANNOTATED_RAW,False,False,1135,592,0,0,0,0.0,dataset/vinmec_ovarian/OTU_2D/train/train_image/1225.JPG,NONE
VINMEC_RAW_OTU_2D_train_99,VINMEC_RAW_UNANNOTATED,B-Mode 2D,UNANNOTATED_RAW,False,False,481,534,0,0,0,0.0,dataset/vinmec_ovarian/OTU_2D/train/train_image/99.JPG,NONE
VINMEC_RAW_OTU_2D_train_1145,VINMEC_RAW_UNANNOTATED,B-Mode 2D,UNANNOTATED_RAW,False,False,481,539,0,0,0,0.0,dataset/vinmec_ovarian/OTU_2D/train/train_image/1145.JPG,NONE
VINMEC_RAW_OTU_2D_test_701,VINMEC_RAW_UNANNOTATED,B-Mode 2D,UNANNOTATED_RAW,False,False,959,549,0,0,0,0.0,dataset/vinmec_ovarian/OTU_2D/test/image/701.JPG,NONE
VINMEC_RAW_OTU_2D_test_371,VINMEC_RAW_UNANNOTATED,B-Mode 2D,UNANNOTATED_RAW,False,False,803,671,0,0,0,0.0,dataset/vinmec_ovarian/OTU_2D/test/image/371.JPG,NONE
VINMEC_RAW_OTU_2D_train_561,VINMEC_RAW_UNANNOTATED,B-Mode 2D,UNANNOTATED_RAW,False,False,566,605,0,0,0,0.0,dataset/vinmec_ovarian/OTU_2D/train/train_image/561.JPG,NONE
VINMEC_RAW_OTU_2D_train_712,VINMEC_RAW_UNANNOTATED,B-Mode 2D,UNANNOTATED_RAW,False,False,959,539,0,0,0,0.0,dataset/vinmec_ovarian/OTU_2D/train/train_image/712.JPG,NONE
VINMEC_RAW_OTU_2D_train_444,VINMEC_RAW_UNANNOTATED,B-Mode 2D,UNANNOTATED_RAW,False,False,957,532,0,0,0,0.0,dataset/vinmec_ovarian/OTU_2D/train/train_image/444.JPG,NONE
VINMEC_RAW_OTU_2D_train_1265,VINMEC_RAW_UNANNOTATED,B-Mode 2D,UNANNOTATED_RAW,False,False,477,533,0,0,0,0.0,dataset/vinmec_ovarian/OTU_2D/train/train_image/1265.JPG,NONE
VINMEC_RAW_OTU_2D_train_1417,VINMEC_RAW_UNANNOTATED,B-Mode 2D,UNANNOTATED_RAW,False,False,1071,633,0,0,0,0.0,dataset/vinmec_ovarian/OTU_2D/train/train_image/1417.JPG,NONE
VINMEC_RAW_OTU_2D_train_190,VINMEC_RAW_UNANNOTATED,B-Mode 2D,UNANNOTATED_RAW,False,False,479,534,0,0,0,0.0,dataset/vinmec_ovarian/OTU_2D/train/train_image/190.JPG,NONE
VINMEC_RAW_OTU_2D_test_264,VINMEC_RAW_UNANNOTATED,B-Mode 2D,UNANNOTATED_RAW,False,False,481,532,0,0,0,0.0,dataset/vinmec_ovarian/OTU_2D/test/image/264.JPG,NONE
VINMEC_RAW_OTU_2D_train_702,VINMEC_RAW_UNANNOTATED,B-Mode 2D,UNANNOTATED_RAW,False,False,958,533,0,0,0,0.0,dataset/vinmec_ovarian/OTU_2D/train/train_image/702.JPG,NONE
VINMEC_RAW_OTU_2D_train_232,VINMEC_RAW_UNANNOTATED,B-Mode 2D,UNANNOTATED_RAW,False,False,479,534,0,0,0,0.0,dataset/vinmec_ovarian/OTU_2D/train/train_image/232.JPG,NONE
VINMEC_RAW_OTU_2D_train_1164,VINMEC_RAW_UNANNOTATED,B-Mode 2D,UNANNOTATED_RAW,False,False,568,591,0,0,0,0.0,dataset/vinmec_ovarian/OTU_2D/train/train_image/1164.JPG,NONE
VINMEC_RAW_OTU_2D_test_323,VINMEC_RAW_UNANNOTATED,B-Mode 2D,UNANNOTATED_RAW,False,False,479,529,0,0,0,0.0,dataset/vinmec_ovarian/OTU_2D/test/image/323.JPG,NONE
VINMEC_RAW_OTU_2D_test_26,VINMEC_RAW_UNANNOTATED,B-Mode 2D,UNANNOTATED_RAW,False,False,1104,674,0,0,0,0.0,dataset/vinmec_ovarian/OTU_2D/test/image/26.JPG,NONE
VINMEC_RAW_OTU_2D_train_1172,VINMEC_RAW_UNANNOTATED,B-Mode 2D,UNANNOTATED_RAW,False,False,720,559,0,0,0,0.0,dataset/vinmec_ovarian/OTU_2D/train/train_image/1172.JPG,NONE
VINMEC_RAW_OTU_2D_test_237,VINMEC_RAW_UNANNOTATED,B-Mode 2D,UNANNOTATED_RAW,False,False,857,559,0,0,0,0.0,dataset/vinmec_ovarian/OTU_2D/test/image/237.JPG,NONE
VINMEC_RAW_OTU_2D_test_1232,VINMEC_RAW_UNANNOTATED,B-Mode 2D,UNANNOTATED_RAW,False,False,973,529,0,0,0,0.0,dataset/vinmec_ovarian/OTU_2D/test/image/1232.JPG,NONE
VINMEC_RAW_OTU_CEUS_119,VINMEC_RAW_UNANNOTATED,CEUS,UNANNOTATED_RAW,False,False,338,351,0,0,0,0.0,dataset/vinmec_ovarian/OTU_CEUS/image/119.JPG,NONE
VINMEC_RAW_OTU_2D_test_1065,VINMEC_RAW_UNANNOTATED,B-Mode 2D,UNANNOTATED_RAW,False,False,956,533,0,0,0,0.0,dataset/vinmec_ovarian/OTU_2D/test/image/1065.JPG,NONE
VINMEC_RAW_OTU_CEUS_140,VINMEC_RAW_UNANNOTATED,CEUS,UNANNOTATED_RAW,False,False,550,554,0,0,0,0.0,dataset/vinmec_ovarian/OTU_CEUS/image/140.JPG,NONE
VINMEC_RAW_OTU_2D_train_182,VINMEC_RAW_UNANNOTATED,B-Mode 2D,UNANNOTATED_RAW,False,False,958,535,0,0,0,0.0,dataset/vinmec_ovarian/OTU_2D/train/train_image/182.JPG,NONE
VINMEC_RAW_OTU_2D_test_862,VINMEC_RAW_UNANNOTATED,B-Mode 2D,UNANNOTATED_RAW,False,False,959,544,0,0,0,0.0,dataset/vinmec_ovarian/OTU_2D/test/image/862.JPG,NONE
VINMEC_RAW_OTU_2D_test_743,VINMEC_RAW_UNANNOTATED,B-Mode 2D,UNANNOTATED_RAW,False,False,957,539,0,0,0,0.0,dataset/vinmec_ovarian/OTU_2D/test/image/743.JPG,NONE
VINMEC_RAW_OTU_2D_train_320,VINMEC_RAW_UNANNOTATED,B-Mode 2D,UNANNOTATED_RAW,False,False,482,532,0,0,0,0.0,dataset/vinmec_ovarian/OTU_2D/train/train_image/320.JPG,NONE
VINMEC_RAW_OTU_2D_train_1391,VINMEC_RAW_UNANNOTATED,B-Mode 2D,UNANNOTATED_RAW,False,False,481,529,0,0,0,0.0,dataset/vinmec_ovarian/OTU_2D/train/train_image/1391.JPG,NONE
VINMEC_RAW_OTU_2D_test_804,VINMEC_RAW_UNANNOTATED,B-Mode 2D,UNANNOTATED_RAW,False,False,957,535,0,0,0,0.0,dataset/vinmec_ovarian/OTU_2D/test/image/804.JPG,NONE
VINMEC_RAW_OTU_2D_test_1347,VINMEC_RAW_UNANNOTATED,B-Mode 2D,UNANNOTATED_RAW,False,False,570,595,0,0,0,0.0,dataset/vinmec_ovarian/OTU_2D/test/image/1347.JPG,NONE
VINMEC_RAW_OTU_2D_train_189,VINMEC_RAW_UNANNOTATED,B-Mode 2D,UNANNOTATED_RAW,False,False,959,532,0,0,0,0.0,dataset/vinmec_ovarian/OTU_2D/train/train_image/189.JPG,NONE
VINMEC_RAW_OTU_2D_test_299,VINMEC_RAW_UNANNOTATED,B-Mode 2D,UNANNOTATED_RAW,False,False,481,534,0,0,0,0.0,dataset/vinmec_ovarian/OTU_2D/test/image/299.JPG,NONE
VINMEC_RAW_OTU_2D_test_700,VINMEC_RAW_UNANNOTATED,B-Mode 2D,UNANNOTATED_RAW,False,False,958,557,0,0,0,0.0,dataset/vinmec_ovarian/OTU_2D/test/image/700.JPG,NONE
VINMEC_RAW_OTU_2D_train_1418,VINMEC_RAW_UNANNOTATED,B-Mode 2D,UNANNOTATED_RAW,False,False,551,618,0,0,0,0.0,dataset/vinmec_ovarian/OTU_2D/train/train_image/1418.JPG,NONE
VINMEC_RAW_OTU_2D_test_248,VINMEC_RAW_UNANNOTATED,B-Mode 2D,UNANNOTATED_RAW,False,False,480,529,0,0,0,0.0,dataset/vinmec_ovarian/OTU_2D/test/image/248.JPG,NONE
VINMEC_RAW_OTU_2D_test_679,VINMEC_RAW_UNANNOTATED,B-Mode 2D,UNANNOTATED_RAW,False,False,495,557,0,0,0,0.0,dataset/vinmec_ovarian/OTU_2D/test/image/679.JPG,NONE
VINMEC_RAW_OTU_2D_train_1126,VINMEC_RAW_UNANNOTATED,B-Mode 2D,UNANNOTATED_RAW,False,False,957,604,0,0,0,0.0,dataset/vinmec_ovarian/OTU_2D/train/train_image/1126.JPG,NONE
VINMEC_RAW_OTU_2D_train_1160,VINMEC_RAW_UNANNOTATED,B-Mode 2D,UNANNOTATED_RAW,False,False,959,529,0,0,0,0.0,dataset/vinmec_ovarian/OTU_2D/train/train_image/1160.JPG,NONE
VINMEC_RAW_OTU_2D_train_812,VINMEC_RAW_UNANNOTATED,B-Mode 2D,UNANNOTATED_RAW,False,False,1135,705,0,0,0,0.0,dataset/vinmec_ovarian/OTU_2D/train/train_image/812.JPG,NONE
VINMEC_RAW_OTU_2D_train_1052,VINMEC_RAW_UNANNOTATED,B-Mode 2D,UNANNOTATED_RAW,False,False,479,527,0,0,0,0.0,dataset/vinmec_ovarian/OTU_2D/train/train_image/1052.JPG,NONE
VINMEC_RAW_OTU_2D_test_292,VINMEC_RAW_UNANNOTATED,B-Mode 2D,UNANNOTATED_RAW,False,False,703,400,0,0,0,0.0,dataset/vinmec_ovarian/OTU_2D/test/image/292.JPG,NONE
VINMEC_RAW_OTU_2D_train_405,VINMEC_RAW_UNANNOTATED,B-Mode 2D,UNANNOTATED_RAW,False,False,958,533,0,0,0,0.0,dataset/vinmec_ovarian/OTU_2D/train/train_image/405.JPG,NONE
VINMEC_RAW_OTU_2D_train_401,VINMEC_RAW_UNANNOTATED,B-Mode 2D,UNANNOTATED_RAW,False,False,655,347,0,0,0,0.0,dataset/vinmec_ovarian/OTU_2D/train/train_image/401.JPG,NONE
VINMEC_RAW_OTU_2D_test_464,VINMEC_RAW_UNANNOTATED,B-Mode 2D,UNANNOTATED_RAW,False,False,959,530,0,0,0,0.0,dataset/vinmec_ovarian/OTU_2D/test/image/464.JPG,NONE
VINMEC_RAW_OTU_2D_train_873,VINMEC_RAW_UNANNOTATED,B-Mode 2D,UNANNOTATED_RAW,False,False,1134,608,0,0,0,0.0,dataset/vinmec_ovarian/OTU_2D/train/train_image/873.JPG,NONE
VINMEC_RAW_OTU_2D_test_1199,VINMEC_RAW_UNANNOTATED,B-Mode 2D,UNANNOTATED_RAW,False,False,959,535,0,0,0,0.0,dataset/vinmec_ovarian/OTU_2D/test/image/1199.JPG,NONE
VINMEC_RAW_OTU_2D_train_1141,VINMEC_RAW_UNANNOTATED,B-Mode 2D,UNANNOTATED_RAW,False,False,480,537,0,0,0,0.0,dataset/vinmec_ovarian/OTU_2D/train/train_image/1141.JPG,NONE
VINMEC_RAW_OTU_2D_train_1149,VINMEC_RAW_UNANNOTATED,B-Mode 2D,UNANNOTATED_RAW,False,False,957,532,0,0,0,0.0,dataset/vinmec_ovarian/OTU_2D/train/train_image/1149.JPG,NONE
VINMEC_RAW_OTU_2D_test_267,VINMEC_RAW_UNANNOTATED,B-Mode 2D,UNANNOTATED_RAW,False,False,566,591,0,0,0,0.0,dataset/vinmec_ovarian/OTU_2D/test/image/267.JPG,NONE
VINMEC_RAW_OTU_2D_train_1147,VINMEC_RAW_UNANNOTATED,B-Mode 2D,UNANNOTATED_RAW,False,False,958,538,0,0,0,0.0,dataset/vinmec_ovarian/OTU_2D/train/train_image/1147.JPG,NONE
VINMEC_RAW_OTU_2D_train_414,VINMEC_RAW_UNANNOTATED,B-Mode 2D,UNANNOTATED_RAW,False,False,483,334,0,0,0,0.0,dataset/vinmec_ovarian/OTU_2D/train/train_image/414.JPG,NONE
VINMEC_RAW_OTU_2D_test_1024,VINMEC_RAW_UNANNOTATED,B-Mode 2D,UNANNOTATED_RAW,False,False,478,523,0,0,0,0.0,dataset/vinmec_ovarian/OTU_2D/test/image/1024.JPG,NONE
VINMEC_RAW_OTU_2D_test_148,VINMEC_RAW_UNANNOTATED,B-Mode 2D,UNANNOTATED_RAW,False,False,1101,567,0,0,0,0.0,dataset/vinmec_ovarian/OTU_2D/test/image/148.JPG,NONE
VINMEC_RAW_OTU_2D_train_390,VINMEC_RAW_UNANNOTATED,B-Mode 2D,UNANNOTATED_RAW,False,False,914,533,0,0,0,0.0,dataset/vinmec_ovarian/OTU_2D/train/train_image/390.JPG,NONE
VINMEC_RAW_OTU_2D_train_723,VINMEC_RAW_UNANNOTATED,B-Mode 2D,UNANNOTATED_RAW,False,False,479,554,0,0,0,0.0,dataset/vinmec_ovarian/OTU_2D/train/train_image/723.JPG,NONE
VINMEC_RAW_OTU_2D_test_83,VINMEC_RAW_UNANNOTATED,B-Mode 2D,UNANNOTATED_RAW,False,False,479,533,0,0,0,0.0,dataset/vinmec_ovarian/OTU_2D/test/image/83.JPG,NONE
VINMEC_RAW_OTU_2D_test_626,VINMEC_RAW_UNANNOTATED,B-Mode 2D,UNANNOTATED_RAW,False,False,958,536,0,0,0,0.0,dataset/vinmec_ovarian/OTU_2D/test/image/626.JPG,NONE
VINMEC_RAW_OTU_2D_train_342,VINMEC_RAW_UNANNOTATED,B-Mode 2D,UNANNOTATED_RAW,False,False,569,590,0,0,0,0.0,dataset/vinmec_ovarian/OTU_2D/train/train_image/342.JPG,NONE
VINMEC_RAW_OTU_2D_test_979,VINMEC_RAW_UNANNOTATED,B-Mode 2D,UNANNOTATED_RAW,False,False,481,525,0,0,0,0.0,dataset/vinmec_ovarian/OTU_2D/test/image/979.JPG,NONE
VINMEC_RAW_OTU_2D_train_924,VINMEC_RAW_UNANNOTATED,B-Mode 2D,UNANNOTATED_RAW,False,False,479,529,0,0,0,0.0,dataset/vinmec_ovarian/OTU_2D/train/train_image/924.JPG,NONE
VINMEC_RAW_OTU_CEUS_62,VINMEC_RAW_UNANNOTATED,CEUS,UNANNOTATED_RAW,False,False,335,423,0,0,0,0.0,dataset/vinmec_ovarian/OTU_CEUS/image/62.JPG,NONE
VINMEC_RAW_OTU_2D_train_1177,VINMEC_RAW_UNANNOTATED,B-Mode 2D,UNANNOTATED_RAW,False,False,958,534,0,0,0,0.0,dataset/vinmec_ovarian/OTU_2D/train/train_image/1177.JPG,NONE
VINMEC_RAW_OTU_2D_train_670,VINMEC_RAW_UNANNOTATED,B-Mode 2D,UNANNOTATED_RAW,False,False,1135,784,0,0,0,0.0,dataset/vinmec_ovarian/OTU_2D/train/train_image/670.JPG,NONE
VINMEC_RAW_OTU_2D_train_794,VINMEC_RAW_UNANNOTATED,B-Mode 2D,UNANNOTATED_RAW,False,False,959,554,0,0,0,0.0,dataset/vinmec_ovarian/OTU_2D/train/train_image/794.JPG,NONE
VINMEC_RAW_OTU_2D_test_896,VINMEC_RAW_UNANNOTATED,B-Mode 2D,UNANNOTATED_RAW,False,False,479,525,0,0,0,0.0,dataset/vinmec_ovarian/OTU_2D/test/image/896.JPG,NONE
VINMEC_RAW_OTU_2D_train_1106,VINMEC_RAW_UNANNOTATED,B-Mode 2D,UNANNOTATED_RAW,False,False,1133,584,0,0,0,0.0,dataset/vinmec_ovarian/OTU_2D/train/train_image/1106.JPG,NONE
VINMEC_RAW_OTU_2D_train_1457,VINMEC_RAW_UNANNOTATED,B-Mode 2D,UNANNOTATED_RAW,False,False,956,524,0,0,0,0.0,dataset/vinmec_ovarian/OTU_2D/train/train_image/1457.JPG,NONE
VINMEC_RAW_OTU_2D_test_1273,VINMEC_RAW_UNANNOTATED,B-Mode 2D,UNANNOTATED_RAW,False,False,1117,590,0,0,0,0.0,dataset/vinmec_ovarian/OTU_2D/test/image/1273.JPG,NONE
VINMEC_RAW_OTU_2D_train_1396,VINMEC_RAW_UNANNOTATED,B-Mode 2D,UNANNOTATED_RAW,False,False,568,595,0,0,0,0.0,dataset/vinmec_ovarian/OTU_2D/train/train_image/1396.JPG,NONE
VINMEC_RAW_OTU_2D_train_1368,VINMEC_RAW_UNANNOTATED,B-Mode 2D,UNANNOTATED_RAW,False,False,958,538,0,0,0,0.0,dataset/vinmec_ovarian/OTU_2D/train/train_image/1368.JPG,NONE
VINMEC_RAW_OTU_2D_train_1239,VINMEC_RAW_UNANNOTATED,B-Mode 2D,UNANNOTATED_RAW,False,False,567,594,0,0,0,0.0,dataset/vinmec_ovarian/OTU_2D/train/train_image/1239.JPG,NONE
VINMEC_RAW_OTU_CEUS_169,VINMEC_RAW_UNANNOTATED,CEUS,UNANNOTATED_RAW,False,False,338,418,0,0,0,0.0,dataset/vinmec_ovarian/OTU_CEUS/image/169.JPG,NONE
VINMEC_RAW_OTU_2D_train_303,VINMEC_RAW_UNANNOTATED,B-Mode 2D,UNANNOTATED_RAW,False,False,481,535,0,0,0,0.0,dataset/vinmec_ovarian/OTU_2D/train/train_image/303.JPG,NONE
VINMEC_RAW_OTU_2D_train_1195,VINMEC_RAW_UNANNOTATED,B-Mode 2D,UNANNOTATED_RAW,False,False,957,534,0,0,0,0.0,dataset/vinmec_ovarian/OTU_2D/train/train_image/1195.JPG,NONE
VINMEC_RAW_OTU_2D_test_403,VINMEC_RAW_UNANNOTATED,B-Mode 2D,UNANNOTATED_RAW,False,False,959,535,0,0,0,0.0,dataset/vinmec_ovarian/OTU_2D/test/image/403.JPG,NONE
VINMEC_RAW_OTU_2D_train_1419,VINMEC_RAW_UNANNOTATED,B-Mode 2D,UNANNOTATED_RAW,False,False,550,645,0,0,0,0.0,dataset/vinmec_ovarian/OTU_2D/train/train_image/1419.JPG,NONE
VINMEC_RAW_OTU_CEUS_52,VINMEC_RAW_UNANNOTATED,CEUS,UNANNOTATED_RAW,False,False,879,552,0,0,0,0.0,dataset/vinmec_ovarian/OTU_CEUS/image/52.JPG,NONE
VINMEC_RAW_OTU_2D_train_1010,VINMEC_RAW_UNANNOTATED,B-Mode 2D,UNANNOTATED_RAW,False,False,481,527,0,0,0,0.0,dataset/vinmec_ovarian/OTU_2D/train/train_image/1010.JPG,NONE
VINMEC_RAW_OTU_2D_train_406,VINMEC_RAW_UNANNOTATED,B-Mode 2D,UNANNOTATED_RAW,False,False,959,530,0,0,0,0.0,dataset/vinmec_ovarian/OTU_2D/train/train_image/406.JPG,NONE
VINMEC_RAW_OTU_2D_train_1424,VINMEC_RAW_UNANNOTATED,B-Mode 2D,UNANNOTATED_RAW,False,False,959,531,0,0,0,0.0,dataset/vinmec_ovarian/OTU_2D/train/train_image/1424.JPG,NONE
VINMEC_RAW_OTU_2D_train_637,VINMEC_RAW_UNANNOTATED,B-Mode 2D,UNANNOTATED_RAW,False,False,566,631,0,0,0,0.0,dataset/vinmec_ovarian/OTU_2D/train/train_image/637.JPG,NONE
VINMEC_RAW_OTU_2D_train_321,VINMEC_RAW_UNANNOTATED,B-Mode 2D,UNANNOTATED_RAW,False,False,959,529,0,0,0,0.0,dataset/vinmec_ovarian/OTU_2D/train/train_image/321.JPG,NONE
VINMEC_RAW_OTU_2D_train_969,VINMEC_RAW_UNANNOTATED,B-Mode 2D,UNANNOTATED_RAW,False,False,957,525,0,0,0,0.0,dataset/vinmec_ovarian/OTU_2D/train/train_image/969.JPG,NONE
VINMEC_RAW_OTU_2D_test_64,VINMEC_RAW_UNANNOTATED,B-Mode 2D,UNANNOTATED_RAW,False,False,958,532,0,0,0,0.0,dataset/vinmec_ovarian/OTU_2D/test/image/64.JPG,NONE
VINMEC_RAW_OTU_2D_train_584,VINMEC_RAW_UNANNOTATED,B-Mode 2D,UNANNOTATED_RAW,False,False,479,557,0,0,0,0.0,dataset/vinmec_ovarian/OTU_2D/train/train_image/584.JPG,NONE
VINMEC_RAW_OTU_2D_train_417,VINMEC_RAW_UNANNOTATED,B-Mode 2D,UNANNOTATED_RAW,False,False,957,534,0,0,0,0.0,dataset/vinmec_ovarian/OTU_2D/train/train_image/417.JPG,NONE
VINMEC_RAW_OTU_CEUS_154,VINMEC_RAW_UNANNOTATED,CEUS,UNANNOTATED_RAW,False,False,554,585,0,0,0,0.0,dataset/vinmec_ovarian/OTU_CEUS/image/154.JPG,NONE
VINMEC_RAW_OTU_2D_train_1237,VINMEC_RAW_UNANNOTATED,B-Mode 2D,UNANNOTATED_RAW,False,False,1135,595,0,0,0,0.0,dataset/vinmec_ovarian/OTU_2D/train/train_image/1237.JPG,NONE
VINMEC_RAW_OTU_2D_train_470,VINMEC_RAW_UNANNOTATED,B-Mode 2D,UNANNOTATED_RAW,False,False,958,538,0,0,0,0.0,dataset/vinmec_ovarian/OTU_2D/train/train_image/470.JPG,NONE
VINMEC_RAW_OTU_CEUS_157,VINMEC_RAW_UNANNOTATED,CEUS,UNANNOTATED_RAW,False,False,582,578,0,0,0,0.0,dataset/vinmec_ovarian/OTU_CEUS/image/157.JPG,NONE
VINMEC_RAW_OTU_2D_train_559,VINMEC_RAW_UNANNOTATED,B-Mode 2D,UNANNOTATED_RAW,False,False,566,603,0,0,0,0.0,dataset/vinmec_ovarian/OTU_2D/train/train_image/559.JPG,NONE
VINMEC_RAW_OTU_2D_train_1289,VINMEC_RAW_UNANNOTATED,B-Mode 2D,UNANNOTATED_RAW,False,False,958,535,0,0,0,0.0,dataset/vinmec_ovarian/OTU_2D/train/train_image/1289.JPG,NONE
VINMEC_RAW_OTU_CEUS_54,VINMEC_RAW_UNANNOTATED,CEUS,UNANNOTATED_RAW,False,False,882,555,0,0,0,0.0,dataset/vinmec_ovarian/OTU_CEUS/image/54.JPG,NONE
VINMEC_RAW_OTU_2D_train_796,VINMEC_RAW_UNANNOTATED,B-Mode 2D,UNANNOTATED_RAW,False,False,959,541,0,0,0,0.0,dataset/vinmec_ovarian/OTU_2D/train/train_image/796.JPG,NONE
VINMEC_RAW_OTU_2D_train_933,VINMEC_RAW_UNANNOTATED,B-Mode 2D,UNANNOTATED_RAW,False,False,567,581,0,0,0,0.0,dataset/vinmec_ovarian/OTU_2D/train/train_image/933.JPG,NONE
VINMEC_RAW_OTU_2D_test_1305,VINMEC_RAW_UNANNOTATED,B-Mode 2D,UNANNOTATED_RAW,False,False,958,536,0,0,0,0.0,dataset/vinmec_ovarian/OTU_2D/test/image/1305.JPG,NONE
VINMEC_RAW_OTU_CEUS_48,VINMEC_RAW_UNANNOTATED,CEUS,UNANNOTATED_RAW,False,False,367,380,0,0,0,0.0,dataset/vinmec_ovarian/OTU_CEUS/image/48.JPG,NONE
VINMEC_RAW_OTU_2D_train_869,VINMEC_RAW_UNANNOTATED,B-Mode 2D,UNANNOTATED_RAW,False,False,972,540,0,0,0,0.0,dataset/vinmec_ovarian/OTU_2D/train/train_image/869.JPG,NONE
VINMEC_RAW_OTU_CEUS_93,VINMEC_RAW_UNANNOTATED,CEUS,UNANNOTATED_RAW,False,False,554,552,0,0,0,0.0,dataset/vinmec_ovarian/OTU_CEUS/image/93.JPG,NONE
VINMEC_RAW_OTU_2D_train_1008,VINMEC_RAW_UNANNOTATED,B-Mode 2D,UNANNOTATED_RAW,False,False,954,530,0,0,0,0.0,dataset/vinmec_ovarian/OTU_2D/train/train_image/1008.JPG,NONE
VINMEC_RAW_OTU_2D_train_829,VINMEC_RAW_UNANNOTATED,B-Mode 2D,UNANNOTATED_RAW,False,False,1101,586,0,0,0,0.0,dataset/vinmec_ovarian/OTU_2D/train/train_image/829.JPG,NONE
VINMEC_RAW_OTU_2D_train_755,VINMEC_RAW_UNANNOTATED,B-Mode 2D,UNANNOTATED_RAW,False,False,957,549,0,0,0,0.0,dataset/vinmec_ovarian/OTU_2D/train/train_image/755.JPG,NONE
VINMEC_RAW_OTU_2D_test_5,VINMEC_RAW_UNANNOTATED,B-Mode 2D,UNANNOTATED_RAW,False,False,1096,794,0,0,0,0.0,dataset/vinmec_ovarian/OTU_2D/test/image/5.JPG,NONE
VINMEC_RAW_OTU_2D_train_280,VINMEC_RAW_UNANNOTATED,B-Mode 2D,UNANNOTATED_RAW,False,False,958,532,0,0,0,0.0,dataset/vinmec_ovarian/OTU_2D/train/train_image/280.JPG,NONE
VINMEC_RAW_OTU_2D_train_22,VINMEC_RAW_UNANNOTATED,B-Mode 2D,UNANNOTATED_RAW,False,False,480,534,0,0,0,0.0,dataset/vinmec_ovarian/OTU_2D/train/train_image/22.JPG,NONE
VINMEC_RAW_OTU_2D_test_1369,VINMEC_RAW_UNANNOTATED,B-Mode 2D,UNANNOTATED_RAW,False,False,480,531,0,0,0,0.0,dataset/vinmec_ovarian/OTU_2D/test/image/1369.JPG,NONE
VINMEC_RAW_OTU_2D_test_473,VINMEC_RAW_UNANNOTATED,B-Mode 2D,UNANNOTATED_RAW,False,False,1103,569,0,0,0,0.0,dataset/vinmec_ovarian/OTU_2D/test/image/473.JPG,NONE
VINMEC_RAW_OTU_2D_test_240,VINMEC_RAW_UNANNOTATED,B-Mode 2D,UNANNOTATED_RAW,False,False,479,531,0,0,0,0.0,dataset/vinmec_ovarian/OTU_2D/test/image/240.JPG,NONE
VINMEC_RAW_OTU_2D_train_1428,VINMEC_RAW_UNANNOTATED,B-Mode 2D,UNANNOTATED_RAW,False,False,959,536,0,0,0,0.0,dataset/vinmec_ovarian/OTU_2D/train/train_image/1428.JPG,NONE
VINMEC_RAW_OTU_2D_test_548,VINMEC_RAW_UNANNOTATED,B-Mode 2D,UNANNOTATED_RAW,False,False,801,582,0,0,0,0.0,dataset/vinmec_ovarian/OTU_2D/test/image/548.JPG,NONE
VINMEC_RAW_OTU_2D_train_302,VINMEC_RAW_UNANNOTATED,B-Mode 2D,UNANNOTATED_RAW,False,False,958,534,0,0,0,0.0,dataset/vinmec_ovarian/OTU_2D/train/train_image/302.JPG,NONE
VINMEC_RAW_OTU_2D_test_315,VINMEC_RAW_UNANNOTATED,B-Mode 2D,UNANNOTATED_RAW,False,False,479,533,0,0,0,0.0,dataset/vinmec_ovarian/OTU_2D/test/image/315.JPG,NONE
VINMEC_RAW_OTU_2D_train_909,VINMEC_RAW_UNANNOTATED,B-Mode 2D,UNANNOTATED_RAW,False,False,953,528,0,0,0,0.0,dataset/vinmec_ovarian/OTU_2D/train/train_image/909.JPG,NONE
VINMEC_RAW_OTU_2D_train_1233,VINMEC_RAW_UNANNOTATED,B-Mode 2D,UNANNOTATED_RAW,False,False,482,534,0,0,0,0.0,dataset/vinmec_ovarian/OTU_2D/train/train_image/1233.JPG,NONE
VINMEC_RAW_OTU_2D_train_525,VINMEC_RAW_UNANNOTATED,B-Mode 2D,UNANNOTATED_RAW,False,False,958,556,0,0,0,0.0,dataset/vinmec_ovarian/OTU_2D/train/train_image/525.JPG,NONE
VINMEC_RAW_OTU_2D_test_714,VINMEC_RAW_UNANNOTATED,B-Mode 2D,UNANNOTATED_RAW,False,False,959,554,0,0,0,0.0,dataset/vinmec_ovarian/OTU_2D/test/image/714.JPG,NONE
VINMEC_RAW_OTU_2D_test_1086,VINMEC_RAW_UNANNOTATED,B-Mode 2D,UNANNOTATED_RAW,False,False,1132,540,0,0,0,0.0,dataset/vinmec_ovarian/OTU_2D/test/image/1086.JPG,NONE
VINMEC_RAW_OTU_2D_test_21,VINMEC_RAW_UNANNOTATED,B-Mode 2D,UNANNOTATED_RAW,False,False,480,533,0,0,0,0.0,dataset/vinmec_ovarian/OTU_2D/test/image/21.JPG,NONE
VINMEC_RAW_OTU_CEUS_38,VINMEC_RAW_UNANNOTATED,CEUS,UNANNOTATED_RAW,False,False,564,551,0,0,0,0.0,dataset/vinmec_ovarian/OTU_CEUS/image/38.JPG,NONE
VINMEC_RAW_OTU_2D_train_397,VINMEC_RAW_UNANNOTATED,B-Mode 2D,UNANNOTATED_RAW,False,False,479,534,0,0,0,0.0,dataset/vinmec_ovarian/OTU_2D/train/train_image/397.JPG,NONE
VINMEC_RAW_OTU_2D_train_538,VINMEC_RAW_UNANNOTATED,B-Mode 2D,UNANNOTATED_RAW,False,False,480,549,0,0,0,0.0,dataset/vinmec_ovarian/OTU_2D/train/train_image/538.JPG,NONE
VINMEC_RAW_OTU_2D_test_1440,VINMEC_RAW_UNANNOTATED,B-Mode 2D,UNANNOTATED_RAW,False,False,484,531,0,0,0,0.0,dataset/vinmec_ovarian/OTU_2D/test/image/1440.JPG,NONE
VINMEC_RAW_OTU_2D_train_1375,VINMEC_RAW_UNANNOTATED,B-Mode 2D,UNANNOTATED_RAW,False,False,959,537,0,0,0,0.0,dataset/vinmec_ovarian/OTU_2D/train/train_image/1375.JPG,NONE
VINMEC_RAW_OTU_2D_test_682,VINMEC_RAW_UNANNOTATED,B-Mode 2D,UNANNOTATED_RAW,False,False,496,532,0,0,0,0.0,dataset/vinmec_ovarian/OTU_2D/test/image/682.JPG,NONE
VINMEC_RAW_OTU_2D_train_1379,VINMEC_RAW_UNANNOTATED,B-Mode 2D,UNANNOTATED_RAW,False,False,958,540,0,0,0,0.0,dataset/vinmec_ovarian/OTU_2D/train/train_image/1379.JPG,NONE
VINMEC_RAW_OTU_2D_test_952,VINMEC_RAW_UNANNOTATED,B-Mode 2D,UNANNOTATED_RAW,False,False,566,583,0,0,0,0.0,dataset/vinmec_ovarian/OTU_2D/test/image/952.JPG,NONE
VINMEC_RAW_OTU_2D_train_1345,VINMEC_RAW_UNANNOTATED,B-Mode 2D,UNANNOTATED_RAW,False,False,571,594,0,0,0,0.0,dataset/vinmec_ovarian/OTU_2D/train/train_image/1345.JPG,NONE
VINMEC_RAW_OTU_2D_train_1144,VINMEC_RAW_UNANNOTATED,B-Mode 2D,UNANNOTATED_RAW,False,False,959,528,0,0,0,0.0,dataset/vinmec_ovarian/OTU_2D/train/train_image/1144.JPG,NONE
VINMEC_RAW_OTU_2D_train_1243,VINMEC_RAW_UNANNOTATED,B-Mode 2D,UNANNOTATED_RAW,False,False,956,532,0,0,0,0.0,dataset/vinmec_ovarian/OTU_2D/train/train_image/1243.JPG,NONE
VINMEC_RAW_OTU_2D_train_892,VINMEC_RAW_UNANNOTATED,B-Mode 2D,UNANNOTATED_RAW,False,False,959,528,0,0,0,0.0,dataset/vinmec_ovarian/OTU_2D/train/train_image/892.JPG,NONE
VINMEC_RAW_OTU_2D_train_759,VINMEC_RAW_UNANNOTATED,B-Mode 2D,UNANNOTATED_RAW,False,False,1106,628,0,0,0,0.0,dataset/vinmec_ovarian/OTU_2D/train/train_image/759.JPG,NONE
VINMEC_RAW_OTU_2D_test_488,VINMEC_RAW_UNANNOTATED,B-Mode 2D,UNANNOTATED_RAW,False,False,569,707,0,0,0,0.0,dataset/vinmec_ovarian/OTU_2D/test/image/488.JPG,NONE
VINMEC_RAW_OTU_2D_test_1319,VINMEC_RAW_UNANNOTATED,B-Mode 2D,UNANNOTATED_RAW,False,False,480,535,0,0,0,0.0,dataset/vinmec_ovarian/OTU_2D/test/image/1319.JPG,NONE
VINMEC_RAW_OTU_2D_train_880,VINMEC_RAW_UNANNOTATED,B-Mode 2D,UNANNOTATED_RAW,False,False,1135,610,0,0,0,0.0,dataset/vinmec_ovarian/OTU_2D/train/train_image/880.JPG,NONE
VINMEC_RAW_OTU_2D_train_1219,VINMEC_RAW_UNANNOTATED,B-Mode 2D,UNANNOTATED_RAW,False,False,959,531,0,0,0,0.0,dataset/vinmec_ovarian/OTU_2D/train/train_image/1219.JPG,NONE
VINMEC_RAW_OTU_2D_test_339,VINMEC_RAW_UNANNOTATED,B-Mode 2D,UNANNOTATED_RAW,False,False,569,592,0,0,0,0.0,dataset/vinmec_ovarian/OTU_2D/test/image/339.JPG,NONE
VINMEC_RAW_OTU_2D_train_348,VINMEC_RAW_UNANNOTATED,B-Mode 2D,UNANNOTATED_RAW,False,False,478,604,0,0,0,0.0,dataset/vinmec_ovarian/OTU_2D/train/train_image/348.JPG,NONE
VINMEC_RAW_OTU_2D_test_1157,VINMEC_RAW_UNANNOTATED,B-Mode 2D,UNANNOTATED_RAW,False,False,1135,592,0,0,0,0.0,dataset/vinmec_ovarian/OTU_2D/test/image/1157.JPG,NONE
VINMEC_RAW_OTU_2D_train_485,VINMEC_RAW_UNANNOTATED,B-Mode 2D,UNANNOTATED_RAW,False,False,566,695,0,0,0,0.0,dataset/vinmec_ovarian/OTU_2D/train/train_image/485.JPG,NONE
VINMEC_RAW_OTU_CEUS_3,VINMEC_RAW_UNANNOTATED,CEUS,UNANNOTATED_RAW,False,False,337,356,0,0,0,0.0,dataset/vinmec_ovarian/OTU_CEUS/image/3.JPG,NONE
VINMEC_RAW_OTU_2D_train_479,VINMEC_RAW_UNANNOTATED,B-Mode 2D,UNANNOTATED_RAW,False,False,961,532,0,0,0,0.0,dataset/vinmec_ovarian/OTU_2D/train/train_image/479.JPG,NONE
VINMEC_RAW_OTU_2D_test_388,VINMEC_RAW_UNANNOTATED,B-Mode 2D,UNANNOTATED_RAW,False,False,905,532,0,0,0,0.0,dataset/vinmec_ovarian/OTU_2D/test/image/388.JPG,NONE
VINMEC_RAW_OTU_2D_train_260,VINMEC_RAW_UNANNOTATED,B-Mode 2D,UNANNOTATED_RAW,False,False,481,607,0,0,0,0.0,dataset/vinmec_ovarian/OTU_2D/train/train_image/260.JPG,NONE
VINMEC_RAW_OTU_2D_train_319,VINMEC_RAW_UNANNOTATED,B-Mode 2D,UNANNOTATED_RAW,False,False,482,534,0,0,0,0.0,dataset/vinmec_ovarian/OTU_2D/train/train_image/319.JPG,NONE
VINMEC_RAW_OTU_2D_train_1,VINMEC_RAW_UNANNOTATED,B-Mode 2D,UNANNOTATED_RAW,False,False,959,537,0,0,0,0.0,dataset/vinmec_ovarian/OTU_2D/train/train_image/1.JPG,NONE
VINMEC_RAW_OTU_2D_train_286,VINMEC_RAW_UNANNOTATED,B-Mode 2D,UNANNOTATED_RAW,False,False,958,533,0,0,0,0.0,dataset/vinmec_ovarian/OTU_2D/train/train_image/286.JPG,NONE
VINMEC_RAW_OTU_CEUS_30,VINMEC_RAW_UNANNOTATED,CEUS,UNANNOTATED_RAW,False,False,552,496,0,0,0,0.0,dataset/vinmec_ovarian/OTU_CEUS/image/30.JPG,NONE
VINMEC_RAW_OTU_2D_train_435,VINMEC_RAW_UNANNOTATED,B-Mode 2D,UNANNOTATED_RAW,False,False,406,275,0,0,0,0.0,dataset/vinmec_ovarian/OTU_2D/train/train_image/435.JPG,NONE
VINMEC_RAW_OTU_2D_test_911,VINMEC_RAW_UNANNOTATED,B-Mode 2D,UNANNOTATED_RAW,False,False,953,532,0,0,0,0.0,dataset/vinmec_ovarian/OTU_2D/test/image/911.JPG,NONE
VINMEC_RAW_OTU_2D_test_412,VINMEC_RAW_UNANNOTATED,B-Mode 2D,UNANNOTATED_RAW,False,False,962,660,0,0,0,0.0,dataset/vinmec_ovarian/OTU_2D/test/image/412.JPG,NONE
VINMEC_RAW_OTU_2D_test_3,VINMEC_RAW_UNANNOTATED,B-Mode 2D,UNANNOTATED_RAW,False,False,478,537,0,0,0,0.0,dataset/vinmec_ovarian/OTU_2D/test/image/3.JPG,NONE
VINMEC_RAW_OTU_CEUS_11,VINMEC_RAW_UNANNOTATED,CEUS,UNANNOTATED_RAW,False,False,552,551,0,0,0,0.0,dataset/vinmec_ovarian/OTU_CEUS/image/11.JPG,NONE
VINMEC_RAW_OTU_2D_test_1291,VINMEC_RAW_UNANNOTATED,B-Mode 2D,UNANNOTATED_RAW,False,False,956,533,0,0,0,0.0,dataset/vinmec_ovarian/OTU_2D/test/image/1291.JPG,NONE
VINMEC_RAW_OTU_2D_train_951,VINMEC_RAW_UNANNOTATED,B-Mode 2D,UNANNOTATED_RAW,False,False,568,586,0,0,0,0.0,dataset/vinmec_ovarian/OTU_2D/train/train_image/951.JPG,NONE
VINMEC_RAW_OTU_2D_train_1282,VINMEC_RAW_UNANNOTATED,B-Mode 2D,UNANNOTATED_RAW,False,False,1116,588,0,0,0,0.0,dataset/vinmec_ovarian/OTU_2D/train/train_image/1282.JPG,NONE
VINMEC_RAW_OTU_2D_train_407,VINMEC_RAW_UNANNOTATED,B-Mode 2D,UNANNOTATED_RAW,False,False,958,531,0,0,0,0.0,dataset/vinmec_ovarian/OTU_2D/train/train_image/407.JPG,NONE
VINMEC_RAW_OTU_2D_train_1207,VINMEC_RAW_UNANNOTATED,B-Mode 2D,UNANNOTATED_RAW,False,False,483,530,0,0,0,0.0,dataset/vinmec_ovarian/OTU_2D/train/train_image/1207.JPG,NONE
VINMEC_RAW_OTU_2D_test_387,VINMEC_RAW_UNANNOTATED,B-Mode 2D,UNANNOTATED_RAW,False,False,905,534,0,0,0,0.0,dataset/vinmec_ovarian/OTU_2D/test/image/387.JPG,NONE
VINMEC_RAW_OTU_2D_train_537,VINMEC_RAW_UNANNOTATED,B-Mode 2D,UNANNOTATED_RAW,False,False,478,551,0,0,0,0.0,dataset/vinmec_ovarian/OTU_2D/train/train_image/537.JPG,NONE
VINMEC_RAW_OTU_2D_train_82,VINMEC_RAW_UNANNOTATED,B-Mode 2D,UNANNOTATED_RAW,False,False,958,532,0,0,0,0.0,dataset/vinmec_ovarian/OTU_2D/train/train_image/82.JPG,NONE
VINMEC_RAW_OTU_2D_train_1155,VINMEC_RAW_UNANNOTATED,B-Mode 2D,UNANNOTATED_RAW,False,False,1135,638,0,0,0,0.0,dataset/vinmec_ovarian/OTU_2D/train/train_image/1155.JPG,NONE
VINMEC_RAW_OTU_CEUS_58,VINMEC_RAW_UNANNOTATED,CEUS,UNANNOTATED_RAW,False,False,551,597,0,0,0,0.0,dataset/vinmec_ovarian/OTU_CEUS/image/58.JPG,NONE
VINMEC_RAW_OTU_2D_train_1294,VINMEC_RAW_UNANNOTATED,B-Mode 2D,UNANNOTATED_RAW,False,False,958,536,0,0,0,0.0,dataset/vinmec_ovarian/OTU_2D/train/train_image/1294.JPG,NONE
VINMEC_RAW_OTU_2D_test_1088,VINMEC_RAW_UNANNOTATED,B-Mode 2D,UNANNOTATED_RAW,False,False,480,599,0,0,0,0.0,dataset/vinmec_ovarian/OTU_2D/test/image/1088.JPG,NONE
VINMEC_RAW_OTU_2D_train_357,VINMEC_RAW_UNANNOTATED,B-Mode 2D,UNANNOTATED_RAW,False,False,480,533,0,0,0,0.0,dataset/vinmec_ovarian/OTU_2D/train/train_image/357.JPG,NONE
VINMEC_RAW_OTU_2D_train_1420,VINMEC_RAW_UNANNOTATED,B-Mode 2D,UNANNOTATED_RAW,False,False,1106,607,0,0,0,0.0,dataset/vinmec_ovarian/OTU_2D/train/train_image/1420.JPG,NONE
VINMEC_RAW_OTU_2D_train_1119,VINMEC_RAW_UNANNOTATED,B-Mode 2D,UNANNOTATED_RAW,False,False,959,536,0,0,0,0.0,dataset/vinmec_ovarian/OTU_2D/train/train_image/1119.JPG,NONE
VINMEC_RAW_OTU_2D_train_1215,VINMEC_RAW_UNANNOTATED,B-Mode 2D,UNANNOTATED_RAW,False,False,956,533,0,0,0,0.0,dataset/vinmec_ovarian/OTU_2D/train/train_image/1215.JPG,NONE
VINMEC_RAW_OTU_2D_train_178,VINMEC_RAW_UNANNOTATED,B-Mode 2D,UNANNOTATED_RAW,False,False,958,535,0,0,0,0.0,dataset/vinmec_ovarian/OTU_2D/train/train_image/178.JPG,NONE
VINMEC_RAW_OTU_2D_test_1133,VINMEC_RAW_UNANNOTATED,B-Mode 2D,UNANNOTATED_RAW,False,False,959,529,0,0,0,0.0,dataset/vinmec_ovarian/OTU_2D/test/image/1133.JPG,NONE
VINMEC_RAW_OTU_2D_train_215,VINMEC_RAW_UNANNOTATED,B-Mode 2D,UNANNOTATED_RAW,False,False,959,532,0,0,0,0.0,dataset/vinmec_ovarian/OTU_2D/train/train_image/215.JPG,NONE
VINMEC_RAW_OTU_CEUS_70,VINMEC_RAW_UNANNOTATED,CEUS,UNANNOTATED_RAW,False,False,549,553,0,0,0,0.0,dataset/vinmec_ovarian/OTU_CEUS/image/70.JPG,NONE
VINMEC_RAW_OTU_CEUS_129,VINMEC_RAW_UNANNOTATED,CEUS,UNANNOTATED_RAW,False,False,560,557,0,0,0,0.0,dataset/vinmec_ovarian/OTU_CEUS/image/129.JPG,NONE
VINMEC_RAW_OTU_2D_train_467,VINMEC_RAW_UNANNOTATED,B-Mode 2D,UNANNOTATED_RAW,False,False,959,532,0,0,0,0.0,dataset/vinmec_ovarian/OTU_2D/train/train_image/467.JPG,NONE
VINMEC_RAW_OTU_2D_test_1108,VINMEC_RAW_UNANNOTATED,B-Mode 2D,UNANNOTATED_RAW,False,False,955,524,0,0,0,0.0,dataset/vinmec_ovarian/OTU_2D/test/image/1108.JPG,NONE
VINMEC_RAW_OTU_2D_train_290,VINMEC_RAW_UNANNOTATED,B-Mode 2D,UNANNOTATED_RAW,False,False,487,531,0,0,0,0.0,dataset/vinmec_ovarian/OTU_2D/train/train_image/290.JPG,NONE
VINMEC_RAW_OTU_2D_train_462,VINMEC_RAW_UNANNOTATED,B-Mode 2D,UNANNOTATED_RAW,False,False,957,532,0,0,0,0.0,dataset/vinmec_ovarian/OTU_2D/train/train_image/462.JPG,NONE
VINMEC_RAW_OTU_CEUS_166,VINMEC_RAW_UNANNOTATED,CEUS,UNANNOTATED_RAW,False,False,553,553,0,0,0,0.0,dataset/vinmec_ovarian/OTU_CEUS/image/166.JPG,NONE
VINMEC_RAW_OTU_2D_train_238,VINMEC_RAW_UNANNOTATED,B-Mode 2D,UNANNOTATED_RAW,False,False,855,556,0,0,0,0.0,dataset/vinmec_ovarian/OTU_2D/train/train_image/238.JPG,NONE
VINMEC_RAW_OTU_2D_train_368,VINMEC_RAW_UNANNOTATED,B-Mode 2D,UNANNOTATED_RAW,False,False,958,534,0,0,0,0.0,dataset/vinmec_ovarian/OTU_2D/train/train_image/368.JPG,NONE
VINMEC_RAW_OTU_2D_train_1264,VINMEC_RAW_UNANNOTATED,B-Mode 2D,UNANNOTATED_RAW,False,False,956,533,0,0,0,0.0,dataset/vinmec_ovarian/OTU_2D/train/train_image/1264.JPG,NONE
VINMEC_RAW_OTU_2D_train_1047,VINMEC_RAW_UNANNOTATED,B-Mode 2D,UNANNOTATED_RAW,False,False,955,537,0,0,0,0.0,dataset/vinmec_ovarian/OTU_2D/train/train_image/1047.JPG,NONE
VINMEC_RAW_OTU_2D_train_499,VINMEC_RAW_UNANNOTATED,B-Mode 2D,UNANNOTATED_RAW,False,False,483,549,0,0,0,0.0,dataset/vinmec_ovarian/OTU_2D/train/train_image/499.JPG,NONE
VINMEC_RAW_OTU_2D_train_131,VINMEC_RAW_UNANNOTATED,B-Mode 2D,UNANNOTATED_RAW,False,False,479,554,0,0,0,0.0,dataset/vinmec_ovarian/OTU_2D/train/train_image/131.JPG,NONE
VINMEC_RAW_OTU_CEUS_10,VINMEC_RAW_UNANNOTATED,CEUS,UNANNOTATED_RAW,False,False,554,565,0,0,0,0.0,dataset/vinmec_ovarian/OTU_CEUS/image/10.JPG,NONE
VINMEC_RAW_OTU_CEUS_136,VINMEC_RAW_UNANNOTATED,CEUS,UNANNOTATED_RAW,False,False,591,581,0,0,0,0.0,dataset/vinmec_ovarian/OTU_CEUS/image/136.JPG,NONE
VINMEC_RAW_OTU_2D_test_326,VINMEC_RAW_UNANNOTATED,B-Mode 2D,UNANNOTATED_RAW,False,False,478,535,0,0,0,0.0,dataset/vinmec_ovarian/OTU_2D/test/image/326.JPG,NONE
VINMEC_RAW_OTU_2D_train_1279,VINMEC_RAW_UNANNOTATED,B-Mode 2D,UNANNOTATED_RAW,False,False,961,622,0,0,0,0.0,dataset/vinmec_ovarian/OTU_2D/train/train_image/1279.JPG,NONE
VINMEC_RAW_OTU_2D_test_778,VINMEC_RAW_UNANNOTATED,B-Mode 2D,UNANNOTATED_RAW,False,False,482,541,0,0,0,0.0,dataset/vinmec_ovarian/OTU_2D/test/image/778.JPG,NONE
VINMEC_RAW_OTU_2D_train_731,VINMEC_RAW_UNANNOTATED,B-Mode 2D,UNANNOTATED_RAW,False,False,480,533,0,0,0,0.0,dataset/vinmec_ovarian/OTU_2D/train/train_image/731.JPG,NONE
VINMEC_RAW_OTU_2D_train_1283,VINMEC_RAW_UNANNOTATED,B-Mode 2D,UNANNOTATED_RAW,False,False,1113,589,0,0,0,0.0,dataset/vinmec_ovarian/OTU_2D/train/train_image/1283.JPG,NONE
VINMEC_RAW_OTU_2D_train_500,VINMEC_RAW_UNANNOTATED,B-Mode 2D,UNANNOTATED_RAW,False,False,481,566,0,0,0,0.0,dataset/vinmec_ovarian/OTU_2D/train/train_image/500.JPG,NONE
VINMEC_RAW_OTU_2D_test_703,VINMEC_RAW_UNANNOTATED,B-Mode 2D,UNANNOTATED_RAW,False,False,958,557,0,0,0,0.0,dataset/vinmec_ovarian/OTU_2D/test/image/703.JPG,NONE
VINMEC_RAW_OTU_2D_test_1302,VINMEC_RAW_UNANNOTATED,B-Mode 2D,UNANNOTATED_RAW,False,False,958,540,0,0,0,0.0,dataset/vinmec_ovarian/OTU_2D/test/image/1302.JPG,NONE
VINMEC_RAW_OTU_2D_train_459,VINMEC_RAW_UNANNOTATED,B-Mode 2D,UNANNOTATED_RAW,False,False,958,661,0,0,0,0.0,dataset/vinmec_ovarian/OTU_2D/train/train_image/459.JPG,NONE
VINMEC_RAW_OTU_2D_train_1129,VINMEC_RAW_UNANNOTATED,B-Mode 2D,UNANNOTATED_RAW,False,False,570,590,0,0,0,0.0,dataset/vinmec_ovarian/OTU_2D/train/train_image/1129.JPG,NONE
VINMEC_RAW_OTU_2D_test_826,VINMEC_RAW_UNANNOTATED,B-Mode 2D,UNANNOTATED_RAW,False,False,958,534,0,0,0,0.0,dataset/vinmec_ovarian/OTU_2D/test/image/826.JPG,NONE
VINMEC_RAW_OTU_2D_train_625,VINMEC_RAW_UNANNOTATED,B-Mode 2D,UNANNOTATED_RAW,False,False,959,537,0,0,0,0.0,dataset/vinmec_ovarian/OTU_2D/train/train_image/625.JPG,NONE
VINMEC_RAW_OTU_2D_test_313,VINMEC_RAW_UNANNOTATED,B-Mode 2D,UNANNOTATED_RAW,False,False,480,534,0,0,0,0.0,dataset/vinmec_ovarian/OTU_2D/test/image/313.JPG,NONE
VINMEC_RAW_OTU_2D_train_738,VINMEC_RAW_UNANNOTATED,B-Mode 2D,UNANNOTATED_RAW,False,False,496,549,0,0,0,0.0,dataset/vinmec_ovarian/OTU_2D/train/train_image/738.JPG,NONE
VINMEC_RAW_OTU_2D_train_139,VINMEC_RAW_UNANNOTATED,B-Mode 2D,UNANNOTATED_RAW,False,False,958,533,0,0,0,0.0,dataset/vinmec_ovarian/OTU_2D/train/train_image/139.JPG,NONE
VINMEC_RAW_OTU_2D_train_843,VINMEC_RAW_UNANNOTATED,B-Mode 2D,UNANNOTATED_RAW,False,False,1105,584,0,0,0,0.0,dataset/vinmec_ovarian/OTU_2D/train/train_image/843.JPG,NONE
VINMEC_RAW_OTU_2D_train_1348,VINMEC_RAW_UNANNOTATED,B-Mode 2D,UNANNOTATED_RAW,False,False,569,593,0,0,0,0.0,dataset/vinmec_ovarian/OTU_2D/train/train_image/1348.JPG,NONE
VINMEC_RAW_OTU_2D_train_1262,VINMEC_RAW_UNANNOTATED,B-Mode 2D,UNANNOTATED_RAW,False,False,957,532,0,0,0,0.0,dataset/vinmec_ovarian/OTU_2D/train/train_image/1262.JPG,NONE
VINMEC_RAW_OTU_2D_train_1216,VINMEC_RAW_UNANNOTATED,B-Mode 2D,UNANNOTATED_RAW,False,False,959,530,0,0,0,0.0,dataset/vinmec_ovarian/OTU_2D/train/train_image/1216.JPG,NONE
VINMEC_RAW_OTU_2D_test_440,VINMEC_RAW_UNANNOTATED,B-Mode 2D,UNANNOTATED_RAW,False,False,958,534,0,0,0,0.0,dataset/vinmec_ovarian/OTU_2D/test/image/440.JPG,NONE
VINMEC_RAW_OTU_2D_test_1458,VINMEC_RAW_UNANNOTATED,B-Mode 2D,UNANNOTATED_RAW,False,False,955,531,0,0,0,0.0,dataset/vinmec_ovarian/OTU_2D/test/image/1458.JPG,NONE
VINMEC_RAW_OTU_2D_test_748,VINMEC_RAW_UNANNOTATED,B-Mode 2D,UNANNOTATED_RAW,False,False,498,549,0,0,0,0.0,dataset/vinmec_ovarian/OTU_2D/test/image/748.JPG,NONE
VINMEC_RAW_OTU_2D_train_1299,VINMEC_RAW_UNANNOTATED,B-Mode 2D,UNANNOTATED_RAW,False,False,959,533,0,0,0,0.0,dataset/vinmec_ovarian/OTU_2D/train/train_image/1299.JPG,NONE
VINMEC_RAW_OTU_2D_train_1064,VINMEC_RAW_UNANNOTATED,B-Mode 2D,UNANNOTATED_RAW,False,False,956,526,0,0,0,0.0,dataset/vinmec_ovarian/OTU_2D/train/train_image/1064.JPG,NONE
VINMEC_RAW_OTU_2D_train_787,VINMEC_RAW_UNANNOTATED,B-Mode 2D,UNANNOTATED_RAW,False,False,738,685,0,0,0,0.0,dataset/vinmec_ovarian/OTU_2D/train/train_image/787.JPG,NONE
VINMEC_RAW_OTU_2D_train_1183,VINMEC_RAW_UNANNOTATED,B-Mode 2D,UNANNOTATED_RAW,False,False,1121,591,0,0,0,0.0,dataset/vinmec_ovarian/OTU_2D/train/train_image/1183.JPG,NONE
VINMEC_RAW_OTU_2D_train_1059,VINMEC_RAW_UNANNOTATED,B-Mode 2D,UNANNOTATED_RAW,False,False,568,584,0,0,0,0.0,dataset/vinmec_ovarian/OTU_2D/train/train_image/1059.JPG,NONE
VINMEC_RAW_OTU_2D_train_60,VINMEC_RAW_UNANNOTATED,B-Mode 2D,UNANNOTATED_RAW,False,False,959,604,0,0,0,0.0,dataset/vinmec_ovarian/OTU_2D/train/train_image/60.JPG,NONE
VINMEC_RAW_OTU_2D_test_472,VINMEC_RAW_UNANNOTATED,B-Mode 2D,UNANNOTATED_RAW,False,False,963,532,0,0,0,0.0,dataset/vinmec_ovarian/OTU_2D/test/image/472.JPG,NONE
VINMEC_RAW_OTU_CEUS_164,VINMEC_RAW_UNANNOTATED,CEUS,UNANNOTATED_RAW,False,False,552,554,0,0,0,0.0,dataset/vinmec_ovarian/OTU_CEUS/image/164.JPG,NONE
VINMEC_RAW_OTU_CEUS_50,VINMEC_RAW_UNANNOTATED,CEUS,UNANNOTATED_RAW,False,False,555,592,0,0,0,0.0,dataset/vinmec_ovarian/OTU_CEUS/image/50.JPG,NONE
VINMEC_RAW_OTU_2D_train_449,VINMEC_RAW_UNANNOTATED,B-Mode 2D,UNANNOTATED_RAW,False,False,486,273,0,0,0,0.0,dataset/vinmec_ovarian/OTU_2D/train/train_image/449.JPG,NONE
VINMEC_RAW_OTU_2D_train_426,VINMEC_RAW_UNANNOTATED,B-Mode 2D,UNANNOTATED_RAW,False,False,479,537,0,0,0,0.0,dataset/vinmec_ovarian/OTU_2D/train/train_image/426.JPG,NONE
VINMEC_RAW_OTU_2D_train_1041,VINMEC_RAW_UNANNOTATED,B-Mode 2D,UNANNOTATED_RAW,False,False,1134,583,0,0,0,0.0,dataset/vinmec_ovarian/OTU_2D/train/train_image/1041.JPG,NONE
VINMEC_RAW_OTU_2D_test_1089,VINMEC_RAW_UNANNOTATED,B-Mode 2D,UNANNOTATED_RAW,False,False,755,590,0,0,0,0.0,dataset/vinmec_ovarian/OTU_2D/test/image/1089.JPG,NONE
VINMEC_RAW_OTU_2D_test_878,VINMEC_RAW_UNANNOTATED,B-Mode 2D,UNANNOTATED_RAW,False,False,956,573,0,0,0,0.0,dataset/vinmec_ovarian/OTU_2D/test/image/878.JPG,NONE
VINMEC_RAW_OTU_2D_test_474,VINMEC_RAW_UNANNOTATED,B-Mode 2D,UNANNOTATED_RAW,False,False,1135,590,0,0,0,0.0,dataset/vinmec_ovarian/OTU_2D/test/image/474.JPG,NONE
VINMEC_RAW_OTU_2D_test_864,VINMEC_RAW_UNANNOTATED,B-Mode 2D,UNANNOTATED_RAW,False,False,972,541,0,0,0,0.0,dataset/vinmec_ovarian/OTU_2D/test/image/864.JPG,NONE
VINMEC_RAW_OTU_2D_train_293,VINMEC_RAW_UNANNOTATED,B-Mode 2D,UNANNOTATED_RAW,False,False,962,532,0,0,0,0.0,dataset/vinmec_ovarian/OTU_2D/train/train_image/293.JPG,NONE
VINMEC_RAW_OTU_2D_train_480,VINMEC_RAW_UNANNOTATED,B-Mode 2D,UNANNOTATED_RAW,False,False,805,672,0,0,0,0.0,dataset/vinmec_ovarian/OTU_2D/train/train_image/480.JPG,NONE
VINMEC_RAW_OTU_CEUS_102,VINMEC_RAW_UNANNOTATED,CEUS,UNANNOTATED_RAW,False,False,338,355,0,0,0,0.0,dataset/vinmec_ovarian/OTU_CEUS/image/102.JPG,NONE
VINMEC_RAW_OTU_2D_train_314,VINMEC_RAW_UNANNOTATED,B-Mode 2D,UNANNOTATED_RAW,False,False,480,533,0,0,0,0.0,dataset/vinmec_ovarian/OTU_2D/train/train_image/314.JPG,NONE
VINMEC_RAW_OTU_2D_train_846,VINMEC_RAW_UNANNOTATED,B-Mode 2D,UNANNOTATED_RAW,False,False,972,554,0,0,0,0.0,dataset/vinmec_ovarian/OTU_2D/train/train_image/846.JPG,NONE
VINMEC_RAW_OTU_2D_train_824,VINMEC_RAW_UNANNOTATED,B-Mode 2D,UNANNOTATED_RAW,False,False,959,546,0,0,0,0.0,dataset/vinmec_ovarian/OTU_2D/train/train_image/824.JPG,NONE
VINMEC_RAW_OTU_CEUS_114,VINMEC_RAW_UNANNOTATED,CEUS,UNANNOTATED_RAW,False,False,332,381,0,0,0,0.0,dataset/vinmec_ovarian/OTU_CEUS/image/114.JPG,NONE
VINMEC_RAW_OTU_2D_train_410,VINMEC_RAW_UNANNOTATED,B-Mode 2D,UNANNOTATED_RAW,False,False,833,604,0,0,0,0.0,dataset/vinmec_ovarian/OTU_2D/train/train_image/410.JPG,NONE
VINMEC_RAW_OTU_2D_train_1437,VINMEC_RAW_UNANNOTATED,B-Mode 2D,UNANNOTATED_RAW,False,False,958,543,0,0,0,0.0,dataset/vinmec_ovarian/OTU_2D/train/train_image/1437.JPG,NONE
VINMEC_RAW_OTU_2D_test_580,VINMEC_RAW_UNANNOTATED,B-Mode 2D,UNANNOTATED_RAW,False,False,480,550,0,0,0,0.0,dataset/vinmec_ovarian/OTU_2D/test/image/580.JPG,NONE
VINMEC_RAW_OTU_2D_train_1386,VINMEC_RAW_UNANNOTATED,B-Mode 2D,UNANNOTATED_RAW,False,False,959,531,0,0,0,0.0,dataset/vinmec_ovarian/OTU_2D/train/train_image/1386.JPG,NONE
VINMEC_RAW_OTU_2D_train_400,VINMEC_RAW_UNANNOTATED,B-Mode 2D,UNANNOTATED_RAW,False,False,572,322,0,0,0,0.0,dataset/vinmec_ovarian/OTU_2D/train/train_image/400.JPG,NONE
VINMEC_RAW_OTU_2D_train_330,VINMEC_RAW_UNANNOTATED,B-Mode 2D,UNANNOTATED_RAW,False,False,1102,568,0,0,0,0.0,dataset/vinmec_ovarian/OTU_2D/train/train_image/330.JPG,NONE
VINMEC_RAW_OTU_2D_test_16,VINMEC_RAW_UNANNOTATED,B-Mode 2D,UNANNOTATED_RAW,False,False,959,538,0,0,0,0.0,dataset/vinmec_ovarian/OTU_2D/test/image/16.JPG,NONE
VINMEC_RAW_OTU_2D_train_1287,VINMEC_RAW_UNANNOTATED,B-Mode 2D,UNANNOTATED_RAW,False,False,1116,590,0,0,0,0.0,dataset/vinmec_ovarian/OTU_2D/train/train_image/1287.JPG,NONE
VINMEC_RAW_OTU_2D_train_1028,VINMEC_RAW_UNANNOTATED,B-Mode 2D,UNANNOTATED_RAW,False,False,957,521,0,0,0,0.0,dataset/vinmec_ovarian/OTU_2D/train/train_image/1028.JPG,NONE
VINMEC_RAW_OTU_CEUS_1,VINMEC_RAW_UNANNOTATED,CEUS,UNANNOTATED_RAW,False,False,339,352,0,0,0,0.0,dataset/vinmec_ovarian/OTU_CEUS/image/1.JPG,NONE
VINMEC_RAW_OTU_2D_test_1311,VINMEC_RAW_UNANNOTATED,B-Mode 2D,UNANNOTATED_RAW,False,False,963,529,0,0,0,0.0,dataset/vinmec_ovarian/OTU_2D/test/image/1311.JPG,NONE
VINMEC_RAW_OTU_2D_train_241,VINMEC_RAW_UNANNOTATED,B-Mode 2D,UNANNOTATED_RAW,False,False,481,532,0,0,0,0.0,dataset/vinmec_ovarian/OTU_2D/train/train_image/241.JPG,NONE
VINMEC_RAW_OTU_2D_test_1218,VINMEC_RAW_UNANNOTATED,B-Mode 2D,UNANNOTATED_RAW,False,False,958,537,0,0,0,0.0,dataset/vinmec_ovarian/OTU_2D/test/image/1218.JPG,NONE
VINMEC_RAW_OTU_2D_train_642,VINMEC_RAW_UNANNOTATED,B-Mode 2D,UNANNOTATED_RAW,False,False,973,551,0,0,0,0.0,dataset/vinmec_ovarian/OTU_2D/train/train_image/642.JPG,NONE
VINMEC_RAW_OTU_2D_train_1105,VINMEC_RAW_UNANNOTATED,B-Mode 2D,UNANNOTATED_RAW,False,False,957,524,0,0,0,0.0,dataset/vinmec_ovarian/OTU_2D/train/train_image/1105.JPG,NONE
VINMEC_RAW_OTU_2D_train_1447,VINMEC_RAW_UNANNOTATED,B-Mode 2D,UNANNOTATED_RAW,False,False,567,591,0,0,0,0.0,dataset/vinmec_ovarian/OTU_2D/train/train_image/1447.JPG,NONE
VINMEC_RAW_OTU_2D_test_694,VINMEC_RAW_UNANNOTATED,B-Mode 2D,UNANNOTATED_RAW,False,False,481,545,0,0,0,0.0,dataset/vinmec_ovarian/OTU_2D/test/image/694.JPG,NONE
VINMEC_RAW_OTU_CEUS_22,VINMEC_RAW_UNANNOTATED,CEUS,UNANNOTATED_RAW,False,False,553,557,0,0,0,0.0,dataset/vinmec_ovarian/OTU_CEUS/image/22.JPG,NONE
VINMEC_RAW_OTU_2D_train_1453,VINMEC_RAW_UNANNOTATED,B-Mode 2D,UNANNOTATED_RAW,False,False,953,523,0,0,0,0.0,dataset/vinmec_ovarian/OTU_2D/train/train_image/1453.JPG,NONE
VINMEC_RAW_OTU_2D_test_496,VINMEC_RAW_UNANNOTATED,B-Mode 2D,UNANNOTATED_RAW,False,False,814,609,0,0,0,0.0,dataset/vinmec_ovarian/OTU_2D/test/image/496.JPG,NONE
VINMEC_RAW_OTU_2D_train_79,VINMEC_RAW_UNANNOTATED,B-Mode 2D,UNANNOTATED_RAW,False,False,958,530,0,0,0,0.0,dataset/vinmec_ovarian/OTU_2D/train/train_image/79.JPG,NONE
VINMEC_RAW_OTU_2D_train_297,VINMEC_RAW_UNANNOTATED,B-Mode 2D,UNANNOTATED_RAW,False,False,958,531,0,0,0,0.0,dataset/vinmec_ovarian/OTU_2D/train/train_image/297.JPG,NONE
VINMEC_RAW_OTU_CEUS_153,VINMEC_RAW_UNANNOTATED,CEUS,UNANNOTATED_RAW,False,False,559,596,0,0,0,0.0,dataset/vinmec_ovarian/OTU_CEUS/image/153.JPG,NONE
VINMEC_RAW_OTU_2D_train_1057,VINMEC_RAW_UNANNOTATED,B-Mode 2D,UNANNOTATED_RAW,False,False,569,586,0,0,0,0.0,dataset/vinmec_ovarian/OTU_2D/train/train_image/1057.JPG,NONE
VINMEC_RAW_OTU_2D_train_848,VINMEC_RAW_UNANNOTATED,B-Mode 2D,UNANNOTATED_RAW,False,False,958,539,0,0,0,0.0,dataset/vinmec_ovarian/OTU_2D/train/train_image/848.JPG,NONE
VINMEC_RAW_OTU_CEUS_112,VINMEC_RAW_UNANNOTATED,CEUS,UNANNOTATED_RAW,False,False,330,384,0,0,0,0.0,dataset/vinmec_ovarian/OTU_CEUS/image/112.JPG,NONE
VINMEC_RAW_OTU_2D_train_746,VINMEC_RAW_UNANNOTATED,B-Mode 2D,UNANNOTATED_RAW,False,False,972,543,0,0,0,0.0,dataset/vinmec_ovarian/OTU_2D/train/train_image/746.JPG,NONE
VINMEC_RAW_OTU_2D_test_137,VINMEC_RAW_UNANNOTATED,B-Mode 2D,UNANNOTATED_RAW,False,False,958,533,0,0,0,0.0,dataset/vinmec_ovarian/OTU_2D/test/image/137.JPG,NONE
VINMEC_RAW_OTU_2D_test_301,VINMEC_RAW_UNANNOTATED,B-Mode 2D,UNANNOTATED_RAW,False,False,480,533,0,0,0,0.0,dataset/vinmec_ovarian/OTU_2D/test/image/301.JPG,NONE
VINMEC_RAW_OTU_2D_train_57,VINMEC_RAW_UNANNOTATED,B-Mode 2D,UNANNOTATED_RAW,False,False,1099,793,0,0,0,0.0,dataset/vinmec_ovarian/OTU_2D/train/train_image/57.JPG,NONE
VINMEC_RAW_OTU_CEUS_95,VINMEC_RAW_UNANNOTATED,CEUS,UNANNOTATED_RAW,False,False,883,550,0,0,0,0.0,dataset/vinmec_ovarian/OTU_CEUS/image/95.JPG,NONE
VINMEC_RAW_OTU_2D_train_780,VINMEC_RAW_UNANNOTATED,B-Mode 2D,UNANNOTATED_RAW,False,False,481,542,0,0,0,0.0,dataset/vinmec_ovarian/OTU_2D/train/train_image/780.JPG,NONE
VINMEC_RAW_OTU_2D_train_850,VINMEC_RAW_UNANNOTATED,B-Mode 2D,UNANNOTATED_RAW,False,False,974,553,0,0,0,0.0,dataset/vinmec_ovarian/OTU_2D/train/train_image/850.JPG,NONE
VINMEC_RAW_OTU_2D_train_1304,VINMEC_RAW_UNANNOTATED,B-Mode 2D,UNANNOTATED_RAW,False,False,958,537,0,0,0,0.0,dataset/vinmec_ovarian/OTU_2D/train/train_image/1304.JPG,NONE
VINMEC_RAW_OTU_2D_train_413,VINMEC_RAW_UNANNOTATED,B-Mode 2D,UNANNOTATED_RAW,False,False,959,660,0,0,0,0.0,dataset/vinmec_ovarian/OTU_2D/train/train_image/413.JPG,NONE
VINMEC_RAW_OTU_2D_test_1173,VINMEC_RAW_UNANNOTATED,B-Mode 2D,UNANNOTATED_RAW,False,False,728,555,0,0,0,0.0,dataset/vinmec_ovarian/OTU_2D/test/image/1173.JPG,NONE
VINMEC_RAW_OTU_2D_train_329,VINMEC_RAW_UNANNOTATED,B-Mode 2D,UNANNOTATED_RAW,False,False,1104,569,0,0,0,0.0,dataset/vinmec_ovarian/OTU_2D/train/train_image/329.JPG,NONE
VINMEC_RAW_OTU_2D_train_764,VINMEC_RAW_UNANNOTATED,B-Mode 2D,UNANNOTATED_RAW,False,False,571,598,0,0,0,0.0,dataset/vinmec_ovarian/OTU_2D/train/train_image/764.JPG,NONE
VINMEC_RAW_OTU_2D_train_881,VINMEC_RAW_UNANNOTATED,B-Mode 2D,UNANNOTATED_RAW,False,False,957,539,0,0,0,0.0,dataset/vinmec_ovarian/OTU_2D/train/train_image/881.JPG,NONE
VINMEC_RAW_OTU_CEUS_8,VINMEC_RAW_UNANNOTATED,CEUS,UNANNOTATED_RAW,False,False,581,576,0,0,0,0.0,dataset/vinmec_ovarian/OTU_CEUS/image/8.JPG,NONE
VINMEC_RAW_OTU_2D_train_838,VINMEC_RAW_UNANNOTATED,B-Mode 2D,UNANNOTATED_RAW,False,False,955,534,0,0,0,0.0,dataset/vinmec_ovarian/OTU_2D/train/train_image/838.JPG,NONE
VINMEC_RAW_OTU_2D_train_366,VINMEC_RAW_UNANNOTATED,B-Mode 2D,UNANNOTATED_RAW,False,False,959,535,0,0,0,0.0,dataset/vinmec_ovarian/OTU_2D/train/train_image/366.JPG,NONE
VINMEC_RAW_OTU_2D_train_305,VINMEC_RAW_UNANNOTATED,B-Mode 2D,UNANNOTATED_RAW,False,False,477,531,0,0,0,0.0,dataset/vinmec_ovarian/OTU_2D/train/train_image/305.JPG,NONE
VINMEC_RAW_OTU_2D_train_353,VINMEC_RAW_UNANNOTATED,B-Mode 2D,UNANNOTATED_RAW,False,False,958,537,0,0,0,0.0,dataset/vinmec_ovarian/OTU_2D/train/train_image/353.JPG,NONE
VINMEC_RAW_OTU_2D_train_1135,VINMEC_RAW_UNANNOTATED,B-Mode 2D,UNANNOTATED_RAW,False,False,567,588,0,0,0,0.0,dataset/vinmec_ovarian/OTU_2D/train/train_image/1135.JPG,NONE
VINMEC_RAW_OTU_CEUS_19,VINMEC_RAW_UNANNOTATED,CEUS,UNANNOTATED_RAW,False,False,554,546,0,0,0,0.0,dataset/vinmec_ovarian/OTU_CEUS/image/19.JPG,NONE
VINMEC_RAW_OTU_2D_test_536,VINMEC_RAW_UNANNOTATED,B-Mode 2D,UNANNOTATED_RAW,False,False,971,550,0,0,0,0.0,dataset/vinmec_ovarian/OTU_2D/test/image/536.JPG,NONE
VINMEC_RAW_OTU_2D_train_469,VINMEC_RAW_UNANNOTATED,B-Mode 2D,UNANNOTATED_RAW,False,False,480,533,0,0,0,0.0,dataset/vinmec_ovarian/OTU_2D/train/train_image/469.JPG,NONE
VINMEC_RAW_OTU_2D_test_1023,VINMEC_RAW_UNANNOTATED,B-Mode 2D,UNANNOTATED_RAW,False,False,477,525,0,0,0,0.0,dataset/vinmec_ovarian/OTU_2D/test/image/1023.JPG,NONE
VINMEC_RAW_OTU_2D_train_1312,VINMEC_RAW_UNANNOTATED,B-Mode 2D,UNANNOTATED_RAW,False,False,960,525,0,0,0,0.0,dataset/vinmec_ovarian/OTU_2D/train/train_image/1312.JPG,NONE
VINMEC_RAW_OTU_2D_train_68,VINMEC_RAW_UNANNOTATED,B-Mode 2D,UNANNOTATED_RAW,False,False,959,662,0,0,0,0.0,dataset/vinmec_ovarian/OTU_2D/train/train_image/68.JPG,NONE
VINMEC_RAW_OTU_2D_train_1191,VINMEC_RAW_UNANNOTATED,B-Mode 2D,UNANNOTATED_RAW,False,False,956,533,0,0,0,0.0,dataset/vinmec_ovarian/OTU_2D/train/train_image/1191.JPG,NONE
VINMEC_RAW_OTU_2D_train_364,VINMEC_RAW_UNANNOTATED,B-Mode 2D,UNANNOTATED_RAW,False,False,958,562,0,0,0,0.0,dataset/vinmec_ovarian/OTU_2D/train/train_image/364.JPG,NONE
VINMEC_RAW_OTU_2D_train_654,VINMEC_RAW_UNANNOTATED,B-Mode 2D,UNANNOTATED_RAW,False,False,494,552,0,0,0,0.0,dataset/vinmec_ovarian/OTU_2D/train/train_image/654.JPG,NONE
VINMEC_RAW_OTU_2D_train_666,VINMEC_RAW_UNANNOTATED,B-Mode 2D,UNANNOTATED_RAW,False,False,958,550,0,0,0,0.0,dataset/vinmec_ovarian/OTU_2D/train/train_image/666.JPG,NONE
VINMEC_RAW_OTU_CEUS_46,VINMEC_RAW_UNANNOTATED,CEUS,UNANNOTATED_RAW,False,False,554,551,0,0,0,0.0,dataset/vinmec_ovarian/OTU_CEUS/image/46.JPG,NONE
VINMEC_RAW_OTU_2D_train_1154,VINMEC_RAW_UNANNOTATED,B-Mode 2D,UNANNOTATED_RAW,False,False,1135,640,0,0,0,0.0,dataset/vinmec_ovarian/OTU_2D/train/train_image/1154.JPG,NONE
VINMEC_RAW_OTU_2D_test_1092,VINMEC_RAW_UNANNOTATED,B-Mode 2D,UNANNOTATED_RAW,False,False,566,635,0,0,0,0.0,dataset/vinmec_ovarian/OTU_2D/test/image/1092.JPG,NONE
VINMEC_RAW_OTU_2D_test_47,VINMEC_RAW_UNANNOTATED,B-Mode 2D,UNANNOTATED_RAW,False,False,481,531,0,0,0,0.0,dataset/vinmec_ovarian/OTU_2D/test/image/47.JPG,NONE
VINMEC_RAW_OTU_CEUS_45,VINMEC_RAW_UNANNOTATED,CEUS,UNANNOTATED_RAW,False,False,544,554,0,0,0,0.0,dataset/vinmec_ovarian/OTU_CEUS/image/45.JPG,NONE
VINMEC_RAW_OTU_2D_train_871,VINMEC_RAW_UNANNOTATED,B-Mode 2D,UNANNOTATED_RAW,False,False,956,544,0,0,0,0.0,dataset/vinmec_ovarian/OTU_2D/train/train_image/871.JPG,NONE
VINMEC_RAW_OTU_2D_train_466,VINMEC_RAW_UNANNOTATED,B-Mode 2D,UNANNOTATED_RAW,False,False,958,533,0,0,0,0.0,dataset/vinmec_ovarian/OTU_2D/train/train_image/466.JPG,NONE
VINMEC_RAW_OTU_2D_test_581,VINMEC_RAW_UNANNOTATED,B-Mode 2D,UNANNOTATED_RAW,False,False,478,545,0,0,0,0.0,dataset/vinmec_ovarian/OTU_2D/test/image/581.JPG,NONE
VINMEC_RAW_OTU_CEUS_5,VINMEC_RAW_UNANNOTATED,CEUS,UNANNOTATED_RAW,False,False,555,549,0,0,0,0.0,dataset/vinmec_ovarian/OTU_CEUS/image/5.JPG,NONE
VINMEC_RAW_OTU_2D_test_606,VINMEC_RAW_UNANNOTATED,B-Mode 2D,UNANNOTATED_RAW,False,False,959,567,0,0,0,0.0,dataset/vinmec_ovarian/OTU_2D/test/image/606.JPG,NONE
VINMEC_RAW_OTU_2D_test_595,VINMEC_RAW_UNANNOTATED,B-Mode 2D,UNANNOTATED_RAW,False,False,974,530,0,0,0,0.0,dataset/vinmec_ovarian/OTU_2D/test/image/595.JPG,NONE
VINMEC_RAW_OTU_2D_train_1016,VINMEC_RAW_UNANNOTATED,B-Mode 2D,UNANNOTATED_RAW,False,False,566,586,0,0,0,0.0,dataset/vinmec_ovarian/OTU_2D/train/train_image/1016.JPG,NONE
VINMEC_RAW_OTU_2D_train_332,VINMEC_RAW_UNANNOTATED,B-Mode 2D,UNANNOTATED_RAW,False,False,555,549,0,0,0,0.0,dataset/vinmec_ovarian/OTU_2D/train/train_image/332.JPG,NONE
VINMEC_RAW_OTU_2D_test_228,VINMEC_RAW_UNANNOTATED,B-Mode 2D,UNANNOTATED_RAW,False,False,877,446,0,0,0,0.0,dataset/vinmec_ovarian/OTU_2D/test/image/228.JPG,NONE
VINMEC_RAW_OTU_2D_train_58,VINMEC_RAW_UNANNOTATED,B-Mode 2D,UNANNOTATED_RAW,False,False,959,530,0,0,0,0.0,dataset/vinmec_ovarian/OTU_2D/train/train_image/58.JPG,NONE
VINMEC_RAW_OTU_2D_train_1070,VINMEC_RAW_UNANNOTATED,B-Mode 2D,UNANNOTATED_RAW,False,False,956,531,0,0,0,0.0,dataset/vinmec_ovarian/OTU_2D/train/train_image/1070.JPG,NONE
VINMEC_RAW_OTU_2D_test_1076,VINMEC_RAW_UNANNOTATED,B-Mode 2D,UNANNOTATED_RAW,False,False,482,529,0,0,0,0.0,dataset/vinmec_ovarian/OTU_2D/test/image/1076.JPG,NONE
VINMEC_RAW_OTU_2D_train_1272,VINMEC_RAW_UNANNOTATED,B-Mode 2D,UNANNOTATED_RAW,False,False,570,589,0,0,0,0.0,dataset/vinmec_ovarian/OTU_2D/train/train_image/1272.JPG,NONE
VINMEC_RAW_OTU_2D_train_362,VINMEC_RAW_UNANNOTATED,B-Mode 2D,UNANNOTATED_RAW,False,False,958,556,0,0,0,0.0,dataset/vinmec_ovarian/OTU_2D/train/train_image/362.JPG,NONE
VINMEC_RAW_OTU_2D_train_611,VINMEC_RAW_UNANNOTATED,B-Mode 2D,UNANNOTATED_RAW,False,False,788,559,0,0,0,0.0,dataset/vinmec_ovarian/OTU_2D/train/train_image/611.JPG,NONE
VINMEC_RAW_OTU_2D_test_1054,VINMEC_RAW_UNANNOTATED,B-Mode 2D,UNANNOTATED_RAW,False,False,479,526,0,0,0,0.0,dataset/vinmec_ovarian/OTU_2D/test/image/1054.JPG,NONE
VINMEC_RAW_OTU_2D_train_1441,VINMEC_RAW_UNANNOTATED,B-Mode 2D,UNANNOTATED_RAW,False,False,960,528,0,0,0,0.0,dataset/vinmec_ovarian/OTU_2D/train/train_image/1441.JPG,NONE
VINMEC_RAW_OTU_2D_test_431,VINMEC_RAW_UNANNOTATED,B-Mode 2D,UNANNOTATED_RAW,False,False,649,327,0,0,0,0.0,dataset/vinmec_ovarian/OTU_2D/test/image/431.JPG,NONE
VINMEC_RAW_OTU_2D_train_374,VINMEC_RAW_UNANNOTATED,B-Mode 2D,UNANNOTATED_RAW,False,False,480,535,0,0,0,0.0,dataset/vinmec_ovarian/OTU_2D/train/train_image/374.JPG,NONE
VINMEC_RAW_OTU_2D_train_785,VINMEC_RAW_UNANNOTATED,B-Mode 2D,UNANNOTATED_RAW,False,False,959,582,0,0,0,0.0,dataset/vinmec_ovarian/OTU_2D/train/train_image/785.JPG,NONE
VINMEC_RAW_OTU_2D_train_564,VINMEC_RAW_UNANNOTATED,B-Mode 2D,UNANNOTATED_RAW,False,False,481,544,0,0,0,0.0,dataset/vinmec_ovarian/OTU_2D/train/train_image/564.JPG,NONE
VINMEC_RAW_OTU_CEUS_2,VINMEC_RAW_UNANNOTATED,CEUS,UNANNOTATED_RAW,False,False,342,354,0,0,0,0.0,dataset/vinmec_ovarian/OTU_CEUS/image/2.JPG,NONE
VINMEC_RAW_OTU_2D_train_763,VINMEC_RAW_UNANNOTATED,B-Mode 2D,UNANNOTATED_RAW,False,False,549,602,0,0,0,0.0,dataset/vinmec_ovarian/OTU_2D/train/train_image/763.JPG,NONE
VINMEC_RAW_OTU_2D_train_781,VINMEC_RAW_UNANNOTATED,B-Mode 2D,UNANNOTATED_RAW,False,False,479,544,0,0,0,0.0,dataset/vinmec_ovarian/OTU_2D/train/train_image/781.JPG,NONE
VINMEC_RAW_OTU_2D_test_325,VINMEC_RAW_UNANNOTATED,B-Mode 2D,UNANNOTATED_RAW,False,False,1088,607,0,0,0,0.0,dataset/vinmec_ovarian/OTU_2D/test/image/325.JPG,NONE
VINMEC_RAW_OTU_CEUS_105,VINMEC_RAW_UNANNOTATED,CEUS,UNANNOTATED_RAW,False,False,556,552,0,0,0,0.0,dataset/vinmec_ovarian/OTU_CEUS/image/105.JPG,NONE
VINMEC_RAW_OTU_2D_test_1104,VINMEC_RAW_UNANNOTATED,B-Mode 2D,UNANNOTATED_RAW,False,False,957,512,0,0,0,0.0,dataset/vinmec_ovarian/OTU_2D/test/image/1104.JPG,NONE
VINMEC_RAW_OTU_CEUS_72,VINMEC_RAW_UNANNOTATED,CEUS,UNANNOTATED_RAW,False,False,553,566,0,0,0,0.0,dataset/vinmec_ovarian/OTU_CEUS/image/72.JPG,NONE
VINMEC_RAW_OTU_2D_train_1259,VINMEC_RAW_UNANNOTATED,B-Mode 2D,UNANNOTATED_RAW,False,False,739,551,0,0,0,0.0,dataset/vinmec_ovarian/OTU_2D/train/train_image/1259.JPG,NONE
VINMEC_RAW_OTU_2D_test_1257,VINMEC_RAW_UNANNOTATED,B-Mode 2D,UNANNOTATED_RAW,False,False,481,535,0,0,0,0.0,dataset/vinmec_ovarian/OTU_2D/test/image/1257.JPG,NONE
VINMEC_RAW_OTU_2D_test_609,VINMEC_RAW_UNANNOTATED,B-Mode 2D,UNANNOTATED_RAW,False,False,959,540,0,0,0,0.0,dataset/vinmec_ovarian/OTU_2D/test/image/609.JPG,NONE
VINMEC_RAW_OTU_2D_train_1426,VINMEC_RAW_UNANNOTATED,B-Mode 2D,UNANNOTATED_RAW,False,False,958,535,0,0,0,0.0,dataset/vinmec_ovarian/OTU_2D/train/train_image/1426.JPG,NONE
VINMEC_RAW_OTU_2D_test_627,VINMEC_RAW_UNANNOTATED,B-Mode 2D,UNANNOTATED_RAW,False,False,480,540,0,0,0,0.0,dataset/vinmec_ovarian/OTU_2D/test/image/627.JPG,NONE
VINMEC_RAW_OTU_2D_train_233,VINMEC_RAW_UNANNOTATED,B-Mode 2D,UNANNOTATED_RAW,False,False,480,534,0,0,0,0.0,dataset/vinmec_ovarian/OTU_2D/train/train_image/233.JPG,NONE
VINMEC_RAW_OTU_CEUS_23,VINMEC_RAW_UNANNOTATED,CEUS,UNANNOTATED_RAW,False,False,551,557,0,0,0,0.0,dataset/vinmec_ovarian/OTU_CEUS/image/23.JPG,NONE
VINMEC_RAW_OTU_2D_train_1022,VINMEC_RAW_UNANNOTATED,B-Mode 2D,UNANNOTATED_RAW,False,False,1132,590,0,0,0,0.0,dataset/vinmec_ovarian/OTU_2D/train/train_image/1022.JPG,NONE
VINMEC_RAW_OTU_2D_train_498,VINMEC_RAW_UNANNOTATED,B-Mode 2D,UNANNOTATED_RAW,False,False,478,544,0,0,0,0.0,dataset/vinmec_ovarian/OTU_2D/train/train_image/498.JPG,NONE
VINMEC_RAW_OTU_2D_train_213,VINMEC_RAW_UNANNOTATED,B-Mode 2D,UNANNOTATED_RAW,False,False,948,535,0,0,0,0.0,dataset/vinmec_ovarian/OTU_2D/train/train_image/213.JPG,NONE
VINMEC_RAW_OTU_2D_train_900,VINMEC_RAW_UNANNOTATED,B-Mode 2D,UNANNOTATED_RAW,False,False,478,526,0,0,0,0.0,dataset/vinmec_ovarian/OTU_2D/train/train_image/900.JPG,NONE
VINMEC_RAW_OTU_2D_train_669,VINMEC_RAW_UNANNOTATED,B-Mode 2D,UNANNOTATED_RAW,False,False,1135,785,0,0,0,0.0,dataset/vinmec_ovarian/OTU_2D/train/train_image/669.JPG,NONE
VINMEC_RAW_OTU_CEUS_103,VINMEC_RAW_UNANNOTATED,CEUS,UNANNOTATED_RAW,False,False,342,353,0,0,0,0.0,dataset/vinmec_ovarian/OTU_CEUS/image/103.JPG,NONE
VINMEC_RAW_OTU_CEUS_41,VINMEC_RAW_UNANNOTATED,CEUS,UNANNOTATED_RAW,False,False,560,552,0,0,0,0.0,dataset/vinmec_ovarian/OTU_CEUS/image/41.JPG,NONE
VINMEC_RAW_OTU_2D_test_1469,VINMEC_RAW_UNANNOTATED,B-Mode 2D,UNANNOTATED_RAW,False,False,955,520,0,0,0,0.0,dataset/vinmec_ovarian/OTU_2D/test/image/1469.JPG,NONE
VINMEC_RAW_OTU_2D_test_1306,VINMEC_RAW_UNANNOTATED,B-Mode 2D,UNANNOTATED_RAW,False,False,1116,593,0,0,0,0.0,dataset/vinmec_ovarian/OTU_2D/test/image/1306.JPG,NONE
VINMEC_RAW_OTU_2D_train_1362,VINMEC_RAW_UNANNOTATED,B-Mode 2D,UNANNOTATED_RAW,False,False,1135,640,0,0,0,0.0,dataset/vinmec_ovarian/OTU_2D/train/train_image/1362.JPG,NONE
VINMEC_RAW_OTU_2D_train_1292,VINMEC_RAW_UNANNOTATED,B-Mode 2D,UNANNOTATED_RAW,False,False,958,534,0,0,0,0.0,dataset/vinmec_ovarian/OTU_2D/train/train_image/1292.JPG,NONE
VINMEC_RAW_OTU_2D_test_306,VINMEC_RAW_UNANNOTATED,B-Mode 2D,UNANNOTATED_RAW,False,False,479,534,0,0,0,0.0,dataset/vinmec_ovarian/OTU_2D/test/image/306.JPG,NONE
VINMEC_RAW_OTU_2D_train_1166,VINMEC_RAW_UNANNOTATED,B-Mode 2D,UNANNOTATED_RAW,False,False,569,591,0,0,0,0.0,dataset/vinmec_ovarian/OTU_2D/train/train_image/1166.JPG,NONE
VINMEC_RAW_OTU_2D_test_1061,VINMEC_RAW_UNANNOTATED,B-Mode 2D,UNANNOTATED_RAW,False,False,958,533,0,0,0,0.0,dataset/vinmec_ovarian/OTU_2D/test/image/1061.JPG,NONE
VINMEC_RAW_OTU_2D_train_876,VINMEC_RAW_UNANNOTATED,B-Mode 2D,UNANNOTATED_RAW,False,False,479,548,0,0,0,0.0,dataset/vinmec_ovarian/OTU_2D/train/train_image/876.JPG,NONE
VINMEC_RAW_OTU_2D_train_513,VINMEC_RAW_UNANNOTATED,B-Mode 2D,UNANNOTATED_RAW,False,False,479,549,0,0,0,0.0,dataset/vinmec_ovarian/OTU_2D/train/train_image/513.JPG,NONE
VINMEC_RAW_OTU_2D_train_885,VINMEC_RAW_UNANNOTATED,B-Mode 2D,UNANNOTATED_RAW,False,False,1127,580,0,0,0,0.0,dataset/vinmec_ovarian/OTU_2D/train/train_image/885.JPG,NONE
VINMEC_RAW_OTU_2D_train_1037,VINMEC_RAW_UNANNOTATED,B-Mode 2D,UNANNOTATED_RAW,False,False,953,539,0,0,0,0.0,dataset/vinmec_ovarian/OTU_2D/train/train_image/1037.JPG,NONE
VINMEC_RAW_OTU_2D_train_28,VINMEC_RAW_UNANNOTATED,B-Mode 2D,UNANNOTATED_RAW,False,False,959,534,0,0,0,0.0,dataset/vinmec_ovarian/OTU_2D/train/train_image/28.JPG,NONE
VINMEC_RAW_OTU_2D_train_845,VINMEC_RAW_UNANNOTATED,B-Mode 2D,UNANNOTATED_RAW,False,False,973,554,0,0,0,0.0,dataset/vinmec_ovarian/OTU_2D/train/train_image/845.JPG,NONE
VINMEC_RAW_OTU_2D_test_793,VINMEC_RAW_UNANNOTATED,B-Mode 2D,UNANNOTATED_RAW,False,False,953,543,0,0,0,0.0,dataset/vinmec_ovarian/OTU_2D/test/image/793.JPG,NONE
VINMEC_RAW_OTU_CEUS_160,VINMEC_RAW_UNANNOTATED,CEUS,UNANNOTATED_RAW,False,False,583,583,0,0,0,0.0,dataset/vinmec_ovarian/OTU_CEUS/image/160.JPG,NONE
VINMEC_RAW_OTU_2D_train_674,VINMEC_RAW_UNANNOTATED,B-Mode 2D,UNANNOTATED_RAW,False,False,971,572,0,0,0,0.0,dataset/vinmec_ovarian/OTU_2D/train/train_image/674.JPG,NONE
VINMEC_RAW_OTU_2D_test_883,VINMEC_RAW_UNANNOTATED,B-Mode 2D,UNANNOTATED_RAW,False,False,959,538,0,0,0,0.0,dataset/vinmec_ovarian/OTU_2D/test/image/883.JPG,NONE
VINMEC_RAW_OTU_2D_train_24,VINMEC_RAW_UNANNOTATED,B-Mode 2D,UNANNOTATED_RAW,False,False,478,534,0,0,0,0.0,dataset/vinmec_ovarian/OTU_2D/train/train_image/24.JPG,NONE
VINMEC_RAW_OTU_2D_train_38,VINMEC_RAW_UNANNOTATED,B-Mode 2D,UNANNOTATED_RAW,False,False,481,535,0,0,0,0.0,dataset/vinmec_ovarian/OTU_2D/train/train_image/38.JPG,NONE
VINMEC_RAW_OTU_2D_test_344,VINMEC_RAW_UNANNOTATED,B-Mode 2D,UNANNOTATED_RAW,False,False,959,533,0,0,0,0.0,dataset/vinmec_ovarian/OTU_2D/test/image/344.JPG,NONE
VINMEC_RAW_OTU_2D_train_1351,VINMEC_RAW_UNANNOTATED,B-Mode 2D,UNANNOTATED_RAW,False,False,569,597,0,0,0,0.0,dataset/vinmec_ovarian/OTU_2D/train/train_image/1351.JPG,NONE
VINMEC_RAW_OTU_2D_test_1325,VINMEC_RAW_UNANNOTATED,B-Mode 2D,UNANNOTATED_RAW,False,False,482,530,0,0,0,0.0,dataset/vinmec_ovarian/OTU_2D/test/image/1325.JPG,NONE
VINMEC_RAW_OTU_2D_train_1327,VINMEC_RAW_UNANNOTATED,B-Mode 2D,UNANNOTATED_RAW,False,False,959,535,0,0,0,0.0,dataset/vinmec_ovarian/OTU_2D/train/train_image/1327.JPG,NONE
VINMEC_RAW_OTU_2D_test_656,VINMEC_RAW_UNANNOTATED,B-Mode 2D,UNANNOTATED_RAW,False,False,972,543,0,0,0,0.0,dataset/vinmec_ovarian/OTU_2D/test/image/656.JPG,NONE
VINMEC_RAW_OTU_CEUS_65,VINMEC_RAW_UNANNOTATED,CEUS,UNANNOTATED_RAW,False,False,341,353,0,0,0,0.0,dataset/vinmec_ovarian/OTU_CEUS/image/65.JPG,NONE
VINMEC_RAW_OTU_2D_test_71,VINMEC_RAW_UNANNOTATED,B-Mode 2D,UNANNOTATED_RAW,False,False,480,535,0,0,0,0.0,dataset/vinmec_ovarian/OTU_2D/test/image/71.JPG,NONE
VINMEC_RAW_OTU_2D_train_1159,VINMEC_RAW_UNANNOTATED,B-Mode 2D,UNANNOTATED_RAW,False,False,569,595,0,0,0,0.0,dataset/vinmec_ovarian/OTU_2D/train/train_image/1159.JPG,NONE
VINMEC_RAW_OTU_2D_test_39,VINMEC_RAW_UNANNOTATED,B-Mode 2D,UNANNOTATED_RAW,False,False,478,534,0,0,0,0.0,dataset/vinmec_ovarian/OTU_2D/test/image/39.JPG,NONE
VINMEC_RAW_OTU_2D_train_1118,VINMEC_RAW_UNANNOTATED,B-Mode 2D,UNANNOTATED_RAW,False,False,958,662,0,0,0,0.0,dataset/vinmec_ovarian/OTU_2D/train/train_image/1118.JPG,NONE
VINMEC_RAW_OTU_2D_test_985,VINMEC_RAW_UNANNOTATED,B-Mode 2D,UNANNOTATED_RAW,False,False,1132,585,0,0,0,0.0,dataset/vinmec_ovarian/OTU_2D/test/image/985.JPG,NONE
VINMEC_RAW_OTU_2D_test_227,VINMEC_RAW_UNANNOTATED,B-Mode 2D,UNANNOTATED_RAW,False,False,478,444,0,0,0,0.0,dataset/vinmec_ovarian/OTU_2D/test/image/227.JPG,NONE
VINMEC_RAW_OTU_2D_train_1463,VINMEC_RAW_UNANNOTATED,B-Mode 2D,UNANNOTATED_RAW,False,False,646,329,0,0,0,0.0,dataset/vinmec_ovarian/OTU_2D/train/train_image/1463.JPG,NONE
VINMEC_RAW_OTU_2D_train_795,VINMEC_RAW_UNANNOTATED,B-Mode 2D,UNANNOTATED_RAW,False,False,959,545,0,0,0,0.0,dataset/vinmec_ovarian/OTU_2D/train/train_image/795.JPG,NONE
VINMEC_RAW_OTU_2D_train_1150,VINMEC_RAW_UNANNOTATED,B-Mode 2D,UNANNOTATED_RAW,False,False,481,531,0,0,0,0.0,dataset/vinmec_ovarian/OTU_2D/train/train_image/1150.JPG,NONE
VINMEC_RAW_OTU_2D_train_384,VINMEC_RAW_UNANNOTATED,B-Mode 2D,UNANNOTATED_RAW,False,False,554,589,0,0,0,0.0,dataset/vinmec_ovarian/OTU_2D/train/train_image/384.JPG,NONE
VINMEC_RAW_OTU_2D_test_385,VINMEC_RAW_UNANNOTATED,B-Mode 2D,UNANNOTATED_RAW,False,False,548,584,0,0,0,0.0,dataset/vinmec_ovarian/OTU_2D/test/image/385.JPG,NONE
VINMEC_RAW_OTU_2D_train_1249,VINMEC_RAW_UNANNOTATED,B-Mode 2D,UNANNOTATED_RAW,False,False,569,544,0,0,0,0.0,dataset/vinmec_ovarian/OTU_2D/train/train_image/1249.JPG,NONE
VINMEC_RAW_OTU_2D_train_1138,VINMEC_RAW_UNANNOTATED,B-Mode 2D,UNANNOTATED_RAW,False,False,973,528,0,0,0,0.0,dataset/vinmec_ovarian/OTU_2D/train/train_image/1138.JPG,NONE
VINMEC_RAW_OTU_2D_test_168,VINMEC_RAW_UNANNOTATED,B-Mode 2D,UNANNOTATED_RAW,False,False,480,535,0,0,0,0.0,dataset/vinmec_ovarian/OTU_2D/test/image/168.JPG,NONE
VINMEC_RAW_OTU_2D_test_966,VINMEC_RAW_UNANNOTATED,B-Mode 2D,UNANNOTATED_RAW,False,False,777,650,0,0,0,0.0,dataset/vinmec_ovarian/OTU_2D/test/image/966.JPG,NONE
VINMEC_RAW_OTU_CEUS_98,VINMEC_RAW_UNANNOTATED,CEUS,UNANNOTATED_RAW,False,False,552,548,0,0,0,0.0,dataset/vinmec_ovarian/OTU_CEUS/image/98.JPG,NONE
VINMEC_RAW_OTU_2D_train_938,VINMEC_RAW_UNANNOTATED,B-Mode 2D,UNANNOTATED_RAW,False,False,565,580,0,0,0,0.0,dataset/vinmec_ovarian/OTU_2D/train/train_image/938.JPG,NONE
VINMEC_RAW_OTU_2D_train_616,VINMEC_RAW_UNANNOTATED,B-Mode 2D,UNANNOTATED_RAW,False,False,971,542,0,0,0,0.0,dataset/vinmec_ovarian/OTU_2D/train/train_image/616.JPG,NONE
VINMEC_RAW_OTU_2D_train_402,VINMEC_RAW_UNANNOTATED,B-Mode 2D,UNANNOTATED_RAW,False,False,846,616,0,0,0,0.0,dataset/vinmec_ovarian/OTU_2D/train/train_image/402.JPG,NONE
VINMEC_RAW_OTU_2D_train_803,VINMEC_RAW_UNANNOTATED,B-Mode 2D,UNANNOTATED_RAW,False,False,957,542,0,0,0,0.0,dataset/vinmec_ovarian/OTU_2D/train/train_image/803.JPG,NONE
VINMEC_RAW_OTU_2D_train_1300,VINMEC_RAW_UNANNOTATED,B-Mode 2D,UNANNOTATED_RAW,False,False,957,534,0,0,0,0.0,dataset/vinmec_ovarian/OTU_2D/train/train_image/1300.JPG,NONE
VINMEC_RAW_OTU_2D_train_1446,VINMEC_RAW_UNANNOTATED,B-Mode 2D,UNANNOTATED_RAW,False,False,565,582,0,0,0,0.0,dataset/vinmec_ovarian/OTU_2D/train/train_image/1446.JPG,NONE
VINMEC_RAW_OTU_CEUS_61,VINMEC_RAW_UNANNOTATED,CEUS,UNANNOTATED_RAW,False,False,335,424,0,0,0,0.0,dataset/vinmec_ovarian/OTU_CEUS/image/61.JPG,NONE
VINMEC_RAW_OTU_2D_test_1230,VINMEC_RAW_UNANNOTATED,B-Mode 2D,UNANNOTATED_RAW,False,False,960,530,0,0,0,0.0,dataset/vinmec_ovarian/OTU_2D/test/image/1230.JPG,NONE
VINMEC_RAW_OTU_2D_train_1392,VINMEC_RAW_UNANNOTATED,B-Mode 2D,UNANNOTATED_RAW,False,False,483,533,0,0,0,0.0,dataset/vinmec_ovarian/OTU_2D/train/train_image/1392.JPG,NONE
VINMEC_RAW_OTU_2D_train_454,VINMEC_RAW_UNANNOTATED,B-Mode 2D,UNANNOTATED_RAW,False,False,484,532,0,0,0,0.0,dataset/vinmec_ovarian/OTU_2D/train/train_image/454.JPG,NONE
VINMEC_RAW_OTU_CEUS_55,VINMEC_RAW_UNANNOTATED,CEUS,UNANNOTATED_RAW,False,False,551,600,0,0,0,0.0,dataset/vinmec_ovarian/OTU_CEUS/image/55.JPG,NONE
VINMEC_RAW_OTU_2D_train_589,VINMEC_RAW_UNANNOTATED,B-Mode 2D,UNANNOTATED_RAW,False,False,568,568,0,0,0,0.0,dataset/vinmec_ovarian/OTU_2D/train/train_image/589.JPG,NONE
VINMEC_RAW_OTU_2D_train_1194,VINMEC_RAW_UNANNOTATED,B-Mode 2D,UNANNOTATED_RAW,False,False,959,536,0,0,0,0.0,dataset/vinmec_ovarian/OTU_2D/train/train_image/1194.JPG,NONE
VINMEC_RAW_OTU_2D_train_716,VINMEC_RAW_UNANNOTATED,B-Mode 2D,UNANNOTATED_RAW,False,False,481,551,0,0,0,0.0,dataset/vinmec_ovarian/OTU_2D/train/train_image/716.JPG,NONE
VINMEC_RAW_OTU_CEUS_128,VINMEC_RAW_UNANNOTATED,CEUS,UNANNOTATED_RAW,False,False,556,561,0,0,0,0.0,dataset/vinmec_ovarian/OTU_CEUS/image/128.JPG,NONE
VINMEC_RAW_OTU_2D_train_967,VINMEC_RAW_UNANNOTATED,B-Mode 2D,UNANNOTATED_RAW,False,False,801,605,0,0,0,0.0,dataset/vinmec_ovarian/OTU_2D/train/train_image/967.JPG,NONE
VINMEC_RAW_OTU_2D_train_866,VINMEC_RAW_UNANNOTATED,B-Mode 2D,UNANNOTATED_RAW,False,False,974,556,0,0,0,0.0,dataset/vinmec_ovarian/OTU_2D/train/train_image/866.JPG,NONE
VINMEC_RAW_OTU_2D_train_491,VINMEC_RAW_UNANNOTATED,B-Mode 2D,UNANNOTATED_RAW,False,False,958,549,0,0,0,0.0,dataset/vinmec_ovarian/OTU_2D/train/train_image/491.JPG,NONE
VINMEC_RAW_OTU_2D_train_711,VINMEC_RAW_UNANNOTATED,B-Mode 2D,UNANNOTATED_RAW,False,False,958,542,0,0,0,0.0,dataset/vinmec_ovarian/OTU_2D/train/train_image/711.JPG,NONE
VINMEC_RAW_OTU_2D_test_354,VINMEC_RAW_UNANNOTATED,B-Mode 2D,UNANNOTATED_RAW,False,False,958,535,0,0,0,0.0,dataset/vinmec_ovarian/OTU_2D/test/image/354.JPG,NONE
VINMEC_RAW_OTU_2D_test_877,VINMEC_RAW_UNANNOTATED,B-Mode 2D,UNANNOTATED_RAW,False,False,959,574,0,0,0,0.0,dataset/vinmec_ovarian/OTU_2D/test/image/877.JPG,NONE
VINMEC_RAW_OTU_2D_test_1308,VINMEC_RAW_UNANNOTATED,B-Mode 2D,UNANNOTATED_RAW,False,False,962,616,0,0,0,0.0,dataset/vinmec_ovarian/OTU_2D/test/image/1308.JPG,NONE
VINMEC_RAW_OTU_CEUS_135,VINMEC_RAW_UNANNOTATED,CEUS,UNANNOTATED_RAW,False,False,550,546,0,0,0,0.0,dataset/vinmec_ovarian/OTU_CEUS/image/135.JPG,NONE
VINMEC_RAW_OTU_2D_train_1209,VINMEC_RAW_UNANNOTATED,B-Mode 2D,UNANNOTATED_RAW,False,False,958,534,0,0,0,0.0,dataset/vinmec_ovarian/OTU_2D/train/train_image/1209.JPG,NONE
VINMEC_RAW_OTU_2D_train_939,VINMEC_RAW_UNANNOTATED,B-Mode 2D,UNANNOTATED_RAW,False,False,569,582,0,0,0,0.0,dataset/vinmec_ovarian/OTU_2D/train/train_image/939.JPG,NONE
VINMEC_RAW_OTU_2D_test_1032,VINMEC_RAW_UNANNOTATED,B-Mode 2D,UNANNOTATED_RAW,False,False,955,530,0,0,0,0.0,dataset/vinmec_ovarian/OTU_2D/test/image/1032.JPG,NONE
VINMEC_RAW_OTU_2D_train_1193,VINMEC_RAW_UNANNOTATED,B-Mode 2D,UNANNOTATED_RAW,False,False,353,390,0,0,0,0.0,dataset/vinmec_ovarian/OTU_2D/train/train_image/1193.JPG,NONE
VINMEC_RAW_OTU_2D_train_433,VINMEC_RAW_UNANNOTATED,B-Mode 2D,UNANNOTATED_RAW,False,False,958,532,0,0,0,0.0,dataset/vinmec_ovarian/OTU_2D/train/train_image/433.JPG,NONE
VINMEC_RAW_OTU_2D_train_852,VINMEC_RAW_UNANNOTATED,B-Mode 2D,UNANNOTATED_RAW,False,False,482,274,0,0,0,0.0,dataset/vinmec_ovarian/OTU_2D/train/train_image/852.JPG,NONE
VINMEC_RAW_OTU_2D_test_863,VINMEC_RAW_UNANNOTATED,B-Mode 2D,UNANNOTATED_RAW,False,False,957,549,0,0,0,0.0,dataset/vinmec_ovarian/OTU_2D/test/image/863.JPG,NONE
VINMEC_RAW_OTU_2D_test_1467,VINMEC_RAW_UNANNOTATED,B-Mode 2D,UNANNOTATED_RAW,False,False,959,535,0,0,0,0.0,dataset/vinmec_ovarian/OTU_2D/test/image/1467.JPG,NONE
VINMEC_RAW_OTU_2D_train_1100,VINMEC_RAW_UNANNOTATED,B-Mode 2D,UNANNOTATED_RAW,False,False,1131,590,0,0,0,0.0,dataset/vinmec_ovarian/OTU_2D/train/train_image/1100.JPG,NONE
VINMEC_RAW_OTU_2D_train_66,VINMEC_RAW_UNANNOTATED,B-Mode 2D,UNANNOTATED_RAW,False,False,958,660,0,0,0,0.0,dataset/vinmec_ovarian/OTU_2D/train/train_image/66.JPG,NONE
VINMEC_RAW_OTU_2D_train_93,VINMEC_RAW_UNANNOTATED,B-Mode 2D,UNANNOTATED_RAW,False,False,959,661,0,0,0,0.0,dataset/vinmec_ovarian/OTU_2D/train/train_image/93.JPG,NONE
VINMEC_RAW_OTU_2D_test_1038,VINMEC_RAW_UNANNOTATED,B-Mode 2D,UNANNOTATED_RAW,False,False,957,528,0,0,0,0.0,dataset/vinmec_ovarian/OTU_2D/test/image/1038.JPG,NONE
VINMEC_RAW_OTU_2D_train_1196,VINMEC_RAW_UNANNOTATED,B-Mode 2D,UNANNOTATED_RAW,False,False,958,534,0,0,0,0.0,dataset/vinmec_ovarian/OTU_2D/train/train_image/1196.JPG,NONE
VINMEC_RAW_OTU_2D_train_737,VINMEC_RAW_UNANNOTATED,B-Mode 2D,UNANNOTATED_RAW,False,False,477,557,0,0,0,0.0,dataset/vinmec_ovarian/OTU_2D/train/train_image/737.JPG,NONE
VINMEC_RAW_OTU_2D_test_640,VINMEC_RAW_UNANNOTATED,B-Mode 2D,UNANNOTATED_RAW,False,False,1100,638,0,0,0,0.0,dataset/vinmec_ovarian/OTU_2D/test/image/640.JPG,NONE
VINMEC_RAW_OTU_2D_train_757,VINMEC_RAW_UNANNOTATED,B-Mode 2D,UNANNOTATED_RAW,False,False,1084,617,0,0,0,0.0,dataset/vinmec_ovarian/OTU_2D/train/train_image/757.JPG,NONE
VINMEC_RAW_OTU_2D_train_118,VINMEC_RAW_UNANNOTATED,B-Mode 2D,UNANNOTATED_RAW,False,False,480,532,0,0,0,0.0,dataset/vinmec_ovarian/OTU_2D/train/train_image/118.JPG,NONE
VINMEC_RAW_OTU_2D_train_713,VINMEC_RAW_UNANNOTATED,B-Mode 2D,UNANNOTATED_RAW,False,False,479,288,0,0,0,0.0,dataset/vinmec_ovarian/OTU_2D/train/train_image/713.JPG,NONE
VINMEC_RAW_OTU_2D_train_298,VINMEC_RAW_UNANNOTATED,B-Mode 2D,UNANNOTATED_RAW,False,False,479,536,0,0,0,0.0,dataset/vinmec_ovarian/OTU_2D/train/train_image/298.JPG,NONE
VINMEC_RAW_OTU_2D_train_1442,VINMEC_RAW_UNANNOTATED,B-Mode 2D,UNANNOTATED_RAW,False,False,961,522,0,0,0,0.0,dataset/vinmec_ovarian/OTU_2D/train/train_image/1442.JPG,NONE
VINMEC_RAW_OTU_2D_train_736,VINMEC_RAW_UNANNOTATED,B-Mode 2D,UNANNOTATED_RAW,False,False,498,546,0,0,0,0.0,dataset/vinmec_ovarian/OTU_2D/train/train_image/736.JPG,NONE
VINMEC_RAW_OTU_2D_test_1411,VINMEC_RAW_UNANNOTATED,B-Mode 2D,UNANNOTATED_RAW,False,False,1129,594,0,0,0,0.0,dataset/vinmec_ovarian/OTU_2D/test/image/1411.JPG,NONE
VINMEC_RAW_OTU_2D_test_1017,VINMEC_RAW_UNANNOTATED,B-Mode 2D,UNANNOTATED_RAW,False,False,568,589,0,0,0,0.0,dataset/vinmec_ovarian/OTU_2D/test/image/1017.JPG,NONE
VINMEC_RAW_OTU_2D_test_1170,VINMEC_RAW_UNANNOTATED,B-Mode 2D,UNANNOTATED_RAW,False,False,567,593,0,0,0,0.0,dataset/vinmec_ovarian/OTU_2D/test/image/1170.JPG,NONE
VINMEC_RAW_OTU_2D_train_1080,VINMEC_RAW_UNANNOTATED,B-Mode 2D,UNANNOTATED_RAW,False,False,955,527,0,0,0,0.0,dataset/vinmec_ovarian/OTU_2D/train/train_image/1080.JPG,NONE
VINMEC_RAW_OTU_CEUS_79,VINMEC_RAW_UNANNOTATED,CEUS,UNANNOTATED_RAW,False,False,551,557,0,0,0,0.0,dataset/vinmec_ovarian/OTU_CEUS/image/79.JPG,NONE
VINMEC_RAW_OTU_2D_test_281,VINMEC_RAW_UNANNOTATED,B-Mode 2D,UNANNOTATED_RAW,False,False,958,535,0,0,0,0.0,dataset/vinmec_ovarian/OTU_2D/test/image/281.JPG,NONE
VINMEC_RAW_OTU_2D_test_12,VINMEC_RAW_UNANNOTATED,B-Mode 2D,UNANNOTATED_RAW,False,False,479,534,0,0,0,0.0,dataset/vinmec_ovarian/OTU_2D/test/image/12.JPG,NONE
VINMEC_RAW_OTU_2D_train_908,VINMEC_RAW_UNANNOTATED,B-Mode 2D,UNANNOTATED_RAW,False,False,481,526,0,0,0,0.0,dataset/vinmec_ovarian/OTU_2D/train/train_image/908.JPG,NONE
VINMEC_RAW_OTU_2D_train_1001,VINMEC_RAW_UNANNOTATED,B-Mode 2D,UNANNOTATED_RAW,False,False,480,530,0,0,0,0.0,dataset/vinmec_ovarian/OTU_2D/train/train_image/1001.JPG,NONE
VINMEC_RAW_OTU_2D_test_322,VINMEC_RAW_UNANNOTATED,B-Mode 2D,UNANNOTATED_RAW,False,False,958,529,0,0,0,0.0,dataset/vinmec_ovarian/OTU_2D/test/image/322.JPG,NONE
VINMEC_RAW_OTU_2D_train_1436,VINMEC_RAW_UNANNOTATED,B-Mode 2D,UNANNOTATED_RAW,False,False,483,540,0,0,0,0.0,dataset/vinmec_ovarian/OTU_2D/train/train_image/1436.JPG,NONE
VINMEC_RAW_OTU_2D_test_585,VINMEC_RAW_UNANNOTATED,B-Mode 2D,UNANNOTATED_RAW,False,False,957,571,0,0,0,0.0,dataset/vinmec_ovarian/OTU_2D/test/image/585.JPG,NONE
VINMEC_RAW_OTU_CEUS_143,VINMEC_RAW_UNANNOTATED,CEUS,UNANNOTATED_RAW,False,False,555,551,0,0,0,0.0,dataset/vinmec_ovarian/OTU_CEUS/image/143.JPG,NONE
VINMEC_RAW_OTU_2D_train_40,VINMEC_RAW_UNANNOTATED,B-Mode 2D,UNANNOTATED_RAW,False,False,478,533,0,0,0,0.0,dataset/vinmec_ovarian/OTU_2D/train/train_image/40.JPG,NONE
VINMEC_RAW_OTU_2D_test_316,VINMEC_RAW_UNANNOTATED,B-Mode 2D,UNANNOTATED_RAW,False,False,480,535,0,0,0,0.0,dataset/vinmec_ovarian/OTU_2D/test/image/316.JPG,NONE
VINMEC_RAW_OTU_2D_test_1062,VINMEC_RAW_UNANNOTATED,B-Mode 2D,UNANNOTATED_RAW,False,False,958,539,0,0,0,0.0,dataset/vinmec_ovarian/OTU_2D/test/image/1062.JPG,NONE
VINMEC_RAW_OTU_CEUS_118,VINMEC_RAW_UNANNOTATED,CEUS,UNANNOTATED_RAW,False,False,341,347,0,0,0,0.0,dataset/vinmec_ovarian/OTU_CEUS/image/118.JPG,NONE
VINMEC_RAW_OTU_2D_train_188,VINMEC_RAW_UNANNOTATED,B-Mode 2D,UNANNOTATED_RAW,False,False,959,532,0,0,0,0.0,dataset/vinmec_ovarian/OTU_2D/train/train_image/188.JPG,NONE
VINMEC_RAW_OTU_2D_test_546,VINMEC_RAW_UNANNOTATED,B-Mode 2D,UNANNOTATED_RAW,False,False,811,573,0,0,0,0.0,dataset/vinmec_ovarian/OTU_2D/test/image/546.JPG,NONE
VINMEC_RAW_OTU_2D_train_198,VINMEC_RAW_UNANNOTATED,B-Mode 2D,UNANNOTATED_RAW,False,False,959,534,0,0,0,0.0,dataset/vinmec_ovarian/OTU_2D/train/train_image/198.JPG,NONE
VINMEC_RAW_OTU_2D_train_1245,VINMEC_RAW_UNANNOTATED,B-Mode 2D,UNANNOTATED_RAW,False,False,959,535,0,0,0,0.0,dataset/vinmec_ovarian/OTU_2D/train/train_image/1245.JPG,NONE
VINMEC_RAW_OTU_2D_train_608,VINMEC_RAW_UNANNOTATED,B-Mode 2D,UNANNOTATED_RAW,False,False,959,557,0,0,0,0.0,dataset/vinmec_ovarian/OTU_2D/train/train_image/608.JPG,NONE
VINMEC_RAW_OTU_2D_train_1090,VINMEC_RAW_UNANNOTATED,B-Mode 2D,UNANNOTATED_RAW,False,False,478,529,0,0,0,0.0,dataset/vinmec_ovarian/OTU_2D/train/train_image/1090.JPG,NONE
VINMEC_RAW_OTU_CEUS_124,VINMEC_RAW_UNANNOTATED,CEUS,UNANNOTATED_RAW,False,False,556,594,0,0,0,0.0,dataset/vinmec_ovarian/OTU_CEUS/image/124.JPG,NONE
VINMEC_RAW_OTU_2D_train_835,VINMEC_RAW_UNANNOTATED,B-Mode 2D,UNANNOTATED_RAW,False,False,959,611,0,0,0,0.0,dataset/vinmec_ovarian/OTU_2D/train/train_image/835.JPG,NONE
VINMEC_RAW_OTU_2D_test_1049,VINMEC_RAW_UNANNOTATED,B-Mode 2D,UNANNOTATED_RAW,False,False,955,534,0,0,0,0.0,dataset/vinmec_ovarian/OTU_2D/test/image/1049.JPG,NONE
VINMEC_RAW_OTU_2D_train_428,VINMEC_RAW_UNANNOTATED,B-Mode 2D,UNANNOTATED_RAW,False,False,482,270,0,0,0,0.0,dataset/vinmec_ovarian/OTU_2D/train/train_image/428.JPG,NONE
VINMEC_RAW_OTU_2D_test_220,VINMEC_RAW_UNANNOTATED,B-Mode 2D,UNANNOTATED_RAW,False,False,480,531,0,0,0,0.0,dataset/vinmec_ovarian/OTU_2D/test/image/220.JPG,NONE
VINMEC_RAW_OTU_2D_train_733,VINMEC_RAW_UNANNOTATED,B-Mode 2D,UNANNOTATED_RAW,False,False,480,556,0,0,0,0.0,dataset/vinmec_ovarian/OTU_2D/train/train_image/733.JPG,NONE
VINMEC_RAW_OTU_2D_train_337,VINMEC_RAW_UNANNOTATED,B-Mode 2D,UNANNOTATED_RAW,False,False,801,619,0,0,0,0.0,dataset/vinmec_ovarian/OTU_2D/train/train_image/337.JPG,NONE
VINMEC_RAW_OTU_2D_train_490,VINMEC_RAW_UNANNOTATED,B-Mode 2D,UNANNOTATED_RAW,False,False,957,538,0,0,0,0.0,dataset/vinmec_ovarian/OTU_2D/train/train_image/490.JPG,NONE
VINMEC_RAW_OTU_2D_train_208,VINMEC_RAW_UNANNOTATED,B-Mode 2D,UNANNOTATED_RAW,False,False,959,536,0,0,0,0.0,dataset/vinmec_ovarian/OTU_2D/train/train_image/208.JPG,NONE
VINMEC_RAW_OTU_2D_train_1029,VINMEC_RAW_UNANNOTATED,B-Mode 2D,UNANNOTATED_RAW,False,False,955,518,0,0,0,0.0,dataset/vinmec_ovarian/OTU_2D/train/train_image/1029.JPG,NONE
VINMEC_RAW_OTU_2D_train_774,VINMEC_RAW_UNANNOTATED,B-Mode 2D,UNANNOTATED_RAW,False,False,461,493,0,0,0,0.0,dataset/vinmec_ovarian/OTU_2D/train/train_image/774.JPG,NONE
VINMEC_RAW_OTU_2D_train_1056,VINMEC_RAW_UNANNOTATED,B-Mode 2D,UNANNOTATED_RAW,False,False,567,587,0,0,0,0.0,dataset/vinmec_ovarian/OTU_2D/train/train_image/1056.JPG,NONE
VINMEC_RAW_OTU_2D_test_1295,VINMEC_RAW_UNANNOTATED,B-Mode 2D,UNANNOTATED_RAW,False,False,954,541,0,0,0,0.0,dataset/vinmec_ovarian/OTU_2D/test/image/1295.JPG,NONE
VINMEC_RAW_OTU_2D_test_1025,VINMEC_RAW_UNANNOTATED,B-Mode 2D,UNANNOTATED_RAW,False,False,480,523,0,0,0,0.0,dataset/vinmec_ovarian/OTU_2D/test/image/1025.JPG,NONE
VINMEC_RAW_OTU_CEUS_121,VINMEC_RAW_UNANNOTATED,CEUS,UNANNOTATED_RAW,False,False,339,352,0,0,0,0.0,dataset/vinmec_ovarian/OTU_CEUS/image/121.JPG,NONE
VINMEC_RAW_OTU_2D_train_347,VINMEC_RAW_UNANNOTATED,B-Mode 2D,UNANNOTATED_RAW,False,False,828,609,0,0,0,0.0,dataset/vinmec_ovarian/OTU_2D/train/train_image/347.JPG,NONE
VINMEC_RAW_OTU_2D_test_1357,VINMEC_RAW_UNANNOTATED,B-Mode 2D,UNANNOTATED_RAW,False,False,487,531,0,0,0,0.0,dataset/vinmec_ovarian/OTU_2D/test/image/1357.JPG,NONE
VINMEC_RAW_OTU_2D_train_555,VINMEC_RAW_UNANNOTATED,B-Mode 2D,UNANNOTATED_RAW,False,False,480,544,0,0,0,0.0,dataset/vinmec_ovarian/OTU_2D/train/train_image/555.JPG,NONE
VINMEC_RAW_OTU_2D_train_879,VINMEC_RAW_UNANNOTATED,B-Mode 2D,UNANNOTATED_RAW,False,False,959,586,0,0,0,0.0,dataset/vinmec_ovarian/OTU_2D/train/train_image/879.JPG,NONE
VINMEC_RAW_OTU_2D_test_493,VINMEC_RAW_UNANNOTATED,B-Mode 2D,UNANNOTATED_RAW,False,False,480,552,0,0,0,0.0,dataset/vinmec_ovarian/OTU_2D/test/image/493.JPG,NONE
VINMEC_RAW_OTU_2D_train_1412,VINMEC_RAW_UNANNOTATED,B-Mode 2D,UNANNOTATED_RAW,False,False,958,535,0,0,0,0.0,dataset/vinmec_ovarian/OTU_2D/train/train_image/1412.JPG,NONE
VINMEC_RAW_OTU_2D_train_928,VINMEC_RAW_UNANNOTATED,B-Mode 2D,UNANNOTATED_RAW,False,False,952,521,0,0,0,0.0,dataset/vinmec_ovarian/OTU_2D/train/train_image/928.JPG,NONE
VINMEC_RAW_OTU_2D_train_456,VINMEC_RAW_UNANNOTATED,B-Mode 2D,UNANNOTATED_RAW,False,False,959,662,0,0,0,0.0,dataset/vinmec_ovarian/OTU_2D/train/train_image/456.JPG,NONE
VINMEC_RAW_OTU_2D_train_1250,VINMEC_RAW_UNANNOTATED,B-Mode 2D,UNANNOTATED_RAW,False,False,569,544,0,0,0,0.0,dataset/vinmec_ovarian/OTU_2D/train/train_image/1250.JPG,NONE
VINMEC_RAW_OTU_2D_test_164,VINMEC_RAW_UNANNOTATED,B-Mode 2D,UNANNOTATED_RAW,False,False,480,535,0,0,0,0.0,dataset/vinmec_ovarian/OTU_2D/test/image/164.JPG,NONE
VINMEC_RAW_OTU_2D_test_1122,VINMEC_RAW_UNANNOTATED,B-Mode 2D,UNANNOTATED_RAW,False,False,818,606,0,0,0,0.0,dataset/vinmec_ovarian/OTU_2D/test/image/1122.JPG,NONE
VINMEC_RAW_OTU_2D_train_697,VINMEC_RAW_UNANNOTATED,B-Mode 2D,UNANNOTATED_RAW,False,False,849,617,0,0,0,0.0,dataset/vinmec_ovarian/OTU_2D/train/train_image/697.JPG,NONE
VINMEC_RAW_OTU_2D_train_775,VINMEC_RAW_UNANNOTATED,B-Mode 2D,UNANNOTATED_RAW,False,False,493,447,0,0,0,0.0,dataset/vinmec_ovarian/OTU_2D/train/train_image/775.JPG,NONE
VINMEC_RAW_OTU_2D_train_601,VINMEC_RAW_UNANNOTATED,B-Mode 2D,UNANNOTATED_RAW,False,False,568,608,0,0,0,0.0,dataset/vinmec_ovarian/OTU_2D/train/train_image/601.JPG,NONE
VINMEC_RAW_OTU_CEUS_40,VINMEC_RAW_UNANNOTATED,CEUS,UNANNOTATED_RAW,False,False,557,550,0,0,0,0.0,dataset/vinmec_ovarian/OTU_CEUS/image/40.JPG,NONE
VINMEC_RAW_OTU_2D_train_1027,VINMEC_RAW_UNANNOTATED,B-Mode 2D,UNANNOTATED_RAW,False,False,478,526,0,0,0,0.0,dataset/vinmec_ovarian/OTU_2D/train/train_image/1027.JPG,NONE
VINMEC_RAW_OTU_2D_train_1210,VINMEC_RAW_UNANNOTATED,B-Mode 2D,UNANNOTATED_RAW,False,False,959,536,0,0,0,0.0,dataset/vinmec_ovarian/OTU_2D/train/train_image/1210.JPG,NONE
VINMEC_RAW_OTU_2D_test_1373,VINMEC_RAW_UNANNOTATED,B-Mode 2D,UNANNOTATED_RAW,False,False,480,544,0,0,0,0.0,dataset/vinmec_ovarian/OTU_2D/test/image/1373.JPG,NONE
VINMEC_RAW_OTU_2D_test_249,VINMEC_RAW_UNANNOTATED,B-Mode 2D,UNANNOTATED_RAW,False,False,482,531,0,0,0,0.0,dataset/vinmec_ovarian/OTU_2D/test/image/249.JPG,NONE
VINMEC_RAW_OTU_CEUS_75,VINMEC_RAW_UNANNOTATED,CEUS,UNANNOTATED_RAW,False,False,549,558,0,0,0,0.0,dataset/vinmec_ovarian/OTU_CEUS/image/75.JPG,NONE
VINMEC_RAW_OTU_2D_train_1303,VINMEC_RAW_UNANNOTATED,B-Mode 2D,UNANNOTATED_RAW,False,False,1135,594,0,0,0,0.0,dataset/vinmec_ovarian/OTU_2D/train/train_image/1303.JPG,NONE
VINMEC_RAW_OTU_2D_test_288,VINMEC_RAW_UNANNOTATED,B-Mode 2D,UNANNOTATED_RAW,False,False,489,295,0,0,0,0.0,dataset/vinmec_ovarian/OTU_2D/test/image/288.JPG,NONE
VINMEC_RAW_OTU_CEUS_7,VINMEC_RAW_UNANNOTATED,CEUS,UNANNOTATED_RAW,False,False,581,577,0,0,0,0.0,dataset/vinmec_ovarian/OTU_CEUS/image/7.JPG,NONE
VINMEC_RAW_OTU_2D_train_668,VINMEC_RAW_UNANNOTATED,B-Mode 2D,UNANNOTATED_RAW,False,False,482,540,0,0,0,0.0,dataset/vinmec_ovarian/OTU_2D/train/train_image/668.JPG,NONE
VINMEC_RAW_OTU_2D_train_1293,VINMEC_RAW_UNANNOTATED,B-Mode 2D,UNANNOTATED_RAW,False,False,958,531,0,0,0,0.0,dataset/vinmec_ovarian/OTU_2D/train/train_image/1293.JPG,NONE
VINMEC_RAW_OTU_2D_train_18,VINMEC_RAW_UNANNOTATED,B-Mode 2D,UNANNOTATED_RAW,False,False,958,533,0,0,0,0.0,dataset/vinmec_ovarian/OTU_2D/train/train_image/18.JPG,NONE
VINMEC_RAW_OTU_2D_train_463,VINMEC_RAW_UNANNOTATED,B-Mode 2D,UNANNOTATED_RAW,False,False,958,530,0,0,0,0.0,dataset/vinmec_ovarian/OTU_2D/train/train_image/463.JPG,NONE
VINMEC_RAW_OTU_2D_test_94,VINMEC_RAW_UNANNOTATED,B-Mode 2D,UNANNOTATED_RAW,False,False,958,661,0,0,0,0.0,dataset/vinmec_ovarian/OTU_2D/test/image/94.JPG,NONE
VINMEC_RAW_OTU_2D_test_837,VINMEC_RAW_UNANNOTATED,B-Mode 2D,UNANNOTATED_RAW,False,False,958,611,0,0,0,0.0,dataset/vinmec_ovarian/OTU_2D/test/image/837.JPG,NONE
VINMEC_RAW_OTU_CEUS_101,VINMEC_RAW_UNANNOTATED,CEUS,UNANNOTATED_RAW,False,False,343,352,0,0,0,0.0,dataset/vinmec_ovarian/OTU_CEUS/image/101.JPG,NONE
VINMEC_RAW_OTU_2D_train_50,VINMEC_RAW_UNANNOTATED,B-Mode 2D,UNANNOTATED_RAW,False,False,847,614,0,0,0,0.0,dataset/vinmec_ovarian/OTU_2D/train/train_image/50.JPG,NONE
VINMEC_RAW_OTU_2D_test_506,VINMEC_RAW_UNANNOTATED,B-Mode 2D,UNANNOTATED_RAW,False,False,484,549,0,0,0,0.0,dataset/vinmec_ovarian/OTU_2D/test/image/506.JPG,NONE
VINMEC_RAW_OTU_2D_train_437,VINMEC_RAW_UNANNOTATED,B-Mode 2D,UNANNOTATED_RAW,False,False,487,272,0,0,0,0.0,dataset/vinmec_ovarian/OTU_2D/train/train_image/437.JPG,NONE
VINMEC_RAW_OTU_2D_train_1256,VINMEC_RAW_UNANNOTATED,B-Mode 2D,UNANNOTATED_RAW,False,False,959,540,0,0,0,0.0,dataset/vinmec_ovarian/OTU_2D/train/train_image/1256.JPG,NONE
VINMEC_RAW_OTU_2D_train_1026,VINMEC_RAW_UNANNOTATED,B-Mode 2D,UNANNOTATED_RAW,False,False,481,523,0,0,0,0.0,dataset/vinmec_ovarian/OTU_2D/train/train_image/1026.JPG,NONE
VINMEC_RAW_OTU_2D_test_517,VINMEC_RAW_UNANNOTATED,B-Mode 2D,UNANNOTATED_RAW,False,False,957,542,0,0,0,0.0,dataset/vinmec_ovarian/OTU_2D/test/image/517.JPG,NONE
VINMEC_RAW_OTU_2D_train_569,VINMEC_RAW_UNANNOTATED,B-Mode 2D,UNANNOTATED_RAW,False,False,565,619,0,0,0,0.0,dataset/vinmec_ovarian/OTU_2D/train/train_image/569.JPG,NONE
VINMEC_RAW_OTU_2D_train_739,VINMEC_RAW_UNANNOTATED,B-Mode 2D,UNANNOTATED_RAW,False,False,478,557,0,0,0,0.0,dataset/vinmec_ovarian/OTU_2D/train/train_image/739.JPG,NONE
VINMEC_RAW_OTU_CEUS_99,VINMEC_RAW_UNANNOTATED,CEUS,UNANNOTATED_RAW,False,False,559,550,0,0,0,0.0,dataset/vinmec_ovarian/OTU_CEUS/image/99.JPG,NONE
VINMEC_RAW_OTU_2D_test_36,VINMEC_RAW_UNANNOTATED,B-Mode 2D,UNANNOTATED_RAW,False,False,958,533,0,0,0,0.0,dataset/vinmec_ovarian/OTU_2D/test/image/36.JPG,NONE
VINMEC_RAW_OTU_CEUS_167,VINMEC_RAW_UNANNOTATED,CEUS,UNANNOTATED_RAW,False,False,555,547,0,0,0,0.0,dataset/vinmec_ovarian/OTU_CEUS/image/167.JPG,NONE
VINMEC_RAW_OTU_2D_test_162,VINMEC_RAW_UNANNOTATED,B-Mode 2D,UNANNOTATED_RAW,False,False,959,536,0,0,0,0.0,dataset/vinmec_ovarian/OTU_2D/test/image/162.JPG,NONE
VINMEC_RAW_OTU_CEUS_25,VINMEC_RAW_UNANNOTATED,CEUS,UNANNOTATED_RAW,False,False,563,549,0,0,0,0.0,dataset/vinmec_ovarian/OTU_CEUS/image/25.JPG,NONE
VINMEC_RAW_OTU_2D_train_1462,VINMEC_RAW_UNANNOTATED,B-Mode 2D,UNANNOTATED_RAW,False,False,1113,565,0,0,0,0.0,dataset/vinmec_ovarian/OTU_2D/train/train_image/1462.JPG,NONE
VINMEC_RAW_OTU_2D_train_95,VINMEC_RAW_UNANNOTATED,B-Mode 2D,UNANNOTATED_RAW,False,False,958,663,0,0,0,0.0,dataset/vinmec_ovarian/OTU_2D/train/train_image/95.JPG,NONE
VINMEC_RAW_OTU_2D_train_1372,VINMEC_RAW_UNANNOTATED,B-Mode 2D,UNANNOTATED_RAW,False,False,483,536,0,0,0,0.0,dataset/vinmec_ovarian/OTU_2D/train/train_image/1372.JPG,NONE
VINMEC_RAW_OTU_2D_train_1044,VINMEC_RAW_UNANNOTATED,B-Mode 2D,UNANNOTATED_RAW,False,False,959,528,0,0,0,0.0,dataset/vinmec_ovarian/OTU_2D/train/train_image/1044.JPG,NONE
VINMEC_RAW_OTU_2D_train_393,VINMEC_RAW_UNANNOTATED,B-Mode 2D,UNANNOTATED_RAW,False,False,959,531,0,0,0,0.0,dataset/vinmec_ovarian/OTU_2D/train/train_image/393.JPG,NONE
VINMEC_RAW_OTU_CEUS_64,VINMEC_RAW_UNANNOTATED,CEUS,UNANNOTATED_RAW,False,False,339,355,0,0,0,0.0,dataset/vinmec_ovarian/OTU_CEUS/image/64.JPG,NONE
VINMEC_RAW_OTU_2D_train_138,VINMEC_RAW_UNANNOTATED,B-Mode 2D,UNANNOTATED_RAW,False,False,959,534,0,0,0,0.0,dataset/vinmec_ovarian/OTU_2D/train/train_image/138.JPG,NONE
VINMEC_RAW_OTU_2D_train_1058,VINMEC_RAW_UNANNOTATED,B-Mode 2D,UNANNOTATED_RAW,False,False,566,582,0,0,0,0.0,dataset/vinmec_ovarian/OTU_2D/train/train_image/1058.JPG,NONE
VINMEC_RAW_OTU_2D_train_865,VINMEC_RAW_UNANNOTATED,B-Mode 2D,UNANNOTATED_RAW,False,False,972,547,0,0,0,0.0,dataset/vinmec_ovarian/OTU_2D/train/train_image/865.JPG,NONE
VINMEC_RAW_OTU_2D_test_445,VINMEC_RAW_UNANNOTATED,B-Mode 2D,UNANNOTATED_RAW,False,False,957,529,0,0,0,0.0,dataset/vinmec_ovarian/OTU_2D/test/image/445.JPG,NONE
VINMEC_RAW_OTU_2D_train_427,VINMEC_RAW_UNANNOTATED,B-Mode 2D,UNANNOTATED_RAW,False,False,479,536,0,0,0,0.0,dataset/vinmec_ovarian/OTU_2D/train/train_image/427.JPG,NONE
VINMEC_RAW_OTU_2D_test_904,VINMEC_RAW_UNANNOTATED,B-Mode 2D,UNANNOTATED_RAW,False,False,569,585,0,0,0,0.0,dataset/vinmec_ovarian/OTU_2D/test/image/904.JPG,NONE
VINMEC_RAW_OTU_CEUS_78,VINMEC_RAW_UNANNOTATED,CEUS,UNANNOTATED_RAW,False,False,550,555,0,0,0,0.0,dataset/vinmec_ovarian/OTU_CEUS/image/78.JPG,NONE
VINMEC_RAW_OTU_2D_train_78,VINMEC_RAW_UNANNOTATED,B-Mode 2D,UNANNOTATED_RAW,False,False,962,661,0,0,0,0.0,dataset/vinmec_ovarian/OTU_2D/train/train_image/78.JPG,NONE
VINMEC_RAW_OTU_CEUS_151,VINMEC_RAW_UNANNOTATED,CEUS,UNANNOTATED_RAW,False,False,555,551,0,0,0,0.0,dataset/vinmec_ovarian/OTU_CEUS/image/151.JPG,NONE
VINMEC_RAW_OTU_2D_train_719,VINMEC_RAW_UNANNOTATED,B-Mode 2D,UNANNOTATED_RAW,False,False,478,558,0,0,0,0.0,dataset/vinmec_ovarian/OTU_2D/train/train_image/719.JPG,NONE
VINMEC_RAW_OTU_2D_test_947,VINMEC_RAW_UNANNOTATED,B-Mode 2D,UNANNOTATED_RAW,False,False,567,586,0,0,0,0.0,dataset/vinmec_ovarian/OTU_2D/test/image/947.JPG,NONE
VINMEC_RAW_OTU_2D_test_917,VINMEC_RAW_UNANNOTATED,B-Mode 2D,UNANNOTATED_RAW,False,False,957,528,0,0,0,0.0,dataset/vinmec_ovarian/OTU_2D/test/image/917.JPG,NONE
VINMEC_RAW_OTU_CEUS_138,VINMEC_RAW_UNANNOTATED,CEUS,UNANNOTATED_RAW,False,False,587,579,0,0,0,0.0,dataset/vinmec_ovarian/OTU_CEUS/image/138.JPG,NONE
VINMEC_RAW_OTU_2D_train_954,VINMEC_RAW_UNANNOTATED,B-Mode 2D,UNANNOTATED_RAW,False,False,568,542,0,0,0,0.0,dataset/vinmec_ovarian/OTU_2D/train/train_image/954.JPG,NONE
VINMEC_RAW_OTU_2D_train_1260,VINMEC_RAW_UNANNOTATED,B-Mode 2D,UNANNOTATED_RAW,False,False,959,533,0,0,0,0.0,dataset/vinmec_ovarian/OTU_2D/train/train_image/1260.JPG,NONE
VINMEC_RAW_OTU_2D_test_152,VINMEC_RAW_UNANNOTATED,B-Mode 2D,UNANNOTATED_RAW,False,False,1102,570,0,0,0,0.0,dataset/vinmec_ovarian/OTU_2D/test/image/152.JPG,NONE
VINMEC_RAW_OTU_2D_test_1013,VINMEC_RAW_UNANNOTATED,B-Mode 2D,UNANNOTATED_RAW,False,False,851,650,0,0,0,0.0,dataset/vinmec_ovarian/OTU_2D/test/image/1013.JPG,NONE
VINMEC_RAW_OTU_2D_test_882,VINMEC_RAW_UNANNOTATED,B-Mode 2D,UNANNOTATED_RAW,False,False,958,543,0,0,0,0.0,dataset/vinmec_ovarian/OTU_2D/test/image/882.JPG,NONE
VINMEC_RAW_OTU_2D_test_1200,VINMEC_RAW_UNANNOTATED,B-Mode 2D,UNANNOTATED_RAW,False,False,959,536,0,0,0,0.0,dataset/vinmec_ovarian/OTU_2D/test/image/1200.JPG,NONE
VINMEC_RAW_OTU_2D_test_1331,VINMEC_RAW_UNANNOTATED,B-Mode 2D,UNANNOTATED_RAW,False,False,479,559,0,0,0,0.0,dataset/vinmec_ovarian/OTU_2D/test/image/1331.JPG,NONE
VINMEC_RAW_OTU_2D_train_1248,VINMEC_RAW_UNANNOTATED,B-Mode 2D,UNANNOTATED_RAW,False,False,959,535,0,0,0,0.0,dataset/vinmec_ovarian/OTU_2D/train/train_image/1248.JPG,NONE
VINMEC_RAW_OTU_CEUS_147,VINMEC_RAW_UNANNOTATED,CEUS,UNANNOTATED_RAW,False,False,436,432,0,0,0,0.0,dataset/vinmec_ovarian/OTU_CEUS/image/147.JPG,NONE
VINMEC_RAW_OTU_2D_train_489,VINMEC_RAW_UNANNOTATED,B-Mode 2D,UNANNOTATED_RAW,False,False,569,714,0,0,0,0.0,dataset/vinmec_ovarian/OTU_2D/train/train_image/489.JPG,NONE
VINMEC_RAW_OTU_2D_test_779,VINMEC_RAW_UNANNOTATED,B-Mode 2D,UNANNOTATED_RAW,False,False,479,547,0,0,0,0.0,dataset/vinmec_ovarian/OTU_2D/test/image/779.JPG,NONE
VINMEC_RAW_OTU_2D_test_973,VINMEC_RAW_UNANNOTATED,B-Mode 2D,UNANNOTATED_RAW,False,False,478,531,0,0,0,0.0,dataset/vinmec_ovarian/OTU_2D/test/image/973.JPG,NONE
VINMEC_RAW_OTU_2D_train_1174,VINMEC_RAW_UNANNOTATED,B-Mode 2D,UNANNOTATED_RAW,False,False,719,556,0,0,0,0.0,dataset/vinmec_ovarian/OTU_2D/train/train_image/1174.JPG,NONE
VINMEC_RAW_OTU_2D_train_624,VINMEC_RAW_UNANNOTATED,B-Mode 2D,UNANNOTATED_RAW,False,False,479,540,0,0,0,0.0,dataset/vinmec_ovarian/OTU_2D/train/train_image/624.JPG,NONE
VINMEC_RAW_OTU_CEUS_81,VINMEC_RAW_UNANNOTATED,CEUS,UNANNOTATED_RAW,False,False,554,593,0,0,0,0.0,dataset/vinmec_ovarian/OTU_CEUS/image/81.JPG,NONE
VINMEC_RAW_OTU_2D_train_1098,VINMEC_RAW_UNANNOTATED,B-Mode 2D,UNANNOTATED_RAW,False,False,957,522,0,0,0,0.0,dataset/vinmec_ovarian/OTU_2D/train/train_image/1098.JPG,NONE
VINMEC_RAW_OTU_2D_train_1247,VINMEC_RAW_UNANNOTATED,B-Mode 2D,UNANNOTATED_RAW,False,False,957,531,0,0,0,0.0,dataset/vinmec_ovarian/OTU_2D/train/train_image/1247.JPG,NONE
VINMEC_RAW_OTU_2D_train_341,VINMEC_RAW_UNANNOTATED,B-Mode 2D,UNANNOTATED_RAW,False,False,566,592,0,0,0,0.0,dataset/vinmec_ovarian/OTU_2D/train/train_image/341.JPG,NONE
VINMEC_RAW_OTU_2D_train_1332,VINMEC_RAW_UNANNOTATED,B-Mode 2D,UNANNOTATED_RAW,False,False,319,330,0,0,0,0.0,dataset/vinmec_ovarian/OTU_2D/train/train_image/1332.JPG,NONE
VINMEC_RAW_OTU_CEUS_32,VINMEC_RAW_UNANNOTATED,CEUS,UNANNOTATED_RAW,False,False,559,550,0,0,0,0.0,dataset/vinmec_ovarian/OTU_CEUS/image/32.JPG,NONE
VINMEC_RAW_OTU_2D_test_735,VINMEC_RAW_UNANNOTATED,B-Mode 2D,UNANNOTATED_RAW,False,False,479,545,0,0,0,0.0,dataset/vinmec_ovarian/OTU_2D/test/image/735.JPG,NONE
VINMEC_RAW_OTU_2D_train_101,VINMEC_RAW_UNANNOTATED,B-Mode 2D,UNANNOTATED_RAW,False,False,958,534,0,0,0,0.0,dataset/vinmec_ovarian/OTU_2D/train/train_image/101.JPG,NONE
VINMEC_RAW_OTU_2D_test_352,VINMEC_RAW_UNANNOTATED,B-Mode 2D,UNANNOTATED_RAW,False,False,958,535,0,0,0,0.0,dataset/vinmec_ovarian/OTU_2D/test/image/352.JPG,NONE
VINMEC_RAW_OTU_2D_test_487,VINMEC_RAW_UNANNOTATED,B-Mode 2D,UNANNOTATED_RAW,False,False,566,701,0,0,0,0.0,dataset/vinmec_ovarian/OTU_2D/test/image/487.JPG,NONE
VINMEC_RAW_OTU_2D_train_409,VINMEC_RAW_UNANNOTATED,B-Mode 2D,UNANNOTATED_RAW,False,False,958,532,0,0,0,0.0,dataset/vinmec_ovarian/OTU_2D/train/train_image/409.JPG,NONE
VINMEC_RAW_OTU_2D_train_1422,VINMEC_RAW_UNANNOTATED,B-Mode 2D,UNANNOTATED_RAW,False,False,913,732,0,0,0,0.0,dataset/vinmec_ovarian/OTU_2D/train/train_image/1422.JPG,NONE
VINMEC_RAW_OTU_2D_test_1270,VINMEC_RAW_UNANNOTATED,B-Mode 2D,UNANNOTATED_RAW,False,False,569,592,0,0,0,0.0,dataset/vinmec_ovarian/OTU_2D/test/image/1270.JPG,NONE
VINMEC_RAW_OTU_2D_test_993,VINMEC_RAW_UNANNOTATED,B-Mode 2D,UNANNOTATED_RAW,False,False,481,526,0,0,0,0.0,dataset/vinmec_ovarian/OTU_2D/test/image/993.JPG,NONE
VINMEC_RAW_OTU_2D_test_1217,VINMEC_RAW_UNANNOTATED,B-Mode 2D,UNANNOTATED_RAW,False,False,958,539,0,0,0,0.0,dataset/vinmec_ovarian/OTU_2D/test/image/1217.JPG,NONE
VINMEC_RAW_OTU_CEUS_57,VINMEC_RAW_UNANNOTATED,CEUS,UNANNOTATED_RAW,False,False,559,603,0,0,0,0.0,dataset/vinmec_ovarian/OTU_CEUS/image/57.JPG,NONE
VINMEC_RAW_OTU_2D_train_695,VINMEC_RAW_UNANNOTATED,B-Mode 2D,UNANNOTATED_RAW,False,False,481,554,0,0,0,0.0,dataset/vinmec_ovarian/OTU_2D/train/train_image/695.JPG,NONE
VINMEC_RAW_OTU_2D_train_252,VINMEC_RAW_UNANNOTATED,B-Mode 2D,UNANNOTATED_RAW,False,False,959,532,0,0,0,0.0,dataset/vinmec_ovarian/OTU_2D/train/train_image/252.JPG,NONE
VINMEC_RAW_OTU_CEUS_170,VINMEC_RAW_UNANNOTATED,CEUS,UNANNOTATED_RAW,False,False,339,418,0,0,0,0.0,dataset/vinmec_ovarian/OTU_CEUS/image/170.JPG,NONE
VINMEC_RAW_OTU_2D_train_1434,VINMEC_RAW_UNANNOTATED,B-Mode 2D,UNANNOTATED_RAW,False,False,480,532,0,0,0,0.0,dataset/vinmec_ovarian/OTU_2D/train/train_image/1434.JPG,NONE
VINMEC_RAW_OTU_2D_train_1246,VINMEC_RAW_UNANNOTATED,B-Mode 2D,UNANNOTATED_RAW,False,False,958,533,0,0,0,0.0,dataset/vinmec_ovarian/OTU_2D/train/train_image/1246.JPG,NONE
VINMEC_RAW_OTU_2D_train_432,VINMEC_RAW_UNANNOTATED,B-Mode 2D,UNANNOTATED_RAW,False,False,474,529,0,0,0,0.0,dataset/vinmec_ovarian/OTU_2D/train/train_image/432.JPG,NONE
VINMEC_RAW_OTU_2D_train_72,VINMEC_RAW_UNANNOTATED,B-Mode 2D,UNANNOTATED_RAW,False,False,959,535,0,0,0,0.0,dataset/vinmec_ovarian/OTU_2D/train/train_image/72.JPG,NONE
VINMEC_RAW_OTU_CEUS_88,VINMEC_RAW_UNANNOTATED,CEUS,UNANNOTATED_RAW,False,False,558,553,0,0,0,0.0,dataset/vinmec_ovarian/OTU_CEUS/image/88.JPG,NONE
VINMEC_RAW_OTU_CEUS_26,VINMEC_RAW_UNANNOTATED,CEUS,UNANNOTATED_RAW,False,False,561,559,0,0,0,0.0,dataset/vinmec_ovarian/OTU_CEUS/image/26.JPG,NONE
VINMEC_RAW_OTU_2D_train_575,VINMEC_RAW_UNANNOTATED,B-Mode 2D,UNANNOTATED_RAW,False,False,479,546,0,0,0,0.0,dataset/vinmec_ovarian/OTU_2D/train/train_image/575.JPG,NONE
VINMEC_RAW_OTU_2D_test_1374,VINMEC_RAW_UNANNOTATED,B-Mode 2D,UNANNOTATED_RAW,False,False,957,538,0,0,0,0.0,dataset/vinmec_ovarian/OTU_2D/test/image/1374.JPG,NONE
VINMEC_RAW_OTU_2D_train_455,VINMEC_RAW_UNANNOTATED,B-Mode 2D,UNANNOTATED_RAW,False,False,961,531,0,0,0,0.0,dataset/vinmec_ovarian/OTU_2D/train/train_image/455.JPG,NONE
VINMEC_RAW_OTU_CEUS_91,VINMEC_RAW_UNANNOTATED,CEUS,UNANNOTATED_RAW,False,False,552,657,0,0,0,0.0,dataset/vinmec_ovarian/OTU_CEUS/image/91.JPG,NONE
VINMEC_RAW_OTU_2D_train_1240,VINMEC_RAW_UNANNOTATED,B-Mode 2D,UNANNOTATED_RAW,False,False,952,534,0,0,0,0.0,dataset/vinmec_ovarian/OTU_2D/train/train_image/1240.JPG,NONE
VINMEC_RAW_OTU_2D_train_340,VINMEC_RAW_UNANNOTATED,B-Mode 2D,UNANNOTATED_RAW,False,False,569,587,0,0,0,0.0,dataset/vinmec_ovarian/OTU_2D/train/train_image/340.JPG,NONE
VINMEC_RAW_OTU_2D_test_149,VINMEC_RAW_UNANNOTATED,B-Mode 2D,UNANNOTATED_RAW,False,False,1103,566,0,0,0,0.0,dataset/vinmec_ovarian/OTU_2D/test/image/149.JPG,NONE
VINMEC_RAW_OTU_CEUS_21,VINMEC_RAW_UNANNOTATED,CEUS,UNANNOTATED_RAW,False,False,556,556,0,0,0,0.0,dataset/vinmec_ovarian/OTU_CEUS/image/21.JPG,NONE
VINMEC_RAW_OTU_2D_train_742,VINMEC_RAW_UNANNOTATED,B-Mode 2D,UNANNOTATED_RAW,False,False,958,662,0,0,0,0.0,dataset/vinmec_ovarian/OTU_2D/train/train_image/742.JPG,NONE
VINMEC_RAW_OTU_2D_train_42,VINMEC_RAW_UNANNOTATED,B-Mode 2D,UNANNOTATED_RAW,False,False,480,534,0,0,0,0.0,dataset/vinmec_ovarian/OTU_2D/train/train_image/42.JPG,NONE
VINMEC_RAW_OTU_2D_train_13,VINMEC_RAW_UNANNOTATED,B-Mode 2D,UNANNOTATED_RAW,False,False,958,530,0,0,0,0.0,dataset/vinmec_ovarian/OTU_2D/train/train_image/13.JPG,NONE
VINMEC_RAW_OTU_2D_test_821,VINMEC_RAW_UNANNOTATED,B-Mode 2D,UNANNOTATED_RAW,False,False,959,554,0,0,0,0.0,dataset/vinmec_ovarian/OTU_2D/test/image/821.JPG,NONE
VINMEC_RAW_OTU_2D_train_67,VINMEC_RAW_UNANNOTATED,B-Mode 2D,UNANNOTATED_RAW,False,False,958,664,0,0,0,0.0,dataset/vinmec_ovarian/OTU_2D/train/train_image/67.JPG,NONE
VINMEC_RAW_OTU_2D_train_1236,VINMEC_RAW_UNANNOTATED,B-Mode 2D,UNANNOTATED_RAW,False,False,568,590,0,0,0,0.0,dataset/vinmec_ovarian/OTU_2D/train/train_image/1236.JPG,NONE
VINMEC_RAW_OTU_2D_train_867,VINMEC_RAW_UNANNOTATED,B-Mode 2D,UNANNOTATED_RAW,False,False,477,296,0,0,0,0.0,dataset/vinmec_ovarian/OTU_2D/train/train_image/867.JPG,NONE
VINMEC_RAW_OTU_2D_test_253,VINMEC_RAW_UNANNOTATED,B-Mode 2D,UNANNOTATED_RAW,False,False,959,532,0,0,0,0.0,dataset/vinmec_ovarian/OTU_2D/test/image/253.JPG,NONE
VINMEC_RAW_OTU_2D_train_1318,VINMEC_RAW_UNANNOTATED,B-Mode 2D,UNANNOTATED_RAW,False,False,483,536,0,0,0,0.0,dataset/vinmec_ovarian/OTU_2D/train/train_image/1318.JPG,NONE
VINMEC_RAW_OTU_2D_test_1229,VINMEC_RAW_UNANNOTATED,B-Mode 2D,UNANNOTATED_RAW,False,False,963,535,0,0,0,0.0,dataset/vinmec_ovarian/OTU_2D/test/image/1229.JPG,NONE
VINMEC_RAW_OTU_2D_train_1455,VINMEC_RAW_UNANNOTATED,B-Mode 2D,UNANNOTATED_RAW,False,False,959,530,0,0,0,0.0,dataset/vinmec_ovarian/OTU_2D/train/train_image/1455.JPG,NONE
VINMEC_RAW_OTU_2D_train_167,VINMEC_RAW_UNANNOTATED,B-Mode 2D,UNANNOTATED_RAW,False,False,479,534,0,0,0,0.0,dataset/vinmec_ovarian/OTU_2D/train/train_image/167.JPG,NONE
VINMEC_RAW_OTU_CEUS_139,VINMEC_RAW_UNANNOTATED,CEUS,UNANNOTATED_RAW,False,False,546,594,0,0,0,0.0,dataset/vinmec_ovarian/OTU_CEUS/image/139.JPG,NONE
VINMEC_RAW_OTU_2D_train_338,VINMEC_RAW_UNANNOTATED,B-Mode 2D,UNANNOTATED_RAW,False,False,567,590,0,0,0,0.0,dataset/vinmec_ovarian/OTU_2D/train/train_image/338.JPG,NONE
VINMEC_RAW_OTU_2D_train_1201,VINMEC_RAW_UNANNOTATED,B-Mode 2D,UNANNOTATED_RAW,False,False,483,541,0,0,0,0.0,dataset/vinmec_ovarian/OTU_2D/train/train_image/1201.JPG,NONE
VINMEC_RAW_OTU_2D_train_1326,VINMEC_RAW_UNANNOTATED,B-Mode 2D,UNANNOTATED_RAW,False,False,483,539,0,0,0,0.0,dataset/vinmec_ovarian/OTU_2D/train/train_image/1326.JPG,NONE
VINMEC_RAW_OTU_2D_test_1055,VINMEC_RAW_UNANNOTATED,B-Mode 2D,UNANNOTATED_RAW,False,False,479,541,0,0,0,0.0,dataset/vinmec_ovarian/OTU_2D/test/image/1055.JPG,NONE
VINMEC_RAW_OTU_2D_train_1414,VINMEC_RAW_UNANNOTATED,B-Mode 2D,UNANNOTATED_RAW,False,False,958,539,0,0,0,0.0,dataset/vinmec_ovarian/OTU_2D/train/train_image/1414.JPG,NONE
VINMEC_RAW_OTU_CEUS_37,VINMEC_RAW_UNANNOTATED,CEUS,UNANNOTATED_RAW,False,False,561,556,0,0,0,0.0,dataset/vinmec_ovarian/OTU_CEUS/image/37.JPG,NONE
VINMEC_RAW_OTU_CEUS_24,VINMEC_RAW_UNANNOTATED,CEUS,UNANNOTATED_RAW,False,False,558,554,0,0,0,0.0,dataset/vinmec_ovarian/OTU_CEUS/image/24.JPG,NONE
VINMEC_RAW_OTU_2D_test_842,VINMEC_RAW_UNANNOTATED,B-Mode 2D,UNANNOTATED_RAW,False,False,1104,596,0,0,0,0.0,dataset/vinmec_ovarian/OTU_2D/test/image/842.JPG,NONE
VINMEC_RAW_OTU_2D_train_317,VINMEC_RAW_UNANNOTATED,B-Mode 2D,UNANNOTATED_RAW,False,False,478,532,0,0,0,0.0,dataset/vinmec_ovarian/OTU_2D/train/train_image/317.JPG,NONE
VINMEC_RAW_OTU_2D_test_1123,VINMEC_RAW_UNANNOTATED,B-Mode 2D,UNANNOTATED_RAW,False,False,824,600,0,0,0,0.0,dataset/vinmec_ovarian/OTU_2D/test/image/1123.JPG,NONE
VINMEC_RAW_OTU_2D_train_1355,VINMEC_RAW_UNANNOTATED,B-Mode 2D,UNANNOTATED_RAW,False,False,964,533,0,0,0,0.0,dataset/vinmec_ovarian/OTU_2D/train/train_image/1355.JPG,NONE
VINMEC_RAW_OTU_2D_train_720,VINMEC_RAW_UNANNOTATED,B-Mode 2D,UNANNOTATED_RAW,False,False,479,544,0,0,0,0.0,dataset/vinmec_ovarian/OTU_2D/train/train_image/720.JPG,NONE
VINMEC_RAW_OTU_2D_train_10,VINMEC_RAW_UNANNOTATED,B-Mode 2D,UNANNOTATED_RAW,False,False,483,542,0,0,0,0.0,dataset/vinmec_ovarian/OTU_2D/train/train_image/10.JPG,NONE
VINMEC_RAW_OTU_2D_train_1189,VINMEC_RAW_UNANNOTATED,B-Mode 2D,UNANNOTATED_RAW,False,False,958,526,0,0,0,0.0,dataset/vinmec_ovarian/OTU_2D/train/train_image/1189.JPG,NONE
VINMEC_RAW_OTU_2D_train_797,VINMEC_RAW_UNANNOTATED,B-Mode 2D,UNANNOTATED_RAW,False,False,954,542,0,0,0,0.0,dataset/vinmec_ovarian/OTU_2D/train/train_image/797.JPG,NONE
VINMEC_RAW_OTU_CEUS_43,VINMEC_RAW_UNANNOTATED,CEUS,UNANNOTATED_RAW,False,False,371,376,0,0,0,0.0,dataset/vinmec_ovarian/OTU_CEUS/image/43.JPG,NONE
VINMEC_RAW_OTU_2D_test_1468,VINMEC_RAW_UNANNOTATED,B-Mode 2D,UNANNOTATED_RAW,False,False,482,271,0,0,0,0.0,dataset/vinmec_ovarian/OTU_2D/test/image/1468.JPG,NONE
VINMEC_RAW_OTU_CEUS_104,VINMEC_RAW_UNANNOTATED,CEUS,UNANNOTATED_RAW,False,False,564,550,0,0,0,0.0,dataset/vinmec_ovarian/OTU_CEUS/image/104.JPG,NONE
VINMEC_RAW_OTU_CEUS_13,VINMEC_RAW_UNANNOTATED,CEUS,UNANNOTATED_RAW,False,False,546,280,0,0,0,0.0,dataset/vinmec_ovarian/OTU_CEUS/image/13.JPG,NONE
VINMEC_RAW_OTU_2D_train_398,VINMEC_RAW_UNANNOTATED,B-Mode 2D,UNANNOTATED_RAW,False,False,959,534,0,0,0,0.0,dataset/vinmec_ovarian/OTU_2D/train/train_image/398.JPG,NONE
VINMEC_RAW_OTU_2D_test_784,VINMEC_RAW_UNANNOTATED,B-Mode 2D,UNANNOTATED_RAW,False,False,883,579,0,0,0,0.0,dataset/vinmec_ovarian/OTU_2D/test/image/784.JPG,NONE
VINMEC_RAW_OTU_2D_train_749,VINMEC_RAW_UNANNOTATED,B-Mode 2D,UNANNOTATED_RAW,False,False,498,541,0,0,0,0.0,dataset/vinmec_ovarian/OTU_2D/train/train_image/749.JPG,NONE
VINMEC_RAW_OTU_CEUS_146,VINMEC_RAW_UNANNOTATED,CEUS,UNANNOTATED_RAW,False,False,443,436,0,0,0,0.0,dataset/vinmec_ovarian/OTU_CEUS/image/146.JPG,NONE
VINMEC_RAW_OTU_2D_train_200,VINMEC_RAW_UNANNOTATED,B-Mode 2D,UNANNOTATED_RAW,False,False,480,531,0,0,0,0.0,dataset/vinmec_ovarian/OTU_2D/train/train_image/200.JPG,NONE
VINMEC_RAW_OTU_2D_train_727,VINMEC_RAW_UNANNOTATED,B-Mode 2D,UNANNOTATED_RAW,False,False,974,564,0,0,0,0.0,dataset/vinmec_ovarian/OTU_2D/train/train_image/727.JPG,NONE
VINMEC_RAW_OTU_2D_train_814,VINMEC_RAW_UNANNOTATED,B-Mode 2D,UNANNOTATED_RAW,False,False,773,629,0,0,0,0.0,dataset/vinmec_ovarian/OTU_2D/train/train_image/814.JPG,NONE
VINMEC_RAW_OTU_2D_test_225,VINMEC_RAW_UNANNOTATED,B-Mode 2D,UNANNOTATED_RAW,False,False,479,444,0,0,0,0.0,dataset/vinmec_ovarian/OTU_2D/test/image/225.JPG,NONE
VINMEC_RAW_OTU_2D_train_7,VINMEC_RAW_UNANNOTATED,B-Mode 2D,UNANNOTATED_RAW,False,False,957,531,0,0,0,0.0,dataset/vinmec_ovarian/OTU_2D/train/train_image/7.JPG,NONE
VINMEC_RAW_OTU_2D_train_710,VINMEC_RAW_UNANNOTATED,B-Mode 2D,UNANNOTATED_RAW,False,False,480,552,0,0,0,0.0,dataset/vinmec_ovarian/OTU_2D/train/train_image/710.JPG,NONE
VINMEC_RAW_OTU_CEUS_77,VINMEC_RAW_UNANNOTATED,CEUS,UNANNOTATED_RAW,False,False,550,558,0,0,0,0.0,dataset/vinmec_ovarian/OTU_CEUS/image/77.JPG,NONE
VINMEC_RAW_OTU_CEUS_156,VINMEC_RAW_UNANNOTATED,CEUS,UNANNOTATED_RAW,False,False,584,577,0,0,0,0.0,dataset/vinmec_ovarian/OTU_CEUS/image/156.JPG,NONE
VINMEC_RAW_OTU_2D_train_946,VINMEC_RAW_UNANNOTATED,B-Mode 2D,UNANNOTATED_RAW,False,False,566,581,0,0,0,0.0,dataset/vinmec_ovarian/OTU_2D/train/train_image/946.JPG,NONE
VINMEC_RAW_OTU_2D_train_724,VINMEC_RAW_UNANNOTATED,B-Mode 2D,UNANNOTATED_RAW,False,False,481,563,0,0,0,0.0,dataset/vinmec_ovarian/OTU_2D/train/train_image/724.JPG,NONE
VINMEC_RAW_OTU_2D_test_345,VINMEC_RAW_UNANNOTATED,B-Mode 2D,UNANNOTATED_RAW,False,False,959,538,0,0,0,0.0,dataset/vinmec_ovarian/OTU_2D/test/image/345.JPG,NONE
VINMEC_RAW_OTU_2D_train_583,VINMEC_RAW_UNANNOTATED,B-Mode 2D,UNANNOTATED_RAW,False,False,481,555,0,0,0,0.0,dataset/vinmec_ovarian/OTU_2D/train/train_image/583.JPG,NONE
VINMEC_RAW_OTU_2D_train_77,VINMEC_RAW_UNANNOTATED,B-Mode 2D,UNANNOTATED_RAW,False,False,961,663,0,0,0,0.0,dataset/vinmec_ovarian/OTU_2D/train/train_image/77.JPG,NONE
VINMEC_RAW_OTU_2D_train_612,VINMEC_RAW_UNANNOTATED,B-Mode 2D,UNANNOTATED_RAW,False,False,964,548,0,0,0,0.0,dataset/vinmec_ovarian/OTU_2D/train/train_image/612.JPG,NONE
VINMEC_RAW_OTU_2D_test_693,VINMEC_RAW_UNANNOTATED,B-Mode 2D,UNANNOTATED_RAW,False,False,959,546,0,0,0,0.0,dataset/vinmec_ovarian/OTU_2D/test/image/693.JPG,NONE
VINMEC_RAW_OTU_2D_test_936,VINMEC_RAW_UNANNOTATED,B-Mode 2D,UNANNOTATED_RAW,False,False,566,587,0,0,0,0.0,dataset/vinmec_ovarian/OTU_2D/test/image/936.JPG,NONE
VINMEC_RAW_OTU_2D_train_52,VINMEC_RAW_UNANNOTATED,B-Mode 2D,UNANNOTATED_RAW,False,False,1071,794,0,0,0,0.0,dataset/vinmec_ovarian/OTU_2D/train/train_image/52.JPG,NONE
VINMEC_RAW_OTU_2D_test_48,VINMEC_RAW_UNANNOTATED,B-Mode 2D,UNANNOTATED_RAW,False,False,568,592,0,0,0,0.0,dataset/vinmec_ovarian/OTU_2D/test/image/48.JPG,NONE
VINMEC_RAW_OTU_2D_train_56,VINMEC_RAW_UNANNOTATED,B-Mode 2D,UNANNOTATED_RAW,False,False,818,610,0,0,0,0.0,dataset/vinmec_ovarian/OTU_2D/train/train_image/56.JPG,NONE
VINMEC_RAW_OTU_2D_test_971,VINMEC_RAW_UNANNOTATED,B-Mode 2D,UNANNOTATED_RAW,False,False,958,530,0,0,0,0.0,dataset/vinmec_ovarian/OTU_2D/test/image/971.JPG,NONE
VINMEC_RAW_OTU_2D_train_861,VINMEC_RAW_UNANNOTATED,B-Mode 2D,UNANNOTATED_RAW,False,False,959,538,0,0,0,0.0,dataset/vinmec_ovarian/OTU_2D/train/train_image/861.JPG,NONE
VINMEC_RAW_OTU_CEUS_159,VINMEC_RAW_UNANNOTATED,CEUS,UNANNOTATED_RAW,False,False,578,579,0,0,0,0.0,dataset/vinmec_ovarian/OTU_CEUS/image/159.JPG,NONE
VINMEC_RAW_OTU_2D_train_45,VINMEC_RAW_UNANNOTATED,B-Mode 2D,UNANNOTATED_RAW,False,False,941,536,0,0,0,0.0,dataset/vinmec_ovarian/OTU_2D/train/train_image/45.JPG,NONE
VINMEC_RAW_OTU_2D_train_1161,VINMEC_RAW_UNANNOTATED,B-Mode 2D,UNANNOTATED_RAW,False,False,482,533,0,0,0,0.0,dataset/vinmec_ovarian/OTU_2D/train/train_image/1161.JPG,NONE
VINMEC_RAW_OTU_2D_test_361,VINMEC_RAW_UNANNOTATED,B-Mode 2D,UNANNOTATED_RAW,False,False,963,555,0,0,0,0.0,dataset/vinmec_ovarian/OTU_2D/test/image/361.JPG,NONE
VINMEC_RAW_OTU_2D_train_596,VINMEC_RAW_UNANNOTATED,B-Mode 2D,UNANNOTATED_RAW,False,False,494,537,0,0,0,0.0,dataset/vinmec_ovarian/OTU_2D/train/train_image/596.JPG,NONE
VINMEC_RAW_OTU_2D_train_855,VINMEC_RAW_UNANNOTATED,B-Mode 2D,UNANNOTATED_RAW,False,False,958,539,0,0,0,0.0,dataset/vinmec_ovarian/OTU_2D/train/train_image/855.JPG,NONE
VINMEC_RAW_OTU_2D_test_1162,VINMEC_RAW_UNANNOTATED,B-Mode 2D,UNANNOTATED_RAW,False,False,481,535,0,0,0,0.0,dataset/vinmec_ovarian/OTU_2D/test/image/1162.JPG,NONE
VINMEC_RAW_OTU_2D_test_125,VINMEC_RAW_UNANNOTATED,B-Mode 2D,UNANNOTATED_RAW,False,False,480,527,0,0,0,0.0,dataset/vinmec_ovarian/OTU_2D/test/image/125.JPG,NONE
VINMEC_RAW_OTU_2D_test_429,VINMEC_RAW_UNANNOTATED,B-Mode 2D,UNANNOTATED_RAW,False,False,959,534,0,0,0,0.0,dataset/vinmec_ovarian/OTU_2D/test/image/429.JPG,NONE
VINMEC_RAW_OTU_2D_train_1330,VINMEC_RAW_UNANNOTATED,B-Mode 2D,UNANNOTATED_RAW,False,False,482,555,0,0,0,0.0,dataset/vinmec_ovarian/OTU_2D/train/train_image/1330.JPG,NONE
VINMEC_RAW_OTU_2D_train_328,VINMEC_RAW_UNANNOTATED,B-Mode 2D,UNANNOTATED_RAW,False,False,1105,569,0,0,0,0.0,dataset/vinmec_ovarian/OTU_2D/train/train_image/328.JPG,NONE
VINMEC_RAW_OTU_2D_train_943,VINMEC_RAW_UNANNOTATED,B-Mode 2D,UNANNOTATED_RAW,False,False,568,586,0,0,0,0.0,dataset/vinmec_ovarian/OTU_2D/train/train_image/943.JPG,NONE
VINMEC_RAW_OTU_2D_test_1176,VINMEC_RAW_UNANNOTATED,B-Mode 2D,UNANNOTATED_RAW,False,False,954,538,0,0,0,0.0,dataset/vinmec_ovarian/OTU_2D/test/image/1176.JPG,NONE
VINMEC_RAW_OTU_2D_train_334,VINMEC_RAW_UNANNOTATED,B-Mode 2D,UNANNOTATED_RAW,False,False,1103,565,0,0,0,0.0,dataset/vinmec_ovarian/OTU_2D/train/train_image/334.JPG,NONE
VINMEC_RAW_OTU_2D_train_895,VINMEC_RAW_UNANNOTATED,B-Mode 2D,UNANNOTATED_RAW,False,False,480,528,0,0,0,0.0,dataset/vinmec_ovarian/OTU_2D/train/train_image/895.JPG,NONE
VINMEC_RAW_OTU_CEUS_15,VINMEC_RAW_UNANNOTATED,CEUS,UNANNOTATED_RAW,False,False,330,379,0,0,0,0.0,dataset/vinmec_ovarian/OTU_CEUS/image/15.JPG,NONE
VINMEC_RAW_OTU_CEUS_134,VINMEC_RAW_UNANNOTATED,CEUS,UNANNOTATED_RAW,False,False,550,545,0,0,0,0.0,dataset/vinmec_ovarian/OTU_CEUS/image/134.JPG,NONE
VINMEC_RAW_OTU_2D_test_386,VINMEC_RAW_UNANNOTATED,B-Mode 2D,UNANNOTATED_RAW,False,False,550,587,0,0,0,0.0,dataset/vinmec_ovarian/OTU_2D/test/image/386.JPG,NONE
VINMEC_RAW_OTU_2D_train_721,VINMEC_RAW_UNANNOTATED,B-Mode 2D,UNANNOTATED_RAW,False,False,482,560,0,0,0,0.0,dataset/vinmec_ovarian/OTU_2D/train/train_image/721.JPG,NONE
VINMEC_RAW_OTU_2D_train_675,VINMEC_RAW_UNANNOTATED,B-Mode 2D,UNANNOTATED_RAW,False,False,973,661,0,0,0,0.0,dataset/vinmec_ovarian/OTU_2D/train/train_image/675.JPG,NONE
VINMEC_RAW_OTU_2D_test_163,VINMEC_RAW_UNANNOTATED,B-Mode 2D,UNANNOTATED_RAW,False,False,956,533,0,0,0,0.0,dataset/vinmec_ovarian/OTU_2D/test/image/163.JPG,NONE
VINMEC_RAW_OTU_2D_train_834,VINMEC_RAW_UNANNOTATED,B-Mode 2D,UNANNOTATED_RAW,False,False,967,537,0,0,0,0.0,dataset/vinmec_ovarian/OTU_2D/train/train_image/834.JPG,NONE
VINMEC_RAW_OTU_2D_train_772,VINMEC_RAW_UNANNOTATED,B-Mode 2D,UNANNOTATED_RAW,False,False,474,548,0,0,0,0.0,dataset/vinmec_ovarian/OTU_2D/train/train_image/772.JPG,NONE
VINMEC_RAW_OTU_2D_train_1165,VINMEC_RAW_UNANNOTATED,B-Mode 2D,UNANNOTATED_RAW,False,False,570,597,0,0,0,0.0,dataset/vinmec_ovarian/OTU_2D/train/train_image/1165.JPG,NONE
VINMEC_RAW_OTU_2D_train_972,VINMEC_RAW_UNANNOTATED,B-Mode 2D,UNANNOTATED_RAW,False,False,479,525,0,0,0,0.0,dataset/vinmec_ovarian/OTU_2D/train/train_image/972.JPG,NONE
VINMEC_RAW_OTU_2D_train_346,VINMEC_RAW_UNANNOTATED,B-Mode 2D,UNANNOTATED_RAW,False,False,958,535,0,0,0,0.0,dataset/vinmec_ovarian/OTU_2D/train/train_image/346.JPG,NONE
VINMEC_RAW_OTU_2D_train_471,VINMEC_RAW_UNANNOTATED,B-Mode 2D,UNANNOTATED_RAW,False,False,957,532,0,0,0,0.0,dataset/vinmec_ovarian/OTU_2D/train/train_image/471.JPG,NONE
VINMEC_RAW_OTU_2D_test_512,VINMEC_RAW_UNANNOTATED,B-Mode 2D,UNANNOTATED_RAW,False,False,974,545,0,0,0,0.0,dataset/vinmec_ovarian/OTU_2D/test/image/512.JPG,NONE
VINMEC_RAW_OTU_2D_test_475,VINMEC_RAW_UNANNOTATED,B-Mode 2D,UNANNOTATED_RAW,False,False,798,615,0,0,0,0.0,dataset/vinmec_ovarian/OTU_2D/test/image/475.JPG,NONE
VINMEC_RAW_OTU_2D_test_1376,VINMEC_RAW_UNANNOTATED,B-Mode 2D,UNANNOTATED_RAW,False,False,958,528,0,0,0,0.0,dataset/vinmec_ovarian/OTU_2D/test/image/1376.JPG,NONE
VINMEC_RAW_OTU_2D_train_92,VINMEC_RAW_UNANNOTATED,B-Mode 2D,UNANNOTATED_RAW,False,False,846,606,0,0,0,0.0,dataset/vinmec_ovarian/OTU_2D/train/train_image/92.JPG,NONE
VINMEC_RAW_OTU_2D_train_1321,VINMEC_RAW_UNANNOTATED,B-Mode 2D,UNANNOTATED_RAW,False,False,483,539,0,0,0,0.0,dataset/vinmec_ovarian/OTU_2D/train/train_image/1321.JPG,NONE
VINMEC_RAW_OTU_2D_train_1220,VINMEC_RAW_UNANNOTATED,B-Mode 2D,UNANNOTATED_RAW,False,False,483,539,0,0,0,0.0,dataset/vinmec_ovarian/OTU_2D/train/train_image/1220.JPG,NONE
VINMEC_RAW_OTU_2D_test_468,VINMEC_RAW_UNANNOTATED,B-Mode 2D,UNANNOTATED_RAW,False,False,959,535,0,0,0,0.0,dataset/vinmec_ovarian/OTU_2D/test/image/468.JPG,NONE
VINMEC_RAW_OTU_2D_train_1063,VINMEC_RAW_UNANNOTATED,B-Mode 2D,UNANNOTATED_RAW,False,False,957,545,0,0,0,0.0,dataset/vinmec_ovarian/OTU_2D/train/train_image/1063.JPG,NONE
VINMEC_RAW_OTU_2D_test_358,VINMEC_RAW_UNANNOTATED,B-Mode 2D,UNANNOTATED_RAW,False,False,479,534,0,0,0,0.0,dataset/vinmec_ovarian/OTU_2D/test/image/358.JPG,NONE
VINMEC_RAW_OTU_2D_train_1380,VINMEC_RAW_UNANNOTATED,B-Mode 2D,UNANNOTATED_RAW,False,False,959,545,0,0,0,0.0,dataset/vinmec_ovarian/OTU_2D/train/train_image/1380.JPG,NONE
VINMEC_RAW_OTU_2D_train_309,VINMEC_RAW_UNANNOTATED,B-Mode 2D,UNANNOTATED_RAW,False,False,794,607,0,0,0,0.0,dataset/vinmec_ovarian/OTU_2D/train/train_image/309.JPG,NONE
VINMEC_RAW_OTU_2D_train_151,VINMEC_RAW_UNANNOTATED,B-Mode 2D,UNANNOTATED_RAW,False,False,958,531,0,0,0,0.0,dataset/vinmec_ovarian/OTU_2D/train/train_image/151.JPG,NONE
VINMEC_RAW_OTU_2D_train_365,VINMEC_RAW_UNANNOTATED,B-Mode 2D,UNANNOTATED_RAW,False,False,958,554,0,0,0,0.0,dataset/vinmec_ovarian/OTU_2D/train/train_image/365.JPG,NONE
VINMEC_RAW_OTU_2D_train_327,VINMEC_RAW_UNANNOTATED,B-Mode 2D,UNANNOTATED_RAW,False,False,959,533,0,0,0,0.0,dataset/vinmec_ovarian/OTU_2D/train/train_image/327.JPG,NONE
VINMEC_RAW_OTU_2D_train_635,VINMEC_RAW_UNANNOTATED,B-Mode 2D,UNANNOTATED_RAW,False,False,567,631,0,0,0,0.0,dataset/vinmec_ovarian/OTU_2D/train/train_image/635.JPG,NONE
VINMEC_RAW_OTU_2D_test_870,VINMEC_RAW_UNANNOTATED,B-Mode 2D,UNANNOTATED_RAW,False,False,974,537,0,0,0,0.0,dataset/vinmec_ovarian/OTU_2D/test/image/870.JPG,NONE
VINMEC_RAW_OTU_2D_test_582,VINMEC_RAW_UNANNOTATED,B-Mode 2D,UNANNOTATED_RAW,False,False,481,548,0,0,0,0.0,dataset/vinmec_ovarian/OTU_2D/test/image/582.JPG,NONE
VINMEC_RAW_OTU_2D_train_726,VINMEC_RAW_UNANNOTATED,B-Mode 2D,UNANNOTATED_RAW,False,False,973,540,0,0,0,0.0,dataset/vinmec_ovarian/OTU_2D/train/train_image/726.JPG,NONE
VINMEC_RAW_OTU_2D_test_84,VINMEC_RAW_UNANNOTATED,B-Mode 2D,UNANNOTATED_RAW,False,False,958,529,0,0,0,0.0,dataset/vinmec_ovarian/OTU_2D/test/image/84.JPG,NONE
VINMEC_RAW_OTU_2D_train_51,VINMEC_RAW_UNANNOTATED,B-Mode 2D,UNANNOTATED_RAW,False,False,849,615,0,0,0,0.0,dataset/vinmec_ovarian/OTU_2D/train/train_image/51.JPG,NONE
VINMEC_RAW_OTU_2D_train_1109,VINMEC_RAW_UNANNOTATED,B-Mode 2D,UNANNOTATED_RAW,False,False,959,536,0,0,0,0.0,dataset/vinmec_ovarian/OTU_2D/train/train_image/1109.JPG,NONE
VINMEC_RAW_OTU_2D_train_1021,VINMEC_RAW_UNANNOTATED,B-Mode 2D,UNANNOTATED_RAW,False,False,567,580,0,0,0,0.0,dataset/vinmec_ovarian/OTU_2D/train/train_image/1021.JPG,NONE
VINMEC_RAW_OTU_2D_test_921,VINMEC_RAW_UNANNOTATED,B-Mode 2D,UNANNOTATED_RAW,False,False,958,529,0,0,0,0.0,dataset/vinmec_ovarian/OTU_2D/test/image/921.JPG,NONE
VINMEC_RAW_OTU_2D_test_495,VINMEC_RAW_UNANNOTATED,B-Mode 2D,UNANNOTATED_RAW,False,False,873,617,0,0,0,0.0,dataset/vinmec_ovarian/OTU_2D/test/image/495.JPG,NONE
VINMEC_RAW_OTU_2D_train_46,VINMEC_RAW_UNANNOTATED,B-Mode 2D,UNANNOTATED_RAW,False,False,480,534,0,0,0,0.0,dataset/vinmec_ovarian/OTU_2D/train/train_image/46.JPG,NONE
VINMEC_RAW_OTU_2D_train_31,VINMEC_RAW_UNANNOTATED,B-Mode 2D,UNANNOTATED_RAW,False,False,479,532,0,0,0,0.0,dataset/vinmec_ovarian/OTU_2D/train/train_image/31.JPG,NONE
VINMEC_RAW_OTU_2D_train_130,VINMEC_RAW_UNANNOTATED,B-Mode 2D,UNANNOTATED_RAW,False,False,957,532,0,0,0,0.0,dataset/vinmec_ovarian/OTU_2D/train/train_image/130.JPG,NONE
VINMEC_RAW_OTU_2D_train_891,VINMEC_RAW_UNANNOTATED,B-Mode 2D,UNANNOTATED_RAW,False,False,479,528,0,0,0,0.0,dataset/vinmec_ovarian/OTU_2D/train/train_image/891.JPG,NONE
VINMEC_RAW_OTU_2D_train_1350,VINMEC_RAW_UNANNOTATED,B-Mode 2D,UNANNOTATED_RAW,False,False,571,587,0,0,0,0.0,dataset/vinmec_ovarian/OTU_2D/train/train_image/1350.JPG,NONE
VINMEC_RAW_OTU_2D_train_940,VINMEC_RAW_UNANNOTATED,B-Mode 2D,UNANNOTATED_RAW,False,False,568,588,0,0,0,0.0,dataset/vinmec_ovarian/OTU_2D/train/train_image/940.JPG,NONE
VINMEC_RAW_OTU_2D_test_535,VINMEC_RAW_UNANNOTATED,B-Mode 2D,UNANNOTATED_RAW,False,False,477,558,0,0,0,0.0,dataset/vinmec_ovarian/OTU_2D/test/image/535.JPG,NONE
VINMEC_RAW_OTU_2D_test_1208,VINMEC_RAW_UNANNOTATED,B-Mode 2D,UNANNOTATED_RAW,False,False,483,533,0,0,0,0.0,dataset/vinmec_ovarian/OTU_2D/test/image/1208.JPG,NONE
VINMEC_RAW_OTU_2D_train_236,VINMEC_RAW_UNANNOTATED,B-Mode 2D,UNANNOTATED_RAW,False,False,855,557,0,0,0,0.0,dataset/vinmec_ovarian/OTU_2D/train/train_image/236.JPG,NONE
VINMEC_RAW_OTU_2D_train_828,VINMEC_RAW_UNANNOTATED,B-Mode 2D,UNANNOTATED_RAW,False,False,971,531,0,0,0,0.0,dataset/vinmec_ovarian/OTU_2D/train/train_image/828.JPG,NONE
VINMEC_RAW_OTU_2D_train_17,VINMEC_RAW_UNANNOTATED,B-Mode 2D,UNANNOTATED_RAW,False,False,959,536,0,0,0,0.0,dataset/vinmec_ovarian/OTU_2D/train/train_image/17.JPG,NONE
VINMEC_RAW_OTU_2D_test_356,VINMEC_RAW_UNANNOTATED,B-Mode 2D,UNANNOTATED_RAW,False,False,959,535,0,0,0,0.0,dataset/vinmec_ovarian/OTU_2D/test/image/356.JPG,NONE
VINMEC_RAW_OTU_CEUS_165,VINMEC_RAW_UNANNOTATED,CEUS,UNANNOTATED_RAW,False,False,553,550,0,0,0,0.0,dataset/vinmec_ovarian/OTU_CEUS/image/165.JPG,NONE
VINMEC_RAW_OTU_2D_train_411,VINMEC_RAW_UNANNOTATED,B-Mode 2D,UNANNOTATED_RAW,False,False,959,535,0,0,0,0.0,dataset/vinmec_ovarian/OTU_2D/train/train_image/411.JPG,NONE
VINMEC_RAW_OTU_CEUS_97,VINMEC_RAW_UNANNOTATED,CEUS,UNANNOTATED_RAW,False,False,568,276,0,0,0,0.0,dataset/vinmec_ovarian/OTU_CEUS/image/97.JPG,NONE
VINMEC_RAW_OTU_2D_train_990,VINMEC_RAW_UNANNOTATED,B-Mode 2D,UNANNOTATED_RAW,False,False,690,545,0,0,0,0.0,dataset/vinmec_ovarian/OTU_2D/train/train_image/990.JPG,NONE
VINMEC_RAW_OTU_2D_train_1443,VINMEC_RAW_UNANNOTATED,B-Mode 2D,UNANNOTATED_RAW,False,False,961,525,0,0,0,0.0,dataset/vinmec_ovarian/OTU_2D/train/train_image/1443.JPG,NONE
VINMEC_RAW_OTU_2D_test_296,VINMEC_RAW_UNANNOTATED,B-Mode 2D,UNANNOTATED_RAW,False,False,958,532,0,0,0,0.0,dataset/vinmec_ovarian/OTU_2D/test/image/296.JPG,NONE
VINMEC_RAW_OTU_2D_train_1322,VINMEC_RAW_UNANNOTATED,B-Mode 2D,UNANNOTATED_RAW,False,False,482,543,0,0,0,0.0,dataset/vinmec_ovarian/OTU_2D/train/train_image/1322.JPG,NONE
VINMEC_RAW_OTU_2D_train_1261,VINMEC_RAW_UNANNOTATED,B-Mode 2D,UNANNOTATED_RAW,False,False,958,530,0,0,0,0.0,dataset/vinmec_ovarian/OTU_2D/train/train_image/1261.JPG,NONE
VINMEC_RAW_OTU_2D_train_839,VINMEC_RAW_UNANNOTATED,B-Mode 2D,UNANNOTATED_RAW,False,False,958,609,0,0,0,0.0,dataset/vinmec_ovarian/OTU_2D/train/train_image/839.JPG,NONE
VINMEC_RAW_OTU_2D_train_34,VINMEC_RAW_UNANNOTATED,B-Mode 2D,UNANNOTATED_RAW,False,False,479,532,0,0,0,0.0,dataset/vinmec_ovarian/OTU_2D/train/train_image/34.JPG,NONE
VINMEC_RAW_OTU_2D_train_801,VINMEC_RAW_UNANNOTATED,B-Mode 2D,UNANNOTATED_RAW,False,False,958,543,0,0,0,0.0,dataset/vinmec_ovarian/OTU_2D/train/train_image/801.JPG,NONE
VINMEC_RAW_OTU_2D_test_752,VINMEC_RAW_UNANNOTATED,B-Mode 2D,UNANNOTATED_RAW,False,False,1065,614,0,0,0,0.0,dataset/vinmec_ovarian/OTU_2D/test/image/752.JPG,NONE
VINMEC_RAW_OTU_2D_train_598,VINMEC_RAW_UNANNOTATED,B-Mode 2D,UNANNOTATED_RAW,False,False,566,604,0,0,0,0.0,dataset/vinmec_ovarian/OTU_2D/train/train_image/598.JPG,NONE
VINMEC_RAW_OTU_2D_test_363,VINMEC_RAW_UNANNOTATED,B-Mode 2D,UNANNOTATED_RAW,False,False,963,557,0,0,0,0.0,dataset/vinmec_ovarian/OTU_2D/test/image/363.JPG,NONE
VINMEC_RAW_OTU_2D_test_382,VINMEC_RAW_UNANNOTATED,B-Mode 2D,UNANNOTATED_RAW,False,False,478,531,0,0,0,0.0,dataset/vinmec_ovarian/OTU_2D/test/image/382.JPG,NONE
VINMEC_RAW_OTU_2D_test_644,VINMEC_RAW_UNANNOTATED,B-Mode 2D,UNANNOTATED_RAW,False,False,971,553,0,0,0,0.0,dataset/vinmec_ovarian/OTU_2D/test/image/644.JPG,NONE
VINMEC_RAW_OTU_2D_train_133,VINMEC_RAW_UNANNOTATED,B-Mode 2D,UNANNOTATED_RAW,False,False,481,555,0,0,0,0.0,dataset/vinmec_ovarian/OTU_2D/train/train_image/133.JPG,NONE
VINMEC_RAW_OTU_2D_train_1053,VINMEC_RAW_UNANNOTATED,B-Mode 2D,UNANNOTATED_RAW,False,False,478,534,0,0,0,0.0,dataset/vinmec_ovarian/OTU_2D/train/train_image/1053.JPG,NONE
VINMEC_RAW_OTU_2D_train_91,VINMEC_RAW_UNANNOTATED,B-Mode 2D,UNANNOTATED_RAW,False,False,861,606,0,0,0,0.0,dataset/vinmec_ovarian/OTU_2D/train/train_image/91.JPG,NONE
VINMEC_RAW_OTU_2D_train_486,VINMEC_RAW_UNANNOTATED,B-Mode 2D,UNANNOTATED_RAW,False,False,569,701,0,0,0,0.0,dataset/vinmec_ovarian/OTU_2D/train/train_image/486.JPG,NONE
VINMEC_RAW_OTU_CEUS_80,VINMEC_RAW_UNANNOTATED,CEUS,UNANNOTATED_RAW,False,False,548,557,0,0,0,0.0,dataset/vinmec_ovarian/OTU_CEUS/image/80.JPG,NONE
VINMEC_RAW_OTU_2D_train_1156,VINMEC_RAW_UNANNOTATED,B-Mode 2D,UNANNOTATED_RAW,False,False,1135,667,0,0,0,0.0,dataset/vinmec_ovarian/OTU_2D/train/train_image/1156.JPG,NONE
VINMEC_RAW_OTU_2D_test_1271,VINMEC_RAW_UNANNOTATED,B-Mode 2D,UNANNOTATED_RAW,False,False,1116,592,0,0,0,0.0,dataset/vinmec_ovarian/OTU_2D/test/image/1271.JPG,NONE
VINMEC_RAW_OTU_2D_train_597,VINMEC_RAW_UNANNOTATED,B-Mode 2D,UNANNOTATED_RAW,False,False,567,608,0,0,0,0.0,dataset/vinmec_ovarian/OTU_2D/train/train_image/597.JPG,NONE
VINMEC_RAW_OTU_2D_train_910,VINMEC_RAW_UNANNOTATED,B-Mode 2D,UNANNOTATED_RAW,False,False,953,525,0,0,0,0.0,dataset/vinmec_ovarian/OTU_2D/train/train_image/910.JPG,NONE
VINMEC_RAW_OTU_2D_train_1400,VINMEC_RAW_UNANNOTATED,B-Mode 2D,UNANNOTATED_RAW,False,False,483,538,0,0,0,0.0,dataset/vinmec_ovarian/OTU_2D/train/train_image/1400.JPG,NONE
VINMEC_RAW_OTU_2D_train_1020,VINMEC_RAW_UNANNOTATED,B-Mode 2D,UNANNOTATED_RAW,False,False,565,595,0,0,0,0.0,dataset/vinmec_ovarian/OTU_2D/train/train_image/1020.JPG,NONE
VINMEC_RAW_OTU_2D_train_2,VINMEC_RAW_UNANNOTATED,B-Mode 2D,UNANNOTATED_RAW,False,False,959,536,0,0,0,0.0,dataset/vinmec_ovarian/OTU_2D/train/train_image/2.JPG,NONE
VINMEC_RAW_OTU_2D_train_65,VINMEC_RAW_UNANNOTATED,B-Mode 2D,UNANNOTATED_RAW,False,False,863,605,0,0,0,0.0,dataset/vinmec_ovarian/OTU_2D/train/train_image/65.JPG,NONE
VINMEC_RAW_OTU_2D_train_32,VINMEC_RAW_UNANNOTATED,B-Mode 2D,UNANNOTATED_RAW,False,False,479,533,0,0,0,0.0,dataset/vinmec_ovarian/OTU_2D/train/train_image/32.JPG,NONE
VINMEC_RAW_OTU_CEUS_31,VINMEC_RAW_UNANNOTATED,CEUS,UNANNOTATED_RAW,False,False,556,552,0,0,0,0.0,dataset/vinmec_ovarian/OTU_CEUS/image/31.JPG,NONE
VINMEC_RAW_OTU_2D_train_1266,VINMEC_RAW_UNANNOTATED,B-Mode 2D,UNANNOTATED_RAW,False,False,958,533,0,0,0,0.0,dataset/vinmec_ovarian/OTU_2D/train/train_image/1266.JPG,NONE
VINMEC_RAW_OTU_2D_test_1073,VINMEC_RAW_UNANNOTATED,B-Mode 2D,UNANNOTATED_RAW,False,False,958,523,0,0,0,0.0,dataset/vinmec_ovarian/OTU_2D/test/image/1073.JPG,NONE
VINMEC_RAW_OTU_2D_train_103,VINMEC_RAW_UNANNOTATED,B-Mode 2D,UNANNOTATED_RAW,False,False,956,534,0,0,0,0.0,dataset/vinmec_ovarian/OTU_2D/train/train_image/103.JPG,NONE
VINMEC_RAW_OTU_2D_train_725,VINMEC_RAW_UNANNOTATED,B-Mode 2D,UNANNOTATED_RAW,False,False,476,557,0,0,0,0.0,dataset/vinmec_ovarian/OTU_2D/train/train_image/725.JPG,NONE
VINMEC_RAW_OTU_2D_test_844,VINMEC_RAW_UNANNOTATED,B-Mode 2D,UNANNOTATED_RAW,False,False,974,571,0,0,0,0.0,dataset/vinmec_ovarian/OTU_2D/test/image/844.JPG,NONE
VINMEC_RAW_OTU_2D_test_1042,VINMEC_RAW_UNANNOTATED,B-Mode 2D,UNANNOTATED_RAW,False,False,958,528,0,0,0,0.0,dataset/vinmec_ovarian/OTU_2D/test/image/1042.JPG,NONE
VINMEC_RAW_OTU_CEUS_158,VINMEC_RAW_UNANNOTATED,CEUS,UNANNOTATED_RAW,False,False,574,576,0,0,0,0.0,dataset/vinmec_ovarian/OTU_CEUS/image/158.JPG,NONE
VINMEC_RAW_OTU_2D_train_593,VINMEC_RAW_UNANNOTATED,B-Mode 2D,UNANNOTATED_RAW,False,False,478,543,0,0,0,0.0,dataset/vinmec_ovarian/OTU_2D/train/train_image/593.JPG,NONE
VINMEC_RAW_OTU_CEUS_67,VINMEC_RAW_UNANNOTATED,CEUS,UNANNOTATED_RAW,False,False,557,550,0,0,0,0.0,dataset/vinmec_ovarian/OTU_CEUS/image/67.JPG,NONE
VINMEC_RAW_OTU_2D_train_777,VINMEC_RAW_UNANNOTATED,B-Mode 2D,UNANNOTATED_RAW,False,False,973,537,0,0,0,0.0,dataset/vinmec_ovarian/OTU_2D/train/train_image/777.JPG,NONE
VINMEC_RAW_OTU_2D_test_159,VINMEC_RAW_UNANNOTATED,B-Mode 2D,UNANNOTATED_RAW,False,False,953,533,0,0,0,0.0,dataset/vinmec_ovarian/OTU_2D/test/image/159.JPG,NONE
VINMEC_RAW_OTU_2D_train_1301,VINMEC_RAW_UNANNOTATED,B-Mode 2D,UNANNOTATED_RAW,False,False,1135,587,0,0,0,0.0,dataset/vinmec_ovarian/OTU_2D/train/train_image/1301.JPG,NONE
VINMEC_RAW_OTU_2D_test_229,VINMEC_RAW_UNANNOTATED,B-Mode 2D,UNANNOTATED_RAW,False,False,878,443,0,0,0,0.0,dataset/vinmec_ovarian/OTU_2D/test/image/229.JPG,NONE
VINMEC_RAW_OTU_2D_train_798,VINMEC_RAW_UNANNOTATED,B-Mode 2D,UNANNOTATED_RAW,False,False,958,536,0,0,0,0.0,dataset/vinmec_ovarian/OTU_2D/train/train_image/798.JPG,NONE
VINMEC_RAW_OTU_2D_train_49,VINMEC_RAW_UNANNOTATED,B-Mode 2D,UNANNOTATED_RAW,False,False,846,614,0,0,0,0.0,dataset/vinmec_ovarian/OTU_2D/train/train_image/49.JPG,NONE
VINMEC_RAW_OTU_2D_test_554,VINMEC_RAW_UNANNOTATED,B-Mode 2D,UNANNOTATED_RAW,False,False,477,552,0,0,0,0.0,dataset/vinmec_ovarian/OTU_2D/test/image/554.JPG,NONE
VINMEC_RAW_OTU_2D_train_434,VINMEC_RAW_UNANNOTATED,B-Mode 2D,UNANNOTATED_RAW,False,False,957,664,0,0,0,0.0,dataset/vinmec_ovarian/OTU_2D/train/train_image/434.JPG,NONE
VINMEC_RAW_OTU_2D_test_1130,VINMEC_RAW_UNANNOTATED,B-Mode 2D,UNANNOTATED_RAW,False,False,957,531,0,0,0,0.0,dataset/vinmec_ovarian/OTU_2D/test/image/1130.JPG,NONE
VINMEC_RAW_OTU_2D_train_860,VINMEC_RAW_UNANNOTATED,B-Mode 2D,UNANNOTATED_RAW,False,False,959,541,0,0,0,0.0,dataset/vinmec_ovarian/OTU_2D/train/train_image/860.JPG,NONE
VINMEC_RAW_OTU_2D_train_1421,VINMEC_RAW_UNANNOTATED,B-Mode 2D,UNANNOTATED_RAW,False,False,1103,611,0,0,0,0.0,dataset/vinmec_ovarian/OTU_2D/train/train_image/1421.JPG,NONE
VINMEC_RAW_OTU_2D_train_1036,VINMEC_RAW_UNANNOTATED,B-Mode 2D,UNANNOTATED_RAW,False,False,959,563,0,0,0,0.0,dataset/vinmec_ovarian/OTU_2D/train/train_image/1036.JPG,NONE
VINMEC_RAW_OTU_CEUS_68,VINMEC_RAW_UNANNOTATED,CEUS,UNANNOTATED_RAW,False,False,551,554,0,0,0,0.0,dataset/vinmec_ovarian/OTU_CEUS/image/68.JPG,NONE
VINMEC_RAW_OTU_2D_train_416,VINMEC_RAW_UNANNOTATED,B-Mode 2D,UNANNOTATED_RAW,False,False,958,532,0,0,0,0.0,dataset/vinmec_ovarian/OTU_2D/train/train_image/416.JPG,NONE
VINMEC_RAW_OTU_2D_test_937,VINMEC_RAW_UNANNOTATED,B-Mode 2D,UNANNOTATED_RAW,False,False,565,578,0,0,0,0.0,dataset/vinmec_ovarian/OTU_2D/test/image/937.JPG,NONE
VINMEC_RAW_OTU_2D_train_1451,VINMEC_RAW_UNANNOTATED,B-Mode 2D,UNANNOTATED_RAW,False,False,962,528,0,0,0,0.0,dataset/vinmec_ovarian/OTU_2D/train/train_image/1451.JPG,NONE
VINMEC_RAW_OTU_2D_test_15,VINMEC_RAW_UNANNOTATED,B-Mode 2D,UNANNOTATED_RAW,False,False,958,534,0,0,0,0.0,dataset/vinmec_ovarian/OTU_2D/test/image/15.JPG,NONE
VINMEC_RAW_OTU_CEUS_110,VINMEC_RAW_UNANNOTATED,CEUS,UNANNOTATED_RAW,False,False,333,419,0,0,0,0.0,dataset/vinmec_ovarian/OTU_CEUS/image/110.JPG,NONE
VINMEC_RAW_OTU_2D_train_318,VINMEC_RAW_UNANNOTATED,B-Mode 2D,UNANNOTATED_RAW,False,False,480,537,0,0,0,0.0,dataset/vinmec_ovarian/OTU_2D/train/train_image/318.JPG,NONE
VINMEC_RAW_OTU_2D_train_974,VINMEC_RAW_UNANNOTATED,B-Mode 2D,UNANNOTATED_RAW,False,False,478,536,0,0,0,0.0,dataset/vinmec_ovarian/OTU_2D/train/train_image/974.JPG,NONE
VINMEC_RAW_OTU_2D_train_250,VINMEC_RAW_UNANNOTATED,B-Mode 2D,UNANNOTATED_RAW,False,False,485,530,0,0,0,0.0,dataset/vinmec_ovarian/OTU_2D/train/train_image/250.JPG,NONE
VINMEC_RAW_OTU_2D_train_901,VINMEC_RAW_UNANNOTATED,B-Mode 2D,UNANNOTATED_RAW,False,False,480,528,0,0,0,0.0,dataset/vinmec_ovarian/OTU_2D/train/train_image/901.JPG,NONE
VINMEC_RAW_OTU_CEUS_63,VINMEC_RAW_UNANNOTATED,CEUS,UNANNOTATED_RAW,False,False,334,418,0,0,0,0.0,dataset/vinmec_ovarian/OTU_CEUS/image/63.JPG,NONE
VINMEC_RAW_OTU_2D_train_1213,VINMEC_RAW_UNANNOTATED,B-Mode 2D,UNANNOTATED_RAW,False,False,959,536,0,0,0,0.0,dataset/vinmec_ovarian/OTU_2D/train/train_image/1213.JPG,NONE
VINMEC_RAW_OTU_2D_test_1181,VINMEC_RAW_UNANNOTATED,B-Mode 2D,UNANNOTATED_RAW,False,False,1135,597,0,0,0,0.0,dataset/vinmec_ovarian/OTU_2D/test/image/1181.JPG,NONE
VINMEC_RAW_OTU_2D_test_740,VINMEC_RAW_UNANNOTATED,B-Mode 2D,UNANNOTATED_RAW,False,False,499,551,0,0,0,0.0,dataset/vinmec_ovarian/OTU_2D/test/image/740.JPG,NONE
VINMEC_RAW_OTU_2D_train_1152,VINMEC_RAW_UNANNOTATED,B-Mode 2D,UNANNOTATED_RAW,False,False,958,529,0,0,0,0.0,dataset/vinmec_ovarian/OTU_2D/train/train_image/1152.JPG,NONE
VINMEC_RAW_OTU_2D_train_223,VINMEC_RAW_UNANNOTATED,B-Mode 2D,UNANNOTATED_RAW,False,False,878,444,0,0,0,0.0,dataset/vinmec_ovarian/OTU_2D/train/train_image/223.JPG,NONE
VINMEC_RAW_OTU_CEUS_131,VINMEC_RAW_UNANNOTATED,CEUS,UNANNOTATED_RAW,False,False,590,579,0,0,0,0.0,dataset/vinmec_ovarian/OTU_CEUS/image/131.JPG,NONE
VINMEC_RAW_OTU_2D_train_424,VINMEC_RAW_UNANNOTATED,B-Mode 2D,UNANNOTATED_RAW,False,False,956,557,0,0,0,0.0,dataset/vinmec_ovarian/OTU_2D/train/train_image/424.JPG,NONE
VINMEC_RAW_OTU_2D_train_1198,VINMEC_RAW_UNANNOTATED,B-Mode 2D,UNANNOTATED_RAW,False,False,957,531,0,0,0,0.0,dataset/vinmec_ovarian/OTU_2D/train/train_image/1198.JPG,NONE
VINMEC_RAW_OTU_2D_test_443,VINMEC_RAW_UNANNOTATED,B-Mode 2D,UNANNOTATED_RAW,False,False,490,269,0,0,0,0.0,dataset/vinmec_ovarian/OTU_2D/test/image/443.JPG,NONE
VINMEC_RAW_OTU_2D_test_623,VINMEC_RAW_UNANNOTATED,B-Mode 2D,UNANNOTATED_RAW,False,False,741,633,0,0,0,0.0,dataset/vinmec_ovarian/OTU_2D/test/image/623.JPG,NONE
VINMEC_RAW_OTU_2D_test_762,VINMEC_RAW_UNANNOTATED,B-Mode 2D,UNANNOTATED_RAW,False,False,1118,624,0,0,0,0.0,dataset/vinmec_ovarian/OTU_2D/test/image/762.JPG,NONE
VINMEC_RAW_OTU_CEUS_29,VINMEC_RAW_UNANNOTATED,CEUS,UNANNOTATED_RAW,False,False,337,352,0,0,0,0.0,dataset/vinmec_ovarian/OTU_CEUS/image/29.JPG,NONE
VINMEC_RAW_OTU_2D_test_1140,VINMEC_RAW_UNANNOTATED,B-Mode 2D,UNANNOTATED_RAW,False,False,973,531,0,0,0,0.0,dataset/vinmec_ovarian/OTU_2D/test/image/1140.JPG,NONE
VINMEC_RAW_OTU_2D_test_747,VINMEC_RAW_UNANNOTATED,B-Mode 2D,UNANNOTATED_RAW,False,False,469,538,0,0,0,0.0,dataset/vinmec_ovarian/OTU_2D/test/image/747.JPG,NONE
VINMEC_RAW_EXTRA_001,VINMEC_RAW_UNANNOTATED,B-Mode 2D,UNANNOTATED_RAW,False,False,482,531,0,0,0,0.0,dataset/vinmec_ovarian/OTU_2D/train/train_image/379.JPG,NONE
VINMEC_RAW_EXTRA_002,VINMEC_RAW_UNANNOTATED,B-Mode 2D,UNANNOTATED_RAW,False,False,483,552,0,0,0,0.0,dataset/vinmec_ovarian/OTU_2D/train/train_image/628.JPG,NONE
VINMEC_RAW_EXTRA_003,VINMEC_RAW_UNANNOTATED,B-Mode 2D,UNANNOTATED_RAW,False,False,958,535,0,0,0,0.0,dataset/vinmec_ovarian/OTU_2D/train/train_image/171.JPG,NONE
VINMEC_RAW_EXTRA_004,VINMEC_RAW_UNANNOTATED,B-Mode 2D,UNANNOTATED_RAW,False,False,958,529,0,0,0,0.0,dataset/vinmec_ovarian/OTU_2D/train/train_image/1298.JPG,NONE
VINMEC_RAW_EXTRA_005,VINMEC_RAW_UNANNOTATED,B-Mode 2D,UNANNOTATED_RAW,False,False,959,539,0,0,0,0.0,dataset/vinmec_ovarian/OTU_2D/train/train_image/1409.JPG,NONE
VINMEC_RAW_EXTRA_006,VINMEC_RAW_UNANNOTATED,B-Mode 2D,UNANNOTATED_RAW,False,False,957,614,0,0,0,0.0,dataset/vinmec_ovarian/OTU_2D/train/train_image/630.JPG,NONE
VINMEC_RAW_EXTRA_007,VINMEC_RAW_UNANNOTATED,B-Mode 2D,UNANNOTATED_RAW,False,False,958,530,0,0,0,0.0,dataset/vinmec_ovarian/OTU_2D/train/train_image/1142.JPG,NONE
VINMEC_RAW_EXTRA_008,VINMEC_RAW_UNANNOTATED,B-Mode 2D,UNANNOTATED_RAW,False,False,490,273,0,0,0,0.0,dataset/vinmec_ovarian/OTU_2D/train/train_image/813.JPG,NONE
VINMEC_RAW_EXTRA_009,VINMEC_RAW_UNANNOTATED,B-Mode 2D,UNANNOTATED_RAW,False,False,473,601,0,0,0,0.0,dataset/vinmec_ovarian/OTU_2D/train/train_image/351.JPG,NONE
VINMEC_RAW_EXTRA_010,VINMEC_RAW_UNANNOTATED,B-Mode 2D,UNANNOTATED_RAW,False,False,959,527,0,0,0,0.0,dataset/vinmec_ovarian/OTU_2D/train/train_image/1072.JPG,NONE
VINMEC_RAW_EXTRA_011,VINMEC_RAW_UNANNOTATED,B-Mode 2D,UNANNOTATED_RAW,False,False,957,530,0,0,0,0.0,dataset/vinmec_ovarian/OTU_2D/test/image/392.JPG,NONE
VINMEC_RAW_EXTRA_012,VINMEC_RAW_UNANNOTATED,B-Mode 2D,UNANNOTATED_RAW,False,False,955,524,0,0,0,0.0,dataset/vinmec_ovarian/OTU_2D/test/image/912.JPG,NONE
VINMEC_RAW_EXTRA_013,VINMEC_RAW_UNANNOTATED,B-Mode 2D,UNANNOTATED_RAW,False,False,480,536,0,0,0,0.0,dataset/vinmec_ovarian/OTU_2D/train/train_image/1387.JPG,NONE
VINMEC_RAW_EXTRA_014,VINMEC_RAW_UNANNOTATED,B-Mode 2D,UNANNOTATED_RAW,False,False,569,541,0,0,0,0.0,dataset/vinmec_ovarian/OTU_2D/test/image/1254.JPG,NONE
VINMEC_RAW_EXTRA_015,VINMEC_RAW_UNANNOTATED,B-Mode 2D,UNANNOTATED_RAW,False,False,972,531,0,0,0,0.0,dataset/vinmec_ovarian/OTU_2D/train/train_image/211.JPG,NONE
