image_path,mask_path,case_id
c:\Users\PeaceD_Dung\Documents\Khóa luận\dataset\dataset\OTU_2D\train\train_image\364.JPG,c:\Users\PeaceD_Dung\Documents\Khóa luận\dataset\dataset\OTU_2D\train\train_label\label\364.PNG,CASE_364
c:\Users\PeaceD_Dung\Documents\Khóa luận\dataset\dataset\OTU_2D\train\train_image\769.JPG,c:\Users\PeaceD_Dung\Documents\Khóa luận\dataset\dataset\OTU_2D\train\train_label\label\769.PNG,CASE_769
c:\Users\PeaceD_Dung\Documents\Khóa luận\dataset\dataset\OTU_2D\train\train_image\538.JPG,c:\Users\PeaceD_Dung\Documents\Khóa luận\dataset\dataset\OTU_2D\train\train_label\label\538.PNG,CASE_538
c:\Users\PeaceD_Dung\Documents\Khóa luận\dataset\dataset\OTU_2D\train\train_image\167.JPG,c:\Users\PeaceD_Dung\Documents\Khóa luận\dataset\dataset\OTU_2D\train\train_label\label\167.PNG,CASE_167
c:\Users\PeaceD_Dung\Documents\Khóa luận\dataset\dataset\OTU_2D\train\train_image\744.JPG,c:\Users\PeaceD_Dung\Documents\Khóa luận\dataset\dataset\OTU_2D\train\train_label\label\744.PNG,CASE_744
c:\Users\PeaceD_Dung\Documents\Khóa luận\dataset\dataset\OTU_2D\train\train_image\713.JPG,c:\Users\PeaceD_Dung\Documents\Khóa luận\dataset\dataset\OTU_2D\train\train_label\label\713.PNG,CASE_713
c:\Users\PeaceD_Dung\Documents\Khóa luận\dataset\dataset\OTU_2D\train\train_image\499.JPG,c:\Users\PeaceD_Dung\Documents\Khóa luận\dataset\dataset\OTU_2D\train\train_label\label\499.PNG,CASE_499
c:\Users\PeaceD_Dung\Documents\Khóa luận\dataset\dataset\OTU_2D\train\train_image\1395.JPG,c:\Users\PeaceD_Dung\Documents\Khóa luận\dataset\dataset\OTU_2D\train\train_label\label\1395.PNG,CASE_1395
c:\Users\PeaceD_Dung\Documents\Khóa luận\dataset\dataset\OTU_2D\train\train_image\302.JPG,c:\Users\PeaceD_Dung\Documents\Khóa luận\dataset\dataset\OTU_2D\train\train_label\label\302.PNG,CASE_302
c:\Users\PeaceD_Dung\Documents\Khóa luận\dataset\dataset\OTU_2D\train\train_image\723.JPG,c:\Users\PeaceD_Dung\Documents\Khóa luận\dataset\dataset\OTU_2D\train\train_label\label\723.PNG,CASE_723
c:\Users\PeaceD_Dung\Documents\Khóa luận\dataset\dataset\OTU_2D\train\train_image\329.JPG,c:\Users\PeaceD_Dung\Documents\Khóa luận\dataset\dataset\OTU_2D\train\train_label\label\329.PNG,CASE_329
c:\Users\PeaceD_Dung\Documents\Khóa luận\dataset\dataset\OTU_2D\train\train_image\434.JPG,c:\Users\PeaceD_Dung\Documents\Khóa luận\dataset\dataset\OTU_2D\train\train_label\label\434.PNG,CASE_434
c:\Users\PeaceD_Dung\Documents\Khóa luận\dataset\dataset\OTU_2D\train\train_image\866.JPG,c:\Users\PeaceD_Dung\Documents\Khóa luận\dataset\dataset\OTU_2D\train\train_label\label\866.PNG,CASE_866
c:\Users\PeaceD_Dung\Documents\Khóa luận\dataset\dataset\OTU_2D\train\train_image\1409.JPG,c:\Users\PeaceD_Dung\Documents\Khóa luận\dataset\dataset\OTU_2D\train\train_label\label\1409.PNG,CASE_1409
c:\Users\PeaceD_Dung\Documents\Khóa luận\dataset\dataset\OTU_2D\train\train_image\615.JPG,c:\Users\PeaceD_Dung\Documents\Khóa luận\dataset\dataset\OTU_2D\train\train_label\label\615.PNG,CASE_615
c:\Users\PeaceD_Dung\Documents\Khóa luận\dataset\dataset\OTU_2D\train\train_image\467.JPG,c:\Users\PeaceD_Dung\Documents\Khóa luận\dataset\dataset\OTU_2D\train\train_label\label\467.PNG,CASE_467
c:\Users\PeaceD_Dung\Documents\Khóa luận\dataset\dataset\OTU_2D\train\train_image\55.JPG,c:\Users\PeaceD_Dung\Documents\Khóa luận\dataset\dataset\OTU_2D\train\train_label\label\55.PNG,CASE_55
c:\Users\PeaceD_Dung\Documents\Khóa luận\dataset\dataset\OTU_2D\train\train_image\308.JPG,c:\Users\PeaceD_Dung\Documents\Khóa luận\dataset\dataset\OTU_2D\train\train_label\label\308.PNG,CASE_308
c:\Users\PeaceD_Dung\Documents\Khóa luận\dataset\dataset\OTU_2D\train\train_image\843.JPG,c:\Users\PeaceD_Dung\Documents\Khóa luận\dataset\dataset\OTU_2D\train\train_label\label\843.PNG,CASE_843
c:\Users\PeaceD_Dung\Documents\Khóa luận\dataset\dataset\OTU_2D\train\train_image\928.JPG,c:\Users\PeaceD_Dung\Documents\Khóa luận\dataset\dataset\OTU_2D\train\train_label\label\928.PNG,CASE_928
c:\Users\PeaceD_Dung\Documents\Khóa luận\dataset\dataset\OTU_2D\train\train_image\849.JPG,c:\Users\PeaceD_Dung\Documents\Khóa luận\dataset\dataset\OTU_2D\train\train_label\label\849.PNG,CASE_849
c:\Users\PeaceD_Dung\Documents\Khóa luận\dataset\dataset\OTU_2D\train\train_image\630.JPG,c:\Users\PeaceD_Dung\Documents\Khóa luận\dataset\dataset\OTU_2D\train\train_label\label\630.PNG,CASE_630
c:\Users\PeaceD_Dung\Documents\Khóa luận\dataset\dataset\OTU_2D\train\train_image\1282.JPG,c:\Users\PeaceD_Dung\Documents\Khóa luận\dataset\dataset\OTU_2D\train\train_label\label\1282.PNG,CASE_1282
c:\Users\PeaceD_Dung\Documents\Khóa luận\dataset\dataset\OTU_2D\train\train_image\1070.JPG,c:\Users\PeaceD_Dung\Documents\Khóa luận\dataset\dataset\OTU_2D\train\train_label\label\1070.PNG,CASE_1070
c:\Users\PeaceD_Dung\Documents\Khóa luận\dataset\dataset\OTU_2D\train\train_image\858.JPG,c:\Users\PeaceD_Dung\Documents\Khóa luận\dataset\dataset\OTU_2D\train\train_label\label\858.PNG,CASE_858
c:\Users\PeaceD_Dung\Documents\Khóa luận\dataset\dataset\OTU_2D\train\train_image\196.JPG,c:\Users\PeaceD_Dung\Documents\Khóa luận\dataset\dataset\OTU_2D\train\train_label\label\196.PNG,CASE_196
c:\Users\PeaceD_Dung\Documents\Khóa luận\dataset\dataset\OTU_2D\train\train_image\1442.JPG,c:\Users\PeaceD_Dung\Documents\Khóa luận\dataset\dataset\OTU_2D\train\train_label\label\1442.PNG,CASE_1442
c:\Users\PeaceD_Dung\Documents\Khóa luận\dataset\dataset\OTU_2D\train\train_image\642.JPG,c:\Users\PeaceD_Dung\Documents\Khóa luận\dataset\dataset\OTU_2D\train\train_label\label\642.PNG,CASE_642
c:\Users\PeaceD_Dung\Documents\Khóa luận\dataset\dataset\OTU_2D\train\train_image\559.JPG,c:\Users\PeaceD_Dung\Documents\Khóa luận\dataset\dataset\OTU_2D\train\train_label\label\559.PNG,CASE_559
c:\Users\PeaceD_Dung\Documents\Khóa luận\dataset\dataset\OTU_2D\train\train_image\596.JPG,c:\Users\PeaceD_Dung\Documents\Khóa luận\dataset\dataset\OTU_2D\train\train_label\label\596.PNG,CASE_596
c:\Users\PeaceD_Dung\Documents\Khóa luận\dataset\dataset\OTU_2D\train\train_image\992.JPG,c:\Users\PeaceD_Dung\Documents\Khóa luận\dataset\dataset\OTU_2D\train\train_label\label\992.PNG,CASE_992
c:\Users\PeaceD_Dung\Documents\Khóa luận\dataset\dataset\OTU_2D\train\train_image\625.JPG,c:\Users\PeaceD_Dung\Documents\Khóa luận\dataset\dataset\OTU_2D\train\train_label\label\625.PNG,CASE_625
c:\Users\PeaceD_Dung\Documents\Khóa luận\dataset\dataset\OTU_2D\train\train_image\132.JPG,c:\Users\PeaceD_Dung\Documents\Khóa luận\dataset\dataset\OTU_2D\train\train_label\label\132.PNG,CASE_132
c:\Users\PeaceD_Dung\Documents\Khóa luận\dataset\dataset\OTU_2D\train\train_image\280.JPG,c:\Users\PeaceD_Dung\Documents\Khóa luận\dataset\dataset\OTU_2D\train\train_label\label\280.PNG,CASE_280
c:\Users\PeaceD_Dung\Documents\Khóa luận\dataset\dataset\OTU_2D\train\train_image\160.JPG,c:\Users\PeaceD_Dung\Documents\Khóa luận\dataset\dataset\OTU_2D\train\train_label\label\160.PNG,CASE_160
c:\Users\PeaceD_Dung\Documents\Khóa luận\dataset\dataset\OTU_2D\train\train_image\537.JPG,c:\Users\PeaceD_Dung\Documents\Khóa luận\dataset\dataset\OTU_2D\train\train_label\label\537.PNG,CASE_537
c:\Users\PeaceD_Dung\Documents\Khóa luận\dataset\dataset\OTU_2D\train\train_image\1225.JPG,c:\Users\PeaceD_Dung\Documents\Khóa luận\dataset\dataset\OTU_2D\train\train_label\label\1225.PNG,CASE_1225
c:\Users\PeaceD_Dung\Documents\Khóa luận\dataset\dataset\OTU_2D\train\train_image\252.JPG,c:\Users\PeaceD_Dung\Documents\Khóa luận\dataset\dataset\OTU_2D\train\train_label\label\252.PNG,CASE_252
c:\Users\PeaceD_Dung\Documents\Khóa luận\dataset\dataset\OTU_2D\train\train_image\1420.JPG,c:\Users\PeaceD_Dung\Documents\Khóa luận\dataset\dataset\OTU_2D\train\train_label\label\1420.PNG,CASE_1420
c:\Users\PeaceD_Dung\Documents\Khóa luận\dataset\dataset\OTU_2D\train\train_image\334.JPG,c:\Users\PeaceD_Dung\Documents\Khóa luận\dataset\dataset\OTU_2D\train\train_label\label\334.PNG,CASE_334
c:\Users\PeaceD_Dung\Documents\Khóa luận\dataset\dataset\OTU_2D\train\train_image\710.JPG,c:\Users\PeaceD_Dung\Documents\Khóa luận\dataset\dataset\OTU_2D\train\train_label\label\710.PNG,CASE_710
c:\Users\PeaceD_Dung\Documents\Khóa luận\dataset\dataset\OTU_2D\train\train_image\1418.JPG,c:\Users\PeaceD_Dung\Documents\Khóa luận\dataset\dataset\OTU_2D\train\train_label\label\1418.PNG,CASE_1418
c:\Users\PeaceD_Dung\Documents\Khóa luận\dataset\dataset\OTU_2D\train\train_image\454.JPG,c:\Users\PeaceD_Dung\Documents\Khóa luận\dataset\dataset\OTU_2D\train\train_label\label\454.PNG,CASE_454
c:\Users\PeaceD_Dung\Documents\Khóa luận\dataset\dataset\OTU_2D\train\train_image\305.JPG,c:\Users\PeaceD_Dung\Documents\Khóa luận\dataset\dataset\OTU_2D\train\train_label\label\305.PNG,CASE_305
c:\Users\PeaceD_Dung\Documents\Khóa luận\dataset\dataset\OTU_2D\train\train_image\1242.JPG,c:\Users\PeaceD_Dung\Documents\Khóa luận\dataset\dataset\OTU_2D\train\train_label\label\1242.PNG,CASE_1242
c:\Users\PeaceD_Dung\Documents\Khóa luận\dataset\dataset\OTU_2D\train\train_image\1006.JPG,c:\Users\PeaceD_Dung\Documents\Khóa luận\dataset\dataset\OTU_2D\train\train_label\label\1006.PNG,CASE_1006
c:\Users\PeaceD_Dung\Documents\Khóa luận\dataset\dataset\OTU_2D\train\train_image\1245.JPG,c:\Users\PeaceD_Dung\Documents\Khóa luận\dataset\dataset\OTU_2D\train\train_label\label\1245.PNG,CASE_1245
c:\Users\PeaceD_Dung\Documents\Khóa luận\dataset\dataset\OTU_2D\train\train_image\755.JPG,c:\Users\PeaceD_Dung\Documents\Khóa luận\dataset\dataset\OTU_2D\train\train_label\label\755.PNG,CASE_755
c:\Users\PeaceD_Dung\Documents\Khóa luận\dataset\dataset\OTU_2D\train\train_image\855.JPG,c:\Users\PeaceD_Dung\Documents\Khóa luận\dataset\dataset\OTU_2D\train\train_label\label\855.PNG,CASE_855
c:\Users\PeaceD_Dung\Documents\Khóa luận\dataset\dataset\OTU_2D\train\train_image\347.JPG,c:\Users\PeaceD_Dung\Documents\Khóa luận\dataset\dataset\OTU_2D\train\train_label\label\347.PNG,CASE_347
c:\Users\PeaceD_Dung\Documents\Khóa luận\dataset\dataset\OTU_2D\train\train_image\57.JPG,c:\Users\PeaceD_Dung\Documents\Khóa luận\dataset\dataset\OTU_2D\train\train_label\label\57.PNG,CASE_57
c:\Users\PeaceD_Dung\Documents\Khóa luận\dataset\dataset\OTU_2D\train\train_image\369.JPG,c:\Users\PeaceD_Dung\Documents\Khóa luận\dataset\dataset\OTU_2D\train\train_label\label\369.PNG,CASE_369
c:\Users\PeaceD_Dung\Documents\Khóa luận\dataset\dataset\OTU_2D\train\train_image\1196.JPG,c:\Users\PeaceD_Dung\Documents\Khóa luận\dataset\dataset\OTU_2D\train\train_label\label\1196.PNG,CASE_1196
c:\Users\PeaceD_Dung\Documents\Khóa luận\dataset\dataset\OTU_2D\train\train_image\38.JPG,c:\Users\PeaceD_Dung\Documents\Khóa luận\dataset\dataset\OTU_2D\train\train_label\label\38.PNG,CASE_38
c:\Users\PeaceD_Dung\Documents\Khóa luận\dataset\dataset\OTU_2D\train\train_image\1149.JPG,c:\Users\PeaceD_Dung\Documents\Khóa luận\dataset\dataset\OTU_2D\train\train_label\label\1149.PNG,CASE_1149
c:\Users\PeaceD_Dung\Documents\Khóa luận\dataset\dataset\OTU_2D\train\train_image\375.JPG,c:\Users\PeaceD_Dung\Documents\Khóa luận\dataset\dataset\OTU_2D\train\train_label\label\375.PNG,CASE_375
c:\Users\PeaceD_Dung\Documents\Khóa luận\dataset\dataset\OTU_2D\train\train_image\1180.JPG,c:\Users\PeaceD_Dung\Documents\Khóa luận\dataset\dataset\OTU_2D\train\train_label\label\1180.PNG,CASE_1180
c:\Users\PeaceD_Dung\Documents\Khóa luận\dataset\dataset\OTU_2D\train\train_image\1026.JPG,c:\Users\PeaceD_Dung\Documents\Khóa luận\dataset\dataset\OTU_2D\train\train_label\label\1026.PNG,CASE_1026
c:\Users\PeaceD_Dung\Documents\Khóa luận\dataset\dataset\OTU_2D\train\train_image\393.JPG,c:\Users\PeaceD_Dung\Documents\Khóa luận\dataset\dataset\OTU_2D\train\train_label\label\393.PNG,CASE_393
c:\Users\PeaceD_Dung\Documents\Khóa luận\dataset\dataset\OTU_2D\train\train_image\1060.JPG,c:\Users\PeaceD_Dung\Documents\Khóa luận\dataset\dataset\OTU_2D\train\train_label\label\1060.PNG,CASE_1060
c:\Users\PeaceD_Dung\Documents\Khóa luận\dataset\dataset\OTU_2D\train\train_image\1289.JPG,c:\Users\PeaceD_Dung\Documents\Khóa luận\dataset\dataset\OTU_2D\train\train_label\label\1289.PNG,CASE_1289
c:\Users\PeaceD_Dung\Documents\Khóa luận\dataset\dataset\OTU_2D\train\train_image\169.JPG,c:\Users\PeaceD_Dung\Documents\Khóa luận\dataset\dataset\OTU_2D\train\train_label\label\169.PNG,CASE_169
c:\Users\PeaceD_Dung\Documents\Khóa luận\dataset\dataset\OTU_2D\train\train_image\208.JPG,c:\Users\PeaceD_Dung\Documents\Khóa luận\dataset\dataset\OTU_2D\train\train_label\label\208.PNG,CASE_208
c:\Users\PeaceD_Dung\Documents\Khóa luận\dataset\dataset\OTU_2D\train\train_image\541.JPG,c:\Users\PeaceD_Dung\Documents\Khóa luận\dataset\dataset\OTU_2D\train\train_label\label\541.PNG,CASE_541
c:\Users\PeaceD_Dung\Documents\Khóa luận\dataset\dataset\OTU_2D\train\train_image\190.JPG,c:\Users\PeaceD_Dung\Documents\Khóa luận\dataset\dataset\OTU_2D\train\train_label\label\190.PNG,CASE_190
c:\Users\PeaceD_Dung\Documents\Khóa luận\dataset\dataset\OTU_2D\train\train_image\318.JPG,c:\Users\PeaceD_Dung\Documents\Khóa luận\dataset\dataset\OTU_2D\train\train_label\label\318.PNG,CASE_318
c:\Users\PeaceD_Dung\Documents\Khóa luận\dataset\dataset\OTU_2D\train\train_image\1226.JPG,c:\Users\PeaceD_Dung\Documents\Khóa luận\dataset\dataset\OTU_2D\train\train_label\label\1226.PNG,CASE_1226
c:\Users\PeaceD_Dung\Documents\Khóa luận\dataset\dataset\OTU_2D\train\train_image\1361.JPG,c:\Users\PeaceD_Dung\Documents\Khóa luận\dataset\dataset\OTU_2D\train\train_label\label\1361.PNG,CASE_1361
c:\Users\PeaceD_Dung\Documents\Khóa luận\dataset\dataset\OTU_2D\train\train_image\1150.JPG,c:\Users\PeaceD_Dung\Documents\Khóa luận\dataset\dataset\OTU_2D\train\train_label\label\1150.PNG,CASE_1150
c:\Users\PeaceD_Dung\Documents\Khóa luận\dataset\dataset\OTU_2D\train\train_image\731.JPG,c:\Users\PeaceD_Dung\Documents\Khóa luận\dataset\dataset\OTU_2D\train\train_label\label\731.PNG,CASE_731
c:\Users\PeaceD_Dung\Documents\Khóa luận\dataset\dataset\OTU_2D\train\train_image\556.JPG,c:\Users\PeaceD_Dung\Documents\Khóa luận\dataset\dataset\OTU_2D\train\train_label\label\556.PNG,CASE_556
c:\Users\PeaceD_Dung\Documents\Khóa luận\dataset\dataset\OTU_2D\train\train_image\839.JPG,c:\Users\PeaceD_Dung\Documents\Khóa luận\dataset\dataset\OTU_2D\train\train_label\label\839.PNG,CASE_839
c:\Users\PeaceD_Dung\Documents\Khóa luận\dataset\dataset\OTU_2D\train\train_image\730.JPG,c:\Users\PeaceD_Dung\Documents\Khóa luận\dataset\dataset\OTU_2D\train\train_label\label\730.PNG,CASE_730
c:\Users\PeaceD_Dung\Documents\Khóa luận\dataset\dataset\OTU_2D\train\train_image\22.JPG,c:\Users\PeaceD_Dung\Documents\Khóa luận\dataset\dataset\OTU_2D\train\train_label\label\22.PNG,CASE_22
c:\Users\PeaceD_Dung\Documents\Khóa luận\dataset\dataset\OTU_2D\train\train_image\768.JPG,c:\Users\PeaceD_Dung\Documents\Khóa luận\dataset\dataset\OTU_2D\train\train_label\label\768.PNG,CASE_768
c:\Users\PeaceD_Dung\Documents\Khóa luận\dataset\dataset\OTU_2D\train\train_image\450.JPG,c:\Users\PeaceD_Dung\Documents\Khóa luận\dataset\dataset\OTU_2D\train\train_label\label\450.PNG,CASE_450
c:\Users\PeaceD_Dung\Documents\Khóa luận\dataset\dataset\OTU_2D\train\train_image\489.JPG,c:\Users\PeaceD_Dung\Documents\Khóa luận\dataset\dataset\OTU_2D\train\train_label\label\489.PNG,CASE_489
c:\Users\PeaceD_Dung\Documents\Khóa luận\dataset\dataset\OTU_2D\train\train_image\218.JPG,c:\Users\PeaceD_Dung\Documents\Khóa luận\dataset\dataset\OTU_2D\train\train_label\label\218.PNG,CASE_218
c:\Users\PeaceD_Dung\Documents\Khóa luận\dataset\dataset\OTU_2D\train\train_image\1206.JPG,c:\Users\PeaceD_Dung\Documents\Khóa luận\dataset\dataset\OTU_2D\train\train_label\label\1206.PNG,CASE_1206
c:\Users\PeaceD_Dung\Documents\Khóa luận\dataset\dataset\OTU_2D\train\train_image\23.JPG,c:\Users\PeaceD_Dung\Documents\Khóa luận\dataset\dataset\OTU_2D\train\train_label\label\23.PNG,CASE_23
c:\Users\PeaceD_Dung\Documents\Khóa luận\dataset\dataset\OTU_2D\train\train_image\829.JPG,c:\Users\PeaceD_Dung\Documents\Khóa luận\dataset\dataset\OTU_2D\train\train_label\label\829.PNG,CASE_829
c:\Users\PeaceD_Dung\Documents\Khóa luận\dataset\dataset\OTU_2D\train\train_image\1425.JPG,c:\Users\PeaceD_Dung\Documents\Khóa luận\dataset\dataset\OTU_2D\train\train_label\label\1425.PNG,CASE_1425
c:\Users\PeaceD_Dung\Documents\Khóa luận\dataset\dataset\OTU_2D\train\train_image\492.JPG,c:\Users\PeaceD_Dung\Documents\Khóa luận\dataset\dataset\OTU_2D\train\train_label\label\492.PNG,CASE_492
c:\Users\PeaceD_Dung\Documents\Khóa luận\dataset\dataset\OTU_2D\train\train_image\765.JPG,c:\Users\PeaceD_Dung\Documents\Khóa luận\dataset\dataset\OTU_2D\train\train_label\label\765.PNG,CASE_765
c:\Users\PeaceD_Dung\Documents\Khóa luận\dataset\dataset\OTU_2D\train\train_image\1386.JPG,c:\Users\PeaceD_Dung\Documents\Khóa luận\dataset\dataset\OTU_2D\train\train_label\label\1386.PNG,CASE_1386
c:\Users\PeaceD_Dung\Documents\Khóa luận\dataset\dataset\OTU_2D\train\train_image\1415.JPG,c:\Users\PeaceD_Dung\Documents\Khóa luận\dataset\dataset\OTU_2D\train\train_label\label\1415.PNG,CASE_1415
c:\Users\PeaceD_Dung\Documents\Khóa luận\dataset\dataset\OTU_2D\train\train_image\351.JPG,c:\Users\PeaceD_Dung\Documents\Khóa luận\dataset\dataset\OTU_2D\train\train_label\label\351.PNG,CASE_351
c:\Users\PeaceD_Dung\Documents\Khóa luận\dataset\dataset\OTU_2D\train\train_image\462.JPG,c:\Users\PeaceD_Dung\Documents\Khóa luận\dataset\dataset\OTU_2D\train\train_label\label\462.PNG,CASE_462
c:\Users\PeaceD_Dung\Documents\Khóa luận\dataset\dataset\OTU_2D\train\train_image\851.JPG,c:\Users\PeaceD_Dung\Documents\Khóa luận\dataset\dataset\OTU_2D\train\train_label\label\851.PNG,CASE_851
c:\Users\PeaceD_Dung\Documents\Khóa luận\dataset\dataset\OTU_2D\train\train_image\500.JPG,c:\Users\PeaceD_Dung\Documents\Khóa luận\dataset\dataset\OTU_2D\train\train_label\label\500.PNG,CASE_500
c:\Users\PeaceD_Dung\Documents\Khóa luận\dataset\dataset\OTU_2D\train\train_image\1063.JPG,c:\Users\PeaceD_Dung\Documents\Khóa luận\dataset\dataset\OTU_2D\train\train_label\label\1063.PNG,CASE_1063
c:\Users\PeaceD_Dung\Documents\Khóa luận\dataset\dataset\OTU_2D\train\train_image\272.JPG,c:\Users\PeaceD_Dung\Documents\Khóa luận\dataset\dataset\OTU_2D\train\train_label\label\272.PNG,CASE_272
c:\Users\PeaceD_Dung\Documents\Khóa luận\dataset\dataset\OTU_2D\train\train_image\1228.JPG,c:\Users\PeaceD_Dung\Documents\Khóa luận\dataset\dataset\OTU_2D\train\train_label\label\1228.PNG,CASE_1228
c:\Users\PeaceD_Dung\Documents\Khóa luận\dataset\dataset\OTU_2D\train\train_image\37.JPG,c:\Users\PeaceD_Dung\Documents\Khóa luận\dataset\dataset\OTU_2D\train\train_label\label\37.PNG,CASE_37
c:\Users\PeaceD_Dung\Documents\Khóa luận\dataset\dataset\OTU_2D\train\train_image\410.JPG,c:\Users\PeaceD_Dung\Documents\Khóa luận\dataset\dataset\OTU_2D\train\train_label\label\410.PNG,CASE_410
c:\Users\PeaceD_Dung\Documents\Khóa luận\dataset\dataset\OTU_2D\train\train_image\1212.JPG,c:\Users\PeaceD_Dung\Documents\Khóa luận\dataset\dataset\OTU_2D\train\train_label\label\1212.PNG,CASE_1212
c:\Users\PeaceD_Dung\Documents\Khóa luận\dataset\dataset\OTU_2D\train\train_image\1298.JPG,c:\Users\PeaceD_Dung\Documents\Khóa luận\dataset\dataset\OTU_2D\train\train_label\label\1298.PNG,CASE_1298
c:\Users\PeaceD_Dung\Documents\Khóa luận\dataset\dataset\OTU_2D\train\train_image\307.JPG,c:\Users\PeaceD_Dung\Documents\Khóa luận\dataset\dataset\OTU_2D\train\train_label\label\307.PNG,CASE_307
c:\Users\PeaceD_Dung\Documents\Khóa luận\dataset\dataset\OTU_2D\train\train_image\901.JPG,c:\Users\PeaceD_Dung\Documents\Khóa luận\dataset\dataset\OTU_2D\train\train_label\label\901.PNG,CASE_901
c:\Users\PeaceD_Dung\Documents\Khóa luận\dataset\dataset\OTU_2D\train\train_image\28.JPG,c:\Users\PeaceD_Dung\Documents\Khóa luận\dataset\dataset\OTU_2D\train\train_label\label\28.PNG,CASE_28
c:\Users\PeaceD_Dung\Documents\Khóa luận\dataset\dataset\OTU_2D\train\train_image\131.JPG,c:\Users\PeaceD_Dung\Documents\Khóa luận\dataset\dataset\OTU_2D\train\train_label\label\131.PNG,CASE_131
c:\Users\PeaceD_Dung\Documents\Khóa luận\dataset\dataset\OTU_2D\train\train_image\605.JPG,c:\Users\PeaceD_Dung\Documents\Khóa luận\dataset\dataset\OTU_2D\train\train_label\label\605.PNG,CASE_605
c:\Users\PeaceD_Dung\Documents\Khóa luận\dataset\dataset\OTU_2D\train\train_image\1248.JPG,c:\Users\PeaceD_Dung\Documents\Khóa luận\dataset\dataset\OTU_2D\train\train_label\label\1248.PNG,CASE_1248
c:\Users\PeaceD_Dung\Documents\Khóa luận\dataset\dataset\OTU_2D\train\train_image\584.JPG,c:\Users\PeaceD_Dung\Documents\Khóa luận\dataset\dataset\OTU_2D\train\train_label\label\584.PNG,CASE_584
c:\Users\PeaceD_Dung\Documents\Khóa luận\dataset\dataset\OTU_2D\train\train_image\486.JPG,c:\Users\PeaceD_Dung\Documents\Khóa luận\dataset\dataset\OTU_2D\train\train_label\label\486.PNG,CASE_486
c:\Users\PeaceD_Dung\Documents\Khóa luận\dataset\dataset\OTU_2D\train\train_image\938.JPG,c:\Users\PeaceD_Dung\Documents\Khóa luận\dataset\dataset\OTU_2D\train\train_label\label\938.PNG,CASE_938
c:\Users\PeaceD_Dung\Documents\Khóa luận\dataset\dataset\OTU_2D\train\train_image\278.JPG,c:\Users\PeaceD_Dung\Documents\Khóa luận\dataset\dataset\OTU_2D\train\train_label\label\278.PNG,CASE_278
c:\Users\PeaceD_Dung\Documents\Khóa luận\dataset\dataset\OTU_2D\train\train_image\990.JPG,c:\Users\PeaceD_Dung\Documents\Khóa luận\dataset\dataset\OTU_2D\train\train_label\label\990.PNG,CASE_990
c:\Users\PeaceD_Dung\Documents\Khóa luận\dataset\dataset\OTU_2D\train\train_image\1053.JPG,c:\Users\PeaceD_Dung\Documents\Khóa luận\dataset\dataset\OTU_2D\train\train_label\label\1053.PNG,CASE_1053
c:\Users\PeaceD_Dung\Documents\Khóa luận\dataset\dataset\OTU_2D\train\train_image\485.JPG,c:\Users\PeaceD_Dung\Documents\Khóa luận\dataset\dataset\OTU_2D\train\train_label\label\485.PNG,CASE_485
c:\Users\PeaceD_Dung\Documents\Khóa luận\dataset\dataset\OTU_2D\train\train_image\1050.JPG,c:\Users\PeaceD_Dung\Documents\Khóa luận\dataset\dataset\OTU_2D\train\train_label\label\1050.PNG,CASE_1050
c:\Users\PeaceD_Dung\Documents\Khóa luận\dataset\dataset\OTU_2D\train\train_image\803.JPG,c:\Users\PeaceD_Dung\Documents\Khóa luận\dataset\dataset\OTU_2D\train\train_label\label\803.PNG,CASE_803
c:\Users\PeaceD_Dung\Documents\Khóa luận\dataset\dataset\OTU_2D\train\train_image\478.JPG,c:\Users\PeaceD_Dung\Documents\Khóa luận\dataset\dataset\OTU_2D\train\train_label\label\478.PNG,CASE_478
c:\Users\PeaceD_Dung\Documents\Khóa luận\dataset\dataset\OTU_2D\train\train_image\291.JPG,c:\Users\PeaceD_Dung\Documents\Khóa luận\dataset\dataset\OTU_2D\train\train_label\label\291.PNG,CASE_291
c:\Users\PeaceD_Dung\Documents\Khóa luận\dataset\dataset\OTU_2D\train\train_image\1437.JPG,c:\Users\PeaceD_Dung\Documents\Khóa luận\dataset\dataset\OTU_2D\train\train_label\label\1437.PNG,CASE_1437
c:\Users\PeaceD_Dung\Documents\Khóa luận\dataset\dataset\OTU_2D\train\train_image\1195.JPG,c:\Users\PeaceD_Dung\Documents\Khóa luận\dataset\dataset\OTU_2D\train\train_label\label\1195.PNG,CASE_1195
c:\Users\PeaceD_Dung\Documents\Khóa luận\dataset\dataset\OTU_2D\train\train_image\1216.JPG,c:\Users\PeaceD_Dung\Documents\Khóa luận\dataset\dataset\OTU_2D\train\train_label\label\1216.PNG,CASE_1216
c:\Users\PeaceD_Dung\Documents\Khóa luận\dataset\dataset\OTU_2D\train\train_image\828.JPG,c:\Users\PeaceD_Dung\Documents\Khóa luận\dataset\dataset\OTU_2D\train\train_label\label\828.PNG,CASE_828
c:\Users\PeaceD_Dung\Documents\Khóa luận\dataset\dataset\OTU_2D\train\train_image\674.JPG,c:\Users\PeaceD_Dung\Documents\Khóa luận\dataset\dataset\OTU_2D\train\train_label\label\674.PNG,CASE_674
c:\Users\PeaceD_Dung\Documents\Khóa luận\dataset\dataset\OTU_2D\train\train_image\108.JPG,c:\Users\PeaceD_Dung\Documents\Khóa luận\dataset\dataset\OTU_2D\train\train_label\label\108.PNG,CASE_108
c:\Users\PeaceD_Dung\Documents\Khóa luận\dataset\dataset\OTU_2D\train\train_image\110.JPG,c:\Users\PeaceD_Dung\Documents\Khóa luận\dataset\dataset\OTU_2D\train\train_label\label\110.PNG,CASE_110
c:\Users\PeaceD_Dung\Documents\Khóa luận\dataset\dataset\OTU_2D\train\train_image\728.JPG,c:\Users\PeaceD_Dung\Documents\Khóa luận\dataset\dataset\OTU_2D\train\train_label\label\728.PNG,CASE_728
c:\Users\PeaceD_Dung\Documents\Khóa luận\dataset\dataset\OTU_2D\train\train_image\1320.JPG,c:\Users\PeaceD_Dung\Documents\Khóa luận\dataset\dataset\OTU_2D\train\train_label\label\1320.PNG,CASE_1320
c:\Users\PeaceD_Dung\Documents\Khóa luận\dataset\dataset\OTU_2D\train\train_image\949.JPG,c:\Users\PeaceD_Dung\Documents\Khóa luận\dataset\dataset\OTU_2D\train\train_label\label\949.PNG,CASE_949
c:\Users\PeaceD_Dung\Documents\Khóa luận\dataset\dataset\OTU_2D\train\train_image\332.JPG,c:\Users\PeaceD_Dung\Documents\Khóa luận\dataset\dataset\OTU_2D\train\train_label\label\332.PNG,CASE_332
c:\Users\PeaceD_Dung\Documents\Khóa luận\dataset\dataset\OTU_2D\train\train_image\758.JPG,c:\Users\PeaceD_Dung\Documents\Khóa luận\dataset\dataset\OTU_2D\train\train_label\label\758.PNG,CASE_758
c:\Users\PeaceD_Dung\Documents\Khóa luận\dataset\dataset\OTU_2D\train\train_image\479.JPG,c:\Users\PeaceD_Dung\Documents\Khóa luận\dataset\dataset\OTU_2D\train\train_label\label\479.PNG,CASE_479
c:\Users\PeaceD_Dung\Documents\Khóa luận\dataset\dataset\OTU_2D\train\train_image\1309.JPG,c:\Users\PeaceD_Dung\Documents\Khóa luận\dataset\dataset\OTU_2D\train\train_label\label\1309.PNG,CASE_1309
c:\Users\PeaceD_Dung\Documents\Khóa luận\dataset\dataset\OTU_2D\train\train_image\986.JPG,c:\Users\PeaceD_Dung\Documents\Khóa luận\dataset\dataset\OTU_2D\train\train_label\label\986.PNG,CASE_986
c:\Users\PeaceD_Dung\Documents\Khóa luận\dataset\dataset\OTU_2D\train\train_image\357.JPG,c:\Users\PeaceD_Dung\Documents\Khóa luận\dataset\dataset\OTU_2D\train\train_label\label\357.PNG,CASE_357
c:\Users\PeaceD_Dung\Documents\Khóa luận\dataset\dataset\OTU_2D\train\train_image\214.JPG,c:\Users\PeaceD_Dung\Documents\Khóa luận\dataset\dataset\OTU_2D\train\train_label\label\214.PNG,CASE_214
c:\Users\PeaceD_Dung\Documents\Khóa luận\dataset\dataset\OTU_2D\train\train_image\174.JPG,c:\Users\PeaceD_Dung\Documents\Khóa luận\dataset\dataset\OTU_2D\train\train_label\label\174.PNG,CASE_174
c:\Users\PeaceD_Dung\Documents\Khóa luận\dataset\dataset\OTU_2D\train\train_image\4.JPG,c:\Users\PeaceD_Dung\Documents\Khóa luận\dataset\dataset\OTU_2D\train\train_label\label\4.PNG,CASE_4
c:\Users\PeaceD_Dung\Documents\Khóa luận\dataset\dataset\OTU_2D\train\train_image\519.JPG,c:\Users\PeaceD_Dung\Documents\Khóa luận\dataset\dataset\OTU_2D\train\train_label\label\519.PNG,CASE_519
c:\Users\PeaceD_Dung\Documents\Khóa luận\dataset\dataset\OTU_2D\train\train_image\279.JPG,c:\Users\PeaceD_Dung\Documents\Khóa luận\dataset\dataset\OTU_2D\train\train_label\label\279.PNG,CASE_279
c:\Users\PeaceD_Dung\Documents\Khóa luận\dataset\dataset\OTU_2D\train\train_image\93.JPG,c:\Users\PeaceD_Dung\Documents\Khóa luận\dataset\dataset\OTU_2D\train\train_label\label\93.PNG,CASE_93
c:\Users\PeaceD_Dung\Documents\Khóa luận\dataset\dataset\OTU_2D\train\train_image\590.JPG,c:\Users\PeaceD_Dung\Documents\Khóa luận\dataset\dataset\OTU_2D\train\train_label\label\590.PNG,CASE_590
c:\Users\PeaceD_Dung\Documents\Khóa luận\dataset\dataset\OTU_2D\train\train_image\788.JPG,c:\Users\PeaceD_Dung\Documents\Khóa luận\dataset\dataset\OTU_2D\train\train_label\label\788.PNG,CASE_788
c:\Users\PeaceD_Dung\Documents\Khóa luận\dataset\dataset\OTU_2D\train\train_image\1345.JPG,c:\Users\PeaceD_Dung\Documents\Khóa luận\dataset\dataset\OTU_2D\train\train_label\label\1345.PNG,CASE_1345
c:\Users\PeaceD_Dung\Documents\Khóa luận\dataset\dataset\OTU_2D\train\train_image\861.JPG,c:\Users\PeaceD_Dung\Documents\Khóa luận\dataset\dataset\OTU_2D\train\train_label\label\861.PNG,CASE_861
c:\Users\PeaceD_Dung\Documents\Khóa luận\dataset\dataset\OTU_2D\train\train_image\892.JPG,c:\Users\PeaceD_Dung\Documents\Khóa luận\dataset\dataset\OTU_2D\train\train_label\label\892.PNG,CASE_892
c:\Users\PeaceD_Dung\Documents\Khóa luận\dataset\dataset\OTU_2D\train\train_image\624.JPG,c:\Users\PeaceD_Dung\Documents\Khóa luận\dataset\dataset\OTU_2D\train\train_label\label\624.PNG,CASE_624
c:\Users\PeaceD_Dung\Documents\Khóa luận\dataset\dataset\OTU_2D\train\train_image\417.JPG,c:\Users\PeaceD_Dung\Documents\Khóa luận\dataset\dataset\OTU_2D\train\train_label\label\417.PNG,CASE_417
c:\Users\PeaceD_Dung\Documents\Khóa luận\dataset\dataset\OTU_2D\train\train_image\104.JPG,c:\Users\PeaceD_Dung\Documents\Khóa luận\dataset\dataset\OTU_2D\train\train_label\label\104.PNG,CASE_104
c:\Users\PeaceD_Dung\Documents\Khóa luận\dataset\dataset\OTU_2D\train\train_image\67.JPG,c:\Users\PeaceD_Dung\Documents\Khóa luận\dataset\dataset\OTU_2D\train\train_label\label\67.PNG,CASE_67
c:\Users\PeaceD_Dung\Documents\Khóa luận\dataset\dataset\OTU_2D\train\train_image\327.JPG,c:\Users\PeaceD_Dung\Documents\Khóa luận\dataset\dataset\OTU_2D\train\train_label\label\327.PNG,CASE_327
c:\Users\PeaceD_Dung\Documents\Khóa luận\dataset\dataset\OTU_2D\train\train_image\117.JPG,c:\Users\PeaceD_Dung\Documents\Khóa luận\dataset\dataset\OTU_2D\train\train_label\label\117.PNG,CASE_117
c:\Users\PeaceD_Dung\Documents\Khóa luận\dataset\dataset\OTU_2D\train\train_image\1192.JPG,c:\Users\PeaceD_Dung\Documents\Khóa luận\dataset\dataset\OTU_2D\train\train_label\label\1192.PNG,CASE_1192
c:\Users\PeaceD_Dung\Documents\Khóa luận\dataset\dataset\OTU_2D\train\train_image\18.JPG,c:\Users\PeaceD_Dung\Documents\Khóa luận\dataset\dataset\OTU_2D\train\train_label\label\18.PNG,CASE_18
c:\Users\PeaceD_Dung\Documents\Khóa luận\dataset\dataset\OTU_2D\train\train_image\1197.JPG,c:\Users\PeaceD_Dung\Documents\Khóa luận\dataset\dataset\OTU_2D\train\train_label\label\1197.PNG,CASE_1197
c:\Users\PeaceD_Dung\Documents\Khóa luận\dataset\dataset\OTU_2D\train\train_image\366.JPG,c:\Users\PeaceD_Dung\Documents\Khóa luận\dataset\dataset\OTU_2D\train\train_label\label\366.PNG,CASE_366
c:\Users\PeaceD_Dung\Documents\Khóa luận\dataset\dataset\OTU_2D\train\train_image\1281.JPG,c:\Users\PeaceD_Dung\Documents\Khóa luận\dataset\dataset\OTU_2D\train\train_label\label\1281.PNG,CASE_1281
c:\Users\PeaceD_Dung\Documents\Khóa luận\dataset\dataset\OTU_2D\train\train_image\1436.JPG,c:\Users\PeaceD_Dung\Documents\Khóa luận\dataset\dataset\OTU_2D\train\train_label\label\1436.PNG,CASE_1436
c:\Users\PeaceD_Dung\Documents\Khóa luận\dataset\dataset\OTU_2D\train\train_image\415.JPG,c:\Users\PeaceD_Dung\Documents\Khóa luận\dataset\dataset\OTU_2D\train\train_label\label\415.PNG,CASE_415
c:\Users\PeaceD_Dung\Documents\Khóa luận\dataset\dataset\OTU_2D\train\train_image\1072.JPG,c:\Users\PeaceD_Dung\Documents\Khóa luận\dataset\dataset\OTU_2D\train\train_label\label\1072.PNG,CASE_1072
c:\Users\PeaceD_Dung\Documents\Khóa luận\dataset\dataset\OTU_2D\train\train_image\1151.JPG,c:\Users\PeaceD_Dung\Documents\Khóa luận\dataset\dataset\OTU_2D\train\train_label\label\1151.PNG,CASE_1151
c:\Users\PeaceD_Dung\Documents\Khóa luận\dataset\dataset\OTU_2D\train\train_image\692.JPG,c:\Users\PeaceD_Dung\Documents\Khóa luận\dataset\dataset\OTU_2D\train\train_label\label\692.PNG,CASE_692
c:\Users\PeaceD_Dung\Documents\Khóa luận\dataset\dataset\OTU_2D\train\train_image\518.JPG,c:\Users\PeaceD_Dung\Documents\Khóa luận\dataset\dataset\OTU_2D\train\train_label\label\518.PNG,CASE_518
c:\Users\PeaceD_Dung\Documents\Khóa luận\dataset\dataset\OTU_2D\train\train_image\426.JPG,c:\Users\PeaceD_Dung\Documents\Khóa luận\dataset\dataset\OTU_2D\train\train_label\label\426.PNG,CASE_426
c:\Users\PeaceD_Dung\Documents\Khóa luận\dataset\dataset\OTU_2D\train\train_image\432.JPG,c:\Users\PeaceD_Dung\Documents\Khóa luận\dataset\dataset\OTU_2D\train\train_label\label\432.PNG,CASE_432
c:\Users\PeaceD_Dung\Documents\Khóa luận\dataset\dataset\OTU_2D\train\train_image\346.JPG,c:\Users\PeaceD_Dung\Documents\Khóa luận\dataset\dataset\OTU_2D\train\train_label\label\346.PNG,CASE_346
c:\Users\PeaceD_Dung\Documents\Khóa luận\dataset\dataset\OTU_2D\train\train_image\859.JPG,c:\Users\PeaceD_Dung\Documents\Khóa luận\dataset\dataset\OTU_2D\train\train_label\label\859.PNG,CASE_859
c:\Users\PeaceD_Dung\Documents\Khóa luận\dataset\dataset\OTU_2D\train\train_image\1264.JPG,c:\Users\PeaceD_Dung\Documents\Khóa luận\dataset\dataset\OTU_2D\train\train_label\label\1264.PNG,CASE_1264
c:\Users\PeaceD_Dung\Documents\Khóa luận\dataset\dataset\OTU_2D\train\train_image\192.JPG,c:\Users\PeaceD_Dung\Documents\Khóa luận\dataset\dataset\OTU_2D\train\train_label\label\192.PNG,CASE_192
c:\Users\PeaceD_Dung\Documents\Khóa luận\dataset\dataset\OTU_2D\train\train_image\314.JPG,c:\Users\PeaceD_Dung\Documents\Khóa luận\dataset\dataset\OTU_2D\train\train_label\label\314.PNG,CASE_314
c:\Users\PeaceD_Dung\Documents\Khóa luận\dataset\dataset\OTU_2D\train\train_image\796.JPG,c:\Users\PeaceD_Dung\Documents\Khóa luận\dataset\dataset\OTU_2D\train\train_label\label\796.PNG,CASE_796
c:\Users\PeaceD_Dung\Documents\Khóa luận\dataset\dataset\OTU_2D\train\train_image\1251.JPG,c:\Users\PeaceD_Dung\Documents\Khóa luận\dataset\dataset\OTU_2D\train\train_label\label\1251.PNG,CASE_1251
c:\Users\PeaceD_Dung\Documents\Khóa luận\dataset\dataset\OTU_2D\train\train_image\42.JPG,c:\Users\PeaceD_Dung\Documents\Khóa luận\dataset\dataset\OTU_2D\train\train_label\label\42.PNG,CASE_42
c:\Users\PeaceD_Dung\Documents\Khóa luận\dataset\dataset\OTU_2D\train\train_image\1456.JPG,c:\Users\PeaceD_Dung\Documents\Khóa luận\dataset\dataset\OTU_2D\train\train_label\label\1456.PNG,CASE_1456
c:\Users\PeaceD_Dung\Documents\Khóa luận\dataset\dataset\OTU_2D\train\train_image\1332.JPG,c:\Users\PeaceD_Dung\Documents\Khóa luận\dataset\dataset\OTU_2D\train\train_label\label\1332.PNG,CASE_1332
c:\Users\PeaceD_Dung\Documents\Khóa luận\dataset\dataset\OTU_2D\train\train_image\409.JPG,c:\Users\PeaceD_Dung\Documents\Khóa luận\dataset\dataset\OTU_2D\train\train_label\label\409.PNG,CASE_409
c:\Users\PeaceD_Dung\Documents\Khóa luận\dataset\dataset\OTU_2D\train\train_image\975.JPG,c:\Users\PeaceD_Dung\Documents\Khóa luận\dataset\dataset\OTU_2D\train\train_label\label\975.PNG,CASE_975
c:\Users\PeaceD_Dung\Documents\Khóa luận\dataset\dataset\OTU_2D\train\train_image\527.JPG,c:\Users\PeaceD_Dung\Documents\Khóa luận\dataset\dataset\OTU_2D\train\train_label\label\527.PNG,CASE_527
c:\Users\PeaceD_Dung\Documents\Khóa luận\dataset\dataset\OTU_2D\train\train_image\1349.JPG,c:\Users\PeaceD_Dung\Documents\Khóa luận\dataset\dataset\OTU_2D\train\train_label\label\1349.PNG,CASE_1349
c:\Users\PeaceD_Dung\Documents\Khóa luận\dataset\dataset\OTU_2D\train\train_image\597.JPG,c:\Users\PeaceD_Dung\Documents\Khóa luận\dataset\dataset\OTU_2D\train\train_label\label\597.PNG,CASE_597
c:\Users\PeaceD_Dung\Documents\Khóa luận\dataset\dataset\OTU_2D\train\train_image\857.JPG,c:\Users\PeaceD_Dung\Documents\Khóa luận\dataset\dataset\OTU_2D\train\train_label\label\857.PNG,CASE_857
c:\Users\PeaceD_Dung\Documents\Khóa luận\dataset\dataset\OTU_2D\train\train_image\389.JPG,c:\Users\PeaceD_Dung\Documents\Khóa luận\dataset\dataset\OTU_2D\train\train_label\label\389.PNG,CASE_389
c:\Users\PeaceD_Dung\Documents\Khóa luận\dataset\dataset\OTU_2D\train\train_image\1247.JPG,c:\Users\PeaceD_Dung\Documents\Khóa luận\dataset\dataset\OTU_2D\train\train_label\label\1247.PNG,CASE_1247
c:\Users\PeaceD_Dung\Documents\Khóa luận\dataset\dataset\OTU_2D\train\train_image\49.JPG,c:\Users\PeaceD_Dung\Documents\Khóa luận\dataset\dataset\OTU_2D\train\train_label\label\49.PNG,CASE_49
c:\Users\PeaceD_Dung\Documents\Khóa luận\dataset\dataset\OTU_2D\train\train_image\832.JPG,c:\Users\PeaceD_Dung\Documents\Khóa luận\dataset\dataset\OTU_2D\train\train_label\label\832.PNG,CASE_832
c:\Users\PeaceD_Dung\Documents\Khóa luận\dataset\dataset\OTU_2D\train\train_image\1334.JPG,c:\Users\PeaceD_Dung\Documents\Khóa luận\dataset\dataset\OTU_2D\train\train_label\label\1334.PNG,CASE_1334
c:\Users\PeaceD_Dung\Documents\Khóa luận\dataset\dataset\OTU_2D\train\train_image\53.JPG,c:\Users\PeaceD_Dung\Documents\Khóa luận\dataset\dataset\OTU_2D\train\train_label\label\53.PNG,CASE_53
c:\Users\PeaceD_Dung\Documents\Khóa luận\dataset\dataset\OTU_2D\train\train_image\425.JPG,c:\Users\PeaceD_Dung\Documents\Khóa luận\dataset\dataset\OTU_2D\train\train_label\label\425.PNG,CASE_425
c:\Users\PeaceD_Dung\Documents\Khóa luận\dataset\dataset\OTU_2D\train\train_image\40.JPG,c:\Users\PeaceD_Dung\Documents\Khóa luận\dataset\dataset\OTU_2D\train\train_label\label\40.PNG,CASE_40
c:\Users\PeaceD_Dung\Documents\Khóa luận\dataset\dataset\OTU_2D\train\train_image\1107.JPG,c:\Users\PeaceD_Dung\Documents\Khóa luận\dataset\dataset\OTU_2D\train\train_label\label\1107.PNG,CASE_1107
c:\Users\PeaceD_Dung\Documents\Khóa luận\dataset\dataset\OTU_2D\train\train_image\738.JPG,c:\Users\PeaceD_Dung\Documents\Khóa luận\dataset\dataset\OTU_2D\train\train_label\label\738.PNG,CASE_738
c:\Users\PeaceD_Dung\Documents\Khóa luận\dataset\dataset\OTU_2D\train\train_image\668.JPG,c:\Users\PeaceD_Dung\Documents\Khóa luận\dataset\dataset\OTU_2D\train\train_label\label\668.PNG,CASE_668
c:\Users\PeaceD_Dung\Documents\Khóa luận\dataset\dataset\OTU_2D\train\train_image\449.JPG,c:\Users\PeaceD_Dung\Documents\Khóa luận\dataset\dataset\OTU_2D\train\train_label\label\449.PNG,CASE_449
c:\Users\PeaceD_Dung\Documents\Khóa luận\dataset\dataset\OTU_2D\train\train_image\801.JPG,c:\Users\PeaceD_Dung\Documents\Khóa luận\dataset\dataset\OTU_2D\train\train_label\label\801.PNG,CASE_801
c:\Users\PeaceD_Dung\Documents\Khóa luận\dataset\dataset\OTU_2D\train\train_image\319.JPG,c:\Users\PeaceD_Dung\Documents\Khóa luận\dataset\dataset\OTU_2D\train\train_label\label\319.PNG,CASE_319
c:\Users\PeaceD_Dung\Documents\Khóa luận\dataset\dataset\OTU_2D\train\train_image\589.JPG,c:\Users\PeaceD_Dung\Documents\Khóa luận\dataset\dataset\OTU_2D\train\train_label\label\589.PNG,CASE_589
c:\Users\PeaceD_Dung\Documents\Khóa luận\dataset\dataset\OTU_2D\train\train_image\797.JPG,c:\Users\PeaceD_Dung\Documents\Khóa luận\dataset\dataset\OTU_2D\train\train_label\label\797.PNG,CASE_797
c:\Users\PeaceD_Dung\Documents\Khóa luận\dataset\dataset\OTU_2D\train\train_image\1439.JPG,c:\Users\PeaceD_Dung\Documents\Khóa luận\dataset\dataset\OTU_2D\train\train_label\label\1439.PNG,CASE_1439
c:\Users\PeaceD_Dung\Documents\Khóa luận\dataset\dataset\OTU_2D\train\train_image\717.JPG,c:\Users\PeaceD_Dung\Documents\Khóa luận\dataset\dataset\OTU_2D\train\train_label\label\717.PNG,CASE_717
c:\Users\PeaceD_Dung\Documents\Khóa luận\dataset\dataset\OTU_2D\train\train_image\815.JPG,c:\Users\PeaceD_Dung\Documents\Khóa luận\dataset\dataset\OTU_2D\train\train_label\label\815.PNG,CASE_815
c:\Users\PeaceD_Dung\Documents\Khóa luận\dataset\dataset\OTU_2D\train\train_image\360.JPG,c:\Users\PeaceD_Dung\Documents\Khóa luận\dataset\dataset\OTU_2D\train\train_label\label\360.PNG,CASE_360
c:\Users\PeaceD_Dung\Documents\Khóa luận\dataset\dataset\OTU_2D\train\train_image\1213.JPG,c:\Users\PeaceD_Dung\Documents\Khóa luận\dataset\dataset\OTU_2D\train\train_label\label\1213.PNG,CASE_1213
c:\Users\PeaceD_Dung\Documents\Khóa luận\dataset\dataset\OTU_2D\train\train_image\1164.JPG,c:\Users\PeaceD_Dung\Documents\Khóa luận\dataset\dataset\OTU_2D\train\train_label\label\1164.PNG,CASE_1164
c:\Users\PeaceD_Dung\Documents\Khóa luận\dataset\dataset\OTU_2D\train\train_image\17.JPG,c:\Users\PeaceD_Dung\Documents\Khóa luận\dataset\dataset\OTU_2D\train\train_label\label\17.PNG,CASE_17
c:\Users\PeaceD_Dung\Documents\Khóa luận\dataset\dataset\OTU_2D\train\train_image\1318.JPG,c:\Users\PeaceD_Dung\Documents\Khóa luận\dataset\dataset\OTU_2D\train\train_label\label\1318.PNG,CASE_1318
c:\Users\PeaceD_Dung\Documents\Khóa luận\dataset\dataset\OTU_2D\train\train_image\406.JPG,c:\Users\PeaceD_Dung\Documents\Khóa luận\dataset\dataset\OTU_2D\train\train_label\label\406.PNG,CASE_406
c:\Users\PeaceD_Dung\Documents\Khóa luận\dataset\dataset\OTU_2D\train\train_image\1433.JPG,c:\Users\PeaceD_Dung\Documents\Khóa luận\dataset\dataset\OTU_2D\train\train_label\label\1433.PNG,CASE_1433
c:\Users\PeaceD_Dung\Documents\Khóa luận\dataset\dataset\OTU_2D\train\train_image\195.JPG,c:\Users\PeaceD_Dung\Documents\Khóa luận\dataset\dataset\OTU_2D\train\train_label\label\195.PNG,CASE_195
c:\Users\PeaceD_Dung\Documents\Khóa luận\dataset\dataset\OTU_2D\train\train_image\954.JPG,c:\Users\PeaceD_Dung\Documents\Khóa luận\dataset\dataset\OTU_2D\train\train_label\label\954.PNG,CASE_954
c:\Users\PeaceD_Dung\Documents\Khóa luận\dataset\dataset\OTU_2D\train\train_image\725.JPG,c:\Users\PeaceD_Dung\Documents\Khóa luận\dataset\dataset\OTU_2D\train\train_label\label\725.PNG,CASE_725
c:\Users\PeaceD_Dung\Documents\Khóa luận\dataset\dataset\OTU_2D\train\train_image\1287.JPG,c:\Users\PeaceD_Dung\Documents\Khóa luận\dataset\dataset\OTU_2D\train\train_label\label\1287.PNG,CASE_1287
c:\Users\PeaceD_Dung\Documents\Khóa luận\dataset\dataset\OTU_2D\train\train_image\525.JPG,c:\Users\PeaceD_Dung\Documents\Khóa luận\dataset\dataset\OTU_2D\train\train_label\label\525.PNG,CASE_525
c:\Users\PeaceD_Dung\Documents\Khóa luận\dataset\dataset\OTU_2D\train\train_image\726.JPG,c:\Users\PeaceD_Dung\Documents\Khóa luận\dataset\dataset\OTU_2D\train\train_label\label\726.PNG,CASE_726
c:\Users\PeaceD_Dung\Documents\Khóa luận\dataset\dataset\OTU_2D\train\train_image\575.JPG,c:\Users\PeaceD_Dung\Documents\Khóa luận\dataset\dataset\OTU_2D\train\train_label\label\575.PNG,CASE_575
c:\Users\PeaceD_Dung\Documents\Khóa luận\dataset\dataset\OTU_2D\train\train_image\282.JPG,c:\Users\PeaceD_Dung\Documents\Khóa luận\dataset\dataset\OTU_2D\train\train_label\label\282.PNG,CASE_282
c:\Users\PeaceD_Dung\Documents\Khóa luận\dataset\dataset\OTU_2D\train\train_image\372.JPG,c:\Users\PeaceD_Dung\Documents\Khóa luận\dataset\dataset\OTU_2D\train\train_label\label\372.PNG,CASE_372
c:\Users\PeaceD_Dung\Documents\Khóa luận\dataset\dataset\OTU_2D\train\train_image\172.JPG,c:\Users\PeaceD_Dung\Documents\Khóa luận\dataset\dataset\OTU_2D\train\train_label\label\172.PNG,CASE_172
c:\Users\PeaceD_Dung\Documents\Khóa luận\dataset\dataset\OTU_2D\train\train_image\297.JPG,c:\Users\PeaceD_Dung\Documents\Khóa luận\dataset\dataset\OTU_2D\train\train_label\label\297.PNG,CASE_297
c:\Users\PeaceD_Dung\Documents\Khóa luận\dataset\dataset\OTU_2D\train\train_image\756.JPG,c:\Users\PeaceD_Dung\Documents\Khóa luận\dataset\dataset\OTU_2D\train\train_label\label\756.PNG,CASE_756
c:\Users\PeaceD_Dung\Documents\Khóa luận\dataset\dataset\OTU_2D\train\train_image\781.JPG,c:\Users\PeaceD_Dung\Documents\Khóa luận\dataset\dataset\OTU_2D\train\train_label\label\781.PNG,CASE_781
c:\Users\PeaceD_Dung\Documents\Khóa luận\dataset\dataset\OTU_2D\train\train_image\1021.JPG,c:\Users\PeaceD_Dung\Documents\Khóa luận\dataset\dataset\OTU_2D\train\train_label\label\1021.PNG,CASE_1021
c:\Users\PeaceD_Dung\Documents\Khóa luận\dataset\dataset\OTU_2D\train\train_image\680.JPG,c:\Users\PeaceD_Dung\Documents\Khóa luận\dataset\dataset\OTU_2D\train\train_label\label\680.PNG,CASE_680
c:\Users\PeaceD_Dung\Documents\Khóa luận\dataset\dataset\OTU_2D\train\train_image\813.JPG,c:\Users\PeaceD_Dung\Documents\Khóa luận\dataset\dataset\OTU_2D\train\train_label\label\813.PNG,CASE_813
c:\Users\PeaceD_Dung\Documents\Khóa luận\dataset\dataset\OTU_2D\train\train_image\65.JPG,c:\Users\PeaceD_Dung\Documents\Khóa luận\dataset\dataset\OTU_2D\train\train_label\label\65.PNG,CASE_65
c:\Users\PeaceD_Dung\Documents\Khóa luận\dataset\dataset\OTU_2D\train\train_image\1431.JPG,c:\Users\PeaceD_Dung\Documents\Khóa luận\dataset\dataset\OTU_2D\train\train_label\label\1431.PNG,CASE_1431
c:\Users\PeaceD_Dung\Documents\Khóa luận\dataset\dataset\OTU_2D\train\train_image\219.JPG,c:\Users\PeaceD_Dung\Documents\Khóa luận\dataset\dataset\OTU_2D\train\train_label\label\219.PNG,CASE_219
c:\Users\PeaceD_Dung\Documents\Khóa luận\dataset\dataset\OTU_2D\train\train_image\335.JPG,c:\Users\PeaceD_Dung\Documents\Khóa luận\dataset\dataset\OTU_2D\train\train_label\label\335.PNG,CASE_335
c:\Users\PeaceD_Dung\Documents\Khóa luận\dataset\dataset\OTU_2D\train\train_image\91.JPG,c:\Users\PeaceD_Dung\Documents\Khóa luận\dataset\dataset\OTU_2D\train\train_label\label\91.PNG,CASE_91
c:\Users\PeaceD_Dung\Documents\Khóa luận\dataset\dataset\OTU_2D\train\train_image\667.JPG,c:\Users\PeaceD_Dung\Documents\Khóa luận\dataset\dataset\OTU_2D\train\train_label\label\667.PNG,CASE_667
c:\Users\PeaceD_Dung\Documents\Khóa luận\dataset\dataset\OTU_2D\train\train_image\794.JPG,c:\Users\PeaceD_Dung\Documents\Khóa luận\dataset\dataset\OTU_2D\train\train_label\label\794.PNG,CASE_794
c:\Users\PeaceD_Dung\Documents\Khóa luận\dataset\dataset\OTU_2D\train\train_image\555.JPG,c:\Users\PeaceD_Dung\Documents\Khóa luận\dataset\dataset\OTU_2D\train\train_label\label\555.PNG,CASE_555
c:\Users\PeaceD_Dung\Documents\Khóa luận\dataset\dataset\OTU_2D\train\train_image\1328.JPG,c:\Users\PeaceD_Dung\Documents\Khóa luận\dataset\dataset\OTU_2D\train\train_label\label\1328.PNG,CASE_1328
c:\Users\PeaceD_Dung\Documents\Khóa luận\dataset\dataset\OTU_2D\train\train_image\1165.JPG,c:\Users\PeaceD_Dung\Documents\Khóa luận\dataset\dataset\OTU_2D\train\train_label\label\1165.PNG,CASE_1165
c:\Users\PeaceD_Dung\Documents\Khóa luận\dataset\dataset\OTU_2D\train\train_image\236.JPG,c:\Users\PeaceD_Dung\Documents\Khóa luận\dataset\dataset\OTU_2D\train\train_label\label\236.PNG,CASE_236
c:\Users\PeaceD_Dung\Documents\Khóa luận\dataset\dataset\OTU_2D\train\train_image\298.JPG,c:\Users\PeaceD_Dung\Documents\Khóa luận\dataset\dataset\OTU_2D\train\train_label\label\298.PNG,CASE_298
c:\Users\PeaceD_Dung\Documents\Khóa luận\dataset\dataset\OTU_2D\train\train_image\875.JPG,c:\Users\PeaceD_Dung\Documents\Khóa luận\dataset\dataset\OTU_2D\train\train_label\label\875.PNG,CASE_875
c:\Users\PeaceD_Dung\Documents\Khóa luận\dataset\dataset\OTU_2D\train\train_image\1193.JPG,c:\Users\PeaceD_Dung\Documents\Khóa luận\dataset\dataset\OTU_2D\train\train_label\label\1193.PNG,CASE_1193
c:\Users\PeaceD_Dung\Documents\Khóa luận\dataset\dataset\OTU_2D\train\train_image\876.JPG,c:\Users\PeaceD_Dung\Documents\Khóa luận\dataset\dataset\OTU_2D\train\train_label\label\876.PNG,CASE_876
c:\Users\PeaceD_Dung\Documents\Khóa luận\dataset\dataset\OTU_2D\train\train_image\1292.JPG,c:\Users\PeaceD_Dung\Documents\Khóa luận\dataset\dataset\OTU_2D\train\train_label\label\1292.PNG,CASE_1292
c:\Users\PeaceD_Dung\Documents\Khóa luận\dataset\dataset\OTU_2D\train\train_image\780.JPG,c:\Users\PeaceD_Dung\Documents\Khóa luận\dataset\dataset\OTU_2D\train\train_label\label\780.PNG,CASE_780
c:\Users\PeaceD_Dung\Documents\Khóa luận\dataset\dataset\OTU_2D\train\train_image\1172.JPG,c:\Users\PeaceD_Dung\Documents\Khóa luận\dataset\dataset\OTU_2D\train\train_label\label\1172.PNG,CASE_1172
c:\Users\PeaceD_Dung\Documents\Khóa luận\dataset\dataset\OTU_2D\train\train_image\119.JPG,c:\Users\PeaceD_Dung\Documents\Khóa luận\dataset\dataset\OTU_2D\train\train_label\label\119.PNG,CASE_119
c:\Users\PeaceD_Dung\Documents\Khóa luận\dataset\dataset\OTU_2D\train\train_image\822.JPG,c:\Users\PeaceD_Dung\Documents\Khóa luận\dataset\dataset\OTU_2D\train\train_label\label\822.PNG,CASE_822
c:\Users\PeaceD_Dung\Documents\Khóa luận\dataset\dataset\OTU_2D\train\train_image\712.JPG,c:\Users\PeaceD_Dung\Documents\Khóa luận\dataset\dataset\OTU_2D\train\train_label\label\712.PNG,CASE_712
c:\Users\PeaceD_Dung\Documents\Khóa luận\dataset\dataset\OTU_2D\train\train_image\1312.JPG,c:\Users\PeaceD_Dung\Documents\Khóa luận\dataset\dataset\OTU_2D\train\train_label\label\1312.PNG,CASE_1312
c:\Users\PeaceD_Dung\Documents\Khóa luận\dataset\dataset\OTU_2D\train\train_image\60.JPG,c:\Users\PeaceD_Dung\Documents\Khóa luận\dataset\dataset\OTU_2D\train\train_label\label\60.PNG,CASE_60
c:\Users\PeaceD_Dung\Documents\Khóa luận\dataset\dataset\OTU_2D\train\train_image\283.JPG,c:\Users\PeaceD_Dung\Documents\Khóa luận\dataset\dataset\OTU_2D\train\train_label\label\283.PNG,CASE_283
c:\Users\PeaceD_Dung\Documents\Khóa luận\dataset\dataset\OTU_2D\train\train_image\86.JPG,c:\Users\PeaceD_Dung\Documents\Khóa luận\dataset\dataset\OTU_2D\train\train_label\label\86.PNG,CASE_86
c:\Users\PeaceD_Dung\Documents\Khóa luận\dataset\dataset\OTU_2D\train\train_image\1223.JPG,c:\Users\PeaceD_Dung\Documents\Khóa luận\dataset\dataset\OTU_2D\train\train_label\label\1223.PNG,CASE_1223
c:\Users\PeaceD_Dung\Documents\Khóa luận\dataset\dataset\OTU_2D\train\train_image\311.JPG,c:\Users\PeaceD_Dung\Documents\Khóa luận\dataset\dataset\OTU_2D\train\train_label\label\311.PNG,CASE_311
c:\Users\PeaceD_Dung\Documents\Khóa luận\dataset\dataset\OTU_2D\train\train_image\458.JPG,c:\Users\PeaceD_Dung\Documents\Khóa luận\dataset\dataset\OTU_2D\train\train_label\label\458.PNG,CASE_458
c:\Users\PeaceD_Dung\Documents\Khóa luận\dataset\dataset\OTU_2D\train\train_image\1343.JPG,c:\Users\PeaceD_Dung\Documents\Khóa luận\dataset\dataset\OTU_2D\train\train_label\label\1343.PNG,CASE_1343
c:\Users\PeaceD_Dung\Documents\Khóa luận\dataset\dataset\OTU_2D\train\train_image\418.JPG,c:\Users\PeaceD_Dung\Documents\Khóa luận\dataset\dataset\OTU_2D\train\train_label\label\418.PNG,CASE_418
c:\Users\PeaceD_Dung\Documents\Khóa luận\dataset\dataset\OTU_2D\train\train_image\1156.JPG,c:\Users\PeaceD_Dung\Documents\Khóa luận\dataset\dataset\OTU_2D\train\train_label\label\1156.PNG,CASE_1156
c:\Users\PeaceD_Dung\Documents\Khóa luận\dataset\dataset\OTU_2D\train\train_image\1019.JPG,c:\Users\PeaceD_Dung\Documents\Khóa luận\dataset\dataset\OTU_2D\train\train_label\label\1019.PNG,CASE_1019
c:\Users\PeaceD_Dung\Documents\Khóa luận\dataset\dataset\OTU_2D\train\train_image\1344.JPG,c:\Users\PeaceD_Dung\Documents\Khóa luận\dataset\dataset\OTU_2D\train\train_label\label\1344.PNG,CASE_1344
c:\Users\PeaceD_Dung\Documents\Khóa luận\dataset\dataset\OTU_2D\train\train_image\1155.JPG,c:\Users\PeaceD_Dung\Documents\Khóa luận\dataset\dataset\OTU_2D\train\train_label\label\1155.PNG,CASE_1155
c:\Users\PeaceD_Dung\Documents\Khóa luận\dataset\dataset\OTU_2D\train\train_image\1148.JPG,c:\Users\PeaceD_Dung\Documents\Khóa luận\dataset\dataset\OTU_2D\train\train_label\label\1148.PNG,CASE_1148
c:\Users\PeaceD_Dung\Documents\Khóa luận\dataset\dataset\OTU_2D\train\train_image\1198.JPG,c:\Users\PeaceD_Dung\Documents\Khóa luận\dataset\dataset\OTU_2D\train\train_label\label\1198.PNG,CASE_1198
c:\Users\PeaceD_Dung\Documents\Khóa luận\dataset\dataset\OTU_2D\train\train_image\384.JPG,c:\Users\PeaceD_Dung\Documents\Khóa luận\dataset\dataset\OTU_2D\train\train_label\label\384.PNG,CASE_384
c:\Users\PeaceD_Dung\Documents\Khóa luận\dataset\dataset\OTU_2D\train\train_image\470.JPG,c:\Users\PeaceD_Dung\Documents\Khóa luận\dataset\dataset\OTU_2D\train\train_label\label\470.PNG,CASE_470
c:\Users\PeaceD_Dung\Documents\Khóa luận\dataset\dataset\OTU_2D\train\train_image\1333.JPG,c:\Users\PeaceD_Dung\Documents\Khóa luận\dataset\dataset\OTU_2D\train\train_label\label\1333.PNG,CASE_1333
c:\Users\PeaceD_Dung\Documents\Khóa luận\dataset\dataset\OTU_2D\train\train_image\147.JPG,c:\Users\PeaceD_Dung\Documents\Khóa luận\dataset\dataset\OTU_2D\train\train_label\label\147.PNG,CASE_147
c:\Users\PeaceD_Dung\Documents\Khóa luận\dataset\dataset\OTU_2D\train\train_image\1294.JPG,c:\Users\PeaceD_Dung\Documents\Khóa luận\dataset\dataset\OTU_2D\train\train_label\label\1294.PNG,CASE_1294
c:\Users\PeaceD_Dung\Documents\Khóa luận\dataset\dataset\OTU_2D\train\train_image\1097.JPG,c:\Users\PeaceD_Dung\Documents\Khóa luận\dataset\dataset\OTU_2D\train\train_label\label\1097.PNG,CASE_1097
c:\Users\PeaceD_Dung\Documents\Khóa luận\dataset\dataset\OTU_2D\train\train_image\402.JPG,c:\Users\PeaceD_Dung\Documents\Khóa luận\dataset\dataset\OTU_2D\train\train_label\label\402.PNG,CASE_402
c:\Users\PeaceD_Dung\Documents\Khóa luận\dataset\dataset\OTU_2D\train\train_image\886.JPG,c:\Users\PeaceD_Dung\Documents\Khóa luận\dataset\dataset\OTU_2D\train\train_label\label\886.PNG,CASE_886
c:\Users\PeaceD_Dung\Documents\Khóa luận\dataset\dataset\OTU_2D\train\train_image\263.JPG,c:\Users\PeaceD_Dung\Documents\Khóa luận\dataset\dataset\OTU_2D\train\train_label\label\263.PNG,CASE_263
c:\Users\PeaceD_Dung\Documents\Khóa luận\dataset\dataset\OTU_2D\train\train_image\379.JPG,c:\Users\PeaceD_Dung\Documents\Khóa luận\dataset\dataset\OTU_2D\train\train_label\label\379.PNG,CASE_379
c:\Users\PeaceD_Dung\Documents\Khóa luận\dataset\dataset\OTU_2D\train\train_image\1297.JPG,c:\Users\PeaceD_Dung\Documents\Khóa luận\dataset\dataset\OTU_2D\train\train_label\label\1297.PNG,CASE_1297
c:\Users\PeaceD_Dung\Documents\Khóa luận\dataset\dataset\OTU_2D\train\train_image\471.JPG,c:\Users\PeaceD_Dung\Documents\Khóa luận\dataset\dataset\OTU_2D\train\train_label\label\471.PNG,CASE_471
c:\Users\PeaceD_Dung\Documents\Khóa luận\dataset\dataset\OTU_2D\train\train_image\13.JPG,c:\Users\PeaceD_Dung\Documents\Khóa luận\dataset\dataset\OTU_2D\train\train_label\label\13.PNG,CASE_13
c:\Users\PeaceD_Dung\Documents\Khóa luận\dataset\dataset\OTU_2D\train\train_image\1256.JPG,c:\Users\PeaceD_Dung\Documents\Khóa luận\dataset\dataset\OTU_2D\train\train_label\label\1256.PNG,CASE_1256
c:\Users\PeaceD_Dung\Documents\Khóa luận\dataset\dataset\OTU_2D\train\train_image\647.JPG,c:\Users\PeaceD_Dung\Documents\Khóa luận\dataset\dataset\OTU_2D\train\train_label\label\647.PNG,CASE_647
c:\Users\PeaceD_Dung\Documents\Khóa luận\dataset\dataset\OTU_2D\train\train_image\654.JPG,c:\Users\PeaceD_Dung\Documents\Khóa luận\dataset\dataset\OTU_2D\train\train_label\label\654.PNG,CASE_654
c:\Users\PeaceD_Dung\Documents\Khóa luận\dataset\dataset\OTU_2D\train\train_image\910.JPG,c:\Users\PeaceD_Dung\Documents\Khóa luận\dataset\dataset\OTU_2D\train\train_label\label\910.PNG,CASE_910
c:\Users\PeaceD_Dung\Documents\Khóa luận\dataset\dataset\OTU_2D\train\train_image\1138.JPG,c:\Users\PeaceD_Dung\Documents\Khóa luận\dataset\dataset\OTU_2D\train\train_label\label\1138.PNG,CASE_1138
c:\Users\PeaceD_Dung\Documents\Khóa luận\dataset\dataset\OTU_2D\train\train_image\799.JPG,c:\Users\PeaceD_Dung\Documents\Khóa luận\dataset\dataset\OTU_2D\train\train_label\label\799.PNG,CASE_799
c:\Users\PeaceD_Dung\Documents\Khóa luận\dataset\dataset\OTU_2D\train\train_image\562.JPG,c:\Users\PeaceD_Dung\Documents\Khóa luận\dataset\dataset\OTU_2D\train\train_label\label\562.PNG,CASE_562
c:\Users\PeaceD_Dung\Documents\Khóa luận\dataset\dataset\OTU_2D\train\train_image\939.JPG,c:\Users\PeaceD_Dung\Documents\Khóa luận\dataset\dataset\OTU_2D\train\train_label\label\939.PNG,CASE_939
c:\Users\PeaceD_Dung\Documents\Khóa luận\dataset\dataset\OTU_2D\train\train_image\1028.JPG,c:\Users\PeaceD_Dung\Documents\Khóa luận\dataset\dataset\OTU_2D\train\train_label\label\1028.PNG,CASE_1028
c:\Users\PeaceD_Dung\Documents\Khóa luận\dataset\dataset\OTU_2D\train\train_image\1455.JPG,c:\Users\PeaceD_Dung\Documents\Khóa luận\dataset\dataset\OTU_2D\train\train_label\label\1455.PNG,CASE_1455
c:\Users\PeaceD_Dung\Documents\Khóa luận\dataset\dataset\OTU_2D\train\train_image\1139.JPG,c:\Users\PeaceD_Dung\Documents\Khóa luận\dataset\dataset\OTU_2D\train\train_label\label\1139.PNG,CASE_1139
c:\Users\PeaceD_Dung\Documents\Khóa luận\dataset\dataset\OTU_2D\train\train_image\277.JPG,c:\Users\PeaceD_Dung\Documents\Khóa luận\dataset\dataset\OTU_2D\train\train_label\label\277.PNG,CASE_277
c:\Users\PeaceD_Dung\Documents\Khóa luận\dataset\dataset\OTU_2D\train\train_image\1059.JPG,c:\Users\PeaceD_Dung\Documents\Khóa luận\dataset\dataset\OTU_2D\train\train_label\label\1059.PNG,CASE_1059
c:\Users\PeaceD_Dung\Documents\Khóa luận\dataset\dataset\OTU_2D\train\train_image\82.JPG,c:\Users\PeaceD_Dung\Documents\Khóa luận\dataset\dataset\OTU_2D\train\train_label\label\82.PNG,CASE_82
c:\Users\PeaceD_Dung\Documents\Khóa luận\dataset\dataset\OTU_2D\train\train_image\404.JPG,c:\Users\PeaceD_Dung\Documents\Khóa luận\dataset\dataset\OTU_2D\train\train_label\label\404.PNG,CASE_404
c:\Users\PeaceD_Dung\Documents\Khóa luận\dataset\dataset\OTU_2D\train\train_image\150.JPG,c:\Users\PeaceD_Dung\Documents\Khóa luận\dataset\dataset\OTU_2D\train\train_label\label\150.PNG,CASE_150
c:\Users\PeaceD_Dung\Documents\Khóa luận\dataset\dataset\OTU_2D\train\train_image\678.JPG,c:\Users\PeaceD_Dung\Documents\Khóa luận\dataset\dataset\OTU_2D\train\train_label\label\678.PNG,CASE_678
c:\Users\PeaceD_Dung\Documents\Khóa luận\dataset\dataset\OTU_2D\train\train_image\287.JPG,c:\Users\PeaceD_Dung\Documents\Khóa luận\dataset\dataset\OTU_2D\train\train_label\label\287.PNG,CASE_287
c:\Users\PeaceD_Dung\Documents\Khóa luận\dataset\dataset\OTU_2D\train\train_image\1459.JPG,c:\Users\PeaceD_Dung\Documents\Khóa luận\dataset\dataset\OTU_2D\train\train_label\label\1459.PNG,CASE_1459
c:\Users\PeaceD_Dung\Documents\Khóa luận\dataset\dataset\OTU_2D\train\train_image\1375.JPG,c:\Users\PeaceD_Dung\Documents\Khóa luận\dataset\dataset\OTU_2D\train\train_label\label\1375.PNG,CASE_1375
c:\Users\PeaceD_Dung\Documents\Khóa luận\dataset\dataset\OTU_2D\train\train_image\85.JPG,c:\Users\PeaceD_Dung\Documents\Khóa luận\dataset\dataset\OTU_2D\train\train_label\label\85.PNG,CASE_85
c:\Users\PeaceD_Dung\Documents\Khóa luận\dataset\dataset\OTU_2D\train\train_image\498.JPG,c:\Users\PeaceD_Dung\Documents\Khóa luận\dataset\dataset\OTU_2D\train\train_label\label\498.PNG,CASE_498
c:\Users\PeaceD_Dung\Documents\Khóa luận\dataset\dataset\OTU_2D\train\train_image\1220.JPG,c:\Users\PeaceD_Dung\Documents\Khóa luận\dataset\dataset\OTU_2D\train\train_label\label\1220.PNG,CASE_1220
c:\Users\PeaceD_Dung\Documents\Khóa luận\dataset\dataset\OTU_2D\train\train_image\215.JPG,c:\Users\PeaceD_Dung\Documents\Khóa luận\dataset\dataset\OTU_2D\train\train_label\label\215.PNG,CASE_215
c:\Users\PeaceD_Dung\Documents\Khóa luận\dataset\dataset\OTU_2D\train\train_image\1116.JPG,c:\Users\PeaceD_Dung\Documents\Khóa luận\dataset\dataset\OTU_2D\train\train_label\label\1116.PNG,CASE_1116
c:\Users\PeaceD_Dung\Documents\Khóa luận\dataset\dataset\OTU_2D\train\train_image\760.JPG,c:\Users\PeaceD_Dung\Documents\Khóa luận\dataset\dataset\OTU_2D\train\train_label\label\760.PNG,CASE_760
c:\Users\PeaceD_Dung\Documents\Khóa luận\dataset\dataset\OTU_2D\train\train_image\564.JPG,c:\Users\PeaceD_Dung\Documents\Khóa luận\dataset\dataset\OTU_2D\train\train_label\label\564.PNG,CASE_564
c:\Users\PeaceD_Dung\Documents\Khóa luận\dataset\dataset\OTU_2D\train\train_image\10.JPG,c:\Users\PeaceD_Dung\Documents\Khóa luận\dataset\dataset\OTU_2D\train\train_label\label\10.PNG,CASE_10
c:\Users\PeaceD_Dung\Documents\Khóa luận\dataset\dataset\OTU_2D\train\train_image\1037.JPG,c:\Users\PeaceD_Dung\Documents\Khóa luận\dataset\dataset\OTU_2D\train\train_label\label\1037.PNG,CASE_1037
c:\Users\PeaceD_Dung\Documents\Khóa luận\dataset\dataset\OTU_2D\train\train_image\774.JPG,c:\Users\PeaceD_Dung\Documents\Khóa luận\dataset\dataset\OTU_2D\train\train_label\label\774.PNG,CASE_774
c:\Users\PeaceD_Dung\Documents\Khóa luận\dataset\dataset\OTU_2D\train\train_image\716.JPG,c:\Users\PeaceD_Dung\Documents\Khóa luận\dataset\dataset\OTU_2D\train\train_label\label\716.PNG,CASE_716
c:\Users\PeaceD_Dung\Documents\Khóa luận\dataset\dataset\OTU_2D\train\train_image\373.JPG,c:\Users\PeaceD_Dung\Documents\Khóa luận\dataset\dataset\OTU_2D\train\train_label\label\373.PNG,CASE_373
c:\Users\PeaceD_Dung\Documents\Khóa luận\dataset\dataset\OTU_2D\train\train_image\1084.JPG,c:\Users\PeaceD_Dung\Documents\Khóa luận\dataset\dataset\OTU_2D\train\train_label\label\1084.PNG,CASE_1084
c:\Users\PeaceD_Dung\Documents\Khóa luận\dataset\dataset\OTU_2D\train\train_image\1044.JPG,c:\Users\PeaceD_Dung\Documents\Khóa luận\dataset\dataset\OTU_2D\train\train_label\label\1044.PNG,CASE_1044
c:\Users\PeaceD_Dung\Documents\Khóa luận\dataset\dataset\OTU_2D\train\train_image\69.JPG,c:\Users\PeaceD_Dung\Documents\Khóa luận\dataset\dataset\OTU_2D\train\train_label\label\69.PNG,CASE_69
c:\Users\PeaceD_Dung\Documents\Khóa luận\dataset\dataset\OTU_2D\train\train_image\833.JPG,c:\Users\PeaceD_Dung\Documents\Khóa luận\dataset\dataset\OTU_2D\train\train_label\label\833.PNG,CASE_833
c:\Users\PeaceD_Dung\Documents\Khóa luận\dataset\dataset\OTU_2D\train\train_image\1428.JPG,c:\Users\PeaceD_Dung\Documents\Khóa luận\dataset\dataset\OTU_2D\train\train_label\label\1428.PNG,CASE_1428
c:\Users\PeaceD_Dung\Documents\Khóa luận\dataset\dataset\OTU_2D\train\train_image\396.JPG,c:\Users\PeaceD_Dung\Documents\Khóa luận\dataset\dataset\OTU_2D\train\train_label\label\396.PNG,CASE_396
c:\Users\PeaceD_Dung\Documents\Khóa luận\dataset\dataset\OTU_2D\train\train_image\213.JPG,c:\Users\PeaceD_Dung\Documents\Khóa luận\dataset\dataset\OTU_2D\train\train_label\label\213.PNG,CASE_213
c:\Users\PeaceD_Dung\Documents\Khóa luận\dataset\dataset\OTU_2D\train\train_image\273.JPG,c:\Users\PeaceD_Dung\Documents\Khóa luận\dataset\dataset\OTU_2D\train\train_label\label\273.PNG,CASE_273
c:\Users\PeaceD_Dung\Documents\Khóa luận\dataset\dataset\OTU_2D\train\train_image\459.JPG,c:\Users\PeaceD_Dung\Documents\Khóa luận\dataset\dataset\OTU_2D\train\train_label\label\459.PNG,CASE_459
c:\Users\PeaceD_Dung\Documents\Khóa luận\dataset\dataset\OTU_2D\train\train_image\835.JPG,c:\Users\PeaceD_Dung\Documents\Khóa luận\dataset\dataset\OTU_2D\train\train_label\label\835.PNG,CASE_835
c:\Users\PeaceD_Dung\Documents\Khóa luận\dataset\dataset\OTU_2D\train\train_image\902.JPG,c:\Users\PeaceD_Dung\Documents\Khóa luận\dataset\dataset\OTU_2D\train\train_label\label\902.PNG,CASE_902
c:\Users\PeaceD_Dung\Documents\Khóa luận\dataset\dataset\OTU_2D\train\train_image\1182.JPG,c:\Users\PeaceD_Dung\Documents\Khóa luận\dataset\dataset\OTU_2D\train\train_label\label\1182.PNG,CASE_1182
c:\Users\PeaceD_Dung\Documents\Khóa luận\dataset\dataset\OTU_2D\train\train_image\194.JPG,c:\Users\PeaceD_Dung\Documents\Khóa luận\dataset\dataset\OTU_2D\train\train_label\label\194.PNG,CASE_194
c:\Users\PeaceD_Dung\Documents\Khóa luận\dataset\dataset\OTU_2D\train\train_image\1237.JPG,c:\Users\PeaceD_Dung\Documents\Khóa luận\dataset\dataset\OTU_2D\train\train_label\label\1237.PNG,CASE_1237
c:\Users\PeaceD_Dung\Documents\Khóa luận\dataset\dataset\OTU_2D\train\train_image\1227.JPG,c:\Users\PeaceD_Dung\Documents\Khóa luận\dataset\dataset\OTU_2D\train\train_label\label\1227.PNG,CASE_1227
c:\Users\PeaceD_Dung\Documents\Khóa luận\dataset\dataset\OTU_2D\train\train_image\1144.JPG,c:\Users\PeaceD_Dung\Documents\Khóa luận\dataset\dataset\OTU_2D\train\train_label\label\1144.PNG,CASE_1144
c:\Users\PeaceD_Dung\Documents\Khóa luận\dataset\dataset\OTU_2D\train\train_image\400.JPG,c:\Users\PeaceD_Dung\Documents\Khóa luận\dataset\dataset\OTU_2D\train\train_label\label\400.PNG,CASE_400
c:\Users\PeaceD_Dung\Documents\Khóa luận\dataset\dataset\OTU_2D\train\train_image\310.JPG,c:\Users\PeaceD_Dung\Documents\Khóa luận\dataset\dataset\OTU_2D\train\train_label\label\310.PNG,CASE_310
c:\Users\PeaceD_Dung\Documents\Khóa luận\dataset\dataset\OTU_2D\train\train_image\1099.JPG,c:\Users\PeaceD_Dung\Documents\Khóa luận\dataset\dataset\OTU_2D\train\train_label\label\1099.PNG,CASE_1099
c:\Users\PeaceD_Dung\Documents\Khóa luận\dataset\dataset\OTU_2D\train\train_image\52.JPG,c:\Users\PeaceD_Dung\Documents\Khóa luận\dataset\dataset\OTU_2D\train\train_label\label\52.PNG,CASE_52
c:\Users\PeaceD_Dung\Documents\Khóa luận\dataset\dataset\OTU_2D\train\train_image\424.JPG,c:\Users\PeaceD_Dung\Documents\Khóa luận\dataset\dataset\OTU_2D\train\train_label\label\424.PNG,CASE_424
c:\Users\PeaceD_Dung\Documents\Khóa luận\dataset\dataset\OTU_2D\train\train_image\1118.JPG,c:\Users\PeaceD_Dung\Documents\Khóa luận\dataset\dataset\OTU_2D\train\train_label\label\1118.PNG,CASE_1118
c:\Users\PeaceD_Dung\Documents\Khóa luận\dataset\dataset\OTU_2D\train\train_image\1098.JPG,c:\Users\PeaceD_Dung\Documents\Khóa luận\dataset\dataset\OTU_2D\train\train_label\label\1098.PNG,CASE_1098
c:\Users\PeaceD_Dung\Documents\Khóa luận\dataset\dataset\OTU_2D\train\train_image\239.JPG,c:\Users\PeaceD_Dung\Documents\Khóa luận\dataset\dataset\OTU_2D\train\train_label\label\239.PNG,CASE_239
c:\Users\PeaceD_Dung\Documents\Khóa luận\dataset\dataset\OTU_2D\train\train_image\446.JPG,c:\Users\PeaceD_Dung\Documents\Khóa luận\dataset\dataset\OTU_2D\train\train_label\label\446.PNG,CASE_446
c:\Users\PeaceD_Dung\Documents\Khóa luận\dataset\dataset\OTU_2D\train\train_image\1462.JPG,c:\Users\PeaceD_Dung\Documents\Khóa luận\dataset\dataset\OTU_2D\train\train_label\label\1462.PNG,CASE_1462
c:\Users\PeaceD_Dung\Documents\Khóa luận\dataset\dataset\OTU_2D\train\train_image\365.JPG,c:\Users\PeaceD_Dung\Documents\Khóa luận\dataset\dataset\OTU_2D\train\train_label\label\365.PNG,CASE_365
c:\Users\PeaceD_Dung\Documents\Khóa luận\dataset\dataset\OTU_2D\train\train_image\241.JPG,c:\Users\PeaceD_Dung\Documents\Khóa luận\dataset\dataset\OTU_2D\train\train_label\label\241.PNG,CASE_241
c:\Users\PeaceD_Dung\Documents\Khóa luận\dataset\dataset\OTU_2D\train\train_image\460.JPG,c:\Users\PeaceD_Dung\Documents\Khóa luận\dataset\dataset\OTU_2D\train\train_label\label\460.PNG,CASE_460
c:\Users\PeaceD_Dung\Documents\Khóa luận\dataset\dataset\OTU_2D\train\train_image\9.JPG,c:\Users\PeaceD_Dung\Documents\Khóa luận\dataset\dataset\OTU_2D\train\train_label\label\9.PNG,CASE_9
c:\Users\PeaceD_Dung\Documents\Khóa luận\dataset\dataset\OTU_2D\train\train_image\232.JPG,c:\Users\PeaceD_Dung\Documents\Khóa luận\dataset\dataset\OTU_2D\train\train_label\label\232.PNG,CASE_232
c:\Users\PeaceD_Dung\Documents\Khóa luận\dataset\dataset\OTU_2D\train\train_image\355.JPG,c:\Users\PeaceD_Dung\Documents\Khóa luận\dataset\dataset\OTU_2D\train\train_label\label\355.PNG,CASE_355
c:\Users\PeaceD_Dung\Documents\Khóa luận\dataset\dataset\OTU_2D\train\train_image\198.JPG,c:\Users\PeaceD_Dung\Documents\Khóa luận\dataset\dataset\OTU_2D\train\train_label\label\198.PNG,CASE_198
c:\Users\PeaceD_Dung\Documents\Khóa luận\dataset\dataset\OTU_2D\train\train_image\1250.JPG,c:\Users\PeaceD_Dung\Documents\Khóa luận\dataset\dataset\OTU_2D\train\train_label\label\1250.PNG,CASE_1250
c:\Users\PeaceD_Dung\Documents\Khóa luận\dataset\dataset\OTU_2D\train\train_image\286.JPG,c:\Users\PeaceD_Dung\Documents\Khóa luận\dataset\dataset\OTU_2D\train\train_label\label\286.PNG,CASE_286
c:\Users\PeaceD_Dung\Documents\Khóa luận\dataset\dataset\OTU_2D\train\train_image\1453.JPG,c:\Users\PeaceD_Dung\Documents\Khóa luận\dataset\dataset\OTU_2D\train\train_label\label\1453.PNG,CASE_1453
c:\Users\PeaceD_Dung\Documents\Khóa luận\dataset\dataset\OTU_2D\train\train_image\374.JPG,c:\Users\PeaceD_Dung\Documents\Khóa luận\dataset\dataset\OTU_2D\train\train_label\label\374.PNG,CASE_374
c:\Users\PeaceD_Dung\Documents\Khóa luận\dataset\dataset\OTU_2D\train\train_image\775.JPG,c:\Users\PeaceD_Dung\Documents\Khóa luận\dataset\dataset\OTU_2D\train\train_label\label\775.PNG,CASE_775
c:\Users\PeaceD_Dung\Documents\Khóa luận\dataset\dataset\OTU_2D\train\train_image\698.JPG,c:\Users\PeaceD_Dung\Documents\Khóa luận\dataset\dataset\OTU_2D\train\train_label\label\698.PNG,CASE_698
c:\Users\PeaceD_Dung\Documents\Khóa luận\dataset\dataset\OTU_2D\train\train_image\1239.JPG,c:\Users\PeaceD_Dung\Documents\Khóa luận\dataset\dataset\OTU_2D\train\train_label\label\1239.PNG,CASE_1239
c:\Users\PeaceD_Dung\Documents\Khóa luận\dataset\dataset\OTU_2D\train\train_image\1301.JPG,c:\Users\PeaceD_Dung\Documents\Khóa luận\dataset\dataset\OTU_2D\train\train_label\label\1301.PNG,CASE_1301
c:\Users\PeaceD_Dung\Documents\Khóa luận\dataset\dataset\OTU_2D\train\train_image\1207.JPG,c:\Users\PeaceD_Dung\Documents\Khóa luận\dataset\dataset\OTU_2D\train\train_label\label\1207.PNG,CASE_1207
c:\Users\PeaceD_Dung\Documents\Khóa luận\dataset\dataset\OTU_2D\train\train_image\407.JPG,c:\Users\PeaceD_Dung\Documents\Khóa luận\dataset\dataset\OTU_2D\train\train_label\label\407.PNG,CASE_407
c:\Users\PeaceD_Dung\Documents\Khóa luận\dataset\dataset\OTU_2D\train\train_image\1056.JPG,c:\Users\PeaceD_Dung\Documents\Khóa luận\dataset\dataset\OTU_2D\train\train_label\label\1056.PNG,CASE_1056
c:\Users\PeaceD_Dung\Documents\Khóa luận\dataset\dataset\OTU_2D\train\train_image\408.JPG,c:\Users\PeaceD_Dung\Documents\Khóa luận\dataset\dataset\OTU_2D\train\train_label\label\408.PNG,CASE_408
c:\Users\PeaceD_Dung\Documents\Khóa luận\dataset\dataset\OTU_2D\train\train_image\1290.JPG,c:\Users\PeaceD_Dung\Documents\Khóa luận\dataset\dataset\OTU_2D\train\train_label\label\1290.PNG,CASE_1290
c:\Users\PeaceD_Dung\Documents\Khóa luận\dataset\dataset\OTU_2D\train\train_image\613.JPG,c:\Users\PeaceD_Dung\Documents\Khóa luận\dataset\dataset\OTU_2D\train\train_label\label\613.PNG,CASE_613
c:\Users\PeaceD_Dung\Documents\Khóa luận\dataset\dataset\OTU_2D\train\train_image\683.JPG,c:\Users\PeaceD_Dung\Documents\Khóa luận\dataset\dataset\OTU_2D\train\train_label\label\683.PNG,CASE_683
c:\Users\PeaceD_Dung\Documents\Khóa luận\dataset\dataset\OTU_2D\train\train_image\1429.JPG,c:\Users\PeaceD_Dung\Documents\Khóa luận\dataset\dataset\OTU_2D\train\train_label\label\1429.PNG,CASE_1429
c:\Users\PeaceD_Dung\Documents\Khóa luận\dataset\dataset\OTU_2D\train\train_image\1185.JPG,c:\Users\PeaceD_Dung\Documents\Khóa luận\dataset\dataset\OTU_2D\train\train_label\label\1185.PNG,CASE_1185
c:\Users\PeaceD_Dung\Documents\Khóa luận\dataset\dataset\OTU_2D\train\train_image\1450.JPG,c:\Users\PeaceD_Dung\Documents\Khóa luận\dataset\dataset\OTU_2D\train\train_label\label\1450.PNG,CASE_1450
c:\Users\PeaceD_Dung\Documents\Khóa luận\dataset\dataset\OTU_2D\train\train_image\437.JPG,c:\Users\PeaceD_Dung\Documents\Khóa luận\dataset\dataset\OTU_2D\train\train_label\label\437.PNG,CASE_437
c:\Users\PeaceD_Dung\Documents\Khóa luận\dataset\dataset\OTU_2D\train\train_image\51.JPG,c:\Users\PeaceD_Dung\Documents\Khóa luận\dataset\dataset\OTU_2D\train\train_label\label\51.PNG,CASE_51
c:\Users\PeaceD_Dung\Documents\Khóa luận\dataset\dataset\OTU_2D\train\train_image\151.JPG,c:\Users\PeaceD_Dung\Documents\Khóa luận\dataset\dataset\OTU_2D\train\train_label\label\151.PNG,CASE_151
c:\Users\PeaceD_Dung\Documents\Khóa luận\dataset\dataset\OTU_2D\train\train_image\205.JPG,c:\Users\PeaceD_Dung\Documents\Khóa luận\dataset\dataset\OTU_2D\train\train_label\label\205.PNG,CASE_205
c:\Users\PeaceD_Dung\Documents\Khóa luận\dataset\dataset\OTU_2D\train\train_image\444.JPG,c:\Users\PeaceD_Dung\Documents\Khóa luận\dataset\dataset\OTU_2D\train\train_label\label\444.PNG,CASE_444
c:\Users\PeaceD_Dung\Documents\Khóa luận\dataset\dataset\OTU_2D\train\train_image\1001.JPG,c:\Users\PeaceD_Dung\Documents\Khóa luận\dataset\dataset\OTU_2D\train\train_label\label\1001.PNG,CASE_1001
c:\Users\PeaceD_Dung\Documents\Khóa luận\dataset\dataset\OTU_2D\train\train_image\1058.JPG,c:\Users\PeaceD_Dung\Documents\Khóa luận\dataset\dataset\OTU_2D\train\train_label\label\1058.PNG,CASE_1058
c:\Users\PeaceD_Dung\Documents\Khóa luận\dataset\dataset\OTU_2D\train\train_image\317.JPG,c:\Users\PeaceD_Dung\Documents\Khóa luận\dataset\dataset\OTU_2D\train\train_label\label\317.PNG,CASE_317
c:\Users\PeaceD_Dung\Documents\Khóa luận\dataset\dataset\OTU_2D\train\train_image\435.JPG,c:\Users\PeaceD_Dung\Documents\Khóa luận\dataset\dataset\OTU_2D\train\train_label\label\435.PNG,CASE_435
c:\Users\PeaceD_Dung\Documents\Khóa luận\dataset\dataset\OTU_2D\train\train_image\461.JPG,c:\Users\PeaceD_Dung\Documents\Khóa luận\dataset\dataset\OTU_2D\train\train_label\label\461.PNG,CASE_461
c:\Users\PeaceD_Dung\Documents\Khóa luận\dataset\dataset\OTU_2D\train\train_image\635.JPG,c:\Users\PeaceD_Dung\Documents\Khóa luận\dataset\dataset\OTU_2D\train\train_label\label\635.PNG,CASE_635
c:\Users\PeaceD_Dung\Documents\Khóa luận\dataset\dataset\OTU_2D\train\train_image\1249.JPG,c:\Users\PeaceD_Dung\Documents\Khóa luận\dataset\dataset\OTU_2D\train\train_label\label\1249.PNG,CASE_1249
c:\Users\PeaceD_Dung\Documents\Khóa luận\dataset\dataset\OTU_2D\train\train_image\223.JPG,c:\Users\PeaceD_Dung\Documents\Khóa luận\dataset\dataset\OTU_2D\train\train_label\label\223.PNG,CASE_223
c:\Users\PeaceD_Dung\Documents\Khóa luận\dataset\dataset\OTU_2D\train\train_image\250.JPG,c:\Users\PeaceD_Dung\Documents\Khóa luận\dataset\dataset\OTU_2D\train\train_label\label\250.PNG,CASE_250
c:\Users\PeaceD_Dung\Documents\Khóa luận\dataset\dataset\OTU_2D\train\train_image\812.JPG,c:\Users\PeaceD_Dung\Documents\Khóa luận\dataset\dataset\OTU_2D\train\train_label\label\812.PNG,CASE_812
c:\Users\PeaceD_Dung\Documents\Khóa luận\dataset\dataset\OTU_2D\train\train_image\1326.JPG,c:\Users\PeaceD_Dung\Documents\Khóa luận\dataset\dataset\OTU_2D\train\train_label\label\1326.PNG,CASE_1326
c:\Users\PeaceD_Dung\Documents\Khóa luận\dataset\dataset\OTU_2D\train\train_image\617.JPG,c:\Users\PeaceD_Dung\Documents\Khóa luận\dataset\dataset\OTU_2D\train\train_label\label\617.PNG,CASE_617
c:\Users\PeaceD_Dung\Documents\Khóa luận\dataset\dataset\OTU_2D\train\train_image\1201.JPG,c:\Users\PeaceD_Dung\Documents\Khóa luận\dataset\dataset\OTU_2D\train\train_label\label\1201.PNG,CASE_1201
c:\Users\PeaceD_Dung\Documents\Khóa luận\dataset\dataset\OTU_2D\train\train_image\1260.JPG,c:\Users\PeaceD_Dung\Documents\Khóa luận\dataset\dataset\OTU_2D\train\train_label\label\1260.PNG,CASE_1260
c:\Users\PeaceD_Dung\Documents\Khóa luận\dataset\dataset\OTU_2D\train\train_image\293.JPG,c:\Users\PeaceD_Dung\Documents\Khóa luận\dataset\dataset\OTU_2D\train\train_label\label\293.PNG,CASE_293
c:\Users\PeaceD_Dung\Documents\Khóa luận\dataset\dataset\OTU_2D\train\train_image\25.JPG,c:\Users\PeaceD_Dung\Documents\Khóa luận\dataset\dataset\OTU_2D\train\train_label\label\25.PNG,CASE_25
c:\Users\PeaceD_Dung\Documents\Khóa luận\dataset\dataset\OTU_2D\train\train_image\909.JPG,c:\Users\PeaceD_Dung\Documents\Khóa luận\dataset\dataset\OTU_2D\train\train_label\label\909.PNG,CASE_909
c:\Users\PeaceD_Dung\Documents\Khóa luận\dataset\dataset\OTU_2D\train\train_image\1219.JPG,c:\Users\PeaceD_Dung\Documents\Khóa luận\dataset\dataset\OTU_2D\train\train_label\label\1219.PNG,CASE_1219
c:\Users\PeaceD_Dung\Documents\Khóa luận\dataset\dataset\OTU_2D\train\train_image\601.JPG,c:\Users\PeaceD_Dung\Documents\Khóa luận\dataset\dataset\OTU_2D\train\train_label\label\601.PNG,CASE_601
c:\Users\PeaceD_Dung\Documents\Khóa luận\dataset\dataset\OTU_2D\train\train_image\950.JPG,c:\Users\PeaceD_Dung\Documents\Khóa luận\dataset\dataset\OTU_2D\train\train_label\label\950.PNG,CASE_950
c:\Users\PeaceD_Dung\Documents\Khóa luận\dataset\dataset\OTU_2D\train\train_image\1441.JPG,c:\Users\PeaceD_Dung\Documents\Khóa luận\dataset\dataset\OTU_2D\train\train_label\label\1441.PNG,CASE_1441
c:\Users\PeaceD_Dung\Documents\Khóa luận\dataset\dataset\OTU_2D\train\train_image\153.JPG,c:\Users\PeaceD_Dung\Documents\Khóa luận\dataset\dataset\OTU_2D\train\train_label\label\153.PNG,CASE_153
c:\Users\PeaceD_Dung\Documents\Khóa luận\dataset\dataset\OTU_2D\train\train_image\173.JPG,c:\Users\PeaceD_Dung\Documents\Khóa luận\dataset\dataset\OTU_2D\train\train_label\label\173.PNG,CASE_173
c:\Users\PeaceD_Dung\Documents\Khóa luận\dataset\dataset\OTU_2D\train\train_image\235.JPG,c:\Users\PeaceD_Dung\Documents\Khóa luận\dataset\dataset\OTU_2D\train\train_label\label\235.PNG,CASE_235
c:\Users\PeaceD_Dung\Documents\Khóa luận\dataset\dataset\OTU_2D\train\train_image\848.JPG,c:\Users\PeaceD_Dung\Documents\Khóa luận\dataset\dataset\OTU_2D\train\train_label\label\848.PNG,CASE_848
c:\Users\PeaceD_Dung\Documents\Khóa luận\dataset\dataset\OTU_2D\train\train_image\1064.JPG,c:\Users\PeaceD_Dung\Documents\Khóa luận\dataset\dataset\OTU_2D\train\train_label\label\1064.PNG,CASE_1064
c:\Users\PeaceD_Dung\Documents\Khóa luận\dataset\dataset\OTU_2D\train\train_image\200.JPG,c:\Users\PeaceD_Dung\Documents\Khóa luận\dataset\dataset\OTU_2D\train\train_label\label\200.PNG,CASE_200
c:\Users\PeaceD_Dung\Documents\Khóa luận\dataset\dataset\OTU_2D\train\train_image\103.JPG,c:\Users\PeaceD_Dung\Documents\Khóa luận\dataset\dataset\OTU_2D\train\train_label\label\103.PNG,CASE_103
c:\Users\PeaceD_Dung\Documents\Khóa luận\dataset\dataset\OTU_2D\train\train_image\188.JPG,c:\Users\PeaceD_Dung\Documents\Khóa luận\dataset\dataset\OTU_2D\train\train_label\label\188.PNG,CASE_188
c:\Users\PeaceD_Dung\Documents\Khóa luận\dataset\dataset\OTU_2D\train\train_image\893.JPG,c:\Users\PeaceD_Dung\Documents\Khóa luận\dataset\dataset\OTU_2D\train\train_label\label\893.PNG,CASE_893
c:\Users\PeaceD_Dung\Documents\Khóa luận\dataset\dataset\OTU_2D\train\train_image\1209.JPG,c:\Users\PeaceD_Dung\Documents\Khóa luận\dataset\dataset\OTU_2D\train\train_label\label\1209.PNG,CASE_1209
c:\Users\PeaceD_Dung\Documents\Khóa luận\dataset\dataset\OTU_2D\train\train_image\161.JPG,c:\Users\PeaceD_Dung\Documents\Khóa luận\dataset\dataset\OTU_2D\train\train_label\label\161.PNG,CASE_161
c:\Users\PeaceD_Dung\Documents\Khóa luận\dataset\dataset\OTU_2D\train\train_image\411.JPG,c:\Users\PeaceD_Dung\Documents\Khóa luận\dataset\dataset\OTU_2D\train\train_label\label\411.PNG,CASE_411
c:\Users\PeaceD_Dung\Documents\Khóa luận\dataset\dataset\OTU_2D\train\train_image\447.JPG,c:\Users\PeaceD_Dung\Documents\Khóa luận\dataset\dataset\OTU_2D\train\train_label\label\447.PNG,CASE_447
c:\Users\PeaceD_Dung\Documents\Khóa luận\dataset\dataset\OTU_2D\train\train_image\1105.JPG,c:\Users\PeaceD_Dung\Documents\Khóa luận\dataset\dataset\OTU_2D\train\train_label\label\1105.PNG,CASE_1105
c:\Users\PeaceD_Dung\Documents\Khóa luận\dataset\dataset\OTU_2D\train\train_image\1330.JPG,c:\Users\PeaceD_Dung\Documents\Khóa luận\dataset\dataset\OTU_2D\train\train_label\label\1330.PNG,CASE_1330
c:\Users\PeaceD_Dung\Documents\Khóa luận\dataset\dataset\OTU_2D\train\train_image\140.JPG,c:\Users\PeaceD_Dung\Documents\Khóa luận\dataset\dataset\OTU_2D\train\train_label\label\140.PNG,CASE_140
c:\Users\PeaceD_Dung\Documents\Khóa luận\dataset\dataset\OTU_2D\train\train_image\983.JPG,c:\Users\PeaceD_Dung\Documents\Khóa luận\dataset\dataset\OTU_2D\train\train_label\label\983.PNG,CASE_983
c:\Users\PeaceD_Dung\Documents\Khóa luận\dataset\dataset\OTU_2D\train\train_image\724.JPG,c:\Users\PeaceD_Dung\Documents\Khóa luận\dataset\dataset\OTU_2D\train\train_label\label\724.PNG,CASE_724
c:\Users\PeaceD_Dung\Documents\Khóa luận\dataset\dataset\OTU_2D\train\train_image\1303.JPG,c:\Users\PeaceD_Dung\Documents\Khóa luận\dataset\dataset\OTU_2D\train\train_label\label\1303.PNG,CASE_1303
c:\Users\PeaceD_Dung\Documents\Khóa luận\dataset\dataset\OTU_2D\train\train_image\1147.JPG,c:\Users\PeaceD_Dung\Documents\Khóa luận\dataset\dataset\OTU_2D\train\train_label\label\1147.PNG,CASE_1147
c:\Users\PeaceD_Dung\Documents\Khóa luận\dataset\dataset\OTU_2D\train\train_image\772.JPG,c:\Users\PeaceD_Dung\Documents\Khóa luận\dataset\dataset\OTU_2D\train\train_label\label\772.PNG,CASE_772
c:\Users\PeaceD_Dung\Documents\Khóa luận\dataset\dataset\OTU_2D\train\train_image\745.JPG,c:\Users\PeaceD_Dung\Documents\Khóa luận\dataset\dataset\OTU_2D\train\train_label\label\745.PNG,CASE_745
c:\Users\PeaceD_Dung\Documents\Khóa luận\dataset\dataset\OTU_2D\train\train_image\497.JPG,c:\Users\PeaceD_Dung\Documents\Khóa luận\dataset\dataset\OTU_2D\train\train_label\label\497.PNG,CASE_497
c:\Users\PeaceD_Dung\Documents\Khóa luận\dataset\dataset\OTU_2D\train\train_image\455.JPG,c:\Users\PeaceD_Dung\Documents\Khóa luận\dataset\dataset\OTU_2D\train\train_label\label\455.PNG,CASE_455
c:\Users\PeaceD_Dung\Documents\Khóa luận\dataset\dataset\OTU_2D\train\train_image\570.JPG,c:\Users\PeaceD_Dung\Documents\Khóa luận\dataset\dataset\OTU_2D\train\train_label\label\570.PNG,CASE_570
c:\Users\PeaceD_Dung\Documents\Khóa luận\dataset\dataset\OTU_2D\train\train_image\1101.JPG,c:\Users\PeaceD_Dung\Documents\Khóa luận\dataset\dataset\OTU_2D\train\train_label\label\1101.PNG,CASE_1101
c:\Users\PeaceD_Dung\Documents\Khóa luận\dataset\dataset\OTU_2D\train\train_image\209.JPG,c:\Users\PeaceD_Dung\Documents\Khóa luận\dataset\dataset\OTU_2D\train\train_label\label\209.PNG,CASE_209
c:\Users\PeaceD_Dung\Documents\Khóa luận\dataset\dataset\OTU_2D\train\train_image\754.JPG,c:\Users\PeaceD_Dung\Documents\Khóa luận\dataset\dataset\OTU_2D\train\train_label\label\754.PNG,CASE_754
c:\Users\PeaceD_Dung\Documents\Khóa luận\dataset\dataset\OTU_2D\train\train_image\706.JPG,c:\Users\PeaceD_Dung\Documents\Khóa luận\dataset\dataset\OTU_2D\train\train_label\label\706.PNG,CASE_706
c:\Users\PeaceD_Dung\Documents\Khóa luận\dataset\dataset\OTU_2D\train\train_image\1362.JPG,c:\Users\PeaceD_Dung\Documents\Khóa luận\dataset\dataset\OTU_2D\train\train_label\label\1362.PNG,CASE_1362
c:\Users\PeaceD_Dung\Documents\Khóa luận\dataset\dataset\OTU_2D\train\train_image\183.JPG,c:\Users\PeaceD_Dung\Documents\Khóa luận\dataset\dataset\OTU_2D\train\train_label\label\183.PNG,CASE_183
c:\Users\PeaceD_Dung\Documents\Khóa luận\dataset\dataset\OTU_2D\train\train_image\59.JPG,c:\Users\PeaceD_Dung\Documents\Khóa luận\dataset\dataset\OTU_2D\train\train_label\label\59.PNG,CASE_59
c:\Users\PeaceD_Dung\Documents\Khóa luận\dataset\dataset\OTU_2D\train\train_image\1258.JPG,c:\Users\PeaceD_Dung\Documents\Khóa luận\dataset\dataset\OTU_2D\train\train_label\label\1258.PNG,CASE_1258
c:\Users\PeaceD_Dung\Documents\Khóa luận\dataset\dataset\OTU_2D\train\train_image\466.JPG,c:\Users\PeaceD_Dung\Documents\Khóa luận\dataset\dataset\OTU_2D\train\train_label\label\466.PNG,CASE_466
c:\Users\PeaceD_Dung\Documents\Khóa luận\dataset\dataset\OTU_2D\train\train_image\604.JPG,c:\Users\PeaceD_Dung\Documents\Khóa luận\dataset\dataset\OTU_2D\train\train_label\label\604.PNG,CASE_604
c:\Users\PeaceD_Dung\Documents\Khóa luận\dataset\dataset\OTU_2D\train\train_image\166.JPG,c:\Users\PeaceD_Dung\Documents\Khóa luận\dataset\dataset\OTU_2D\train\train_label\label\166.PNG,CASE_166
c:\Users\PeaceD_Dung\Documents\Khóa luận\dataset\dataset\OTU_2D\train\train_image\423.JPG,c:\Users\PeaceD_Dung\Documents\Khóa luận\dataset\dataset\OTU_2D\train\train_label\label\423.PNG,CASE_423
c:\Users\PeaceD_Dung\Documents\Khóa luận\dataset\dataset\OTU_2D\train\train_image\95.JPG,c:\Users\PeaceD_Dung\Documents\Khóa luận\dataset\dataset\OTU_2D\train\train_label\label\95.PNG,CASE_95
c:\Users\PeaceD_Dung\Documents\Khóa luận\dataset\dataset\OTU_2D\train\train_image\337.JPG,c:\Users\PeaceD_Dung\Documents\Khóa luận\dataset\dataset\OTU_2D\train\train_label\label\337.PNG,CASE_337
c:\Users\PeaceD_Dung\Documents\Khóa luận\dataset\dataset\OTU_2D\train\train_image\100.JPG,c:\Users\PeaceD_Dung\Documents\Khóa luận\dataset\dataset\OTU_2D\train\train_label\label\100.PNG,CASE_100
c:\Users\PeaceD_Dung\Documents\Khóa luận\dataset\dataset\OTU_2D\train\train_image\869.JPG,c:\Users\PeaceD_Dung\Documents\Khóa luận\dataset\dataset\OTU_2D\train\train_label\label\869.PNG,CASE_869
c:\Users\PeaceD_Dung\Documents\Khóa luận\dataset\dataset\OTU_2D\train\train_image\1278.JPG,c:\Users\PeaceD_Dung\Documents\Khóa luận\dataset\dataset\OTU_2D\train\train_label\label\1278.PNG,CASE_1278
c:\Users\PeaceD_Dung\Documents\Khóa luận\dataset\dataset\OTU_2D\train\train_image\637.JPG,c:\Users\PeaceD_Dung\Documents\Khóa luận\dataset\dataset\OTU_2D\train\train_label\label\637.PNG,CASE_637
c:\Users\PeaceD_Dung\Documents\Khóa luận\dataset\dataset\OTU_2D\train\train_image\814.JPG,c:\Users\PeaceD_Dung\Documents\Khóa luận\dataset\dataset\OTU_2D\train\train_label\label\814.PNG,CASE_814
c:\Users\PeaceD_Dung\Documents\Khóa luận\dataset\dataset\OTU_2D\train\train_image\1353.JPG,c:\Users\PeaceD_Dung\Documents\Khóa luận\dataset\dataset\OTU_2D\train\train_label\label\1353.PNG,CASE_1353
c:\Users\PeaceD_Dung\Documents\Khóa luận\dataset\dataset\OTU_2D\train\train_image\46.JPG,c:\Users\PeaceD_Dung\Documents\Khóa luận\dataset\dataset\OTU_2D\train\train_label\label\46.PNG,CASE_46
c:\Users\PeaceD_Dung\Documents\Khóa luận\dataset\dataset\OTU_2D\train\train_image\62.JPG,c:\Users\PeaceD_Dung\Documents\Khóa luận\dataset\dataset\OTU_2D\train\train_label\label\62.PNG,CASE_62
c:\Users\PeaceD_Dung\Documents\Khóa luận\dataset\dataset\OTU_2D\train\train_image\612.JPG,c:\Users\PeaceD_Dung\Documents\Khóa luận\dataset\dataset\OTU_2D\train\train_label\label\612.PNG,CASE_612
c:\Users\PeaceD_Dung\Documents\Khóa luận\dataset\dataset\OTU_2D\train\train_image\1280.JPG,c:\Users\PeaceD_Dung\Documents\Khóa luận\dataset\dataset\OTU_2D\train\train_label\label\1280.PNG,CASE_1280
c:\Users\PeaceD_Dung\Documents\Khóa luận\dataset\dataset\OTU_2D\train\train_image\1402.JPG,c:\Users\PeaceD_Dung\Documents\Khóa luận\dataset\dataset\OTU_2D\train\train_label\label\1402.PNG,CASE_1402
c:\Users\PeaceD_Dung\Documents\Khóa luận\dataset\dataset\OTU_2D\train\train_image\967.JPG,c:\Users\PeaceD_Dung\Documents\Khóa luận\dataset\dataset\OTU_2D\train\train_label\label\967.PNG,CASE_967
c:\Users\PeaceD_Dung\Documents\Khóa luận\dataset\dataset\OTU_2D\train\train_image\1022.JPG,c:\Users\PeaceD_Dung\Documents\Khóa luận\dataset\dataset\OTU_2D\train\train_label\label\1022.PNG,CASE_1022
c:\Users\PeaceD_Dung\Documents\Khóa luận\dataset\dataset\OTU_2D\train\train_image\1093.JPG,c:\Users\PeaceD_Dung\Documents\Khóa luận\dataset\dataset\OTU_2D\train\train_label\label\1093.PNG,CASE_1093
c:\Users\PeaceD_Dung\Documents\Khóa luận\dataset\dataset\OTU_2D\train\train_image\785.JPG,c:\Users\PeaceD_Dung\Documents\Khóa luận\dataset\dataset\OTU_2D\train\train_label\label\785.PNG,CASE_785
c:\Users\PeaceD_Dung\Documents\Khóa luận\dataset\dataset\OTU_2D\train\train_image\41.JPG,c:\Users\PeaceD_Dung\Documents\Khóa luận\dataset\dataset\OTU_2D\train\train_label\label\41.PNG,CASE_41
c:\Users\PeaceD_Dung\Documents\Khóa luận\dataset\dataset\OTU_2D\train\train_image\1141.JPG,c:\Users\PeaceD_Dung\Documents\Khóa luận\dataset\dataset\OTU_2D\train\train_label\label\1141.PNG,CASE_1141
c:\Users\PeaceD_Dung\Documents\Khóa luận\dataset\dataset\OTU_2D\train\train_image\1424.JPG,c:\Users\PeaceD_Dung\Documents\Khóa luận\dataset\dataset\OTU_2D\train\train_label\label\1424.PNG,CASE_1424
c:\Users\PeaceD_Dung\Documents\Khóa luận\dataset\dataset\OTU_2D\train\train_image\831.JPG,c:\Users\PeaceD_Dung\Documents\Khóa luận\dataset\dataset\OTU_2D\train\train_label\label\831.PNG,CASE_831
c:\Users\PeaceD_Dung\Documents\Khóa luận\dataset\dataset\OTU_2D\train\train_image\622.JPG,c:\Users\PeaceD_Dung\Documents\Khóa luận\dataset\dataset\OTU_2D\train\train_label\label\622.PNG,CASE_622
c:\Users\PeaceD_Dung\Documents\Khóa luận\dataset\dataset\OTU_2D\train\train_image\130.JPG,c:\Users\PeaceD_Dung\Documents\Khóa luận\dataset\dataset\OTU_2D\train\train_label\label\130.PNG,CASE_130
c:\Users\PeaceD_Dung\Documents\Khóa luận\dataset\dataset\OTU_2D\train\train_image\764.JPG,c:\Users\PeaceD_Dung\Documents\Khóa luận\dataset\dataset\OTU_2D\train\train_label\label\764.PNG,CASE_764
c:\Users\PeaceD_Dung\Documents\Khóa luận\dataset\dataset\OTU_2D\train\train_image\1236.JPG,c:\Users\PeaceD_Dung\Documents\Khóa luận\dataset\dataset\OTU_2D\train\train_label\label\1236.PNG,CASE_1236
c:\Users\PeaceD_Dung\Documents\Khóa luận\dataset\dataset\OTU_2D\train\train_image\933.JPG,c:\Users\PeaceD_Dung\Documents\Khóa luận\dataset\dataset\OTU_2D\train\train_label\label\933.PNG,CASE_933
c:\Users\PeaceD_Dung\Documents\Khóa luận\dataset\dataset\OTU_2D\train\train_image\840.JPG,c:\Users\PeaceD_Dung\Documents\Khóa luận\dataset\dataset\OTU_2D\train\train_label\label\840.PNG,CASE_840
c:\Users\PeaceD_Dung\Documents\Khóa luận\dataset\dataset\OTU_2D\train\train_image\611.JPG,c:\Users\PeaceD_Dung\Documents\Khóa luận\dataset\dataset\OTU_2D\train\train_label\label\611.PNG,CASE_611
c:\Users\PeaceD_Dung\Documents\Khóa luận\dataset\dataset\OTU_2D\train\train_image\871.JPG,c:\Users\PeaceD_Dung\Documents\Khóa luận\dataset\dataset\OTU_2D\train\train_label\label\871.PNG,CASE_871
c:\Users\PeaceD_Dung\Documents\Khóa luận\dataset\dataset\OTU_2D\train\train_image\1423.JPG,c:\Users\PeaceD_Dung\Documents\Khóa luận\dataset\dataset\OTU_2D\train\train_label\label\1423.PNG,CASE_1423
c:\Users\PeaceD_Dung\Documents\Khóa luận\dataset\dataset\OTU_2D\train\train_image\1187.JPG,c:\Users\PeaceD_Dung\Documents\Khóa luận\dataset\dataset\OTU_2D\train\train_label\label\1187.PNG,CASE_1187
c:\Users\PeaceD_Dung\Documents\Khóa luận\dataset\dataset\OTU_2D\train\train_image\260.JPG,c:\Users\PeaceD_Dung\Documents\Khóa luận\dataset\dataset\OTU_2D\train\train_label\label\260.PNG,CASE_260
c:\Users\PeaceD_Dung\Documents\Khóa luận\dataset\dataset\OTU_2D\train\train_image\353.JPG,c:\Users\PeaceD_Dung\Documents\Khóa luận\dataset\dataset\OTU_2D\train\train_label\label\353.PNG,CASE_353
c:\Users\PeaceD_Dung\Documents\Khóa luận\dataset\dataset\OTU_2D\train\train_image\1106.JPG,c:\Users\PeaceD_Dung\Documents\Khóa luận\dataset\dataset\OTU_2D\train\train_label\label\1106.PNG,CASE_1106
c:\Users\PeaceD_Dung\Documents\Khóa luận\dataset\dataset\OTU_2D\train\train_image\1168.JPG,c:\Users\PeaceD_Dung\Documents\Khóa luận\dataset\dataset\OTU_2D\train\train_label\label\1168.PNG,CASE_1168
c:\Users\PeaceD_Dung\Documents\Khóa luận\dataset\dataset\OTU_2D\train\train_image\11.JPG,c:\Users\PeaceD_Dung\Documents\Khóa luận\dataset\dataset\OTU_2D\train\train_label\label\11.PNG,CASE_11
c:\Users\PeaceD_Dung\Documents\Khóa luận\dataset\dataset\OTU_2D\train\train_image\439.JPG,c:\Users\PeaceD_Dung\Documents\Khóa luận\dataset\dataset\OTU_2D\train\train_label\label\439.PNG,CASE_439
c:\Users\PeaceD_Dung\Documents\Khóa luận\dataset\dataset\OTU_2D\train\train_image\367.JPG,c:\Users\PeaceD_Dung\Documents\Khóa luận\dataset\dataset\OTU_2D\train\train_label\label\367.PNG,CASE_367
c:\Users\PeaceD_Dung\Documents\Khóa luận\dataset\dataset\OTU_2D\train\train_image\677.JPG,c:\Users\PeaceD_Dung\Documents\Khóa luận\dataset\dataset\OTU_2D\train\train_label\label\677.PNG,CASE_677
c:\Users\PeaceD_Dung\Documents\Khóa luận\dataset\dataset\OTU_2D\train\train_image\289.JPG,c:\Users\PeaceD_Dung\Documents\Khóa luận\dataset\dataset\OTU_2D\train\train_label\label\289.PNG,CASE_289
c:\Users\PeaceD_Dung\Documents\Khóa luận\dataset\dataset\OTU_2D\train\train_image\398.JPG,c:\Users\PeaceD_Dung\Documents\Khóa luận\dataset\dataset\OTU_2D\train\train_label\label\398.PNG,CASE_398
c:\Users\PeaceD_Dung\Documents\Khóa luận\dataset\dataset\OTU_2D\train\train_image\903.JPG,c:\Users\PeaceD_Dung\Documents\Khóa luận\dataset\dataset\OTU_2D\train\train_label\label\903.PNG,CASE_903
c:\Users\PeaceD_Dung\Documents\Khóa luận\dataset\dataset\OTU_2D\train\train_image\1163.JPG,c:\Users\PeaceD_Dung\Documents\Khóa luận\dataset\dataset\OTU_2D\train\train_label\label\1163.PNG,CASE_1163
c:\Users\PeaceD_Dung\Documents\Khóa luận\dataset\dataset\OTU_2D\train\train_image\1310.JPG,c:\Users\PeaceD_Dung\Documents\Khóa luận\dataset\dataset\OTU_2D\train\train_label\label\1310.PNG,CASE_1310
c:\Users\PeaceD_Dung\Documents\Khóa luận\dataset\dataset\OTU_2D\train\train_image\362.JPG,c:\Users\PeaceD_Dung\Documents\Khóa luận\dataset\dataset\OTU_2D\train\train_label\label\362.PNG,CASE_362
c:\Users\PeaceD_Dung\Documents\Khóa luận\dataset\dataset\OTU_2D\train\train_image\7.JPG,c:\Users\PeaceD_Dung\Documents\Khóa luận\dataset\dataset\OTU_2D\train\train_label\label\7.PNG,CASE_7
c:\Users\PeaceD_Dung\Documents\Khóa luận\dataset\dataset\OTU_2D\train\train_image\1417.JPG,c:\Users\PeaceD_Dung\Documents\Khóa luận\dataset\dataset\OTU_2D\train\train_label\label\1417.PNG,CASE_1417
c:\Users\PeaceD_Dung\Documents\Khóa luận\dataset\dataset\OTU_2D\train\train_image\45.JPG,c:\Users\PeaceD_Dung\Documents\Khóa luận\dataset\dataset\OTU_2D\train\train_label\label\45.PNG,CASE_45
c:\Users\PeaceD_Dung\Documents\Khóa luận\dataset\dataset\OTU_2D\train\train_image\1222.JPG,c:\Users\PeaceD_Dung\Documents\Khóa luận\dataset\dataset\OTU_2D\train\train_label\label\1222.PNG,CASE_1222
c:\Users\PeaceD_Dung\Documents\Khóa luận\dataset\dataset\OTU_2D\train\train_image\675.JPG,c:\Users\PeaceD_Dung\Documents\Khóa luận\dataset\dataset\OTU_2D\train\train_label\label\675.PNG,CASE_675
c:\Users\PeaceD_Dung\Documents\Khóa luận\dataset\dataset\OTU_2D\train\train_image\1355.JPG,c:\Users\PeaceD_Dung\Documents\Khóa luận\dataset\dataset\OTU_2D\train\train_label\label\1355.PNG,CASE_1355
c:\Users\PeaceD_Dung\Documents\Khóa luận\dataset\dataset\OTU_2D\train\train_image\696.JPG,c:\Users\PeaceD_Dung\Documents\Khóa luận\dataset\dataset\OTU_2D\train\train_label\label\696.PNG,CASE_696
c:\Users\PeaceD_Dung\Documents\Khóa luận\dataset\dataset\OTU_2D\train\train_image\1465.JPG,c:\Users\PeaceD_Dung\Documents\Khóa luận\dataset\dataset\OTU_2D\train\train_label\label\1465.PNG,CASE_1465
c:\Users\PeaceD_Dung\Documents\Khóa luận\dataset\dataset\OTU_2D\train\train_image\1408.JPG,c:\Users\PeaceD_Dung\Documents\Khóa luận\dataset\dataset\OTU_2D\train\train_label\label\1408.PNG,CASE_1408
c:\Users\PeaceD_Dung\Documents\Khóa luận\dataset\dataset\OTU_2D\train\train_image\526.JPG,c:\Users\PeaceD_Dung\Documents\Khóa luận\dataset\dataset\OTU_2D\train\train_label\label\526.PNG,CASE_526
c:\Users\PeaceD_Dung\Documents\Khóa luận\dataset\dataset\OTU_2D\train\train_image\641.JPG,c:\Users\PeaceD_Dung\Documents\Khóa luận\dataset\dataset\OTU_2D\train\train_label\label\641.PNG,CASE_641
c:\Users\PeaceD_Dung\Documents\Khóa luận\dataset\dataset\OTU_2D\train\train_image\238.JPG,c:\Users\PeaceD_Dung\Documents\Khóa luận\dataset\dataset\OTU_2D\train\train_label\label\238.PNG,CASE_238
c:\Users\PeaceD_Dung\Documents\Khóa luận\dataset\dataset\OTU_2D\train\train_image\818.JPG,c:\Users\PeaceD_Dung\Documents\Khóa luận\dataset\dataset\OTU_2D\train\train_label\label\818.PNG,CASE_818
c:\Users\PeaceD_Dung\Documents\Khóa luận\dataset\dataset\OTU_2D\train\train_image\1119.JPG,c:\Users\PeaceD_Dung\Documents\Khóa luận\dataset\dataset\OTU_2D\train\train_label\label\1119.PNG,CASE_1119
c:\Users\PeaceD_Dung\Documents\Khóa luận\dataset\dataset\OTU_2D\train\train_image\819.JPG,c:\Users\PeaceD_Dung\Documents\Khóa luận\dataset\dataset\OTU_2D\train\train_label\label\819.PNG,CASE_819
c:\Users\PeaceD_Dung\Documents\Khóa luận\dataset\dataset\OTU_2D\train\train_image\1103.JPG,c:\Users\PeaceD_Dung\Documents\Khóa luận\dataset\dataset\OTU_2D\train\train_label\label\1103.PNG,CASE_1103
c:\Users\PeaceD_Dung\Documents\Khóa luận\dataset\dataset\OTU_2D\train\train_image\1128.JPG,c:\Users\PeaceD_Dung\Documents\Khóa luận\dataset\dataset\OTU_2D\train\train_label\label\1128.PNG,CASE_1128
c:\Users\PeaceD_Dung\Documents\Khóa luận\dataset\dataset\OTU_2D\train\train_image\1008.JPG,c:\Users\PeaceD_Dung\Documents\Khóa luận\dataset\dataset\OTU_2D\train\train_label\label\1008.PNG,CASE_1008
c:\Users\PeaceD_Dung\Documents\Khóa luận\dataset\dataset\OTU_2D\train\train_image\935.JPG,c:\Users\PeaceD_Dung\Documents\Khóa luận\dataset\dataset\OTU_2D\train\train_label\label\935.PNG,CASE_935
c:\Users\PeaceD_Dung\Documents\Khóa luận\dataset\dataset\OTU_2D\train\train_image\1391.JPG,c:\Users\PeaceD_Dung\Documents\Khóa luận\dataset\dataset\OTU_2D\train\train_label\label\1391.PNG,CASE_1391
c:\Users\PeaceD_Dung\Documents\Khóa luận\dataset\dataset\OTU_2D\train\train_image\6.JPG,c:\Users\PeaceD_Dung\Documents\Khóa luận\dataset\dataset\OTU_2D\train\train_label\label\6.PNG,CASE_6
c:\Users\PeaceD_Dung\Documents\Khóa luận\dataset\dataset\OTU_2D\train\train_image\1036.JPG,c:\Users\PeaceD_Dung\Documents\Khóa luận\dataset\dataset\OTU_2D\train\train_label\label\1036.PNG,CASE_1036
c:\Users\PeaceD_Dung\Documents\Khóa luận\dataset\dataset\OTU_2D\train\train_image\259.JPG,c:\Users\PeaceD_Dung\Documents\Khóa luận\dataset\dataset\OTU_2D\train\train_label\label\259.PNG,CASE_259
c:\Users\PeaceD_Dung\Documents\Khóa luận\dataset\dataset\OTU_2D\train\train_image\761.JPG,c:\Users\PeaceD_Dung\Documents\Khóa luận\dataset\dataset\OTU_2D\train\train_label\label\761.PNG,CASE_761
c:\Users\PeaceD_Dung\Documents\Khóa luận\dataset\dataset\OTU_2D\train\train_image\1380.JPG,c:\Users\PeaceD_Dung\Documents\Khóa luận\dataset\dataset\OTU_2D\train\train_label\label\1380.PNG,CASE_1380
c:\Users\PeaceD_Dung\Documents\Khóa luận\dataset\dataset\OTU_2D\train\train_image\1422.JPG,c:\Users\PeaceD_Dung\Documents\Khóa luận\dataset\dataset\OTU_2D\train\train_label\label\1422.PNG,CASE_1422
c:\Users\PeaceD_Dung\Documents\Khóa luận\dataset\dataset\OTU_2D\train\train_image\1205.JPG,c:\Users\PeaceD_Dung\Documents\Khóa luận\dataset\dataset\OTU_2D\train\train_label\label\1205.PNG,CASE_1205
c:\Users\PeaceD_Dung\Documents\Khóa luận\dataset\dataset\OTU_2D\train\train_image\419.JPG,c:\Users\PeaceD_Dung\Documents\Khóa luận\dataset\dataset\OTU_2D\train\train_label\label\419.PNG,CASE_419
c:\Users\PeaceD_Dung\Documents\Khóa luận\dataset\dataset\OTU_2D\train\train_image\533.JPG,c:\Users\PeaceD_Dung\Documents\Khóa luận\dataset\dataset\OTU_2D\train\train_label\label\533.PNG,CASE_533
c:\Users\PeaceD_Dung\Documents\Khóa luận\dataset\dataset\OTU_2D\train\train_image\405.JPG,c:\Users\PeaceD_Dung\Documents\Khóa luận\dataset\dataset\OTU_2D\train\train_label\label\405.PNG,CASE_405
c:\Users\PeaceD_Dung\Documents\Khóa luận\dataset\dataset\OTU_2D\train\train_image\865.JPG,c:\Users\PeaceD_Dung\Documents\Khóa luận\dataset\dataset\OTU_2D\train\train_label\label\865.PNG,CASE_865
c:\Users\PeaceD_Dung\Documents\Khóa luận\dataset\dataset\OTU_2D\train\train_image\78.JPG,c:\Users\PeaceD_Dung\Documents\Khóa luận\dataset\dataset\OTU_2D\train\train_label\label\78.PNG,CASE_78
c:\Users\PeaceD_Dung\Documents\Khóa luận\dataset\dataset\OTU_2D\train\train_image\207.JPG,c:\Users\PeaceD_Dung\Documents\Khóa luận\dataset\dataset\OTU_2D\train\train_label\label\207.PNG,CASE_207
c:\Users\PeaceD_Dung\Documents\Khóa luận\dataset\dataset\OTU_2D\train\train_image\133.JPG,c:\Users\PeaceD_Dung\Documents\Khóa luận\dataset\dataset\OTU_2D\train\train_label\label\133.PNG,CASE_133
c:\Users\PeaceD_Dung\Documents\Khóa luận\dataset\dataset\OTU_2D\train\train_image\727.JPG,c:\Users\PeaceD_Dung\Documents\Khóa luận\dataset\dataset\OTU_2D\train\train_label\label\727.PNG,CASE_727
c:\Users\PeaceD_Dung\Documents\Khóa luận\dataset\dataset\OTU_2D\train\train_image\811.JPG,c:\Users\PeaceD_Dung\Documents\Khóa luận\dataset\dataset\OTU_2D\train\train_label\label\811.PNG,CASE_811
c:\Users\PeaceD_Dung\Documents\Khóa luận\dataset\dataset\OTU_2D\train\train_image\381.JPG,c:\Users\PeaceD_Dung\Documents\Khóa luận\dataset\dataset\OTU_2D\train\train_label\label\381.PNG,CASE_381
c:\Users\PeaceD_Dung\Documents\Khóa luận\dataset\dataset\OTU_2D\train\train_image\56.JPG,c:\Users\PeaceD_Dung\Documents\Khóa luận\dataset\dataset\OTU_2D\train\train_label\label\56.PNG,CASE_56
c:\Users\PeaceD_Dung\Documents\Khóa luận\dataset\dataset\OTU_2D\train\train_image\795.JPG,c:\Users\PeaceD_Dung\Documents\Khóa luận\dataset\dataset\OTU_2D\train\train_label\label\795.PNG,CASE_795
c:\Users\PeaceD_Dung\Documents\Khóa luận\dataset\dataset\OTU_2D\train\train_image\1279.JPG,c:\Users\PeaceD_Dung\Documents\Khóa luận\dataset\dataset\OTU_2D\train\train_label\label\1279.PNG,CASE_1279
c:\Users\PeaceD_Dung\Documents\Khóa luận\dataset\dataset\OTU_2D\train\train_image\593.JPG,c:\Users\PeaceD_Dung\Documents\Khóa luận\dataset\dataset\OTU_2D\train\train_label\label\593.PNG,CASE_593
c:\Users\PeaceD_Dung\Documents\Khóa luận\dataset\dataset\OTU_2D\train\train_image\451.JPG,c:\Users\PeaceD_Dung\Documents\Khóa luận\dataset\dataset\OTU_2D\train\train_label\label\451.PNG,CASE_451
c:\Users\PeaceD_Dung\Documents\Khóa luận\dataset\dataset\OTU_2D\train\train_image\1215.JPG,c:\Users\PeaceD_Dung\Documents\Khóa luận\dataset\dataset\OTU_2D\train\train_label\label\1215.PNG,CASE_1215
c:\Users\PeaceD_Dung\Documents\Khóa luận\dataset\dataset\OTU_2D\train\train_image\1211.JPG,c:\Users\PeaceD_Dung\Documents\Khóa luận\dataset\dataset\OTU_2D\train\train_label\label\1211.PNG,CASE_1211
c:\Users\PeaceD_Dung\Documents\Khóa luận\dataset\dataset\OTU_2D\train\train_image\565.JPG,c:\Users\PeaceD_Dung\Documents\Khóa luận\dataset\dataset\OTU_2D\train\train_label\label\565.PNG,CASE_565
c:\Users\PeaceD_Dung\Documents\Khóa luận\dataset\dataset\OTU_2D\train\train_image\1125.JPG,c:\Users\PeaceD_Dung\Documents\Khóa luận\dataset\dataset\OTU_2D\train\train_label\label\1125.PNG,CASE_1125
c:\Users\PeaceD_Dung\Documents\Khóa luận\dataset\dataset\OTU_2D\train\train_image\465.JPG,c:\Users\PeaceD_Dung\Documents\Khóa luận\dataset\dataset\OTU_2D\train\train_label\label\465.PNG,CASE_465
c:\Users\PeaceD_Dung\Documents\Khóa luận\dataset\dataset\OTU_2D\train\train_image\1152.JPG,c:\Users\PeaceD_Dung\Documents\Khóa luận\dataset\dataset\OTU_2D\train\train_label\label\1152.PNG,CASE_1152
c:\Users\PeaceD_Dung\Documents\Khóa luận\dataset\dataset\OTU_2D\train\train_image\881.JPG,c:\Users\PeaceD_Dung\Documents\Khóa luận\dataset\dataset\OTU_2D\train\train_label\label\881.PNG,CASE_881
c:\Users\PeaceD_Dung\Documents\Khóa luận\dataset\dataset\OTU_2D\train\train_image\81.JPG,c:\Users\PeaceD_Dung\Documents\Khóa luận\dataset\dataset\OTU_2D\train\train_label\label\81.PNG,CASE_81
c:\Users\PeaceD_Dung\Documents\Khóa luận\dataset\dataset\OTU_2D\train\train_image\1414.JPG,c:\Users\PeaceD_Dung\Documents\Khóa luận\dataset\dataset\OTU_2D\train\train_label\label\1414.PNG,CASE_1414
c:\Users\PeaceD_Dung\Documents\Khóa luận\dataset\dataset\OTU_2D\train\train_image\1102.JPG,c:\Users\PeaceD_Dung\Documents\Khóa luận\dataset\dataset\OTU_2D\train\train_label\label\1102.PNG,CASE_1102
c:\Users\PeaceD_Dung\Documents\Khóa luận\dataset\dataset\OTU_2D\train\train_image\1412.JPG,c:\Users\PeaceD_Dung\Documents\Khóa luận\dataset\dataset\OTU_2D\train\train_label\label\1412.PNG,CASE_1412
c:\Users\PeaceD_Dung\Documents\Khóa luận\dataset\dataset\OTU_2D\train\train_image\199.JPG,c:\Users\PeaceD_Dung\Documents\Khóa luận\dataset\dataset\OTU_2D\train\train_label\label\199.PNG,CASE_199
c:\Users\PeaceD_Dung\Documents\Khóa luận\dataset\dataset\OTU_2D\train\train_image\300.JPG,c:\Users\PeaceD_Dung\Documents\Khóa luận\dataset\dataset\OTU_2D\train\train_label\label\300.PNG,CASE_300
c:\Users\PeaceD_Dung\Documents\Khóa luận\dataset\dataset\OTU_2D\train\train_image\742.JPG,c:\Users\PeaceD_Dung\Documents\Khóa luận\dataset\dataset\OTU_2D\train\train_label\label\742.PNG,CASE_742
c:\Users\PeaceD_Dung\Documents\Khóa luận\dataset\dataset\OTU_2D\train\train_image\1029.JPG,c:\Users\PeaceD_Dung\Documents\Khóa luận\dataset\dataset\OTU_2D\train\train_label\label\1029.PNG,CASE_1029
c:\Users\PeaceD_Dung\Documents\Khóa luận\dataset\dataset\OTU_2D\train\train_image\469.JPG,c:\Users\PeaceD_Dung\Documents\Khóa luận\dataset\dataset\OTU_2D\train\train_label\label\469.PNG,CASE_469
c:\Users\PeaceD_Dung\Documents\Khóa luận\dataset\dataset\OTU_2D\train\train_image\224.JPG,c:\Users\PeaceD_Dung\Documents\Khóa luận\dataset\dataset\OTU_2D\train\train_label\label\224.PNG,CASE_224
c:\Users\PeaceD_Dung\Documents\Khóa luận\dataset\dataset\OTU_2D\train\train_image\676.JPG,c:\Users\PeaceD_Dung\Documents\Khóa luận\dataset\dataset\OTU_2D\train\train_label\label\676.PNG,CASE_676
c:\Users\PeaceD_Dung\Documents\Khóa luận\dataset\dataset\OTU_2D\train\train_image\1.JPG,c:\Users\PeaceD_Dung\Documents\Khóa luận\dataset\dataset\OTU_2D\train\train_label\label\1.PNG,CASE_1
c:\Users\PeaceD_Dung\Documents\Khóa luận\dataset\dataset\OTU_2D\train\train_image\563.JPG,c:\Users\PeaceD_Dung\Documents\Khóa luận\dataset\dataset\OTU_2D\train\train_label\label\563.PNG,CASE_563
c:\Users\PeaceD_Dung\Documents\Khóa luận\dataset\dataset\OTU_2D\train\train_image\577.JPG,c:\Users\PeaceD_Dung\Documents\Khóa luận\dataset\dataset\OTU_2D\train\train_label\label\577.PNG,CASE_577
c:\Users\PeaceD_Dung\Documents\Khóa luận\dataset\dataset\OTU_2D\train\train_image\1265.JPG,c:\Users\PeaceD_Dung\Documents\Khóa luận\dataset\dataset\OTU_2D\train\train_label\label\1265.PNG,CASE_1265
c:\Users\PeaceD_Dung\Documents\Khóa luận\dataset\dataset\OTU_2D\train\train_image\312.JPG,c:\Users\PeaceD_Dung\Documents\Khóa luận\dataset\dataset\OTU_2D\train\train_label\label\312.PNG,CASE_312
c:\Users\PeaceD_Dung\Documents\Khóa luận\dataset\dataset\OTU_2D\train\train_image\767.JPG,c:\Users\PeaceD_Dung\Documents\Khóa luận\dataset\dataset\OTU_2D\train\train_label\label\767.PNG,CASE_767
c:\Users\PeaceD_Dung\Documents\Khóa luận\dataset\dataset\OTU_2D\train\train_image\943.JPG,c:\Users\PeaceD_Dung\Documents\Khóa luận\dataset\dataset\OTU_2D\train\train_label\label\943.PNG,CASE_943
c:\Users\PeaceD_Dung\Documents\Khóa luận\dataset\dataset\OTU_2D\train\train_image\838.JPG,c:\Users\PeaceD_Dung\Documents\Khóa luận\dataset\dataset\OTU_2D\train\train_label\label\838.PNG,CASE_838
c:\Users\PeaceD_Dung\Documents\Khóa luận\dataset\dataset\OTU_2D\train\train_image\836.JPG,c:\Users\PeaceD_Dung\Documents\Khóa luận\dataset\dataset\OTU_2D\train\train_label\label\836.PNG,CASE_836
c:\Users\PeaceD_Dung\Documents\Khóa luận\dataset\dataset\OTU_2D\train\train_image\189.JPG,c:\Users\PeaceD_Dung\Documents\Khóa luận\dataset\dataset\OTU_2D\train\train_label\label\189.PNG,CASE_189
c:\Users\PeaceD_Dung\Documents\Khóa luận\dataset\dataset\OTU_2D\train\train_image\72.JPG,c:\Users\PeaceD_Dung\Documents\Khóa luận\dataset\dataset\OTU_2D\train\train_label\label\72.PNG,CASE_72
c:\Users\PeaceD_Dung\Documents\Khóa luận\dataset\dataset\OTU_2D\train\train_image\1183.JPG,c:\Users\PeaceD_Dung\Documents\Khóa luận\dataset\dataset\OTU_2D\train\train_label\label\1183.PNG,CASE_1183
c:\Users\PeaceD_Dung\Documents\Khóa luận\dataset\dataset\OTU_2D\train\train_image\505.JPG,c:\Users\PeaceD_Dung\Documents\Khóa luận\dataset\dataset\OTU_2D\train\train_label\label\505.PNG,CASE_505
c:\Users\PeaceD_Dung\Documents\Khóa luận\dataset\dataset\OTU_2D\train\train_image\1296.JPG,c:\Users\PeaceD_Dung\Documents\Khóa luận\dataset\dataset\OTU_2D\train\train_label\label\1296.PNG,CASE_1296
c:\Users\PeaceD_Dung\Documents\Khóa luận\dataset\dataset\OTU_2D\train\train_image\491.JPG,c:\Users\PeaceD_Dung\Documents\Khóa luận\dataset\dataset\OTU_2D\train\train_label\label\491.PNG,CASE_491
c:\Users\PeaceD_Dung\Documents\Khóa luận\dataset\dataset\OTU_2D\train\train_image\786.JPG,c:\Users\PeaceD_Dung\Documents\Khóa luận\dataset\dataset\OTU_2D\train\train_label\label\786.PNG,CASE_786
c:\Users\PeaceD_Dung\Documents\Khóa luận\dataset\dataset\OTU_2D\train\train_image\1000.JPG,c:\Users\PeaceD_Dung\Documents\Khóa luận\dataset\dataset\OTU_2D\train\train_label\label\1000.PNG,CASE_1000
c:\Users\PeaceD_Dung\Documents\Khóa luận\dataset\dataset\OTU_2D\train\train_image\853.JPG,c:\Users\PeaceD_Dung\Documents\Khóa luận\dataset\dataset\OTU_2D\train\train_label\label\853.PNG,CASE_853
c:\Users\PeaceD_Dung\Documents\Khóa luận\dataset\dataset\OTU_2D\train\train_image\1261.JPG,c:\Users\PeaceD_Dung\Documents\Khóa luận\dataset\dataset\OTU_2D\train\train_label\label\1261.PNG,CASE_1261
c:\Users\PeaceD_Dung\Documents\Khóa luận\dataset\dataset\OTU_2D\train\train_image\401.JPG,c:\Users\PeaceD_Dung\Documents\Khóa luận\dataset\dataset\OTU_2D\train\train_label\label\401.PNG,CASE_401
c:\Users\PeaceD_Dung\Documents\Khóa luận\dataset\dataset\OTU_2D\train\train_image\977.JPG,c:\Users\PeaceD_Dung\Documents\Khóa luận\dataset\dataset\OTU_2D\train\train_label\label\977.PNG,CASE_977
c:\Users\PeaceD_Dung\Documents\Khóa luận\dataset\dataset\OTU_2D\train\train_image\997.JPG,c:\Users\PeaceD_Dung\Documents\Khóa luận\dataset\dataset\OTU_2D\train\train_label\label\997.PNG,CASE_997
c:\Users\PeaceD_Dung\Documents\Khóa luận\dataset\dataset\OTU_2D\train\train_image\92.JPG,c:\Users\PeaceD_Dung\Documents\Khóa luận\dataset\dataset\OTU_2D\train\train_label\label\92.PNG,CASE_92
c:\Users\PeaceD_Dung\Documents\Khóa luận\dataset\dataset\OTU_2D\train\train_image\737.JPG,c:\Users\PeaceD_Dung\Documents\Khóa luận\dataset\dataset\OTU_2D\train\train_label\label\737.PNG,CASE_737
c:\Users\PeaceD_Dung\Documents\Khóa luận\dataset\dataset\OTU_2D\train\train_image\942.JPG,c:\Users\PeaceD_Dung\Documents\Khóa luận\dataset\dataset\OTU_2D\train\train_label\label\942.PNG,CASE_942
c:\Users\PeaceD_Dung\Documents\Khóa luận\dataset\dataset\OTU_2D\train\train_image\891.JPG,c:\Users\PeaceD_Dung\Documents\Khóa luận\dataset\dataset\OTU_2D\train\train_label\label\891.PNG,CASE_891
c:\Users\PeaceD_Dung\Documents\Khóa luận\dataset\dataset\OTU_2D\train\train_image\1194.JPG,c:\Users\PeaceD_Dung\Documents\Khóa luận\dataset\dataset\OTU_2D\train\train_label\label\1194.PNG,CASE_1194
c:\Users\PeaceD_Dung\Documents\Khóa luận\dataset\dataset\OTU_2D\train\train_image\1016.JPG,c:\Users\PeaceD_Dung\Documents\Khóa luận\dataset\dataset\OTU_2D\train\train_label\label\1016.PNG,CASE_1016
c:\Users\PeaceD_Dung\Documents\Khóa luận\dataset\dataset\OTU_2D\train\train_image\599.JPG,c:\Users\PeaceD_Dung\Documents\Khóa luận\dataset\dataset\OTU_2D\train\train_label\label\599.PNG,CASE_599
c:\Users\PeaceD_Dung\Documents\Khóa luận\dataset\dataset\OTU_2D\train\train_image\1426.JPG,c:\Users\PeaceD_Dung\Documents\Khóa luận\dataset\dataset\OTU_2D\train\train_label\label\1426.PNG,CASE_1426
c:\Users\PeaceD_Dung\Documents\Khóa luận\dataset\dataset\OTU_2D\train\train_image\561.JPG,c:\Users\PeaceD_Dung\Documents\Khóa luận\dataset\dataset\OTU_2D\train\train_label\label\561.PNG,CASE_561
c:\Users\PeaceD_Dung\Documents\Khóa luận\dataset\dataset\OTU_2D\train\train_image\44.JPG,c:\Users\PeaceD_Dung\Documents\Khóa luận\dataset\dataset\OTU_2D\train\train_label\label\44.PNG,CASE_44
c:\Users\PeaceD_Dung\Documents\Khóa luận\dataset\dataset\OTU_2D\train\train_image\763.JPG,c:\Users\PeaceD_Dung\Documents\Khóa luận\dataset\dataset\OTU_2D\train\train_label\label\763.PNG,CASE_763
c:\Users\PeaceD_Dung\Documents\Khóa luận\dataset\dataset\OTU_2D\train\train_image\324.JPG,c:\Users\PeaceD_Dung\Documents\Khóa luận\dataset\dataset\OTU_2D\train\train_label\label\324.PNG,CASE_324
c:\Users\PeaceD_Dung\Documents\Khóa luận\dataset\dataset\OTU_2D\train\train_image\33.JPG,c:\Users\PeaceD_Dung\Documents\Khóa luận\dataset\dataset\OTU_2D\train\train_label\label\33.PNG,CASE_33
c:\Users\PeaceD_Dung\Documents\Khóa luận\dataset\dataset\OTU_2D\train\train_image\1112.JPG,c:\Users\PeaceD_Dung\Documents\Khóa luận\dataset\dataset\OTU_2D\train\train_label\label\1112.PNG,CASE_1112
c:\Users\PeaceD_Dung\Documents\Khóa luận\dataset\dataset\OTU_2D\train\train_image\673.JPG,c:\Users\PeaceD_Dung\Documents\Khóa luận\dataset\dataset\OTU_2D\train\train_label\label\673.PNG,CASE_673
c:\Users\PeaceD_Dung\Documents\Khóa luận\dataset\dataset\OTU_2D\train\train_image\920.JPG,c:\Users\PeaceD_Dung\Documents\Khóa luận\dataset\dataset\OTU_2D\train\train_label\label\920.PNG,CASE_920
c:\Users\PeaceD_Dung\Documents\Khóa luận\dataset\dataset\OTU_2D\train\train_image\926.JPG,c:\Users\PeaceD_Dung\Documents\Khóa luận\dataset\dataset\OTU_2D\train\train_label\label\926.PNG,CASE_926
c:\Users\PeaceD_Dung\Documents\Khóa luận\dataset\dataset\OTU_2D\train\train_image\721.JPG,c:\Users\PeaceD_Dung\Documents\Khóa luận\dataset\dataset\OTU_2D\train\train_label\label\721.PNG,CASE_721
c:\Users\PeaceD_Dung\Documents\Khóa luận\dataset\dataset\OTU_2D\train\train_image\1253.JPG,c:\Users\PeaceD_Dung\Documents\Khóa luận\dataset\dataset\OTU_2D\train\train_label\label\1253.PNG,CASE_1253
c:\Users\PeaceD_Dung\Documents\Khóa luận\dataset\dataset\OTU_2D\train\train_image\1189.JPG,c:\Users\PeaceD_Dung\Documents\Khóa luận\dataset\dataset\OTU_2D\train\train_label\label\1189.PNG,CASE_1189
c:\Users\PeaceD_Dung\Documents\Khóa luận\dataset\dataset\OTU_2D\train\train_image\1087.JPG,c:\Users\PeaceD_Dung\Documents\Khóa luận\dataset\dataset\OTU_2D\train\train_label\label\1087.PNG,CASE_1087
c:\Users\PeaceD_Dung\Documents\Khóa luận\dataset\dataset\OTU_2D\train\train_image\1159.JPG,c:\Users\PeaceD_Dung\Documents\Khóa luận\dataset\dataset\OTU_2D\train\train_label\label\1159.PNG,CASE_1159
c:\Users\PeaceD_Dung\Documents\Khóa luận\dataset\dataset\OTU_2D\train\train_image\480.JPG,c:\Users\PeaceD_Dung\Documents\Khóa luận\dataset\dataset\OTU_2D\train\train_label\label\480.PNG,CASE_480
c:\Users\PeaceD_Dung\Documents\Khóa luận\dataset\dataset\OTU_2D\train\train_image\513.JPG,c:\Users\PeaceD_Dung\Documents\Khóa luận\dataset\dataset\OTU_2D\train\train_label\label\513.PNG,CASE_513
c:\Users\PeaceD_Dung\Documents\Khóa luận\dataset\dataset\OTU_2D\train\train_image\1231.JPG,c:\Users\PeaceD_Dung\Documents\Khóa luận\dataset\dataset\OTU_2D\train\train_label\label\1231.PNG,CASE_1231
c:\Users\PeaceD_Dung\Documents\Khóa luận\dataset\dataset\OTU_2D\train\train_image\823.JPG,c:\Users\PeaceD_Dung\Documents\Khóa luận\dataset\dataset\OTU_2D\train\train_label\label\823.PNG,CASE_823
c:\Users\PeaceD_Dung\Documents\Khóa luận\dataset\dataset\OTU_2D\train\train_image\874.JPG,c:\Users\PeaceD_Dung\Documents\Khóa luận\dataset\dataset\OTU_2D\train\train_label\label\874.PNG,CASE_874
c:\Users\PeaceD_Dung\Documents\Khóa luận\dataset\dataset\OTU_2D\train\train_image\348.JPG,c:\Users\PeaceD_Dung\Documents\Khóa luận\dataset\dataset\OTU_2D\train\train_label\label\348.PNG,CASE_348
c:\Users\PeaceD_Dung\Documents\Khóa luận\dataset\dataset\OTU_2D\train\train_image\645.JPG,c:\Users\PeaceD_Dung\Documents\Khóa luận\dataset\dataset\OTU_2D\train\train_label\label\645.PNG,CASE_645
c:\Users\PeaceD_Dung\Documents\Khóa luận\dataset\dataset\OTU_2D\train\train_image\395.JPG,c:\Users\PeaceD_Dung\Documents\Khóa luận\dataset\dataset\OTU_2D\train\train_label\label\395.PNG,CASE_395
c:\Users\PeaceD_Dung\Documents\Khóa luận\dataset\dataset\OTU_2D\train\train_image\646.JPG,c:\Users\PeaceD_Dung\Documents\Khóa luận\dataset\dataset\OTU_2D\train\train_label\label\646.PNG,CASE_646
c:\Users\PeaceD_Dung\Documents\Khóa luận\dataset\dataset\OTU_2D\train\train_image\1443.JPG,c:\Users\PeaceD_Dung\Documents\Khóa luận\dataset\dataset\OTU_2D\train\train_label\label\1443.PNG,CASE_1443
c:\Users\PeaceD_Dung\Documents\Khóa luận\dataset\dataset\OTU_2D\train\train_image\576.JPG,c:\Users\PeaceD_Dung\Documents\Khóa luận\dataset\dataset\OTU_2D\train\train_label\label\576.PNG,CASE_576
c:\Users\PeaceD_Dung\Documents\Khóa luận\dataset\dataset\OTU_2D\train\train_image\946.JPG,c:\Users\PeaceD_Dung\Documents\Khóa luận\dataset\dataset\OTU_2D\train\train_label\label\946.PNG,CASE_946
c:\Users\PeaceD_Dung\Documents\Khóa luận\dataset\dataset\OTU_2D\train\train_image\1421.JPG,c:\Users\PeaceD_Dung\Documents\Khóa luận\dataset\dataset\OTU_2D\train\train_label\label\1421.PNG,CASE_1421
c:\Users\PeaceD_Dung\Documents\Khóa luận\dataset\dataset\OTU_2D\train\train_image\984.JPG,c:\Users\PeaceD_Dung\Documents\Khóa luận\dataset\dataset\OTU_2D\train\train_label\label\984.PNG,CASE_984
c:\Users\PeaceD_Dung\Documents\Khóa luận\dataset\dataset\OTU_2D\train\train_image\1446.JPG,c:\Users\PeaceD_Dung\Documents\Khóa luận\dataset\dataset\OTU_2D\train\train_label\label\1446.PNG,CASE_1446
c:\Users\PeaceD_Dung\Documents\Khóa luận\dataset\dataset\OTU_2D\train\train_image\1240.JPG,c:\Users\PeaceD_Dung\Documents\Khóa luận\dataset\dataset\OTU_2D\train\train_label\label\1240.PNG,CASE_1240
c:\Users\PeaceD_Dung\Documents\Khóa luận\dataset\dataset\OTU_2D\train\train_image\427.JPG,c:\Users\PeaceD_Dung\Documents\Khóa luận\dataset\dataset\OTU_2D\train\train_label\label\427.PNG,CASE_427
c:\Users\PeaceD_Dung\Documents\Khóa luận\dataset\dataset\OTU_2D\train\train_image\739.JPG,c:\Users\PeaceD_Dung\Documents\Khóa luận\dataset\dataset\OTU_2D\train\train_label\label\739.PNG,CASE_739
c:\Users\PeaceD_Dung\Documents\Khóa luận\dataset\dataset\OTU_2D\train\train_image\343.JPG,c:\Users\PeaceD_Dung\Documents\Khóa luận\dataset\dataset\OTU_2D\train\train_label\label\343.PNG,CASE_343
c:\Users\PeaceD_Dung\Documents\Khóa luận\dataset\dataset\OTU_2D\train\train_image\490.JPG,c:\Users\PeaceD_Dung\Documents\Khóa luận\dataset\dataset\OTU_2D\train\train_label\label\490.PNG,CASE_490
c:\Users\PeaceD_Dung\Documents\Khóa luận\dataset\dataset\OTU_2D\train\train_image\759.JPG,c:\Users\PeaceD_Dung\Documents\Khóa luận\dataset\dataset\OTU_2D\train\train_label\label\759.PNG,CASE_759
c:\Users\PeaceD_Dung\Documents\Khóa luận\dataset\dataset\OTU_2D\train\train_image\1351.JPG,c:\Users\PeaceD_Dung\Documents\Khóa luận\dataset\dataset\OTU_2D\train\train_label\label\1351.PNG,CASE_1351
c:\Users\PeaceD_Dung\Documents\Khóa luận\dataset\dataset\OTU_2D\train\train_image\211.JPG,c:\Users\PeaceD_Dung\Documents\Khóa luận\dataset\dataset\OTU_2D\train\train_label\label\211.PNG,CASE_211
c:\Users\PeaceD_Dung\Documents\Khóa luận\dataset\dataset\OTU_2D\train\train_image\616.JPG,c:\Users\PeaceD_Dung\Documents\Khóa luận\dataset\dataset\OTU_2D\train\train_label\label\616.PNG,CASE_616
c:\Users\PeaceD_Dung\Documents\Khóa luận\dataset\dataset\OTU_2D\train\train_image\1350.JPG,c:\Users\PeaceD_Dung\Documents\Khóa luận\dataset\dataset\OTU_2D\train\train_label\label\1350.PNG,CASE_1350
c:\Users\PeaceD_Dung\Documents\Khóa luận\dataset\dataset\OTU_2D\train\train_image\1117.JPG,c:\Users\PeaceD_Dung\Documents\Khóa luận\dataset\dataset\OTU_2D\train\train_label\label\1117.PNG,CASE_1117
c:\Users\PeaceD_Dung\Documents\Khóa luận\dataset\dataset\OTU_2D\train\train_image\1449.JPG,c:\Users\PeaceD_Dung\Documents\Khóa luận\dataset\dataset\OTU_2D\train\train_label\label\1449.PNG,CASE_1449
c:\Users\PeaceD_Dung\Documents\Khóa luận\dataset\dataset\OTU_2D\train\train_image\35.JPG,c:\Users\PeaceD_Dung\Documents\Khóa luận\dataset\dataset\OTU_2D\train\train_label\label\35.PNG,CASE_35
c:\Users\PeaceD_Dung\Documents\Khóa luận\dataset\dataset\OTU_2D\train\train_image\212.JPG,c:\Users\PeaceD_Dung\Documents\Khóa luận\dataset\dataset\OTU_2D\train\train_label\label\212.PNG,CASE_212
c:\Users\PeaceD_Dung\Documents\Khóa luận\dataset\dataset\OTU_2D\train\train_image\969.JPG,c:\Users\PeaceD_Dung\Documents\Khóa luận\dataset\dataset\OTU_2D\train\train_label\label\969.PNG,CASE_969
c:\Users\PeaceD_Dung\Documents\Khóa luận\dataset\dataset\OTU_2D\train\train_image\139.JPG,c:\Users\PeaceD_Dung\Documents\Khóa luận\dataset\dataset\OTU_2D\train\train_label\label\139.PNG,CASE_139
c:\Users\PeaceD_Dung\Documents\Khóa luận\dataset\dataset\OTU_2D\train\train_image\1100.JPG,c:\Users\PeaceD_Dung\Documents\Khóa luận\dataset\dataset\OTU_2D\train\train_label\label\1100.PNG,CASE_1100
c:\Users\PeaceD_Dung\Documents\Khóa luận\dataset\dataset\OTU_2D\train\train_image\226.JPG,c:\Users\PeaceD_Dung\Documents\Khóa luận\dataset\dataset\OTU_2D\train\train_label\label\226.PNG,CASE_226
c:\Users\PeaceD_Dung\Documents\Khóa luận\dataset\dataset\OTU_2D\train\train_image\80.JPG,c:\Users\PeaceD_Dung\Documents\Khóa luận\dataset\dataset\OTU_2D\train\train_label\label\80.PNG,CASE_80
c:\Users\PeaceD_Dung\Documents\Khóa luận\dataset\dataset\OTU_2D\train\train_image\1370.JPG,c:\Users\PeaceD_Dung\Documents\Khóa luận\dataset\dataset\OTU_2D\train\train_label\label\1370.PNG,CASE_1370
c:\Users\PeaceD_Dung\Documents\Khóa luận\dataset\dataset\OTU_2D\train\train_image\603.JPG,c:\Users\PeaceD_Dung\Documents\Khóa luận\dataset\dataset\OTU_2D\train\train_label\label\603.PNG,CASE_603
c:\Users\PeaceD_Dung\Documents\Khóa luận\dataset\dataset\OTU_2D\train\train_image\805.JPG,c:\Users\PeaceD_Dung\Documents\Khóa luận\dataset\dataset\OTU_2D\train\train_label\label\805.PNG,CASE_805
c:\Users\PeaceD_Dung\Documents\Khóa luận\dataset\dataset\OTU_2D\train\train_image\736.JPG,c:\Users\PeaceD_Dung\Documents\Khóa luận\dataset\dataset\OTU_2D\train\train_label\label\736.PNG,CASE_736
c:\Users\PeaceD_Dung\Documents\Khóa luận\dataset\dataset\OTU_2D\train\train_image\1451.JPG,c:\Users\PeaceD_Dung\Documents\Khóa luận\dataset\dataset\OTU_2D\train\train_label\label\1451.PNG,CASE_1451
c:\Users\PeaceD_Dung\Documents\Khóa luận\dataset\dataset\OTU_2D\train\train_image\320.JPG,c:\Users\PeaceD_Dung\Documents\Khóa luận\dataset\dataset\OTU_2D\train\train_label\label\320.PNG,CASE_320
c:\Users\PeaceD_Dung\Documents\Khóa luận\dataset\dataset\OTU_2D\train\train_image\433.JPG,c:\Users\PeaceD_Dung\Documents\Khóa luận\dataset\dataset\OTU_2D\train\train_label\label\433.PNG,CASE_433
c:\Users\PeaceD_Dung\Documents\Khóa luận\dataset\dataset\OTU_2D\train\train_image\1272.JPG,c:\Users\PeaceD_Dung\Documents\Khóa luận\dataset\dataset\OTU_2D\train\train_label\label\1272.PNG,CASE_1272
c:\Users\PeaceD_Dung\Documents\Khóa luận\dataset\dataset\OTU_2D\train\train_image\99.JPG,c:\Users\PeaceD_Dung\Documents\Khóa luận\dataset\dataset\OTU_2D\train\train_label\label\99.PNG,CASE_99
c:\Users\PeaceD_Dung\Documents\Khóa luận\dataset\dataset\OTU_2D\train\train_image\569.JPG,c:\Users\PeaceD_Dung\Documents\Khóa luận\dataset\dataset\OTU_2D\train\train_label\label\569.PNG,CASE_569
c:\Users\PeaceD_Dung\Documents\Khóa luận\dataset\dataset\OTU_2D\train\train_image\1286.JPG,c:\Users\PeaceD_Dung\Documents\Khóa luận\dataset\dataset\OTU_2D\train\train_label\label\1286.PNG,CASE_1286
c:\Users\PeaceD_Dung\Documents\Khóa luận\dataset\dataset\OTU_2D\train\train_image\852.JPG,c:\Users\PeaceD_Dung\Documents\Khóa luận\dataset\dataset\OTU_2D\train\train_label\label\852.PNG,CASE_852
c:\Users\PeaceD_Dung\Documents\Khóa luận\dataset\dataset\OTU_2D\train\train_image\695.JPG,c:\Users\PeaceD_Dung\Documents\Khóa luận\dataset\dataset\OTU_2D\train\train_label\label\695.PNG,CASE_695
c:\Users\PeaceD_Dung\Documents\Khóa luận\dataset\dataset\OTU_2D\train\train_image\1129.JPG,c:\Users\PeaceD_Dung\Documents\Khóa luận\dataset\dataset\OTU_2D\train\train_label\label\1129.PNG,CASE_1129
c:\Users\PeaceD_Dung\Documents\Khóa luận\dataset\dataset\OTU_2D\train\train_image\749.JPG,c:\Users\PeaceD_Dung\Documents\Khóa luận\dataset\dataset\OTU_2D\train\train_label\label\749.PNG,CASE_749
c:\Users\PeaceD_Dung\Documents\Khóa luận\dataset\dataset\OTU_2D\train\train_image\798.JPG,c:\Users\PeaceD_Dung\Documents\Khóa luận\dataset\dataset\OTU_2D\train\train_label\label\798.PNG,CASE_798
c:\Users\PeaceD_Dung\Documents\Khóa luận\dataset\dataset\OTU_2D\train\train_image\940.JPG,c:\Users\PeaceD_Dung\Documents\Khóa luận\dataset\dataset\OTU_2D\train\train_label\label\940.PNG,CASE_940
c:\Users\PeaceD_Dung\Documents\Khóa luận\dataset\dataset\OTU_2D\train\train_image\1448.JPG,c:\Users\PeaceD_Dung\Documents\Khóa luận\dataset\dataset\OTU_2D\train\train_label\label\1448.PNG,CASE_1448
c:\Users\PeaceD_Dung\Documents\Khóa luận\dataset\dataset\OTU_2D\train\train_image\777.JPG,c:\Users\PeaceD_Dung\Documents\Khóa luận\dataset\dataset\OTU_2D\train\train_label\label\777.PNG,CASE_777
c:\Users\PeaceD_Dung\Documents\Khóa luận\dataset\dataset\OTU_2D\train\train_image\1348.JPG,c:\Users\PeaceD_Dung\Documents\Khóa luận\dataset\dataset\OTU_2D\train\train_label\label\1348.PNG,CASE_1348
c:\Users\PeaceD_Dung\Documents\Khóa luận\dataset\dataset\OTU_2D\train\train_image\29.JPG,c:\Users\PeaceD_Dung\Documents\Khóa luận\dataset\dataset\OTU_2D\train\train_label\label\29.PNG,CASE_29
c:\Users\PeaceD_Dung\Documents\Khóa luận\dataset\dataset\OTU_2D\train\train_image\31.JPG,c:\Users\PeaceD_Dung\Documents\Khóa luận\dataset\dataset\OTU_2D\train\train_label\label\31.PNG,CASE_31
c:\Users\PeaceD_Dung\Documents\Khóa luận\dataset\dataset\OTU_2D\train\train_image\1266.JPG,c:\Users\PeaceD_Dung\Documents\Khóa luận\dataset\dataset\OTU_2D\train\train_label\label\1266.PNG,CASE_1266
c:\Users\PeaceD_Dung\Documents\Khóa luận\dataset\dataset\OTU_2D\train\train_image\303.JPG,c:\Users\PeaceD_Dung\Documents\Khóa luận\dataset\dataset\OTU_2D\train\train_label\label\303.PNG,CASE_303
c:\Users\PeaceD_Dung\Documents\Khóa luận\dataset\dataset\OTU_2D\train\train_image\729.JPG,c:\Users\PeaceD_Dung\Documents\Khóa luận\dataset\dataset\OTU_2D\train\train_label\label\729.PNG,CASE_729
c:\Users\PeaceD_Dung\Documents\Khóa luận\dataset\dataset\OTU_2D\train\train_image\420.JPG,c:\Users\PeaceD_Dung\Documents\Khóa luận\dataset\dataset\OTU_2D\train\train_label\label\420.PNG,CASE_420
c:\Users\PeaceD_Dung\Documents\Khóa luận\dataset\dataset\OTU_2D\train\train_image\918.JPG,c:\Users\PeaceD_Dung\Documents\Khóa luận\dataset\dataset\OTU_2D\train\train_label\label\918.PNG,CASE_918
c:\Users\PeaceD_Dung\Documents\Khóa luận\dataset\dataset\OTU_2D\train\train_image\907.JPG,c:\Users\PeaceD_Dung\Documents\Khóa luận\dataset\dataset\OTU_2D\train\train_label\label\907.PNG,CASE_907
c:\Users\PeaceD_Dung\Documents\Khóa luận\dataset\dataset\OTU_2D\train\train_image\1174.JPG,c:\Users\PeaceD_Dung\Documents\Khóa luận\dataset\dataset\OTU_2D\train\train_label\label\1174.PNG,CASE_1174
c:\Users\PeaceD_Dung\Documents\Khóa luận\dataset\dataset\OTU_2D\train\train_image\951.JPG,c:\Users\PeaceD_Dung\Documents\Khóa luận\dataset\dataset\OTU_2D\train\train_label\label\951.PNG,CASE_951
c:\Users\PeaceD_Dung\Documents\Khóa luận\dataset\dataset\OTU_2D\train\train_image\1146.JPG,c:\Users\PeaceD_Dung\Documents\Khóa luận\dataset\dataset\OTU_2D\train\train_label\label\1146.PNG,CASE_1146
c:\Users\PeaceD_Dung\Documents\Khóa luận\dataset\dataset\OTU_2D\train\train_image\171.JPG,c:\Users\PeaceD_Dung\Documents\Khóa luận\dataset\dataset\OTU_2D\train\train_label\label\171.PNG,CASE_171
c:\Users\PeaceD_Dung\Documents\Khóa luận\dataset\dataset\OTU_2D\train\train_image\1387.JPG,c:\Users\PeaceD_Dung\Documents\Khóa luận\dataset\dataset\OTU_2D\train\train_label\label\1387.PNG,CASE_1387
c:\Users\PeaceD_Dung\Documents\Khóa luận\dataset\dataset\OTU_2D\train\train_image\766.JPG,c:\Users\PeaceD_Dung\Documents\Khóa luận\dataset\dataset\OTU_2D\train\train_label\label\766.PNG,CASE_766
c:\Users\PeaceD_Dung\Documents\Khóa luận\dataset\dataset\OTU_2D\train\train_image\1080.JPG,c:\Users\PeaceD_Dung\Documents\Khóa luận\dataset\dataset\OTU_2D\train\train_label\label\1080.PNG,CASE_1080
c:\Users\PeaceD_Dung\Documents\Khóa luận\dataset\dataset\OTU_2D\train\train_image\1126.JPG,c:\Users\PeaceD_Dung\Documents\Khóa luận\dataset\dataset\OTU_2D\train\train_label\label\1126.PNG,CASE_1126
c:\Users\PeaceD_Dung\Documents\Khóa luận\dataset\dataset\OTU_2D\train\train_image\830.JPG,c:\Users\PeaceD_Dung\Documents\Khóa luận\dataset\dataset\OTU_2D\train\train_label\label\830.PNG,CASE_830
c:\Users\PeaceD_Dung\Documents\Khóa luận\dataset\dataset\OTU_2D\train\train_image\1313.JPG,c:\Users\PeaceD_Dung\Documents\Khóa luận\dataset\dataset\OTU_2D\train\train_label\label\1313.PNG,CASE_1313
c:\Users\PeaceD_Dung\Documents\Khóa luận\dataset\dataset\OTU_2D\train\train_image\634.JPG,c:\Users\PeaceD_Dung\Documents\Khóa luận\dataset\dataset\OTU_2D\train\train_label\label\634.PNG,CASE_634
c:\Users\PeaceD_Dung\Documents\Khóa luận\dataset\dataset\OTU_2D\train\train_image\30.JPG,c:\Users\PeaceD_Dung\Documents\Khóa luận\dataset\dataset\OTU_2D\train\train_label\label\30.PNG,CASE_30
c:\Users\PeaceD_Dung\Documents\Khóa luận\dataset\dataset\OTU_2D\train\train_image\711.JPG,c:\Users\PeaceD_Dung\Documents\Khóa luận\dataset\dataset\OTU_2D\train\train_label\label\711.PNG,CASE_711
c:\Users\PeaceD_Dung\Documents\Khóa luận\dataset\dataset\OTU_2D\train\train_image\722.JPG,c:\Users\PeaceD_Dung\Documents\Khóa luận\dataset\dataset\OTU_2D\train\train_label\label\722.PNG,CASE_722
c:\Users\PeaceD_Dung\Documents\Khóa luận\dataset\dataset\OTU_2D\train\train_image\178.JPG,c:\Users\PeaceD_Dung\Documents\Khóa luận\dataset\dataset\OTU_2D\train\train_label\label\178.PNG,CASE_178
c:\Users\PeaceD_Dung\Documents\Khóa luận\dataset\dataset\OTU_2D\train\train_image\598.JPG,c:\Users\PeaceD_Dung\Documents\Khóa luận\dataset\dataset\OTU_2D\train\train_label\label\598.PNG,CASE_598
c:\Users\PeaceD_Dung\Documents\Khóa luận\dataset\dataset\OTU_2D\train\train_image\1145.JPG,c:\Users\PeaceD_Dung\Documents\Khóa luận\dataset\dataset\OTU_2D\train\train_label\label\1145.PNG,CASE_1145
c:\Users\PeaceD_Dung\Documents\Khóa luận\dataset\dataset\OTU_2D\train\train_image\32.JPG,c:\Users\PeaceD_Dung\Documents\Khóa luận\dataset\dataset\OTU_2D\train\train_label\label\32.PNG,CASE_32
c:\Users\PeaceD_Dung\Documents\Khóa luận\dataset\dataset\OTU_2D\train\train_image\1210.JPG,c:\Users\PeaceD_Dung\Documents\Khóa luận\dataset\dataset\OTU_2D\train\train_label\label\1210.PNG,CASE_1210
c:\Users\PeaceD_Dung\Documents\Khóa luận\dataset\dataset\OTU_2D\train\train_image\571.JPG,c:\Users\PeaceD_Dung\Documents\Khóa luận\dataset\dataset\OTU_2D\train\train_label\label\571.PNG,CASE_571
c:\Users\PeaceD_Dung\Documents\Khóa luận\dataset\dataset\OTU_2D\train\train_image\428.JPG,c:\Users\PeaceD_Dung\Documents\Khóa luận\dataset\dataset\OTU_2D\train\train_label\label\428.PNG,CASE_428
c:\Users\PeaceD_Dung\Documents\Khóa luận\dataset\dataset\OTU_2D\train\train_image\860.JPG,c:\Users\PeaceD_Dung\Documents\Khóa luận\dataset\dataset\OTU_2D\train\train_label\label\860.PNG,CASE_860
c:\Users\PeaceD_Dung\Documents\Khóa luận\dataset\dataset\OTU_2D\train\train_image\1077.JPG,c:\Users\PeaceD_Dung\Documents\Khóa luận\dataset\dataset\OTU_2D\train\train_label\label\1077.PNG,CASE_1077
c:\Users\PeaceD_Dung\Documents\Khóa luận\dataset\dataset\OTU_2D\train\train_image\1445.JPG,c:\Users\PeaceD_Dung\Documents\Khóa luận\dataset\dataset\OTU_2D\train\train_label\label\1445.PNG,CASE_1445
c:\Users\PeaceD_Dung\Documents\Khóa luận\dataset\dataset\OTU_2D\train\train_image\681.JPG,c:\Users\PeaceD_Dung\Documents\Khóa luận\dataset\dataset\OTU_2D\train\train_label\label\681.PNG,CASE_681
c:\Users\PeaceD_Dung\Documents\Khóa luận\dataset\dataset\OTU_2D\train\train_image\276.JPG,c:\Users\PeaceD_Dung\Documents\Khóa luận\dataset\dataset\OTU_2D\train\train_label\label\276.PNG,CASE_276
c:\Users\PeaceD_Dung\Documents\Khóa luận\dataset\dataset\OTU_2D\train\train_image\294.JPG,c:\Users\PeaceD_Dung\Documents\Khóa luận\dataset\dataset\OTU_2D\train\train_label\label\294.PNG,CASE_294
c:\Users\PeaceD_Dung\Documents\Khóa luận\dataset\dataset\OTU_2D\train\train_image\1166.JPG,c:\Users\PeaceD_Dung\Documents\Khóa luận\dataset\dataset\OTU_2D\train\train_label\label\1166.PNG,CASE_1166
c:\Users\PeaceD_Dung\Documents\Khóa luận\dataset\dataset\OTU_2D\train\train_image\321.JPG,c:\Users\PeaceD_Dung\Documents\Khóa luận\dataset\dataset\OTU_2D\train\train_label\label\321.PNG,CASE_321
c:\Users\PeaceD_Dung\Documents\Khóa luận\dataset\dataset\OTU_2D\train\train_image\1160.JPG,c:\Users\PeaceD_Dung\Documents\Khóa luận\dataset\dataset\OTU_2D\train\train_label\label\1160.PNG,CASE_1160
c:\Users\PeaceD_Dung\Documents\Khóa luận\dataset\dataset\OTU_2D\train\train_image\982.JPG,c:\Users\PeaceD_Dung\Documents\Khóa luận\dataset\dataset\OTU_2D\train\train_label\label\982.PNG,CASE_982
c:\Users\PeaceD_Dung\Documents\Khóa luận\dataset\dataset\OTU_2D\train\train_image\251.JPG,c:\Users\PeaceD_Dung\Documents\Khóa luận\dataset\dataset\OTU_2D\train\train_label\label\251.PNG,CASE_251
c:\Users\PeaceD_Dung\Documents\Khóa luận\dataset\dataset\OTU_2D\train\train_image\1356.JPG,c:\Users\PeaceD_Dung\Documents\Khóa luận\dataset\dataset\OTU_2D\train\train_label\label\1356.PNG,CASE_1356
c:\Users\PeaceD_Dung\Documents\Khóa luận\dataset\dataset\OTU_2D\train\train_image\1259.JPG,c:\Users\PeaceD_Dung\Documents\Khóa luận\dataset\dataset\OTU_2D\train\train_label\label\1259.PNG,CASE_1259
c:\Users\PeaceD_Dung\Documents\Khóa luận\dataset\dataset\OTU_2D\train\train_image\929.JPG,c:\Users\PeaceD_Dung\Documents\Khóa luận\dataset\dataset\OTU_2D\train\train_label\label\929.PNG,CASE_929
c:\Users\PeaceD_Dung\Documents\Khóa luận\dataset\dataset\OTU_2D\train\train_image\262.JPG,c:\Users\PeaceD_Dung\Documents\Khóa luận\dataset\dataset\OTU_2D\train\train_label\label\262.PNG,CASE_262
c:\Users\PeaceD_Dung\Documents\Khóa luận\dataset\dataset\OTU_2D\train\train_image\972.JPG,c:\Users\PeaceD_Dung\Documents\Khóa luận\dataset\dataset\OTU_2D\train\train_label\label\972.PNG,CASE_972
c:\Users\PeaceD_Dung\Documents\Khóa luận\dataset\dataset\OTU_2D\train\train_image\820.JPG,c:\Users\PeaceD_Dung\Documents\Khóa luận\dataset\dataset\OTU_2D\train\train_label\label\820.PNG,CASE_820
c:\Users\PeaceD_Dung\Documents\Khóa luận\dataset\dataset\OTU_2D\train\train_image\1263.JPG,c:\Users\PeaceD_Dung\Documents\Khóa luận\dataset\dataset\OTU_2D\train\train_label\label\1263.PNG,CASE_1263
c:\Users\PeaceD_Dung\Documents\Khóa luận\dataset\dataset\OTU_2D\train\train_image\915.JPG,c:\Users\PeaceD_Dung\Documents\Khóa luận\dataset\dataset\OTU_2D\train\train_label\label\915.PNG,CASE_915
c:\Users\PeaceD_Dung\Documents\Khóa luận\dataset\dataset\OTU_2D\train\train_image\1007.JPG,c:\Users\PeaceD_Dung\Documents\Khóa luận\dataset\dataset\OTU_2D\train\train_label\label\1007.PNG,CASE_1007
c:\Users\PeaceD_Dung\Documents\Khóa luận\dataset\dataset\OTU_2D\train\train_image\1463.JPG,c:\Users\PeaceD_Dung\Documents\Khóa luận\dataset\dataset\OTU_2D\train\train_label\label\1463.PNG,CASE_1463
c:\Users\PeaceD_Dung\Documents\Khóa luận\dataset\dataset\OTU_2D\train\train_image\66.JPG,c:\Users\PeaceD_Dung\Documents\Khóa luận\dataset\dataset\OTU_2D\train\train_label\label\66.PNG,CASE_66
c:\Users\PeaceD_Dung\Documents\Khóa luận\dataset\dataset\OTU_2D\train\train_image\416.JPG,c:\Users\PeaceD_Dung\Documents\Khóa luận\dataset\dataset\OTU_2D\train\train_label\label\416.PNG,CASE_416
c:\Users\PeaceD_Dung\Documents\Khóa luận\dataset\dataset\OTU_2D\train\train_image\1372.JPG,c:\Users\PeaceD_Dung\Documents\Khóa luận\dataset\dataset\OTU_2D\train\train_label\label\1372.PNG,CASE_1372
c:\Users\PeaceD_Dung\Documents\Khóa luận\dataset\dataset\OTU_2D\train\train_image\378.JPG,c:\Users\PeaceD_Dung\Documents\Khóa luận\dataset\dataset\OTU_2D\train\train_label\label\378.PNG,CASE_378
c:\Users\PeaceD_Dung\Documents\Khóa luận\dataset\dataset\OTU_2D\train\train_image\976.JPG,c:\Users\PeaceD_Dung\Documents\Khóa luận\dataset\dataset\OTU_2D\train\train_label\label\976.PNG,CASE_976
c:\Users\PeaceD_Dung\Documents\Khóa luận\dataset\dataset\OTU_2D\train\train_image\827.JPG,c:\Users\PeaceD_Dung\Documents\Khóa luận\dataset\dataset\OTU_2D\train\train_label\label\827.PNG,CASE_827
c:\Users\PeaceD_Dung\Documents\Khóa luận\dataset\dataset\OTU_2D\train\train_image\753.JPG,c:\Users\PeaceD_Dung\Documents\Khóa luận\dataset\dataset\OTU_2D\train\train_label\label\753.PNG,CASE_753
c:\Users\PeaceD_Dung\Documents\Khóa luận\dataset\dataset\OTU_2D\train\train_image\845.JPG,c:\Users\PeaceD_Dung\Documents\Khóa luận\dataset\dataset\OTU_2D\train\train_label\label\845.PNG,CASE_845
c:\Users\PeaceD_Dung\Documents\Khóa luận\dataset\dataset\OTU_2D\train\train_image\1327.JPG,c:\Users\PeaceD_Dung\Documents\Khóa luận\dataset\dataset\OTU_2D\train\train_label\label\1327.PNG,CASE_1327
c:\Users\PeaceD_Dung\Documents\Khóa luận\dataset\dataset\OTU_2D\train\train_image\608.JPG,c:\Users\PeaceD_Dung\Documents\Khóa luận\dataset\dataset\OTU_2D\train\train_label\label\608.PNG,CASE_608
c:\Users\PeaceD_Dung\Documents\Khóa luận\dataset\dataset\OTU_2D\train\train_image\1045.JPG,c:\Users\PeaceD_Dung\Documents\Khóa luận\dataset\dataset\OTU_2D\train\train_label\label\1045.PNG,CASE_1045
c:\Users\PeaceD_Dung\Documents\Khóa luận\dataset\dataset\OTU_2D\train\train_image\68.JPG,c:\Users\PeaceD_Dung\Documents\Khóa luận\dataset\dataset\OTU_2D\train\train_label\label\68.PNG,CASE_68
c:\Users\PeaceD_Dung\Documents\Khóa luận\dataset\dataset\OTU_2D\train\train_image\50.JPG,c:\Users\PeaceD_Dung\Documents\Khóa luận\dataset\dataset\OTU_2D\train\train_label\label\50.PNG,CASE_50
c:\Users\PeaceD_Dung\Documents\Khóa luận\dataset\dataset\OTU_2D\train\train_image\1396.JPG,c:\Users\PeaceD_Dung\Documents\Khóa luận\dataset\dataset\OTU_2D\train\train_label\label\1396.PNG,CASE_1396
c:\Users\PeaceD_Dung\Documents\Khóa luận\dataset\dataset\OTU_2D\train\train_image\1368.JPG,c:\Users\PeaceD_Dung\Documents\Khóa luận\dataset\dataset\OTU_2D\train\train_label\label\1368.PNG,CASE_1368
c:\Users\PeaceD_Dung\Documents\Khóa luận\dataset\dataset\OTU_2D\train\train_image\1161.JPG,c:\Users\PeaceD_Dung\Documents\Khóa luận\dataset\dataset\OTU_2D\train\train_label\label\1161.PNG,CASE_1161
c:\Users\PeaceD_Dung\Documents\Khóa luận\dataset\dataset\OTU_2D\train\train_image\105.JPG,c:\Users\PeaceD_Dung\Documents\Khóa luận\dataset\dataset\OTU_2D\train\train_label\label\105.PNG,CASE_105
c:\Users\PeaceD_Dung\Documents\Khóa luận\dataset\dataset\OTU_2D\train\train_image\1051.JPG,c:\Users\PeaceD_Dung\Documents\Khóa luận\dataset\dataset\OTU_2D\train\train_label\label\1051.PNG,CASE_1051
c:\Users\PeaceD_Dung\Documents\Khóa luận\dataset\dataset\OTU_2D\train\train_image\380.JPG,c:\Users\PeaceD_Dung\Documents\Khóa luận\dataset\dataset\OTU_2D\train\train_label\label\380.PNG,CASE_380
c:\Users\PeaceD_Dung\Documents\Khóa luận\dataset\dataset\OTU_2D\train\train_image\666.JPG,c:\Users\PeaceD_Dung\Documents\Khóa luận\dataset\dataset\OTU_2D\train\train_label\label\666.PNG,CASE_666
c:\Users\PeaceD_Dung\Documents\Khóa luận\dataset\dataset\OTU_2D\train\train_image\1154.JPG,c:\Users\PeaceD_Dung\Documents\Khóa luận\dataset\dataset\OTU_2D\train\train_label\label\1154.PNG,CASE_1154
c:\Users\PeaceD_Dung\Documents\Khóa luận\dataset\dataset\OTU_2D\train\train_image\586.JPG,c:\Users\PeaceD_Dung\Documents\Khóa luận\dataset\dataset\OTU_2D\train\train_label\label\586.PNG,CASE_586
c:\Users\PeaceD_Dung\Documents\Khóa luận\dataset\dataset\OTU_2D\train\train_image\879.JPG,c:\Users\PeaceD_Dung\Documents\Khóa luận\dataset\dataset\OTU_2D\train\train_label\label\879.PNG,CASE_879
c:\Users\PeaceD_Dung\Documents\Khóa luận\dataset\dataset\OTU_2D\train\train_image\787.JPG,c:\Users\PeaceD_Dung\Documents\Khóa luận\dataset\dataset\OTU_2D\train\train_label\label\787.PNG,CASE_787
c:\Users\PeaceD_Dung\Documents\Khóa luận\dataset\dataset\OTU_2D\train\train_image\1177.JPG,c:\Users\PeaceD_Dung\Documents\Khóa luận\dataset\dataset\OTU_2D\train\train_label\label\1177.PNG,CASE_1177
c:\Users\PeaceD_Dung\Documents\Khóa luận\dataset\dataset\OTU_2D\train\train_image\873.JPG,c:\Users\PeaceD_Dung\Documents\Khóa luận\dataset\dataset\OTU_2D\train\train_label\label\873.PNG,CASE_873
c:\Users\PeaceD_Dung\Documents\Khóa luận\dataset\dataset\OTU_2D\train\train_image\1233.JPG,c:\Users\PeaceD_Dung\Documents\Khóa luận\dataset\dataset\OTU_2D\train\train_label\label\1233.PNG,CASE_1233
c:\Users\PeaceD_Dung\Documents\Khóa luận\dataset\dataset\OTU_2D\train\train_image\1379.JPG,c:\Users\PeaceD_Dung\Documents\Khóa luận\dataset\dataset\OTU_2D\train\train_label\label\1379.PNG,CASE_1379
c:\Users\PeaceD_Dung\Documents\Khóa luận\dataset\dataset\OTU_2D\train\train_image\1419.JPG,c:\Users\PeaceD_Dung\Documents\Khóa luận\dataset\dataset\OTU_2D\train\train_label\label\1419.PNG,CASE_1419
c:\Users\PeaceD_Dung\Documents\Khóa luận\dataset\dataset\OTU_2D\train\train_image\1457.JPG,c:\Users\PeaceD_Dung\Documents\Khóa luận\dataset\dataset\OTU_2D\train\train_label\label\1457.PNG,CASE_1457
c:\Users\PeaceD_Dung\Documents\Khóa luận\dataset\dataset\OTU_2D\train\train_image\880.JPG,c:\Users\PeaceD_Dung\Documents\Khóa luận\dataset\dataset\OTU_2D\train\train_label\label\880.PNG,CASE_880
c:\Users\PeaceD_Dung\Documents\Khóa luận\dataset\dataset\OTU_2D\train\train_image\1043.JPG,c:\Users\PeaceD_Dung\Documents\Khóa luận\dataset\dataset\OTU_2D\train\train_label\label\1043.PNG,CASE_1043
c:\Users\PeaceD_Dung\Documents\Khóa luận\dataset\dataset\OTU_2D\train\train_image\1191.JPG,c:\Users\PeaceD_Dung\Documents\Khóa luận\dataset\dataset\OTU_2D\train\train_label\label\1191.PNG,CASE_1191
c:\Users\PeaceD_Dung\Documents\Khóa luận\dataset\dataset\OTU_2D\train\train_image\734.JPG,c:\Users\PeaceD_Dung\Documents\Khóa luận\dataset\dataset\OTU_2D\train\train_label\label\734.PNG,CASE_734
