case_id,subset,modality,status,annotation_valid,image_width,image_height,mask_width,mask_height,positive_pixels,lesion_ratio_pct,image_path,mask_path
OTU_2D_train_818,OTU_2D_train,B-Mode 2D,VALID_LESION_MASK,True,972,534,972,534,65077,12.538,C:\Users\PeaceD_Dung\Documents\Khóa luận\dataset\vinmec_ovarian\OTU_2D\train\train_image\818.JPG,C:\Users\PeaceD_Dung\Documents\Khóa luận\dataset\vinmec_ovarian\OTU_2D\train\train_label\label\818.PNG
OTU_2D_train_414,OTU_2D_train,B-Mode 2D,VALID_LESION_MASK,True,483,334,483,334,23435,14.527,C:\Users\PeaceD_Dung\Documents\Khóa luận\dataset\vinmec_ovarian\OTU_2D\train\train_image\414.JPG,C:\Users\PeaceD_Dung\Documents\Khóa luận\dataset\vinmec_ovarian\OTU_2D\train\train_label\label\414.PNG
OTU_2D_train_533,OTU_2D_train,B-Mode 2D,VALID_LESION_MASK,True,972,537,972,537,29814,5.712,C:\Users\PeaceD_Dung\Documents\Khóa luận\dataset\vinmec_ovarian\OTU_2D\train\train_image\533.JPG,C:\Users\PeaceD_Dung\Documents\Khóa luận\dataset\vinmec_ovarian\OTU_2D\train\train_label\label\533.PNG
OTU_2D_train_93,OTU_2D_train,B-Mode 2D,VALID_LESION_MASK,True,959,661,959,661,109973,17.349,C:\Users\PeaceD_Dung\Documents\Khóa luận\dataset\vinmec_ovarian\OTU_2D\train\train_image\93.JPG,C:\Users\PeaceD_Dung\Documents\Khóa luận\dataset\vinmec_ovarian\OTU_2D\train\train_label\label\93.PNG
OTU_CEUS_66,OTU_CEUS,CEUS,VALID_LESION_MASK,True,560,552,560,552,74064,23.96,C:\Users\PeaceD_Dung\Documents\Khóa luận\dataset\vinmec_ovarian\OTU_CEUS\image\66.JPG,C:\Users\PeaceD_Dung\Documents\Khóa luận\dataset\vinmec_ovarian\OTU_CEUS\label\66.PNG
OTU_2D_train_967,OTU_2D_train,B-Mode 2D,VALID_LESION_MASK,True,801,605,801,605,136299,28.126,C:\Users\PeaceD_Dung\Documents\Khóa luận\dataset\vinmec_ovarian\OTU_2D\train\train_image\967.JPG,C:\Users\PeaceD_Dung\Documents\Khóa luận\dataset\vinmec_ovarian\OTU_2D\train\train_label\label\967.PNG
OTU_2D_test_254,OTU_2D_test,B-Mode 2D,VALID_LESION_MASK,True,959,530,959,530,69153,13.606,C:\Users\PeaceD_Dung\Documents\Khóa luận\dataset\vinmec_ovarian\OTU_2D\test\image\254.JPG,C:\Users\PeaceD_Dung\Documents\Khóa luận\dataset\vinmec_ovarian\OTU_2D\test\label\black_write\254.PNG
OTU_2D_test_1073,OTU_2D_test,B-Mode 2D,VALID_LESION_MASK,True,958,523,958,523,125881,25.124,C:\Users\PeaceD_Dung\Documents\Khóa luận\dataset\vinmec_ovarian\OTU_2D\test\image\1073.JPG,C:\Users\PeaceD_Dung\Documents\Khóa luận\dataset\vinmec_ovarian\OTU_2D\test\label\black_write\1073.PNG
OTU_2D_test_539,OTU_2D_test,B-Mode 2D,VALID_LESION_MASK,True,477,558,477,558,70377,26.441,C:\Users\PeaceD_Dung\Documents\Khóa luận\dataset\vinmec_ovarian\OTU_2D\test\image\539.JPG,C:\Users\PeaceD_Dung\Documents\Khóa luận\dataset\vinmec_ovarian\OTU_2D\test\label\black_write\539.PNG
OTU_2D_train_174,OTU_2D_train,B-Mode 2D,VALID_LESION_MASK,True,478,534,478,534,55046,21.565,C:\Users\PeaceD_Dung\Documents\Khóa luận\dataset\vinmec_ovarian\OTU_2D\train\train_image\174.JPG,C:\Users\PeaceD_Dung\Documents\Khóa luận\dataset\vinmec_ovarian\OTU_2D\train\train_label\label\174.PNG
OTU_CEUS_155,OTU_CEUS,CEUS,VALID_LESION_MASK,True,433,218,433,218,11265,11.934,C:\Users\PeaceD_Dung\Documents\Khóa luận\dataset\vinmec_ovarian\OTU_CEUS\image\155.JPG,C:\Users\PeaceD_Dung\Documents\Khóa luận\dataset\vinmec_ovarian\OTU_CEUS\label\155.PNG
OTU_2D_train_198,OTU_2D_train,B-Mode 2D,VALID_LESION_MASK,True,959,534,959,534,106711,20.838,C:\Users\PeaceD_Dung\Documents\Khóa luận\dataset\vinmec_ovarian\OTU_2D\train\train_image\198.JPG,C:\Users\PeaceD_Dung\Documents\Khóa luận\dataset\vinmec_ovarian\OTU_2D\train\train_label\label\198.PNG
OTU_2D_train_10,OTU_2D_train,B-Mode 2D,VALID_LESION_MASK,True,483,542,483,542,36596,13.979,C:\Users\PeaceD_Dung\Documents\Khóa luận\dataset\vinmec_ovarian\OTU_2D\train\train_image\10.JPG,C:\Users\PeaceD_Dung\Documents\Khóa luận\dataset\vinmec_ovarian\OTU_2D\train\train_label\label\10.PNG
OTU_2D_train_1028,OTU_2D_train,B-Mode 2D,VALID_LESION_MASK,True,957,521,957,521,143915,28.864,C:\Users\PeaceD_Dung\Documents\Khóa luận\dataset\vinmec_ovarian\OTU_2D\train\train_image\1028.JPG,C:\Users\PeaceD_Dung\Documents\Khóa luận\dataset\vinmec_ovarian\OTU_2D\train\train_label\label\1028.PNG
OTU_2D_test_12,OTU_2D_test,B-Mode 2D,VALID_LESION_MASK,True,479,534,479,534,36080,14.106,C:\Users\PeaceD_Dung\Documents\Khóa luận\dataset\vinmec_ovarian\OTU_2D\test\image\12.JPG,C:\Users\PeaceD_Dung\Documents\Khóa luận\dataset\vinmec_ovarian\OTU_2D\test\label\black_write\12.PNG
OTU_CEUS_56,OTU_CEUS,CEUS,VALID_LESION_MASK,True,550,597,550,597,83758,25.509,C:\Users\PeaceD_Dung\Documents\Khóa luận\dataset\vinmec_ovarian\OTU_CEUS\image\56.JPG,C:\Users\PeaceD_Dung\Documents\Khóa luận\dataset\vinmec_ovarian\OTU_CEUS\label\56.PNG
OTU_2D_train_1101,OTU_2D_train,B-Mode 2D,VALID_LESION_MASK,True,956,525,956,525,20613,4.107,C:\Users\PeaceD_Dung\Documents\Khóa luận\dataset\vinmec_ovarian\OTU_2D\train\train_image\1101.JPG,C:\Users\PeaceD_Dung\Documents\Khóa luận\dataset\vinmec_ovarian\OTU_2D\train\train_label\label\1101.PNG
OTU_2D_train_398,OTU_2D_train,B-Mode 2D,VALID_LESION_MASK,True,959,534,959,534,100702,19.664,C:\Users\PeaceD_Dung\Documents\Khóa luận\dataset\vinmec_ovarian\OTU_2D\train\train_image\398.JPG,C:\Users\PeaceD_Dung\Documents\Khóa luận\dataset\vinmec_ovarian\OTU_2D\train\train_label\label\398.PNG
OTU_2D_train_761,OTU_2D_train,B-Mode 2D,VALID_LESION_MASK,True,1108,632,1108,632,94026,13.427,C:\Users\PeaceD_Dung\Documents\Khóa luận\dataset\vinmec_ovarian\OTU_2D\train\train_image\761.JPG,C:\Users\PeaceD_Dung\Documents\Khóa luận\dataset\vinmec_ovarian\OTU_2D\train\train_label\label\761.PNG
OTU_2D_test_912,OTU_2D_test,B-Mode 2D,VALID_LESION_MASK,True,955,524,955,524,7289,1.457,C:\Users\PeaceD_Dung\Documents\Khóa luận\dataset\vinmec_ovarian\OTU_2D\test\image\912.JPG,C:\Users\PeaceD_Dung\Documents\Khóa luận\dataset\vinmec_ovarian\OTU_2D\test\label\black_write\912.PNG
OTU_2D_test_714,OTU_2D_test,B-Mode 2D,VALID_LESION_MASK,True,959,554,959,554,172150,32.403,C:\Users\PeaceD_Dung\Documents\Khóa luận\dataset\vinmec_ovarian\OTU_2D\test\image\714.JPG,C:\Users\PeaceD_Dung\Documents\Khóa luận\dataset\vinmec_ovarian\OTU_2D\test\label\black_write\714.PNG
OTU_2D_train_666,OTU_2D_train,B-Mode 2D,VALID_LESION_MASK,True,958,550,958,550,51657,9.804,C:\Users\PeaceD_Dung\Documents\Khóa luận\dataset\vinmec_ovarian\OTU_2D\train\train_image\666.JPG,C:\Users\PeaceD_Dung\Documents\Khóa luận\dataset\vinmec_ovarian\OTU_2D\train\train_label\label\666.PNG
OTU_2D_train_287,OTU_2D_train,B-Mode 2D,VALID_LESION_MASK,True,958,533,958,533,65835,12.893,C:\Users\PeaceD_Dung\Documents\Khóa luận\dataset\vinmec_ovarian\OTU_2D\train\train_image\287.JPG,C:\Users\PeaceD_Dung\Documents\Khóa luận\dataset\vinmec_ovarian\OTU_2D\train\train_label\label\287.PNG
OTU_2D_train_25,OTU_2D_train,B-Mode 2D,VALID_LESION_MASK,True,481,536,481,536,79873,30.981,C:\Users\PeaceD_Dung\Documents\Khóa luận\dataset\vinmec_ovarian\OTU_2D\train\train_image\25.JPG,C:\Users\PeaceD_Dung\Documents\Khóa luận\dataset\vinmec_ovarian\OTU_2D\train\train_label\label\25.PNG
OTU_2D_test_292,OTU_2D_test,B-Mode 2D,VALID_LESION_MASK,True,703,400,703,400,32351,11.505,C:\Users\PeaceD_Dung\Documents\Khóa luận\dataset\vinmec_ovarian\OTU_2D\test\image\292.JPG,C:\Users\PeaceD_Dung\Documents\Khóa luận\dataset\vinmec_ovarian\OTU_2D\test\label\black_write\292.PNG
OTU_2D_train_405,OTU_2D_train,B-Mode 2D,VALID_LESION_MASK,True,958,533,958,533,161549,31.638,C:\Users\PeaceD_Dung\Documents\Khóa luận\dataset\vinmec_ovarian\OTU_2D\train\train_image\405.JPG,C:\Users\PeaceD_Dung\Documents\Khóa luận\dataset\vinmec_ovarian\OTU_2D\train\train_label\label\405.PNG
OTU_CEUS_64,OTU_CEUS,CEUS,VALID_LESION_MASK,True,339,355,339,355,62605,52.021,C:\Users\PeaceD_Dung\Documents\Khóa luận\dataset\vinmec_ovarian\OTU_CEUS\image\64.JPG,C:\Users\PeaceD_Dung\Documents\Khóa luận\dataset\vinmec_ovarian\OTU_CEUS\label\64.PNG
OTU_2D_train_1246,OTU_2D_train,B-Mode 2D,VALID_LESION_MASK,True,958,533,958,533,73152,14.326,C:\Users\PeaceD_Dung\Documents\Khóa luận\dataset\vinmec_ovarian\OTU_2D\train\train_image\1246.JPG,C:\Users\PeaceD_Dung\Documents\Khóa luận\dataset\vinmec_ovarian\OTU_2D\train\train_label\label\1246.PNG
OTU_2D_test_1427,OTU_2D_test,B-Mode 2D,VALID_LESION_MASK,True,957,534,957,534,79190,15.496,C:\Users\PeaceD_Dung\Documents\Khóa luận\dataset\vinmec_ovarian\OTU_2D\test\image\1427.JPG,C:\Users\PeaceD_Dung\Documents\Khóa luận\dataset\vinmec_ovarian\OTU_2D\test\label\black_write\1427.PNG
OTU_2D_test_707,OTU_2D_test,B-Mode 2D,VALID_LESION_MASK,True,480,545,480,545,26971,10.31,C:\Users\PeaceD_Dung\Documents\Khóa luận\dataset\vinmec_ovarian\OTU_2D\test\image\707.JPG,C:\Users\PeaceD_Dung\Documents\Khóa luận\dataset\vinmec_ovarian\OTU_2D\test\label\black_write\707.PNG
OTU_2D_train_312,OTU_2D_train,B-Mode 2D,VALID_LESION_MASK,True,479,532,479,532,22212,8.716,C:\Users\PeaceD_Dung\Documents\Khóa luận\dataset\vinmec_ovarian\OTU_2D\train\train_image\312.JPG,C:\Users\PeaceD_Dung\Documents\Khóa luận\dataset\vinmec_ovarian\OTU_2D\train\train_label\label\312.PNG
OTU_2D_train_1301,OTU_2D_train,B-Mode 2D,VALID_LESION_MASK,True,1135,587,1135,587,159781,23.982,C:\Users\PeaceD_Dung\Documents\Khóa luận\dataset\vinmec_ovarian\OTU_2D\train\train_image\1301.JPG,C:\Users\PeaceD_Dung\Documents\Khóa luận\dataset\vinmec_ovarian\OTU_2D\train\train_label\label\1301.PNG
OTU_2D_train_635,OTU_2D_train,B-Mode 2D,VALID_LESION_MASK,True,567,631,567,631,6026,1.684,C:\Users\PeaceD_Dung\Documents\Khóa luận\dataset\vinmec_ovarian\OTU_2D\train\train_image\635.JPG,C:\Users\PeaceD_Dung\Documents\Khóa luận\dataset\vinmec_ovarian\OTU_2D\train\train_label\label\635.PNG
OTU_2D_test_1319,OTU_2D_test,B-Mode 2D,VALID_LESION_MASK,True,480,535,480,535,49381,19.229,C:\Users\PeaceD_Dung\Documents\Khóa luận\dataset\vinmec_ovarian\OTU_2D\test\image\1319.JPG,C:\Users\PeaceD_Dung\Documents\Khóa luận\dataset\vinmec_ovarian\OTU_2D\test\label\black_write\1319.PNG
OTU_2D_train_1223,OTU_2D_train,B-Mode 2D,VALID_LESION_MASK,True,569,594,569,594,79914,23.644,C:\Users\PeaceD_Dung\Documents\Khóa luận\dataset\vinmec_ovarian\OTU_2D\train\train_image\1223.JPG,C:\Users\PeaceD_Dung\Documents\Khóa luận\dataset\vinmec_ovarian\OTU_2D\train\train_label\label\1223.PNG
OTU_2D_train_335,OTU_2D_train,B-Mode 2D,VALID_LESION_MASK,True,1135,590,1135,590,127039,18.971,C:\Users\PeaceD_Dung\Documents\Khóa luận\dataset\vinmec_ovarian\OTU_2D\train\train_image\335.JPG,C:\Users\PeaceD_Dung\Documents\Khóa luận\dataset\vinmec_ovarian\OTU_2D\train\train_label\label\335.PNG
OTU_2D_train_1353,OTU_2D_train,B-Mode 2D,VALID_LESION_MASK,True,959,529,959,529,69292,13.659,C:\Users\PeaceD_Dung\Documents\Khóa luận\dataset\vinmec_ovarian\OTU_2D\train\train_image\1353.JPG,C:\Users\PeaceD_Dung\Documents\Khóa luận\dataset\vinmec_ovarian\OTU_2D\train\train_label\label\1353.PNG
OTU_2D_train_857,OTU_2D_train,B-Mode 2D,VALID_LESION_MASK,True,487,272,487,272,8139,6.144,C:\Users\PeaceD_Dung\Documents\Khóa luận\dataset\vinmec_ovarian\OTU_2D\train\train_image\857.JPG,C:\Users\PeaceD_Dung\Documents\Khóa luận\dataset\vinmec_ovarian\OTU_2D\train\train_label\label\857.PNG
OTU_2D_train_438,OTU_2D_train,B-Mode 2D,VALID_LESION_MASK,True,959,533,959,533,84578,16.547,C:\Users\PeaceD_Dung\Documents\Khóa luận\dataset\vinmec_ovarian\OTU_2D\train\train_image\438.JPG,C:\Users\PeaceD_Dung\Documents\Khóa luận\dataset\vinmec_ovarian\OTU_2D\train\train_label\label\438.PNG
OTU_2D_test_1466,OTU_2D_test,B-Mode 2D,VALID_LESION_MASK,True,959,534,959,534,40839,7.975,C:\Users\PeaceD_Dung\Documents\Khóa luận\dataset\vinmec_ovarian\OTU_2D\test\image\1466.JPG,C:\Users\PeaceD_Dung\Documents\Khóa luận\dataset\vinmec_ovarian\OTU_2D\test\label\black_write\1466.PNG
OTU_2D_train_1099,OTU_2D_train,B-Mode 2D,VALID_LESION_MASK,True,958,525,958,525,59671,11.864,C:\Users\PeaceD_Dung\Documents\Khóa luận\dataset\vinmec_ovarian\OTU_2D\train\train_image\1099.JPG,C:\Users\PeaceD_Dung\Documents\Khóa luận\dataset\vinmec_ovarian\OTU_2D\train\train_label\label\1099.PNG
OTU_CEUS_12,OTU_CEUS,CEUS,VALID_LESION_MASK,True,556,565,556,565,6662,2.121,C:\Users\PeaceD_Dung\Documents\Khóa luận\dataset\vinmec_ovarian\OTU_CEUS\image\12.JPG,C:\Users\PeaceD_Dung\Documents\Khóa luận\dataset\vinmec_ovarian\OTU_CEUS\label\12.PNG
OTU_2D_train_500,OTU_2D_train,B-Mode 2D,VALID_LESION_MASK,True,481,566,481,566,5741,2.109,C:\Users\PeaceD_Dung\Documents\Khóa luận\dataset\vinmec_ovarian\OTU_2D\train\train_image\500.JPG,C:\Users\PeaceD_Dung\Documents\Khóa luận\dataset\vinmec_ovarian\OTU_2D\train\train_label\label\500.PNG
OTU_2D_train_45,OTU_2D_train,B-Mode 2D,VALID_LESION_MASK,True,941,536,941,536,86939,17.237,C:\Users\PeaceD_Dung\Documents\Khóa luận\dataset\vinmec_ovarian\OTU_2D\train\train_image\45.JPG,C:\Users\PeaceD_Dung\Documents\Khóa luận\dataset\vinmec_ovarian\OTU_2D\train\train_label\label\45.PNG
OTU_2D_train_485,OTU_2D_train,B-Mode 2D,VALID_LESION_MASK,True,566,695,566,695,46986,11.944,C:\Users\PeaceD_Dung\Documents\Khóa luận\dataset\vinmec_ovarian\OTU_2D\train\train_image\485.JPG,C:\Users\PeaceD_Dung\Documents\Khóa luận\dataset\vinmec_ovarian\OTU_2D\train\train_label\label\485.PNG
OTU_2D_train_526,OTU_2D_train,B-Mode 2D,VALID_LESION_MASK,True,957,554,957,554,88436,16.68,C:\Users\PeaceD_Dung\Documents\Khóa luận\dataset\vinmec_ovarian\OTU_2D\train\train_image\526.JPG,C:\Users\PeaceD_Dung\Documents\Khóa luận\dataset\vinmec_ovarian\OTU_2D\train\train_label\label\526.PNG
OTU_2D_train_218,OTU_2D_train,B-Mode 2D,VALID_LESION_MASK,True,480,531,480,531,103244,40.507,C:\Users\PeaceD_Dung\Documents\Khóa luận\dataset\vinmec_ovarian\OTU_2D\train\train_image\218.JPG,C:\Users\PeaceD_Dung\Documents\Khóa luận\dataset\vinmec_ovarian\OTU_2D\train\train_label\label\218.PNG
OTU_2D_test_810,OTU_2D_test,B-Mode 2D,VALID_LESION_MASK,True,565,598,565,598,30947,9.159,C:\Users\PeaceD_Dung\Documents\Khóa luận\dataset\vinmec_ovarian\OTU_2D\test\image\810.JPG,C:\Users\PeaceD_Dung\Documents\Khóa luận\dataset\vinmec_ovarian\OTU_2D\test\label\black_write\810.PNG
OTU_2D_test_735,OTU_2D_test,B-Mode 2D,VALID_LESION_MASK,True,479,545,479,545,36590,14.016,C:\Users\PeaceD_Dung\Documents\Khóa luận\dataset\vinmec_ovarian\OTU_2D\test\image\735.JPG,C:\Users\PeaceD_Dung\Documents\Khóa luận\dataset\vinmec_ovarian\OTU_2D\test\label\black_write\735.PNG
OTU_CEUS_135,OTU_CEUS,CEUS,VALID_LESION_MASK,True,550,546,550,546,63753,21.23,C:\Users\PeaceD_Dung\Documents\Khóa luận\dataset\vinmec_ovarian\OTU_CEUS\image\135.JPG,C:\Users\PeaceD_Dung\Documents\Khóa luận\dataset\vinmec_ovarian\OTU_CEUS\label\135.PNG
OTU_2D_train_320,OTU_2D_train,B-Mode 2D,VALID_LESION_MASK,True,482,532,482,532,74016,28.865,C:\Users\PeaceD_Dung\Documents\Khóa luận\dataset\vinmec_ovarian\OTU_2D\train\train_image\320.JPG,C:\Users\PeaceD_Dung\Documents\Khóa luận\dataset\vinmec_ovarian\OTU_2D\train\train_label\label\320.PNG
OTU_2D_train_1206,OTU_2D_train,B-Mode 2D,VALID_LESION_MASK,True,958,534,958,534,54190,10.593,C:\Users\PeaceD_Dung\Documents\Khóa luận\dataset\vinmec_ovarian\OTU_2D\train\train_image\1206.JPG,C:\Users\PeaceD_Dung\Documents\Khóa luận\dataset\vinmec_ovarian\OTU_2D\train\train_label\label\1206.PNG
OTU_2D_train_841,OTU_2D_train,B-Mode 2D,VALID_LESION_MASK,True,570,627,570,627,12537,3.508,C:\Users\PeaceD_Dung\Documents\Khóa luận\dataset\vinmec_ovarian\OTU_2D\train\train_image\841.JPG,C:\Users\PeaceD_Dung\Documents\Khóa luận\dataset\vinmec_ovarian\OTU_2D\train\train_label\label\841.PNG
OTU_2D_train_11,OTU_2D_train,B-Mode 2D,VALID_LESION_MASK,True,480,530,480,530,69948,27.495,C:\Users\PeaceD_Dung\Documents\Khóa luận\dataset\vinmec_ovarian\OTU_2D\train\train_image\11.JPG,C:\Users\PeaceD_Dung\Documents\Khóa luận\dataset\vinmec_ovarian\OTU_2D\train\train_label\label\11.PNG
OTU_2D_train_1182,OTU_2D_train,B-Mode 2D,VALID_LESION_MASK,True,1134,595,1134,595,140285,20.791,C:\Users\PeaceD_Dung\Documents\Khóa luận\dataset\vinmec_ovarian\OTU_2D\train\train_image\1182.JPG,C:\Users\PeaceD_Dung\Documents\Khóa luận\dataset\vinmec_ovarian\OTU_2D\train\train_label\label\1182.PNG
OTU_2D_train_1419,OTU_2D_train,B-Mode 2D,VALID_LESION_MASK,True,550,645,550,645,42987,12.118,C:\Users\PeaceD_Dung\Documents\Khóa luận\dataset\vinmec_ovarian\OTU_2D\train\train_image\1419.JPG,C:\Users\PeaceD_Dung\Documents\Khóa luận\dataset\vinmec_ovarian\OTU_2D\train\train_label\label\1419.PNG
OTU_2D_train_527,OTU_2D_train,B-Mode 2D,VALID_LESION_MASK,True,480,558,480,558,101832,38.02,C:\Users\PeaceD_Dung\Documents\Khóa luận\dataset\vinmec_ovarian\OTU_2D\train\train_image\527.JPG,C:\Users\PeaceD_Dung\Documents\Khóa luận\dataset\vinmec_ovarian\OTU_2D\train\train_label\label\527.PNG
OTU_2D_train_834,OTU_2D_train,B-Mode 2D,VALID_LESION_MASK,True,967,537,967,537,102746,19.786,C:\Users\PeaceD_Dung\Documents\Khóa luận\dataset\vinmec_ovarian\OTU_2D\train\train_image\834.JPG,C:\Users\PeaceD_Dung\Documents\Khóa luận\dataset\vinmec_ovarian\OTU_2D\train\train_label\label\834.PNG
OTU_2D_train_1421,OTU_2D_train,B-Mode 2D,VALID_LESION_MASK,True,1103,611,1103,611,214780,31.87,C:\Users\PeaceD_Dung\Documents\Khóa luận\dataset\vinmec_ovarian\OTU_2D\train\train_image\1421.JPG,C:\Users\PeaceD_Dung\Documents\Khóa luận\dataset\vinmec_ovarian\OTU_2D\train\train_label\label\1421.PNG
OTU_2D_train_108,OTU_2D_train,B-Mode 2D,VALID_LESION_MASK,True,957,535,957,535,30076,5.874,C:\Users\PeaceD_Dung\Documents\Khóa luận\dataset\vinmec_ovarian\OTU_2D\train\train_image\108.JPG,C:\Users\PeaceD_Dung\Documents\Khóa luận\dataset\vinmec_ovarian\OTU_2D\train\train_label\label\108.PNG
OTU_2D_train_815,OTU_2D_train,B-Mode 2D,VALID_LESION_MASK,True,775,610,775,610,27868,5.895,C:\Users\PeaceD_Dung\Documents\Khóa luận\dataset\vinmec_ovarian\OTU_2D\train\train_image\815.JPG,C:\Users\PeaceD_Dung\Documents\Khóa luận\dataset\vinmec_ovarian\OTU_2D\train\train_label\label\815.PNG
OTU_2D_train_214,OTU_2D_train,B-Mode 2D,VALID_LESION_MASK,True,483,532,483,532,19436,7.564,C:\Users\PeaceD_Dung\Documents\Khóa luận\dataset\vinmec_ovarian\OTU_2D\train\train_image\214.JPG,C:\Users\PeaceD_Dung\Documents\Khóa luận\dataset\vinmec_ovarian\OTU_2D\train\train_label\label\214.PNG
OTU_2D_train_1412,OTU_2D_train,B-Mode 2D,VALID_LESION_MASK,True,958,535,958,535,41813,8.158,C:\Users\PeaceD_Dung\Documents\Khóa luận\dataset\vinmec_ovarian\OTU_2D\train\train_image\1412.JPG,C:\Users\PeaceD_Dung\Documents\Khóa luận\dataset\vinmec_ovarian\OTU_2D\train\train_label\label\1412.PNG
OTU_2D_test_228,OTU_2D_test,B-Mode 2D,VALID_LESION_MASK,True,877,446,877,446,64398,16.464,C:\Users\PeaceD_Dung\Documents\Khóa luận\dataset\vinmec_ovarian\OTU_2D\test\image\228.JPG,C:\Users\PeaceD_Dung\Documents\Khóa luận\dataset\vinmec_ovarian\OTU_2D\test\label\black_write\228.PNG
OTU_2D_test_548,OTU_2D_test,B-Mode 2D,VALID_LESION_MASK,True,801,582,801,582,57565,12.348,C:\Users\PeaceD_Dung\Documents\Khóa luận\dataset\vinmec_ovarian\OTU_2D\test\image\548.JPG,C:\Users\PeaceD_Dung\Documents\Khóa luận\dataset\vinmec_ovarian\OTU_2D\test\label\black_write\548.PNG
OTU_2D_test_475,OTU_2D_test,B-Mode 2D,VALID_LESION_MASK,True,798,615,798,615,88664,18.066,C:\Users\PeaceD_Dung\Documents\Khóa luận\dataset\vinmec_ovarian\OTU_2D\test\image\475.JPG,C:\Users\PeaceD_Dung\Documents\Khóa luận\dataset\vinmec_ovarian\OTU_2D\test\label\black_write\475.PNG
OTU_2D_train_418,OTU_2D_train,B-Mode 2D,VALID_LESION_MASK,True,959,531,959,531,38683,7.596,C:\Users\PeaceD_Dung\Documents\Khóa luận\dataset\vinmec_ovarian\OTU_2D\train\train_image\418.JPG,C:\Users\PeaceD_Dung\Documents\Khóa luận\dataset\vinmec_ovarian\OTU_2D\train\train_label\label\418.PNG
OTU_2D_train_861,OTU_2D_train,B-Mode 2D,VALID_LESION_MASK,True,959,538,959,538,150597,29.189,C:\Users\PeaceD_Dung\Documents\Khóa luận\dataset\vinmec_ovarian\OTU_2D\train\train_image\861.JPG,C:\Users\PeaceD_Dung\Documents\Khóa luận\dataset\vinmec_ovarian\OTU_2D\train\train_label\label\861.PNG
OTU_2D_test_1157,OTU_2D_test,B-Mode 2D,VALID_LESION_MASK,True,1135,592,1135,592,145096,21.594,C:\Users\PeaceD_Dung\Documents\Khóa luận\dataset\vinmec_ovarian\OTU_2D\test\image\1157.JPG,C:\Users\PeaceD_Dung\Documents\Khóa luận\dataset\vinmec_ovarian\OTU_2D\test\label\black_write\1157.PNG
OTU_2D_train_1251,OTU_2D_train,B-Mode 2D,VALID_LESION_MASK,True,568,543,568,543,86405,28.015,C:\Users\PeaceD_Dung\Documents\Khóa luận\dataset\vinmec_ovarian\OTU_2D\train\train_image\1251.JPG,C:\Users\PeaceD_Dung\Documents\Khóa luận\dataset\vinmec_ovarian\OTU_2D\train\train_label\label\1251.PNG
OTU_2D_train_105,OTU_2D_train,B-Mode 2D,VALID_LESION_MASK,True,823,597,823,597,96584,19.658,C:\Users\PeaceD_Dung\Documents\Khóa luận\dataset\vinmec_ovarian\OTU_2D\train\train_image\105.JPG,C:\Users\PeaceD_Dung\Documents\Khóa luận\dataset\vinmec_ovarian\OTU_2D\train\train_label\label\105.PNG
OTU_2D_train_583,OTU_2D_train,B-Mode 2D,VALID_LESION_MASK,True,481,555,481,555,13087,4.902,C:\Users\PeaceD_Dung\Documents\Khóa luận\dataset\vinmec_ovarian\OTU_2D\train\train_image\583.JPG,C:\Users\PeaceD_Dung\Documents\Khóa luận\dataset\vinmec_ovarian\OTU_2D\train\train_label\label\583.PNG
OTU_2D_train_276,OTU_2D_train,B-Mode 2D,VALID_LESION_MASK,True,958,533,958,533,130872,25.63,C:\Users\PeaceD_Dung\Documents\Khóa luận\dataset\vinmec_ovarian\OTU_2D\train\train_image\276.JPG,C:\Users\PeaceD_Dung\Documents\Khóa luận\dataset\vinmec_ovarian\OTU_2D\train\train_label\label\276.PNG
OTU_2D_train_781,OTU_2D_train,B-Mode 2D,VALID_LESION_MASK,True,479,544,479,544,55375,21.251,C:\Users\PeaceD_Dung\Documents\Khóa luận\dataset\vinmec_ovarian\OTU_2D\train\train_image\781.JPG,C:\Users\PeaceD_Dung\Documents\Khóa luận\dataset\vinmec_ovarian\OTU_2D\train\train_label\label\781.PNG
OTU_2D_test_817,OTU_2D_test,B-Mode 2D,VALID_LESION_MASK,True,957,572,957,572,84663,15.466,C:\Users\PeaceD_Dung\Documents\Khóa luận\dataset\vinmec_ovarian\OTU_2D\test\image\817.JPG,C:\Users\PeaceD_Dung\Documents\Khóa luận\dataset\vinmec_ovarian\OTU_2D\test\label\black_write\817.PNG
OTU_2D_train_774,OTU_2D_train,B-Mode 2D,VALID_LESION_MASK,True,461,493,461,493,12565,5.529,C:\Users\PeaceD_Dung\Documents\Khóa luận\dataset\vinmec_ovarian\OTU_2D\train\train_image\774.JPG,C:\Users\PeaceD_Dung\Documents\Khóa luận\dataset\vinmec_ovarian\OTU_2D\train\train_label\label\774.PNG
OTU_2D_test_1464,OTU_2D_test,B-Mode 2D,VALID_LESION_MASK,True,1105,566,1105,566,29244,4.676,C:\Users\PeaceD_Dung\Documents\Khóa luận\dataset\vinmec_ovarian\OTU_2D\test\image\1464.JPG,C:\Users\PeaceD_Dung\Documents\Khóa luận\dataset\vinmec_ovarian\OTU_2D\test\label\black_write\1464.PNG
OTU_2D_train_1248,OTU_2D_train,B-Mode 2D,VALID_LESION_MASK,True,959,535,959,535,65673,12.8,C:\Users\PeaceD_Dung\Documents\Khóa luận\dataset\vinmec_ovarian\OTU_2D\train\train_image\1248.JPG,C:\Users\PeaceD_Dung\Documents\Khóa luận\dataset\vinmec_ovarian\OTU_2D\train\train_label\label\1248.PNG
OTU_2D_test_1024,OTU_2D_test,B-Mode 2D,VALID_LESION_MASK,True,478,523,478,523,13313,5.325,C:\Users\PeaceD_Dung\Documents\Khóa luận\dataset\vinmec_ovarian\OTU_2D\test\image\1024.JPG,C:\Users\PeaceD_Dung\Documents\Khóa luận\dataset\vinmec_ovarian\OTU_2D\test\label\black_write\1024.PNG
OTU_2D_test_1175,OTU_2D_test,B-Mode 2D,VALID_LESION_MASK,True,725,559,725,559,52913,13.056,C:\Users\PeaceD_Dung\Documents\Khóa luận\dataset\vinmec_ovarian\OTU_2D\test\image\1175.JPG,C:\Users\PeaceD_Dung\Documents\Khóa luận\dataset\vinmec_ovarian\OTU_2D\test\label\black_write\1175.PNG
OTU_2D_train_1058,OTU_2D_train,B-Mode 2D,VALID_LESION_MASK,True,566,582,566,582,158650,48.162,C:\Users\PeaceD_Dung\Documents\Khóa luận\dataset\vinmec_ovarian\OTU_2D\train\train_image\1058.JPG,C:\Users\PeaceD_Dung\Documents\Khóa luận\dataset\vinmec_ovarian\OTU_2D\train\train_label\label\1058.PNG
OTU_2D_test_359,OTU_2D_test,B-Mode 2D,VALID_LESION_MASK,True,973,534,973,534,149677,28.807,C:\Users\PeaceD_Dung\Documents\Khóa luận\dataset\vinmec_ovarian\OTU_2D\test\image\359.JPG,C:\Users\PeaceD_Dung\Documents\Khóa luận\dataset\vinmec_ovarian\OTU_2D\test\label\black_write\359.PNG
OTU_2D_train_1463,OTU_2D_train,B-Mode 2D,VALID_LESION_MASK,True,646,329,646,329,8376,3.941,C:\Users\PeaceD_Dung\Documents\Khóa luận\dataset\vinmec_ovarian\OTU_2D\train\train_image\1463.JPG,C:\Users\PeaceD_Dung\Documents\Khóa luận\dataset\vinmec_ovarian\OTU_2D\train\train_label\label\1463.PNG
OTU_2D_train_1213,OTU_2D_train,B-Mode 2D,VALID_LESION_MASK,True,959,536,959,536,19135,3.723,C:\Users\PeaceD_Dung\Documents\Khóa luận\dataset\vinmec_ovarian\OTU_2D\train\train_image\1213.JPG,C:\Users\PeaceD_Dung\Documents\Khóa luận\dataset\vinmec_ovarian\OTU_2D\train\train_label\label\1213.PNG
OTU_2D_train_1422,OTU_2D_train,B-Mode 2D,VALID_LESION_MASK,True,913,732,913,732,123563,18.489,C:\Users\PeaceD_Dung\Documents\Khóa luận\dataset\vinmec_ovarian\OTU_2D\train\train_image\1422.JPG,C:\Users\PeaceD_Dung\Documents\Khóa luận\dataset\vinmec_ovarian\OTU_2D\train\train_label\label\1422.PNG
OTU_2D_train_624,OTU_2D_train,B-Mode 2D,VALID_LESION_MASK,True,479,540,479,540,79462,30.721,C:\Users\PeaceD_Dung\Documents\Khóa luận\dataset\vinmec_ovarian\OTU_2D\train\train_image\624.JPG,C:\Users\PeaceD_Dung\Documents\Khóa luận\dataset\vinmec_ovarian\OTU_2D\train\train_label\label\624.PNG
OTU_2D_train_406,OTU_2D_train,B-Mode 2D,VALID_LESION_MASK,True,959,530,959,530,92238,18.147,C:\Users\PeaceD_Dung\Documents\Khóa luận\dataset\vinmec_ovarian\OTU_2D\train\train_image\406.JPG,C:\Users\PeaceD_Dung\Documents\Khóa luận\dataset\vinmec_ovarian\OTU_2D\train\train_label\label\406.PNG
OTU_2D_test_8,OTU_2D_test,B-Mode 2D,VALID_LESION_MASK,True,958,533,958,533,75827,14.85,C:\Users\PeaceD_Dung\Documents\Khóa luận\dataset\vinmec_ovarian\OTU_2D\test\image\8.JPG,C:\Users\PeaceD_Dung\Documents\Khóa luận\dataset\vinmec_ovarian\OTU_2D\test\label\black_write\8.PNG
OTU_2D_test_948,OTU_2D_test,B-Mode 2D,VALID_LESION_MASK,True,568,587,568,587,27149,8.143,C:\Users\PeaceD_Dung\Documents\Khóa luận\dataset\vinmec_ovarian\OTU_2D\test\image\948.JPG,C:\Users\PeaceD_Dung\Documents\Khóa luận\dataset\vinmec_ovarian\OTU_2D\test\label\black_write\948.PNG
OTU_2D_train_449,OTU_2D_train,B-Mode 2D,VALID_LESION_MASK,True,486,273,486,273,2603,1.962,C:\Users\PeaceD_Dung\Documents\Khóa luận\dataset\vinmec_ovarian\OTU_2D\train\train_image\449.JPG,C:\Users\PeaceD_Dung\Documents\Khóa luận\dataset\vinmec_ovarian\OTU_2D\train\train_label\label\449.PNG
OTU_2D_train_1168,OTU_2D_train,B-Mode 2D,VALID_LESION_MASK,True,568,589,568,589,37921,11.335,C:\Users\PeaceD_Dung\Documents\Khóa luận\dataset\vinmec_ovarian\OTU_2D\train\train_image\1168.JPG,C:\Users\PeaceD_Dung\Documents\Khóa luận\dataset\vinmec_ovarian\OTU_2D\train\train_label\label\1168.PNG
OTU_2D_test_517,OTU_2D_test,B-Mode 2D,VALID_LESION_MASK,True,957,542,957,542,121236,23.373,C:\Users\PeaceD_Dung\Documents\Khóa luận\dataset\vinmec_ovarian\OTU_2D\test\image\517.JPG,C:\Users\PeaceD_Dung\Documents\Khóa luận\dataset\vinmec_ovarian\OTU_2D\test\label\black_write\517.PNG
OTU_2D_test_356,OTU_2D_test,B-Mode 2D,VALID_LESION_MASK,True,959,535,959,535,8070,1.573,C:\Users\PeaceD_Dung\Documents\Khóa luận\dataset\vinmec_ovarian\OTU_2D\test\image\356.JPG,C:\Users\PeaceD_Dung\Documents\Khóa luận\dataset\vinmec_ovarian\OTU_2D\test\label\black_write\356.PNG
OTU_2D_train_541,OTU_2D_train,B-Mode 2D,VALID_LESION_MASK,True,957,543,957,543,72163,13.887,C:\Users\PeaceD_Dung\Documents\Khóa luận\dataset\vinmec_ovarian\OTU_2D\train\train_image\541.JPG,C:\Users\PeaceD_Dung\Documents\Khóa luận\dataset\vinmec_ovarian\OTU_2D\train\train_label\label\541.PNG
OTU_2D_test_1235,OTU_2D_test,B-Mode 2D,VALID_LESION_MASK,True,958,532,958,532,172435,33.834,C:\Users\PeaceD_Dung\Documents\Khóa luận\dataset\vinmec_ovarian\OTU_2D\test\image\1235.JPG,C:\Users\PeaceD_Dung\Documents\Khóa luận\dataset\vinmec_ovarian\OTU_2D\test\label\black_write\1235.PNG
OTU_2D_train_1452,OTU_2D_train,B-Mode 2D,VALID_LESION_MASK,True,958,527,958,527,54547,10.804,C:\Users\PeaceD_Dung\Documents\Khóa luận\dataset\vinmec_ovarian\OTU_2D\train\train_image\1452.JPG,C:\Users\PeaceD_Dung\Documents\Khóa luận\dataset\vinmec_ovarian\OTU_2D\train\train_label\label\1452.PNG
OTU_CEUS_79,OTU_CEUS,CEUS,VALID_LESION_MASK,True,551,557,551,557,72015,23.465,C:\Users\PeaceD_Dung\Documents\Khóa luận\dataset\vinmec_ovarian\OTU_CEUS\image\79.JPG,C:\Users\PeaceD_Dung\Documents\Khóa luận\dataset\vinmec_ovarian\OTU_CEUS\label\79.PNG
OTU_2D_test_800,OTU_2D_test,B-Mode 2D,VALID_LESION_MASK,True,958,559,958,559,70998,13.258,C:\Users\PeaceD_Dung\Documents\Khóa luận\dataset\vinmec_ovarian\OTU_2D\test\image\800.JPG,C:\Users\PeaceD_Dung\Documents\Khóa luận\dataset\vinmec_ovarian\OTU_2D\test\label\black_write\800.PNG
OTU_2D_train_340,OTU_2D_train,B-Mode 2D,VALID_LESION_MASK,True,569,587,569,587,54759,16.395,C:\Users\PeaceD_Dung\Documents\Khóa luận\dataset\vinmec_ovarian\OTU_2D\train\train_image\340.JPG,C:\Users\PeaceD_Dung\Documents\Khóa luận\dataset\vinmec_ovarian\OTU_2D\train\train_label\label\340.PNG
OTU_CEUS_114,OTU_CEUS,CEUS,VALID_LESION_MASK,True,332,381,332,381,43342,34.265,C:\Users\PeaceD_Dung\Documents\Khóa luận\dataset\vinmec_ovarian\OTU_CEUS\image\114.JPG,C:\Users\PeaceD_Dung\Documents\Khóa luận\dataset\vinmec_ovarian\OTU_CEUS\label\114.PNG
OTU_CEUS_74,OTU_CEUS,CEUS,VALID_LESION_MASK,True,556,597,556,597,80584,24.277,C:\Users\PeaceD_Dung\Documents\Khóa luận\dataset\vinmec_ovarian\OTU_CEUS\image\74.JPG,C:\Users\PeaceD_Dung\Documents\Khóa luận\dataset\vinmec_ovarian\OTU_CEUS\label\74.PNG
OTU_2D_train_1438,OTU_2D_train,B-Mode 2D,VALID_LESION_MASK,True,483,552,483,552,33623,12.611,C:\Users\PeaceD_Dung\Documents\Khóa luận\dataset\vinmec_ovarian\OTU_2D\train\train_image\1438.JPG,C:\Users\PeaceD_Dung\Documents\Khóa luận\dataset\vinmec_ovarian\OTU_2D\train\train_label\label\1438.PNG
OTU_2D_train_1177,OTU_2D_train,B-Mode 2D,VALID_LESION_MASK,True,958,534,958,534,47149,9.216,C:\Users\PeaceD_Dung\Documents\Khóa luận\dataset\vinmec_ovarian\OTU_2D\train\train_image\1177.JPG,C:\Users\PeaceD_Dung\Documents\Khóa luận\dataset\vinmec_ovarian\OTU_2D\train\train_label\label\1177.PNG
OTU_CEUS_76,OTU_CEUS,CEUS,VALID_LESION_MASK,True,520,276,520,276,19036,13.264,C:\Users\PeaceD_Dung\Documents\Khóa luận\dataset\vinmec_ovarian\OTU_CEUS\image\76.JPG,C:\Users\PeaceD_Dung\Documents\Khóa luận\dataset\vinmec_ovarian\OTU_CEUS\label\76.PNG
OTU_2D_train_60,OTU_2D_train,B-Mode 2D,VALID_LESION_MASK,True,959,604,959,604,119139,20.568,C:\Users\PeaceD_Dung\Documents\Khóa luận\dataset\vinmec_ovarian\OTU_2D\train\train_image\60.JPG,C:\Users\PeaceD_Dung\Documents\Khóa luận\dataset\vinmec_ovarian\OTU_2D\train\train_label\label\60.PNG
OTU_2D_test_220,OTU_2D_test,B-Mode 2D,VALID_LESION_MASK,True,480,531,480,531,101704,39.903,C:\Users\PeaceD_Dung\Documents\Khóa luận\dataset\vinmec_ovarian\OTU_2D\test\image\220.JPG,C:\Users\PeaceD_Dung\Documents\Khóa luận\dataset\vinmec_ovarian\OTU_2D\test\label\black_write\220.PNG
OTU_2D_test_264,OTU_2D_test,B-Mode 2D,VALID_LESION_MASK,True,481,532,481,532,63017,24.626,C:\Users\PeaceD_Dung\Documents\Khóa luận\dataset\vinmec_ovarian\OTU_2D\test\image\264.JPG,C:\Users\PeaceD_Dung\Documents\Khóa luận\dataset\vinmec_ovarian\OTU_2D\test\label\black_write\264.PNG
OTU_2D_train_109,OTU_2D_train,B-Mode 2D,VALID_LESION_MASK,True,957,531,957,531,21710,4.272,C:\Users\PeaceD_Dung\Documents\Khóa luận\dataset\vinmec_ovarian\OTU_2D\train\train_image\109.JPG,C:\Users\PeaceD_Dung\Documents\Khóa luận\dataset\vinmec_ovarian\OTU_2D\train\train_label\label\109.PNG
OTU_2D_test_863,OTU_2D_test,B-Mode 2D,VALID_LESION_MASK,True,957,549,957,549,6805,1.295,C:\Users\PeaceD_Dung\Documents\Khóa luận\dataset\vinmec_ovarian\OTU_2D\test\image\863.JPG,C:\Users\PeaceD_Dung\Documents\Khóa luận\dataset\vinmec_ovarian\OTU_2D\test\label\black_write\863.PNG
OTU_2D_train_215,OTU_2D_train,B-Mode 2D,VALID_LESION_MASK,True,959,532,959,532,29695,5.82,C:\Users\PeaceD_Dung\Documents\Khóa luận\dataset\vinmec_ovarian\OTU_2D\train\train_image\215.JPG,C:\Users\PeaceD_Dung\Documents\Khóa luận\dataset\vinmec_ovarian\OTU_2D\train\train_label\label\215.PNG
OTU_2D_train_104,OTU_2D_train,B-Mode 2D,VALID_LESION_MASK,True,811,605,811,605,99170,20.212,C:\Users\PeaceD_Dung\Documents\Khóa luận\dataset\vinmec_ovarian\OTU_2D\train\train_image\104.JPG,C:\Users\PeaceD_Dung\Documents\Khóa luận\dataset\vinmec_ovarian\OTU_2D\train\train_label\label\104.PNG
OTU_2D_test_1229,OTU_2D_test,B-Mode 2D,VALID_LESION_MASK,True,963,535,963,535,123048,23.883,C:\Users\PeaceD_Dung\Documents\Khóa luận\dataset\vinmec_ovarian\OTU_2D\test\image\1229.JPG,C:\Users\PeaceD_Dung\Documents\Khóa luận\dataset\vinmec_ovarian\OTU_2D\test\label\black_write\1229.PNG
OTU_2D_train_1000,OTU_2D_train,B-Mode 2D,VALID_LESION_MASK,True,959,532,959,532,75773,14.852,C:\Users\PeaceD_Dung\Documents\Khóa luận\dataset\vinmec_ovarian\OTU_2D\train\train_image\1000.JPG,C:\Users\PeaceD_Dung\Documents\Khóa luận\dataset\vinmec_ovarian\OTU_2D\train\train_label\label\1000.PNG
OTU_2D_test_553,OTU_2D_test,B-Mode 2D,VALID_LESION_MASK,True,480,555,480,555,12834,4.818,C:\Users\PeaceD_Dung\Documents\Khóa luận\dataset\vinmec_ovarian\OTU_2D\test\image\553.JPG,C:\Users\PeaceD_Dung\Documents\Khóa luận\dataset\vinmec_ovarian\OTU_2D\test\label\black_write\553.PNG
OTU_2D_train_379,OTU_2D_train,B-Mode 2D,VALID_LESION_MASK,True,482,531,482,531,62383,24.374,C:\Users\PeaceD_Dung\Documents\Khóa luận\dataset\vinmec_ovarian\OTU_2D\train\train_image\379.JPG,C:\Users\PeaceD_Dung\Documents\Khóa luận\dataset\vinmec_ovarian\OTU_2D\train\train_label\label\379.PNG
OTU_CEUS_92,OTU_CEUS,CEUS,VALID_LESION_MASK,True,553,550,553,550,24741,8.134,C:\Users\PeaceD_Dung\Documents\Khóa luận\dataset\vinmec_ovarian\OTU_CEUS\image\92.JPG,C:\Users\PeaceD_Dung\Documents\Khóa luận\dataset\vinmec_ovarian\OTU_CEUS\label\92.PNG
OTU_2D_test_904,OTU_2D_test,B-Mode 2D,VALID_LESION_MASK,True,569,585,569,585,127952,38.44,C:\Users\PeaceD_Dung\Documents\Khóa luận\dataset\vinmec_ovarian\OTU_2D\test\image\904.JPG,C:\Users\PeaceD_Dung\Documents\Khóa luận\dataset\vinmec_ovarian\OTU_2D\test\label\black_write\904.PNG
OTU_2D_train_1231,OTU_2D_train,B-Mode 2D,VALID_LESION_MASK,True,961,531,961,531,157038,30.774,C:\Users\PeaceD_Dung\Documents\Khóa luận\dataset\vinmec_ovarian\OTU_2D\train\train_image\1231.JPG,C:\Users\PeaceD_Dung\Documents\Khóa luận\dataset\vinmec_ovarian\OTU_2D\train\train_label\label\1231.PNG
OTU_2D_train_178,OTU_2D_train,B-Mode 2D,VALID_LESION_MASK,True,958,535,958,535,133993,26.143,C:\Users\PeaceD_Dung\Documents\Khóa luận\dataset\vinmec_ovarian\OTU_2D\train\train_image\178.JPG,C:\Users\PeaceD_Dung\Documents\Khóa luận\dataset\vinmec_ovarian\OTU_2D\train\train_label\label\178.PNG
OTU_CEUS_153,OTU_CEUS,CEUS,VALID_LESION_MASK,True,559,596,559,596,43841,13.159,C:\Users\PeaceD_Dung\Documents\Khóa luận\dataset\vinmec_ovarian\OTU_CEUS\image\153.JPG,C:\Users\PeaceD_Dung\Documents\Khóa luận\dataset\vinmec_ovarian\OTU_CEUS\label\153.PNG
OTU_2D_train_302,OTU_2D_train,B-Mode 2D,VALID_LESION_MASK,True,958,534,958,534,21860,4.273,C:\Users\PeaceD_Dung\Documents\Khóa luận\dataset\vinmec_ovarian\OTU_2D\train\train_image\302.JPG,C:\Users\PeaceD_Dung\Documents\Khóa luận\dataset\vinmec_ovarian\OTU_2D\train\train_label\label\302.PNG
OTU_2D_test_403,OTU_2D_test,B-Mode 2D,VALID_LESION_MASK,True,959,535,959,535,182351,35.542,C:\Users\PeaceD_Dung\Documents\Khóa luận\dataset\vinmec_ovarian\OTU_2D\test\image\403.JPG,C:\Users\PeaceD_Dung\Documents\Khóa luận\dataset\vinmec_ovarian\OTU_2D\test\label\black_write\403.PNG
OTU_2D_train_337,OTU_2D_train,B-Mode 2D,VALID_LESION_MASK,True,801,619,801,619,102385,20.65,C:\Users\PeaceD_Dung\Documents\Khóa luận\dataset\vinmec_ovarian\OTU_2D\train\train_image\337.JPG,C:\Users\PeaceD_Dung\Documents\Khóa luận\dataset\vinmec_ovarian\OTU_2D\train\train_label\label\337.PNG
OTU_2D_test_1378,OTU_2D_test,B-Mode 2D,VALID_LESION_MASK,True,958,534,958,534,14493,2.833,C:\Users\PeaceD_Dung\Documents\Khóa luận\dataset\vinmec_ovarian\OTU_2D\test\image\1378.JPG,C:\Users\PeaceD_Dung\Documents\Khóa luận\dataset\vinmec_ovarian\OTU_2D\test\label\black_write\1378.PNG
OTU_2D_train_81,OTU_2D_train,B-Mode 2D,VALID_LESION_MASK,True,957,531,957,531,49232,9.688,C:\Users\PeaceD_Dung\Documents\Khóa luận\dataset\vinmec_ovarian\OTU_2D\train\train_image\81.JPG,C:\Users\PeaceD_Dung\Documents\Khóa luận\dataset\vinmec_ovarian\OTU_2D\train\train_label\label\81.PNG
OTU_2D_test_512,OTU_2D_test,B-Mode 2D,VALID_LESION_MASK,True,974,545,974,545,27543,5.189,C:\Users\PeaceD_Dung\Documents\Khóa luận\dataset\vinmec_ovarian\OTU_2D\test\image\512.JPG,C:\Users\PeaceD_Dung\Documents\Khóa luận\dataset\vinmec_ovarian\OTU_2D\test\label\black_write\512.PNG
OTU_2D_train_537,OTU_2D_train,B-Mode 2D,VALID_LESION_MASK,True,478,551,478,551,32540,12.355,C:\Users\PeaceD_Dung\Documents\Khóa luận\dataset\vinmec_ovarian\OTU_2D\train\train_image\537.JPG,C:\Users\PeaceD_Dung\Documents\Khóa luận\dataset\vinmec_ovarian\OTU_2D\train\train_label\label\537.PNG
OTU_CEUS_40,OTU_CEUS,CEUS,VALID_LESION_MASK,True,557,550,557,550,51746,16.891,C:\Users\PeaceD_Dung\Documents\Khóa luận\dataset\vinmec_ovarian\OTU_CEUS\image\40.JPG,C:\Users\PeaceD_Dung\Documents\Khóa luận\dataset\vinmec_ovarian\OTU_CEUS\label\40.PNG
OTU_2D_test_694,OTU_2D_test,B-Mode 2D,VALID_LESION_MASK,True,481,545,481,545,84846,32.366,C:\Users\PeaceD_Dung\Documents\Khóa luận\dataset\vinmec_ovarian\OTU_2D\test\image\694.JPG,C:\Users\PeaceD_Dung\Documents\Khóa luận\dataset\vinmec_ovarian\OTU_2D\test\label\black_write\694.PNG
OTU_2D_train_798,OTU_2D_train,B-Mode 2D,VALID_LESION_MASK,True,958,536,958,536,53376,10.395,C:\Users\PeaceD_Dung\Documents\Khóa luận\dataset\vinmec_ovarian\OTU_2D\train\train_image\798.JPG,C:\Users\PeaceD_Dung\Documents\Khóa luận\dataset\vinmec_ovarian\OTU_2D\train\train_label\label\798.PNG
OTU_2D_train_1225,OTU_2D_train,B-Mode 2D,VALID_LESION_MASK,True,1135,592,1135,592,166683,24.807,C:\Users\PeaceD_Dung\Documents\Khóa luận\dataset\vinmec_ovarian\OTU_2D\train\train_image\1225.JPG,C:\Users\PeaceD_Dung\Documents\Khóa luận\dataset\vinmec_ovarian\OTU_2D\train\train_label\label\1225.PNG
OTU_2D_train_369,OTU_2D_train,B-Mode 2D,VALID_LESION_MASK,True,1135,589,1135,589,142953,21.384,C:\Users\PeaceD_Dung\Documents\Khóa luận\dataset\vinmec_ovarian\OTU_2D\train\train_image\369.JPG,C:\Users\PeaceD_Dung\Documents\Khóa luận\dataset\vinmec_ovarian\OTU_2D\train\train_label\label\369.PNG
OTU_2D_test_1032,OTU_2D_test,B-Mode 2D,VALID_LESION_MASK,True,955,530,955,530,21359,4.22,C:\Users\PeaceD_Dung\Documents\Khóa luận\dataset\vinmec_ovarian\OTU_2D\test\image\1032.JPG,C:\Users\PeaceD_Dung\Documents\Khóa luận\dataset\vinmec_ovarian\OTU_2D\test\label\black_write\1032.PNG
OTU_CEUS_80,OTU_CEUS,CEUS,VALID_LESION_MASK,True,548,557,548,557,72572,23.776,C:\Users\PeaceD_Dung\Documents\Khóa luận\dataset\vinmec_ovarian\OTU_CEUS\image\80.JPG,C:\Users\PeaceD_Dung\Documents\Khóa luận\dataset\vinmec_ovarian\OTU_CEUS\label\80.PNG
OTU_2D_train_1103,OTU_2D_train,B-Mode 2D,VALID_LESION_MASK,True,956,521,956,521,18773,3.769,C:\Users\PeaceD_Dung\Documents\Khóa luận\dataset\vinmec_ovarian\OTU_2D\train\train_image\1103.JPG,C:\Users\PeaceD_Dung\Documents\Khóa luận\dataset\vinmec_ovarian\OTU_2D\train\train_label\label\1103.PNG
OTU_2D_test_609,OTU_2D_test,B-Mode 2D,VALID_LESION_MASK,True,959,540,959,540,112559,21.735,C:\Users\PeaceD_Dung\Documents\Khóa luận\dataset\vinmec_ovarian\OTU_2D\test\image\609.JPG,C:\Users\PeaceD_Dung\Documents\Khóa luận\dataset\vinmec_ovarian\OTU_2D\test\label\black_write\609.PNG
OTU_2D_train_1447,OTU_2D_train,B-Mode 2D,VALID_LESION_MASK,True,567,591,567,591,24918,7.436,C:\Users\PeaceD_Dung\Documents\Khóa luận\dataset\vinmec_ovarian\OTU_2D\train\train_image\1447.JPG,C:\Users\PeaceD_Dung\Documents\Khóa luận\dataset\vinmec_ovarian\OTU_2D\train\train_label\label\1447.PNG
OTU_2D_test_582,OTU_2D_test,B-Mode 2D,VALID_LESION_MASK,True,481,548,481,548,70851,26.879,C:\Users\PeaceD_Dung\Documents\Khóa luận\dataset\vinmec_ovarian\OTU_2D\test\image\582.JPG,C:\Users\PeaceD_Dung\Documents\Khóa luận\dataset\vinmec_ovarian\OTU_2D\test\label\black_write\582.PNG
OTU_2D_test_1190,OTU_2D_test,B-Mode 2D,VALID_LESION_MASK,True,481,540,481,540,24682,9.503,C:\Users\PeaceD_Dung\Documents\Khóa luận\dataset\vinmec_ovarian\OTU_2D\test\image\1190.JPG,C:\Users\PeaceD_Dung\Documents\Khóa luận\dataset\vinmec_ovarian\OTU_2D\test\label\black_write\1190.PNG
OTU_2D_train_1057,OTU_2D_train,B-Mode 2D,VALID_LESION_MASK,True,569,586,569,586,26310,7.891,C:\Users\PeaceD_Dung\Documents\Khóa luận\dataset\vinmec_ovarian\OTU_2D\train\train_image\1057.JPG,C:\Users\PeaceD_Dung\Documents\Khóa luận\dataset\vinmec_ovarian\OTU_2D\train\train_label\label\1057.PNG
OTU_2D_test_1038,OTU_2D_test,B-Mode 2D,VALID_LESION_MASK,True,957,528,957,528,88573,17.529,C:\Users\PeaceD_Dung\Documents\Khóa luận\dataset\vinmec_ovarian\OTU_2D\test\image\1038.JPG,C:\Users\PeaceD_Dung\Documents\Khóa luận\dataset\vinmec_ovarian\OTU_2D\test\label\black_write\1038.PNG
OTU_2D_train_153,OTU_2D_train,B-Mode 2D,VALID_LESION_MASK,True,1104,565,1104,565,50570,8.107,C:\Users\PeaceD_Dung\Documents\Khóa luận\dataset\vinmec_ovarian\OTU_2D\train\train_image\153.JPG,C:\Users\PeaceD_Dung\Documents\Khóa luận\dataset\vinmec_ovarian\OTU_2D\train\train_label\label\153.PNG
OTU_2D_train_968,OTU_2D_train,B-Mode 2D,VALID_LESION_MASK,True,1133,585,1133,585,211314,31.882,C:\Users\PeaceD_Dung\Documents\Khóa luận\dataset\vinmec_ovarian\OTU_2D\train\train_image\968.JPG,C:\Users\PeaceD_Dung\Documents\Khóa luận\dataset\vinmec_ovarian\OTU_2D\train\train_label\label\968.PNG
OTU_2D_train_737,OTU_2D_train,B-Mode 2D,VALID_LESION_MASK,True,477,557,477,557,5817,2.189,C:\Users\PeaceD_Dung\Documents\Khóa luận\dataset\vinmec_ovarian\OTU_2D\train\train_image\737.JPG,C:\Users\PeaceD_Dung\Documents\Khóa luận\dataset\vinmec_ovarian\OTU_2D\train\train_label\label\737.PNG
OTU_2D_train_1174,OTU_2D_train,B-Mode 2D,VALID_LESION_MASK,True,719,556,719,556,91666,22.93,C:\Users\PeaceD_Dung\Documents\Khóa luận\dataset\vinmec_ovarian\OTU_2D\train\train_image\1174.JPG,C:\Users\PeaceD_Dung\Documents\Khóa luận\dataset\vinmec_ovarian\OTU_2D\train\train_label\label\1174.PNG
OTU_2D_test_732,OTU_2D_test,B-Mode 2D,VALID_LESION_MASK,True,481,552,481,552,40797,15.365,C:\Users\PeaceD_Dung\Documents\Khóa luận\dataset\vinmec_ovarian\OTU_2D\test\image\732.JPG,C:\Users\PeaceD_Dung\Documents\Khóa luận\dataset\vinmec_ovarian\OTU_2D\test\label\black_write\732.PNG
OTU_CEUS_138,OTU_CEUS,CEUS,VALID_LESION_MASK,True,587,579,587,579,58623,17.249,C:\Users\PeaceD_Dung\Documents\Khóa luận\dataset\vinmec_ovarian\OTU_CEUS\image\138.JPG,C:\Users\PeaceD_Dung\Documents\Khóa luận\dataset\vinmec_ovarian\OTU_CEUS\label\138.PNG
OTU_CEUS_97,OTU_CEUS,CEUS,VALID_LESION_MASK,True,568,276,568,276,21153,13.493,C:\Users\PeaceD_Dung\Documents\Khóa luận\dataset\vinmec_ovarian\OTU_CEUS\image\97.JPG,C:\Users\PeaceD_Dung\Documents\Khóa luận\dataset\vinmec_ovarian\OTU_CEUS\label\97.PNG
OTU_2D_train_1296,OTU_2D_train,B-Mode 2D,VALID_LESION_MASK,True,569,592,569,592,110896,32.922,C:\Users\PeaceD_Dung\Documents\Khóa luận\dataset\vinmec_ovarian\OTU_2D\train\train_image\1296.JPG,C:\Users\PeaceD_Dung\Documents\Khóa luận\dataset\vinmec_ovarian\OTU_2D\train\train_label\label\1296.PNG
OTU_2D_train_1379,OTU_2D_train,B-Mode 2D,VALID_LESION_MASK,True,958,540,958,540,44084,8.522,C:\Users\PeaceD_Dung\Documents\Khóa luận\dataset\vinmec_ovarian\OTU_2D\train\train_image\1379.JPG,C:\Users\PeaceD_Dung\Documents\Khóa luận\dataset\vinmec_ovarian\OTU_2D\train\train_label\label\1379.PNG
OTU_2D_test_581,OTU_2D_test,B-Mode 2D,VALID_LESION_MASK,True,478,545,478,545,10986,4.217,C:\Users\PeaceD_Dung\Documents\Khóa luận\dataset\vinmec_ovarian\OTU_2D\test\image\581.JPG,C:\Users\PeaceD_Dung\Documents\Khóa luận\dataset\vinmec_ovarian\OTU_2D\test\label\black_write\581.PNG
OTU_2D_train_1256,OTU_2D_train,B-Mode 2D,VALID_LESION_MASK,True,959,540,959,540,85472,16.505,C:\Users\PeaceD_Dung\Documents\Khóa luận\dataset\vinmec_ovarian\OTU_2D\train\train_image\1256.JPG,C:\Users\PeaceD_Dung\Documents\Khóa luận\dataset\vinmec_ovarian\OTU_2D\train\train_label\label\1256.PNG
OTU_2D_test_63,OTU_2D_test,B-Mode 2D,VALID_LESION_MASK,True,957,536,957,536,134963,26.311,C:\Users\PeaceD_Dung\Documents\Khóa luận\dataset\vinmec_ovarian\OTU_2D\test\image\63.JPG,C:\Users\PeaceD_Dung\Documents\Khóa luận\dataset\vinmec_ovarian\OTU_2D\test\label\black_write\63.PNG
OTU_2D_test_15,OTU_2D_test,B-Mode 2D,VALID_LESION_MASK,True,958,534,958,534,39055,7.634,C:\Users\PeaceD_Dung\Documents\Khóa luận\dataset\vinmec_ovarian\OTU_2D\test\image\15.JPG,C:\Users\PeaceD_Dung\Documents\Khóa luận\dataset\vinmec_ovarian\OTU_2D\test\label\black_write\15.PNG
OTU_2D_test_826,OTU_2D_test,B-Mode 2D,VALID_LESION_MASK,True,958,534,958,534,11712,2.289,C:\Users\PeaceD_Dung\Documents\Khóa luận\dataset\vinmec_ovarian\OTU_2D\test\image\826.JPG,C:\Users\PeaceD_Dung\Documents\Khóa luận\dataset\vinmec_ovarian\OTU_2D\test\label\black_write\826.PNG
OTU_2D_train_838,OTU_2D_train,B-Mode 2D,VALID_LESION_MASK,True,955,534,955,534,99896,19.589,C:\Users\PeaceD_Dung\Documents\Khóa luận\dataset\vinmec_ovarian\OTU_2D\train\train_image\838.JPG,C:\Users\PeaceD_Dung\Documents\Khóa luận\dataset\vinmec_ovarian\OTU_2D\train\train_label\label\838.PNG
OTU_2D_test_1241,OTU_2D_test,B-Mode 2D,VALID_LESION_MASK,True,958,535,958,535,128637,25.098,C:\Users\PeaceD_Dung\Documents\Khóa luận\dataset\vinmec_ovarian\OTU_2D\test\image\1241.JPG,C:\Users\PeaceD_Dung\Documents\Khóa luận\dataset\vinmec_ovarian\OTU_2D\test\label\black_write\1241.PNG
OTU_2D_train_183,OTU_2D_train,B-Mode 2D,VALID_LESION_MASK,True,958,532,958,532,92176,18.086,C:\Users\PeaceD_Dung\Documents\Khóa luận\dataset\vinmec_ovarian\OTU_2D\train\train_image\183.JPG,C:\Users\PeaceD_Dung\Documents\Khóa luận\dataset\vinmec_ovarian\OTU_2D\train\train_label\label\183.PNG
OTU_2D_train_298,OTU_2D_train,B-Mode 2D,VALID_LESION_MASK,True,479,536,479,536,128369,49.999,C:\Users\PeaceD_Dung\Documents\Khóa luận\dataset\vinmec_ovarian\OTU_2D\train\train_image\298.JPG,C:\Users\PeaceD_Dung\Documents\Khóa luận\dataset\vinmec_ovarian\OTU_2D\train\train_label\label\298.PNG
OTU_2D_train_29,OTU_2D_train,B-Mode 2D,VALID_LESION_MASK,True,959,531,959,531,47121,9.253,C:\Users\PeaceD_Dung\Documents\Khóa luận\dataset\vinmec_ovarian\OTU_2D\train\train_image\29.JPG,C:\Users\PeaceD_Dung\Documents\Khóa luận\dataset\vinmec_ovarian\OTU_2D\train\train_label\label\29.PNG
OTU_2D_test_445,OTU_2D_test,B-Mode 2D,VALID_LESION_MASK,True,957,529,957,529,85868,16.961,C:\Users\PeaceD_Dung\Documents\Khóa luận\dataset\vinmec_ovarian\OTU_2D\test\image\445.JPG,C:\Users\PeaceD_Dung\Documents\Khóa luận\dataset\vinmec_ovarian\OTU_2D\test\label\black_write\445.PNG
OTU_2D_train_1279,OTU_2D_train,B-Mode 2D,VALID_LESION_MASK,True,961,622,961,622,99048,16.57,C:\Users\PeaceD_Dung\Documents\Khóa luận\dataset\vinmec_ovarian\OTU_2D\train\train_image\1279.JPG,C:\Users\PeaceD_Dung\Documents\Khóa luận\dataset\vinmec_ovarian\OTU_2D\train\train_label\label\1279.PNG
OTU_2D_train_251,OTU_2D_train,B-Mode 2D,VALID_LESION_MASK,True,483,532,483,532,64406,25.065,C:\Users\PeaceD_Dung\Documents\Khóa luận\dataset\vinmec_ovarian\OTU_2D\train\train_image\251.JPG,C:\Users\PeaceD_Dung\Documents\Khóa luận\dataset\vinmec_ovarian\OTU_2D\train\train_label\label\251.PNG
OTU_2D_test_883,OTU_2D_test,B-Mode 2D,VALID_LESION_MASK,True,959,538,959,538,120832,23.42,C:\Users\PeaceD_Dung\Documents\Khóa luận\dataset\vinmec_ovarian\OTU_2D\test\image\883.JPG,C:\Users\PeaceD_Dung\Documents\Khóa luận\dataset\vinmec_ovarian\OTU_2D\test\label\black_write\883.PNG
OTU_2D_train_1449,OTU_2D_train,B-Mode 2D,VALID_LESION_MASK,True,479,551,479,551,52334,19.829,C:\Users\PeaceD_Dung\Documents\Khóa luận\dataset\vinmec_ovarian\OTU_2D\train\train_image\1449.JPG,C:\Users\PeaceD_Dung\Documents\Khóa luận\dataset\vinmec_ovarian\OTU_2D\train\train_label\label\1449.PNG
OTU_2D_train_616,OTU_2D_train,B-Mode 2D,VALID_LESION_MASK,True,971,542,971,542,16977,3.226,C:\Users\PeaceD_Dung\Documents\Khóa luận\dataset\vinmec_ovarian\OTU_2D\train\train_image\616.JPG,C:\Users\PeaceD_Dung\Documents\Khóa luận\dataset\vinmec_ovarian\OTU_2D\train\train_label\label\616.PNG
OTU_2D_train_1349,OTU_2D_train,B-Mode 2D,VALID_LESION_MASK,True,566,592,566,592,45293,13.517,C:\Users\PeaceD_Dung\Documents\Khóa luận\dataset\vinmec_ovarian\OTU_2D\train\train_image\1349.JPG,C:\Users\PeaceD_Dung\Documents\Khóa luận\dataset\vinmec_ovarian\OTU_2D\train\train_label\label\1349.PNG
OTU_2D_train_680,OTU_2D_train,B-Mode 2D,VALID_LESION_MASK,True,478,587,478,587,58934,21.004,C:\Users\PeaceD_Dung\Documents\Khóa luận\dataset\vinmec_ovarian\OTU_2D\train\train_image\680.JPG,C:\Users\PeaceD_Dung\Documents\Khóa luận\dataset\vinmec_ovarian\OTU_2D\train\train_label\label\680.PNG
OTU_2D_test_149,OTU_2D_test,B-Mode 2D,VALID_LESION_MASK,True,1103,566,1103,566,42474,6.803,C:\Users\PeaceD_Dung\Documents\Khóa luận\dataset\vinmec_ovarian\OTU_2D\test\image\149.JPG,C:\Users\PeaceD_Dung\Documents\Khóa luận\dataset\vinmec_ovarian\OTU_2D\test\label\black_write\149.PNG
OTU_CEUS_86,OTU_CEUS,CEUS,VALID_LESION_MASK,True,555,553,555,553,30268,9.862,C:\Users\PeaceD_Dung\Documents\Khóa luận\dataset\vinmec_ovarian\OTU_CEUS\image\86.JPG,C:\Users\PeaceD_Dung\Documents\Khóa luận\dataset\vinmec_ovarian\OTU_CEUS\label\86.PNG
OTU_2D_train_58,OTU_2D_train,B-Mode 2D,VALID_LESION_MASK,True,959,530,959,530,133993,26.363,C:\Users\PeaceD_Dung\Documents\Khóa luận\dataset\vinmec_ovarian\OTU_2D\train\train_image\58.JPG,C:\Users\PeaceD_Dung\Documents\Khóa luận\dataset\vinmec_ovarian\OTU_2D\train\train_label\label\58.PNG
OTU_2D_train_451,OTU_2D_train,B-Mode 2D,VALID_LESION_MASK,True,958,532,958,532,78714,15.445,C:\Users\PeaceD_Dung\Documents\Khóa luận\dataset\vinmec_ovarian\OTU_2D\train\train_image\451.JPG,C:\Users\PeaceD_Dung\Documents\Khóa luận\dataset\vinmec_ovarian\OTU_2D\train\train_label\label\451.PNG
OTU_2D_test_718,OTU_2D_test,B-Mode 2D,VALID_LESION_MASK,True,481,543,481,543,5735,2.196,C:\Users\PeaceD_Dung\Documents\Khóa luận\dataset\vinmec_ovarian\OTU_2D\test\image\718.JPG,C:\Users\PeaceD_Dung\Documents\Khóa luận\dataset\vinmec_ovarian\OTU_2D\test\label\black_write\718.PNG
OTU_2D_train_619,OTU_2D_train,B-Mode 2D,VALID_LESION_MASK,True,974,551,974,551,15350,2.86,C:\Users\PeaceD_Dung\Documents\Khóa luận\dataset\vinmec_ovarian\OTU_2D\train\train_image\619.JPG,C:\Users\PeaceD_Dung\Documents\Khóa luận\dataset\vinmec_ovarian\OTU_2D\train\train_label\label\619.PNG
OTU_2D_train_1344,OTU_2D_train,B-Mode 2D,VALID_LESION_MASK,True,567,596,567,596,15605,4.618,C:\Users\PeaceD_Dung\Documents\Khóa luận\dataset\vinmec_ovarian\OTU_2D\train\train_image\1344.JPG,C:\Users\PeaceD_Dung\Documents\Khóa luận\dataset\vinmec_ovarian\OTU_2D\train\train_label\label\1344.PNG
OTU_2D_train_1287,OTU_2D_train,B-Mode 2D,VALID_LESION_MASK,True,1116,590,1116,590,50995,7.745,C:\Users\PeaceD_Dung\Documents\Khóa luận\dataset\vinmec_ovarian\OTU_2D\train\train_image\1287.JPG,C:\Users\PeaceD_Dung\Documents\Khóa luận\dataset\vinmec_ovarian\OTU_2D\train\train_label\label\1287.PNG
OTU_2D_train_1210,OTU_2D_train,B-Mode 2D,VALID_LESION_MASK,True,959,536,959,536,26518,5.159,C:\Users\PeaceD_Dung\Documents\Khóa luận\dataset\vinmec_ovarian\OTU_2D\train\train_image\1210.JPG,C:\Users\PeaceD_Dung\Documents\Khóa luận\dataset\vinmec_ovarian\OTU_2D\train\train_label\label\1210.PNG
OTU_2D_train_338,OTU_2D_train,B-Mode 2D,VALID_LESION_MASK,True,567,590,567,590,94216,28.164,C:\Users\PeaceD_Dung\Documents\Khóa luận\dataset\vinmec_ovarian\OTU_2D\train\train_image\338.JPG,C:\Users\PeaceD_Dung\Documents\Khóa luận\dataset\vinmec_ovarian\OTU_2D\train\train_label\label\338.PNG
OTU_2D_test_862,OTU_2D_test,B-Mode 2D,VALID_LESION_MASK,True,959,544,959,544,22160,4.248,C:\Users\PeaceD_Dung\Documents\Khóa luận\dataset\vinmec_ovarian\OTU_2D\test\image\862.JPG,C:\Users\PeaceD_Dung\Documents\Khóa luận\dataset\vinmec_ovarian\OTU_2D\test\label\black_write\862.PNG
OTU_2D_train_32,OTU_2D_train,B-Mode 2D,VALID_LESION_MASK,True,479,533,479,533,46817,18.338,C:\Users\PeaceD_Dung\Documents\Khóa luận\dataset\vinmec_ovarian\OTU_2D\train\train_image\32.JPG,C:\Users\PeaceD_Dung\Documents\Khóa luận\dataset\vinmec_ovarian\OTU_2D\train\train_label\label\32.PNG
OTU_2D_train_938,OTU_2D_train,B-Mode 2D,VALID_LESION_MASK,True,565,580,565,580,27945,8.528,C:\Users\PeaceD_Dung\Documents\Khóa luận\dataset\vinmec_ovarian\OTU_2D\train\train_image\938.JPG,C:\Users\PeaceD_Dung\Documents\Khóa luận\dataset\vinmec_ovarian\OTU_2D\train\train_label\label\938.PNG
OTU_2D_train_772,OTU_2D_train,B-Mode 2D,VALID_LESION_MASK,True,474,548,474,548,43603,16.786,C:\Users\PeaceD_Dung\Documents\Khóa luận\dataset\vinmec_ovarian\OTU_2D\train\train_image\772.JPG,C:\Users\PeaceD_Dung\Documents\Khóa luận\dataset\vinmec_ovarian\OTU_2D\train\train_label\label\772.PNG
OTU_2D_test_1374,OTU_2D_test,B-Mode 2D,VALID_LESION_MASK,True,957,538,957,538,128780,25.012,C:\Users\PeaceD_Dung\Documents\Khóa luận\dataset\vinmec_ovarian\OTU_2D\test\image\1374.JPG,C:\Users\PeaceD_Dung\Documents\Khóa luận\dataset\vinmec_ovarian\OTU_2D\test\label\black_write\1374.PNG
OTU_2D_test_474,OTU_2D_test,B-Mode 2D,VALID_LESION_MASK,True,1135,590,1135,590,176231,26.317,C:\Users\PeaceD_Dung\Documents\Khóa luận\dataset\vinmec_ovarian\OTU_2D\test\image\474.JPG,C:\Users\PeaceD_Dung\Documents\Khóa luận\dataset\vinmec_ovarian\OTU_2D\test\label\black_write\474.PNG
OTU_CEUS_158,OTU_CEUS,CEUS,VALID_LESION_MASK,True,574,576,574,576,56049,16.952,C:\Users\PeaceD_Dung\Documents\Khóa luận\dataset\vinmec_ovarian\OTU_CEUS\image\158.JPG,C:\Users\PeaceD_Dung\Documents\Khóa luận\dataset\vinmec_ovarian\OTU_CEUS\label\158.PNG
OTU_2D_train_759,OTU_2D_train,B-Mode 2D,VALID_LESION_MASK,True,1106,628,1106,628,34702,4.996,C:\Users\PeaceD_Dung\Documents\Khóa luận\dataset\vinmec_ovarian\OTU_2D\train\train_image\759.JPG,C:\Users\PeaceD_Dung\Documents\Khóa luận\dataset\vinmec_ovarian\OTU_2D\train\train_label\label\759.PNG
OTU_2D_train_290,OTU_2D_train,B-Mode 2D,VALID_LESION_MASK,True,487,531,487,531,33002,12.762,C:\Users\PeaceD_Dung\Documents\Khóa luận\dataset\vinmec_ovarian\OTU_2D\train\train_image\290.JPG,C:\Users\PeaceD_Dung\Documents\Khóa luận\dataset\vinmec_ovarian\OTU_2D\train\train_label\label\290.PNG
OTU_2D_train_1272,OTU_2D_train,B-Mode 2D,VALID_LESION_MASK,True,570,589,570,589,90675,27.008,C:\Users\PeaceD_Dung\Documents\Khóa luận\dataset\vinmec_ovarian\OTU_2D\train\train_image\1272.JPG,C:\Users\PeaceD_Dung\Documents\Khóa luận\dataset\vinmec_ovarian\OTU_2D\train\train_label\label\1272.PNG
OTU_2D_train_1019,OTU_2D_train,B-Mode 2D,VALID_LESION_MASK,True,568,583,568,583,73002,22.045,C:\Users\PeaceD_Dung\Documents\Khóa luận\dataset\vinmec_ovarian\OTU_2D\train\train_image\1019.JPG,C:\Users\PeaceD_Dung\Documents\Khóa luận\dataset\vinmec_ovarian\OTU_2D\train\train_label\label\1019.PNG
OTU_CEUS_7,OTU_CEUS,CEUS,VALID_LESION_MASK,True,581,577,581,577,108816,32.459,C:\Users\PeaceD_Dung\Documents\Khóa luận\dataset\vinmec_ovarian\OTU_CEUS\image\7.JPG,C:\Users\PeaceD_Dung\Documents\Khóa luận\dataset\vinmec_ovarian\OTU_CEUS\label\7.PNG
OTU_2D_train_1439,OTU_2D_train,B-Mode 2D,VALID_LESION_MASK,True,958,539,958,539,33796,6.545,C:\Users\PeaceD_Dung\Documents\Khóa luận\dataset\vinmec_ovarian\OTU_2D\train\train_image\1439.JPG,C:\Users\PeaceD_Dung\Documents\Khóa luận\dataset\vinmec_ovarian\OTU_2D\train\train_label\label\1439.PNG
OTU_CEUS_15,OTU_CEUS,CEUS,VALID_LESION_MASK,True,330,379,330,379,18930,15.136,C:\Users\PeaceD_Dung\Documents\Khóa luận\dataset\vinmec_ovarian\OTU_CEUS\image\15.JPG,C:\Users\PeaceD_Dung\Documents\Khóa luận\dataset\vinmec_ovarian\OTU_CEUS\label\15.PNG
OTU_2D_train_1265,OTU_2D_train,B-Mode 2D,VALID_LESION_MASK,True,477,533,477,533,42763,16.82,C:\Users\PeaceD_Dung\Documents\Khóa luận\dataset\vinmec_ovarian\OTU_2D\train\train_image\1265.JPG,C:\Users\PeaceD_Dung\Documents\Khóa luận\dataset\vinmec_ovarian\OTU_2D\train\train_label\label\1265.PNG
OTU_2D_train_909,OTU_2D_train,B-Mode 2D,VALID_LESION_MASK,True,953,528,953,528,22883,4.548,C:\Users\PeaceD_Dung\Documents\Khóa luận\dataset\vinmec_ovarian\OTU_2D\train\train_image\909.JPG,C:\Users\PeaceD_Dung\Documents\Khóa luận\dataset\vinmec_ovarian\OTU_2D\train\train_label\label\909.PNG
OTU_2D_train_252,OTU_2D_train,B-Mode 2D,VALID_LESION_MASK,True,959,532,959,532,69408,13.604,C:\Users\PeaceD_Dung\Documents\Khóa luận\dataset\vinmec_ovarian\OTU_2D\train\train_image\252.JPG,C:\Users\PeaceD_Dung\Documents\Khóa luận\dataset\vinmec_ovarian\OTU_2D\train\train_label\label\252.PNG
OTU_CEUS_72,OTU_CEUS,CEUS,VALID_LESION_MASK,True,553,566,553,566,104920,33.521,C:\Users\PeaceD_Dung\Documents\Khóa luận\dataset\vinmec_ovarian\OTU_CEUS\image\72.JPG,C:\Users\PeaceD_Dung\Documents\Khóa luận\dataset\vinmec_ovarian\OTU_CEUS\label\72.PNG
OTU_2D_train_836,OTU_2D_train,B-Mode 2D,VALID_LESION_MASK,True,959,612,959,612,100553,17.133,C:\Users\PeaceD_Dung\Documents\Khóa luận\dataset\vinmec_ovarian\OTU_2D\train\train_image\836.JPG,C:\Users\PeaceD_Dung\Documents\Khóa luận\dataset\vinmec_ovarian\OTU_2D\train\train_label\label\836.PNG
OTU_2D_train_366,OTU_2D_train,B-Mode 2D,VALID_LESION_MASK,True,959,535,959,535,4634,0.903,C:\Users\PeaceD_Dung\Documents\Khóa luận\dataset\vinmec_ovarian\OTU_2D\train\train_image\366.JPG,C:\Users\PeaceD_Dung\Documents\Khóa luận\dataset\vinmec_ovarian\OTU_2D\train\train_label\label\366.PNG
OTU_CEUS_78,OTU_CEUS,CEUS,VALID_LESION_MASK,True,550,555,550,555,76294,24.994,C:\Users\PeaceD_Dung\Documents\Khóa luận\dataset\vinmec_ovarian\OTU_CEUS\image\78.JPG,C:\Users\PeaceD_Dung\Documents\Khóa luận\dataset\vinmec_ovarian\OTU_CEUS\label\78.PNG
OTU_2D_train_150,OTU_2D_train,B-Mode 2D,VALID_LESION_MASK,True,959,533,959,533,36004,7.044,C:\Users\PeaceD_Dung\Documents\Khóa luận\dataset\vinmec_ovarian\OTU_2D\train\train_image\150.JPG,C:\Users\PeaceD_Dung\Documents\Khóa luận\dataset\vinmec_ovarian\OTU_2D\train\train_label\label\150.PNG
OTU_CEUS_121,OTU_CEUS,CEUS,VALID_LESION_MASK,True,339,352,339,352,8762,7.343,C:\Users\PeaceD_Dung\Documents\Khóa luận\dataset\vinmec_ovarian\OTU_CEUS\image\121.JPG,C:\Users\PeaceD_Dung\Documents\Khóa luận\dataset\vinmec_ovarian\OTU_CEUS\label\121.PNG
OTU_2D_test_1162,OTU_2D_test,B-Mode 2D,VALID_LESION_MASK,True,481,535,481,535,53381,20.744,C:\Users\PeaceD_Dung\Documents\Khóa luận\dataset\vinmec_ovarian\OTU_2D\test\image\1162.JPG,C:\Users\PeaceD_Dung\Documents\Khóa luận\dataset\vinmec_ovarian\OTU_2D\test\label\black_write\1162.PNG
OTU_2D_train_349,OTU_2D_train,B-Mode 2D,VALID_LESION_MASK,True,476,600,476,600,14535,5.089,C:\Users\PeaceD_Dung\Documents\Khóa luận\dataset\vinmec_ovarian\OTU_2D\train\train_image\349.JPG,C:\Users\PeaceD_Dung\Documents\Khóa luận\dataset\vinmec_ovarian\OTU_2D\train\train_label\label\349.PNG
OTU_2D_train_1330,OTU_2D_train,B-Mode 2D,VALID_LESION_MASK,True,482,555,482,555,52324,19.56,C:\Users\PeaceD_Dung\Documents\Khóa luận\dataset\vinmec_ovarian\OTU_2D\train\train_image\1330.JPG,C:\Users\PeaceD_Dung\Documents\Khóa luận\dataset\vinmec_ovarian\OTU_2D\train\train_label\label\1330.PNG
OTU_CEUS_41,OTU_CEUS,CEUS,VALID_LESION_MASK,True,560,552,560,552,61631,19.938,C:\Users\PeaceD_Dung\Documents\Khóa luận\dataset\vinmec_ovarian\OTU_CEUS\image\41.JPG,C:\Users\PeaceD_Dung\Documents\Khóa luận\dataset\vinmec_ovarian\OTU_CEUS\label\41.PNG
OTU_CEUS_127,OTU_CEUS,CEUS,VALID_LESION_MASK,True,552,553,552,553,33226,10.885,C:\Users\PeaceD_Dung\Documents\Khóa luận\dataset\vinmec_ovarian\OTU_CEUS\image\127.JPG,C:\Users\PeaceD_Dung\Documents\Khóa luận\dataset\vinmec_ovarian\OTU_CEUS\label\127.PNG
OTU_2D_test_1336,OTU_2D_test,B-Mode 2D,VALID_LESION_MASK,True,1103,562,1103,562,71716,11.569,C:\Users\PeaceD_Dung\Documents\Khóa luận\dataset\vinmec_ovarian\OTU_2D\test\image\1336.JPG,C:\Users\PeaceD_Dung\Documents\Khóa luận\dataset\vinmec_ovarian\OTU_2D\test\label\black_write\1336.PNG
OTU_2D_test_370,OTU_2D_test,B-Mode 2D,VALID_LESION_MASK,True,1134,591,1134,591,159155,23.748,C:\Users\PeaceD_Dung\Documents\Khóa luận\dataset\vinmec_ovarian\OTU_2D\test\image\370.JPG,C:\Users\PeaceD_Dung\Documents\Khóa luận\dataset\vinmec_ovarian\OTU_2D\test\label\black_write\370.PNG
OTU_2D_train_151,OTU_2D_train,B-Mode 2D,VALID_LESION_MASK,True,958,531,958,531,28002,5.505,C:\Users\PeaceD_Dung\Documents\Khóa luận\dataset\vinmec_ovarian\OTU_2D\train\train_image\151.JPG,C:\Users\PeaceD_Dung\Documents\Khóa luận\dataset\vinmec_ovarian\OTU_2D\train\train_label\label\151.PNG
OTU_2D_train_822,OTU_2D_train,B-Mode 2D,VALID_LESION_MASK,True,1135,609,1135,609,162286,23.478,C:\Users\PeaceD_Dung\Documents\Khóa luận\dataset\vinmec_ovarian\OTU_2D\train\train_image\822.JPG,C:\Users\PeaceD_Dung\Documents\Khóa luận\dataset\vinmec_ovarian\OTU_2D\train\train_label\label\822.PNG
OTU_2D_test_399,OTU_2D_test,B-Mode 2D,VALID_LESION_MASK,True,843,613,843,613,67902,13.14,C:\Users\PeaceD_Dung\Documents\Khóa luận\dataset\vinmec_ovarian\OTU_2D\test\image\399.JPG,C:\Users\PeaceD_Dung\Documents\Khóa luận\dataset\vinmec_ovarian\OTU_2D\test\label\black_write\399.PNG
OTU_2D_train_1297,OTU_2D_train,B-Mode 2D,VALID_LESION_MASK,True,959,537,959,537,66779,12.967,C:\Users\PeaceD_Dung\Documents\Khóa luận\dataset\vinmec_ovarian\OTU_2D\train\train_image\1297.JPG,C:\Users\PeaceD_Dung\Documents\Khóa luận\dataset\vinmec_ovarian\OTU_2D\train\train_label\label\1297.PNG
OTU_2D_test_623,OTU_2D_test,B-Mode 2D,VALID_LESION_MASK,True,741,633,741,633,86968,18.541,C:\Users\PeaceD_Dung\Documents\Khóa luận\dataset\vinmec_ovarian\OTU_2D\test\image\623.JPG,C:\Users\PeaceD_Dung\Documents\Khóa luận\dataset\vinmec_ovarian\OTU_2D\test\label\black_write\623.PNG
OTU_2D_test_1122,OTU_2D_test,B-Mode 2D,VALID_LESION_MASK,True,818,606,818,606,91253,18.409,C:\Users\PeaceD_Dung\Documents\Khóa luận\dataset\vinmec_ovarian\OTU_2D\test\image\1122.JPG,C:\Users\PeaceD_Dung\Documents\Khóa luận\dataset\vinmec_ovarian\OTU_2D\test\label\black_write\1122.PNG
OTU_2D_train_1332,OTU_2D_train,B-Mode 2D,VALID_LESION_MASK,True,319,330,319,330,34713,32.975,C:\Users\PeaceD_Dung\Documents\Khóa luận\dataset\vinmec_ovarian\OTU_2D\train\train_image\1332.JPG,C:\Users\PeaceD_Dung\Documents\Khóa luận\dataset\vinmec_ovarian\OTU_2D\train\train_label\label\1332.PNG
OTU_2D_train_490,OTU_2D_train,B-Mode 2D,VALID_LESION_MASK,True,957,538,957,538,40187,7.805,C:\Users\PeaceD_Dung\Documents\Khóa luận\dataset\vinmec_ovarian\OTU_2D\train\train_image\490.JPG,C:\Users\PeaceD_Dung\Documents\Khóa luận\dataset\vinmec_ovarian\OTU_2D\train\train_label\label\490.PNG
OTU_2D_test_842,OTU_2D_test,B-Mode 2D,VALID_LESION_MASK,True,1104,596,1104,596,70232,10.674,C:\Users\PeaceD_Dung\Documents\Khóa luận\dataset\vinmec_ovarian\OTU_2D\test\image\842.JPG,C:\Users\PeaceD_Dung\Documents\Khóa luận\dataset\vinmec_ovarian\OTU_2D\test\label\black_write\842.PNG
OTU_2D_train_1450,OTU_2D_train,B-Mode 2D,VALID_LESION_MASK,True,482,556,482,556,48733,18.184,C:\Users\PeaceD_Dung\Documents\Khóa luận\dataset\vinmec_ovarian\OTU_2D\train\train_image\1450.JPG,C:\Users\PeaceD_Dung\Documents\Khóa luận\dataset\vinmec_ovarian\OTU_2D\train\train_label\label\1450.PNG
OTU_2D_train_935,OTU_2D_train,B-Mode 2D,VALID_LESION_MASK,True,569,584,569,584,30411,9.152,C:\Users\PeaceD_Dung\Documents\Khóa luận\dataset\vinmec_ovarian\OTU_2D\train\train_image\935.JPG,C:\Users\PeaceD_Dung\Documents\Khóa luận\dataset\vinmec_ovarian\OTU_2D\train\train_label\label\935.PNG
OTU_2D_test_1331,OTU_2D_test,B-Mode 2D,VALID_LESION_MASK,True,479,559,479,559,56455,21.084,C:\Users\PeaceD_Dung\Documents\Khóa luận\dataset\vinmec_ovarian\OTU_2D\test\image\1331.JPG,C:\Users\PeaceD_Dung\Documents\Khóa luận\dataset\vinmec_ovarian\OTU_2D\test\label\black_write\1331.PNG
OTU_CEUS_104,OTU_CEUS,CEUS,VALID_LESION_MASK,True,564,550,564,550,66390,21.402,C:\Users\PeaceD_Dung\Documents\Khóa luận\dataset\vinmec_ovarian\OTU_CEUS\image\104.JPG,C:\Users\PeaceD_Dung\Documents\Khóa luận\dataset\vinmec_ovarian\OTU_CEUS\label\104.PNG
OTU_2D_train_1320,OTU_2D_train,B-Mode 2D,VALID_LESION_MASK,True,482,536,482,536,81008,31.356,C:\Users\PeaceD_Dung\Documents\Khóa luận\dataset\vinmec_ovarian\OTU_2D\train\train_image\1320.JPG,C:\Users\PeaceD_Dung\Documents\Khóa luận\dataset\vinmec_ovarian\OTU_2D\train\train_label\label\1320.PNG
OTU_2D_train_28,OTU_2D_train,B-Mode 2D,VALID_LESION_MASK,True,959,534,959,534,112104,21.891,C:\Users\PeaceD_Dung\Documents\Khóa luận\dataset\vinmec_ovarian\OTU_2D\train\train_image\28.JPG,C:\Users\PeaceD_Dung\Documents\Khóa luận\dataset\vinmec_ovarian\OTU_2D\train\train_label\label\28.PNG
OTU_2D_train_91,OTU_2D_train,B-Mode 2D,VALID_LESION_MASK,True,861,606,861,606,88258,16.915,C:\Users\PeaceD_Dung\Documents\Khóa luận\dataset\vinmec_ovarian\OTU_2D\train\train_image\91.JPG,C:\Users\PeaceD_Dung\Documents\Khóa luận\dataset\vinmec_ovarian\OTU_2D\train\train_label\label\91.PNG
OTU_2D_test_1366,OTU_2D_test,B-Mode 2D,VALID_LESION_MASK,True,959,531,959,531,139717,27.437,C:\Users\PeaceD_Dung\Documents\Khóa luận\dataset\vinmec_ovarian\OTU_2D\test\image\1366.JPG,C:\Users\PeaceD_Dung\Documents\Khóa luận\dataset\vinmec_ovarian\OTU_2D\test\label\black_write\1366.PNG
OTU_2D_train_1333,OTU_2D_train,B-Mode 2D,VALID_LESION_MASK,True,806,611,806,611,51276,10.412,C:\Users\PeaceD_Dung\Documents\Khóa luận\dataset\vinmec_ovarian\OTU_2D\train\train_image\1333.JPG,C:\Users\PeaceD_Dung\Documents\Khóa luận\dataset\vinmec_ovarian\OTU_2D\train\train_label\label\1333.PNG
OTU_2D_train_731,OTU_2D_train,B-Mode 2D,VALID_LESION_MASK,True,480,533,480,533,39472,15.428,C:\Users\PeaceD_Dung\Documents\Khóa luận\dataset\vinmec_ovarian\OTU_2D\train\train_image\731.JPG,C:\Users\PeaceD_Dung\Documents\Khóa luận\dataset\vinmec_ovarian\OTU_2D\train\train_label\label\731.PNG
OTU_2D_train_211,OTU_2D_train,B-Mode 2D,VALID_LESION_MASK,True,972,531,972,531,27106,5.252,C:\Users\PeaceD_Dung\Documents\Khóa luận\dataset\vinmec_ovarian\OTU_2D\train\train_image\211.JPG,C:\Users\PeaceD_Dung\Documents\Khóa luận\dataset\vinmec_ovarian\OTU_2D\train\train_label\label\211.PNG
OTU_2D_test_1042,OTU_2D_test,B-Mode 2D,VALID_LESION_MASK,True,958,528,958,528,74140,14.657,C:\Users\PeaceD_Dung\Documents\Khóa luận\dataset\vinmec_ovarian\OTU_2D\test\image\1042.JPG,C:\Users\PeaceD_Dung\Documents\Khóa luận\dataset\vinmec_ovarian\OTU_2D\test\label\black_write\1042.PNG
OTU_2D_train_1420,OTU_2D_train,B-Mode 2D,VALID_LESION_MASK,True,1106,607,1106,607,50935,7.587,C:\Users\PeaceD_Dung\Documents\Khóa luận\dataset\vinmec_ovarian\OTU_2D\train\train_image\1420.JPG,C:\Users\PeaceD_Dung\Documents\Khóa luận\dataset\vinmec_ovarian\OTU_2D\train\train_label\label\1420.PNG
OTU_2D_train_437,OTU_2D_train,B-Mode 2D,VALID_LESION_MASK,True,487,272,487,272,14174,10.7,C:\Users\PeaceD_Dung\Documents\Khóa luận\dataset\vinmec_ovarian\OTU_2D\train\train_image\437.JPG,C:\Users\PeaceD_Dung\Documents\Khóa luận\dataset\vinmec_ovarian\OTU_2D\train\train_label\label\437.PNG
OTU_2D_train_1150,OTU_2D_train,B-Mode 2D,VALID_LESION_MASK,True,481,531,481,531,36594,14.327,C:\Users\PeaceD_Dung\Documents\Khóa luận\dataset\vinmec_ovarian\OTU_2D\train\train_image\1150.JPG,C:\Users\PeaceD_Dung\Documents\Khóa luận\dataset\vinmec_ovarian\OTU_2D\train\train_label\label\1150.PNG
OTU_2D_train_131,OTU_2D_train,B-Mode 2D,VALID_LESION_MASK,True,479,554,479,554,107702,40.586,C:\Users\PeaceD_Dung\Documents\Khóa luận\dataset\vinmec_ovarian\OTU_2D\train\train_image\131.JPG,C:\Users\PeaceD_Dung\Documents\Khóa luận\dataset\vinmec_ovarian\OTU_2D\train\train_label\label\131.PNG
OTU_2D_train_389,OTU_2D_train,B-Mode 2D,VALID_LESION_MASK,True,938,537,938,537,60014,11.914,C:\Users\PeaceD_Dung\Documents\Khóa luận\dataset\vinmec_ovarian\OTU_2D\train\train_image\389.JPG,C:\Users\PeaceD_Dung\Documents\Khóa luận\dataset\vinmec_ovarian\OTU_2D\train\train_label\label\389.PNG
OTU_2D_test_261,OTU_2D_test,B-Mode 2D,VALID_LESION_MASK,True,480,532,480,532,83756,32.799,C:\Users\PeaceD_Dung\Documents\Khóa luận\dataset\vinmec_ovarian\OTU_2D\test\image\261.JPG,C:\Users\PeaceD_Dung\Documents\Khóa luận\dataset\vinmec_ovarian\OTU_2D\test\label\black_write\261.PNG
OTU_2D_train_401,OTU_2D_train,B-Mode 2D,VALID_LESION_MASK,True,655,347,655,347,23400,10.295,C:\Users\PeaceD_Dung\Documents\Khóa luận\dataset\vinmec_ovarian\OTU_2D\train\train_image\401.JPG,C:\Users\PeaceD_Dung\Documents\Khóa luận\dataset\vinmec_ovarian\OTU_2D\train\train_label\label\401.PNG
OTU_2D_train_446,OTU_2D_train,B-Mode 2D,VALID_LESION_MASK,True,478,533,478,533,100411,39.412,C:\Users\PeaceD_Dung\Documents\Khóa luận\dataset\vinmec_ovarian\OTU_2D\train\train_image\446.JPG,C:\Users\PeaceD_Dung\Documents\Khóa luận\dataset\vinmec_ovarian\OTU_2D\train\train_label\label\446.PNG
OTU_2D_train_1260,OTU_2D_train,B-Mode 2D,VALID_LESION_MASK,True,959,533,959,533,104634,20.47,C:\Users\PeaceD_Dung\Documents\Khóa luận\dataset\vinmec_ovarian\OTU_2D\train\train_image\1260.JPG,C:\Users\PeaceD_Dung\Documents\Khóa luận\dataset\vinmec_ovarian\OTU_2D\train\train_label\label\1260.PNG
OTU_2D_test_90,OTU_2D_test,B-Mode 2D,VALID_LESION_MASK,True,959,528,959,528,125249,24.736,C:\Users\PeaceD_Dung\Documents\Khóa luận\dataset\vinmec_ovarian\OTU_2D\test\image\90.JPG,C:\Users\PeaceD_Dung\Documents\Khóa luận\dataset\vinmec_ovarian\OTU_2D\test\label\black_write\90.PNG
OTU_CEUS_105,OTU_CEUS,CEUS,VALID_LESION_MASK,True,556,552,556,552,102378,33.357,C:\Users\PeaceD_Dung\Documents\Khóa luận\dataset\vinmec_ovarian\OTU_CEUS\image\105.JPG,C:\Users\PeaceD_Dung\Documents\Khóa luận\dataset\vinmec_ovarian\OTU_CEUS\label\105.PNG
OTU_2D_train_78,OTU_2D_train,B-Mode 2D,VALID_LESION_MASK,True,962,661,962,661,161578,25.41,C:\Users\PeaceD_Dung\Documents\Khóa luận\dataset\vinmec_ovarian\OTU_2D\train\train_image\78.JPG,C:\Users\PeaceD_Dung\Documents\Khóa luận\dataset\vinmec_ovarian\OTU_2D\train\train_label\label\78.PNG
OTU_2D_train_42,OTU_2D_train,B-Mode 2D,VALID_LESION_MASK,True,480,534,480,534,87248,34.039,C:\Users\PeaceD_Dung\Documents\Khóa luận\dataset\vinmec_ovarian\OTU_2D\train\train_image\42.JPG,C:\Users\PeaceD_Dung\Documents\Khóa luận\dataset\vinmec_ovarian\OTU_2D\train\train_label\label\42.PNG
OTU_2D_train_1027,OTU_2D_train,B-Mode 2D,VALID_LESION_MASK,True,478,526,478,526,20156,8.017,C:\Users\PeaceD_Dung\Documents\Khóa luận\dataset\vinmec_ovarian\OTU_2D\train\train_image\1027.JPG,C:\Users\PeaceD_Dung\Documents\Khóa luận\dataset\vinmec_ovarian\OTU_2D\train\train_label\label\1027.PNG
OTU_CEUS_16,OTU_CEUS,CEUS,VALID_LESION_MASK,True,332,377,332,377,29109,23.257,C:\Users\PeaceD_Dung\Documents\Khóa luận\dataset\vinmec_ovarian\OTU_CEUS\image\16.JPG,C:\Users\PeaceD_Dung\Documents\Khóa luận\dataset\vinmec_ovarian\OTU_CEUS\label\16.PNG
OTU_2D_train_1156,OTU_2D_train,B-Mode 2D,VALID_LESION_MASK,True,1135,667,1135,667,230503,30.448,C:\Users\PeaceD_Dung\Documents\Khóa luận\dataset\vinmec_ovarian\OTU_2D\train\train_image\1156.JPG,C:\Users\PeaceD_Dung\Documents\Khóa luận\dataset\vinmec_ovarian\OTU_2D\train\train_label\label\1156.PNG
OTU_2D_train_1001,OTU_2D_train,B-Mode 2D,VALID_LESION_MASK,True,480,530,480,530,117430,46.16,C:\Users\PeaceD_Dung\Documents\Khóa luận\dataset\vinmec_ovarian\OTU_2D\train\train_image\1001.JPG,C:\Users\PeaceD_Dung\Documents\Khóa luận\dataset\vinmec_ovarian\OTU_2D\train\train_label\label\1001.PNG
OTU_2D_test_778,OTU_2D_test,B-Mode 2D,VALID_LESION_MASK,True,482,541,482,541,48712,18.681,C:\Users\PeaceD_Dung\Documents\Khóa luận\dataset\vinmec_ovarian\OTU_2D\test\image\778.JPG,C:\Users\PeaceD_Dung\Documents\Khóa luận\dataset\vinmec_ovarian\OTU_2D\test\label\black_write\778.PNG
OTU_2D_test_1352,OTU_2D_test,B-Mode 2D,VALID_LESION_MASK,True,959,539,959,539,40250,7.787,C:\Users\PeaceD_Dung\Documents\Khóa luận\dataset\vinmec_ovarian\OTU_2D\test\image\1352.JPG,C:\Users\PeaceD_Dung\Documents\Khóa luận\dataset\vinmec_ovarian\OTU_2D\test\label\black_write\1352.PNG
OTU_2D_test_973,OTU_2D_test,B-Mode 2D,VALID_LESION_MASK,True,478,531,478,531,9877,3.891,C:\Users\PeaceD_Dung\Documents\Khóa luận\dataset\vinmec_ovarian\OTU_2D\test\image\973.JPG,C:\Users\PeaceD_Dung\Documents\Khóa luận\dataset\vinmec_ovarian\OTU_2D\test\label\black_write\973.PNG
OTU_CEUS_119,OTU_CEUS,CEUS,VALID_LESION_MASK,True,338,351,338,351,11947,10.07,C:\Users\PeaceD_Dung\Documents\Khóa luận\dataset\vinmec_ovarian\OTU_CEUS\image\119.JPG,C:\Users\PeaceD_Dung\Documents\Khóa luận\dataset\vinmec_ovarian\OTU_CEUS\label\119.PNG
OTU_2D_train_1262,OTU_2D_train,B-Mode 2D,VALID_LESION_MASK,True,957,532,957,532,144462,28.375,C:\Users\PeaceD_Dung\Documents\Khóa luận\dataset\vinmec_ovarian\OTU_2D\train\train_image\1262.JPG,C:\Users\PeaceD_Dung\Documents\Khóa luận\dataset\vinmec_ovarian\OTU_2D\train\train_label\label\1262.PNG
OTU_2D_train_1016,OTU_2D_train,B-Mode 2D,VALID_LESION_MASK,True,566,586,566,586,30112,9.079,C:\Users\PeaceD_Dung\Documents\Khóa luận\dataset\vinmec_ovarian\OTU_2D\train\train_image\1016.JPG,C:\Users\PeaceD_Dung\Documents\Khóa luận\dataset\vinmec_ovarian\OTU_2D\train\train_label\label\1016.PNG
OTU_2D_train_190,OTU_2D_train,B-Mode 2D,VALID_LESION_MASK,True,479,534,479,534,82473,32.243,C:\Users\PeaceD_Dung\Documents\Khóa luận\dataset\vinmec_ovarian\OTU_2D\train\train_image\190.JPG,C:\Users\PeaceD_Dung\Documents\Khóa luận\dataset\vinmec_ovarian\OTU_2D\train\train_label\label\190.PNG
OTU_2D_train_205,OTU_2D_train,B-Mode 2D,VALID_LESION_MASK,True,955,661,955,661,7697,1.219,C:\Users\PeaceD_Dung\Documents\Khóa luận\dataset\vinmec_ovarian\OTU_2D\train\train_image\205.JPG,C:\Users\PeaceD_Dung\Documents\Khóa luận\dataset\vinmec_ovarian\OTU_2D\train\train_label\label\205.PNG
OTU_2D_test_443,OTU_2D_test,B-Mode 2D,VALID_LESION_MASK,True,490,269,490,269,28064,21.291,C:\Users\PeaceD_Dung\Documents\Khóa luận\dataset\vinmec_ovarian\OTU_2D\test\image\443.JPG,C:\Users\PeaceD_Dung\Documents\Khóa luận\dataset\vinmec_ovarian\OTU_2D\test\label\black_write\443.PNG
OTU_2D_train_1011,OTU_2D_train,B-Mode 2D,VALID_LESION_MASK,True,480,526,480,526,50963,20.185,C:\Users\PeaceD_Dung\Documents\Khóa luận\dataset\vinmec_ovarian\OTU_2D\train\train_image\1011.JPG,C:\Users\PeaceD_Dung\Documents\Khóa luận\dataset\vinmec_ovarian\OTU_2D\train\train_label\label\1011.PNG
OTU_2D_test_159,OTU_2D_test,B-Mode 2D,VALID_LESION_MASK,True,953,533,953,533,76396,15.04,C:\Users\PeaceD_Dung\Documents\Khóa luận\dataset\vinmec_ovarian\OTU_2D\test\image\159.JPG,C:\Users\PeaceD_Dung\Documents\Khóa luận\dataset\vinmec_ovarian\OTU_2D\test\label\black_write\159.PNG
OTU_2D_train_728,OTU_2D_train,B-Mode 2D,VALID_LESION_MASK,True,974,535,974,535,103614,19.884,C:\Users\PeaceD_Dung\Documents\Khóa luận\dataset\vinmec_ovarian\OTU_2D\train\train_image\728.JPG,C:\Users\PeaceD_Dung\Documents\Khóa luận\dataset\vinmec_ovarian\OTU_2D\train\train_label\label\728.PNG
OTU_2D_train_355,OTU_2D_train,B-Mode 2D,VALID_LESION_MASK,True,958,537,958,537,10171,1.977,C:\Users\PeaceD_Dung\Documents\Khóa luận\dataset\vinmec_ovarian\OTU_2D\train\train_image\355.JPG,C:\Users\PeaceD_Dung\Documents\Khóa luận\dataset\vinmec_ovarian\OTU_2D\train\train_label\label\355.PNG
OTU_2D_test_534,OTU_2D_test,B-Mode 2D,VALID_LESION_MASK,True,972,542,972,542,34482,6.545,C:\Users\PeaceD_Dung\Documents\Khóa luận\dataset\vinmec_ovarian\OTU_2D\test\image\534.JPG,C:\Users\PeaceD_Dung\Documents\Khóa luận\dataset\vinmec_ovarian\OTU_2D\test\label\black_write\534.PNG
OTU_2D_train_1346,OTU_2D_train,B-Mode 2D,VALID_LESION_MASK,True,570,589,570,589,37426,11.148,C:\Users\PeaceD_Dung\Documents\Khóa luận\dataset\vinmec_ovarian\OTU_2D\train\train_image\1346.JPG,C:\Users\PeaceD_Dung\Documents\Khóa luận\dataset\vinmec_ovarian\OTU_2D\train\train_label\label\1346.PNG
OTU_2D_train_413,OTU_2D_train,B-Mode 2D,VALID_LESION_MASK,True,959,660,959,660,97947,15.475,C:\Users\PeaceD_Dung\Documents\Khóa luận\dataset\vinmec_ovarian\OTU_2D\train\train_image\413.JPG,C:\Users\PeaceD_Dung\Documents\Khóa luận\dataset\vinmec_ovarian\OTU_2D\train\train_label\label\413.PNG
OTU_2D_test_916,OTU_2D_test,B-Mode 2D,VALID_LESION_MASK,True,957,526,957,526,68597,13.627,C:\Users\PeaceD_Dung\Documents\Khóa luận\dataset\vinmec_ovarian\OTU_2D\test\image\916.JPG,C:\Users\PeaceD_Dung\Documents\Khóa luận\dataset\vinmec_ovarian\OTU_2D\test\label\black_write\916.PNG
OTU_2D_train_1,OTU_2D_train,B-Mode 2D,VALID_LESION_MASK,True,959,537,959,537,26936,5.23,C:\Users\PeaceD_Dung\Documents\Khóa luận\dataset\vinmec_ovarian\OTU_2D\train\train_image\1.JPG,C:\Users\PeaceD_Dung\Documents\Khóa luận\dataset\vinmec_ovarian\OTU_2D\train\train_label\label\1.PNG
OTU_2D_train_1355,OTU_2D_train,B-Mode 2D,VALID_LESION_MASK,True,964,533,964,533,107860,20.992,C:\Users\PeaceD_Dung\Documents\Khóa luận\dataset\vinmec_ovarian\OTU_2D\train\train_image\1355.JPG,C:\Users\PeaceD_Dung\Documents\Khóa luận\dataset\vinmec_ovarian\OTU_2D\train\train_label\label\1355.PNG
OTU_2D_train_875,OTU_2D_train,B-Mode 2D,VALID_LESION_MASK,True,954,545,954,545,58378,11.228,C:\Users\PeaceD_Dung\Documents\Khóa luận\dataset\vinmec_ovarian\OTU_2D\train\train_image\875.JPG,C:\Users\PeaceD_Dung\Documents\Khóa luận\dataset\vinmec_ovarian\OTU_2D\train\train_label\label\875.PNG
OTU_2D_train_611,OTU_2D_train,B-Mode 2D,VALID_LESION_MASK,True,788,559,788,559,88639,20.123,C:\Users\PeaceD_Dung\Documents\Khóa luận\dataset\vinmec_ovarian\OTU_2D\train\train_image\611.JPG,C:\Users\PeaceD_Dung\Documents\Khóa luận\dataset\vinmec_ovarian\OTU_2D\train\train_label\label\611.PNG
OTU_CEUS_159,OTU_CEUS,CEUS,VALID_LESION_MASK,True,578,579,578,579,51310,15.332,C:\Users\PeaceD_Dung\Documents\Khóa luận\dataset\vinmec_ovarian\OTU_CEUS\image\159.JPG,C:\Users\PeaceD_Dung\Documents\Khóa luận\dataset\vinmec_ovarian\OTU_CEUS\label\159.PNG
OTU_2D_test_1401,OTU_2D_test,B-Mode 2D,VALID_LESION_MASK,True,959,538,959,538,25329,4.909,C:\Users\PeaceD_Dung\Documents\Khóa luận\dataset\vinmec_ovarian\OTU_2D\test\image\1401.JPG,C:\Users\PeaceD_Dung\Documents\Khóa luận\dataset\vinmec_ovarian\OTU_2D\test\label\black_write\1401.PNG
OTU_CEUS_99,OTU_CEUS,CEUS,VALID_LESION_MASK,True,559,550,559,550,37989,12.356,C:\Users\PeaceD_Dung\Documents\Khóa luận\dataset\vinmec_ovarian\OTU_CEUS\image\99.JPG,C:\Users\PeaceD_Dung\Documents\Khóa luận\dataset\vinmec_ovarian\OTU_CEUS\label\99.PNG
OTU_2D_train_1424,OTU_2D_train,B-Mode 2D,VALID_LESION_MASK,True,959,531,959,531,45602,8.955,C:\Users\PeaceD_Dung\Documents\Khóa luận\dataset\vinmec_ovarian\OTU_2D\train\train_image\1424.JPG,C:\Users\PeaceD_Dung\Documents\Khóa luận\dataset\vinmec_ovarian\OTU_2D\train\train_label\label\1424.PNG
OTU_2D_test_296,OTU_2D_test,B-Mode 2D,VALID_LESION_MASK,True,958,532,958,532,95990,18.834,C:\Users\PeaceD_Dung\Documents\Khóa luận\dataset\vinmec_ovarian\OTU_2D\test\image\296.JPG,C:\Users\PeaceD_Dung\Documents\Khóa luận\dataset\vinmec_ovarian\OTU_2D\test\label\black_write\296.PNG
OTU_2D_train_1051,OTU_2D_train,B-Mode 2D,VALID_LESION_MASK,True,959,531,959,531,89683,17.612,C:\Users\PeaceD_Dung\Documents\Khóa luận\dataset\vinmec_ovarian\OTU_2D\train\train_image\1051.JPG,C:\Users\PeaceD_Dung\Documents\Khóa luận\dataset\vinmec_ovarian\OTU_2D\train\train_label\label\1051.PNG
OTU_2D_train_139,OTU_2D_train,B-Mode 2D,VALID_LESION_MASK,True,958,533,958,533,115828,22.684,C:\Users\PeaceD_Dung\Documents\Khóa luận\dataset\vinmec_ovarian\OTU_2D\train\train_image\139.JPG,C:\Users\PeaceD_Dung\Documents\Khóa luận\dataset\vinmec_ovarian\OTU_2D\train\train_label\label\139.PNG
OTU_2D_test_358,OTU_2D_test,B-Mode 2D,VALID_LESION_MASK,True,479,534,479,534,13359,5.223,C:\Users\PeaceD_Dung\Documents\Khóa luận\dataset\vinmec_ovarian\OTU_2D\test\image\358.JPG,C:\Users\PeaceD_Dung\Documents\Khóa luận\dataset\vinmec_ovarian\OTU_2D\test\label\black_write\358.PNG
OTU_2D_train_273,OTU_2D_train,B-Mode 2D,VALID_LESION_MASK,True,959,534,959,534,61523,12.014,C:\Users\PeaceD_Dung\Documents\Khóa luận\dataset\vinmec_ovarian\OTU_2D\train\train_image\273.JPG,C:\Users\PeaceD_Dung\Documents\Khóa luận\dataset\vinmec_ovarian\OTU_2D\train\train_label\label\273.PNG
OTU_2D_train_1041,OTU_2D_train,B-Mode 2D,VALID_LESION_MASK,True,1134,583,1134,583,139918,21.164,C:\Users\PeaceD_Dung\Documents\Khóa luận\dataset\vinmec_ovarian\OTU_2D\train\train_image\1041.JPG,C:\Users\PeaceD_Dung\Documents\Khóa luận\dataset\vinmec_ovarian\OTU_2D\train\train_label\label\1041.PNG
OTU_2D_train_867,OTU_2D_train,B-Mode 2D,VALID_LESION_MASK,True,477,296,477,296,27540,19.505,C:\Users\PeaceD_Dung\Documents\Khóa luận\dataset\vinmec_ovarian\OTU_2D\train\train_image\867.JPG,C:\Users\PeaceD_Dung\Documents\Khóa luận\dataset\vinmec_ovarian\OTU_2D\train\train_label\label\867.PNG
OTU_2D_train_513,OTU_2D_train,B-Mode 2D,VALID_LESION_MASK,True,479,549,479,549,31997,12.168,C:\Users\PeaceD_Dung\Documents\Khóa luận\dataset\vinmec_ovarian\OTU_2D\train\train_image\513.JPG,C:\Users\PeaceD_Dung\Documents\Khóa luận\dataset\vinmec_ovarian\OTU_2D\train\train_label\label\513.PNG
OTU_2D_train_753,OTU_2D_train,B-Mode 2D,VALID_LESION_MASK,True,959,546,959,546,79002,15.088,C:\Users\PeaceD_Dung\Documents\Khóa luận\dataset\vinmec_ovarian\OTU_2D\train\train_image\753.JPG,C:\Users\PeaceD_Dung\Documents\Khóa luận\dataset\vinmec_ovarian\OTU_2D\train\train_label\label\753.PNG
OTU_2D_train_1242,OTU_2D_train,B-Mode 2D,VALID_LESION_MASK,True,959,531,959,531,124111,24.372,C:\Users\PeaceD_Dung\Documents\Khóa luận\dataset\vinmec_ovarian\OTU_2D\train\train_image\1242.JPG,C:\Users\PeaceD_Dung\Documents\Khóa luận\dataset\vinmec_ovarian\OTU_2D\train\train_label\label\1242.PNG
OTU_2D_test_784,OTU_2D_test,B-Mode 2D,VALID_LESION_MASK,True,883,579,883,579,163164,31.914,C:\Users\PeaceD_Dung\Documents\Khóa luận\dataset\vinmec_ovarian\OTU_2D\test\image\784.JPG,C:\Users\PeaceD_Dung\Documents\Khóa luận\dataset\vinmec_ovarian\OTU_2D\test\label\black_write\784.PNG
OTU_2D_test_1143,OTU_2D_test,B-Mode 2D,VALID_LESION_MASK,True,958,524,958,524,34127,6.798,C:\Users\PeaceD_Dung\Documents\Khóa luận\dataset\vinmec_ovarian\OTU_2D\test\image\1143.JPG,C:\Users\PeaceD_Dung\Documents\Khóa luận\dataset\vinmec_ovarian\OTU_2D\test\label\black_write\1143.PNG
OTU_2D_test_477,OTU_2D_test,B-Mode 2D,VALID_LESION_MASK,True,962,558,962,558,136018,25.339,C:\Users\PeaceD_Dung\Documents\Khóa luận\dataset\vinmec_ovarian\OTU_2D\test\image\477.JPG,C:\Users\PeaceD_Dung\Documents\Khóa luận\dataset\vinmec_ovarian\OTU_2D\test\label\black_write\477.PNG
OTU_2D_train_1456,OTU_2D_train,B-Mode 2D,VALID_LESION_MASK,True,953,530,953,530,104224,20.635,C:\Users\PeaceD_Dung\Documents\Khóa luận\dataset\vinmec_ovarian\OTU_2D\train\train_image\1456.JPG,C:\Users\PeaceD_Dung\Documents\Khóa luận\dataset\vinmec_ovarian\OTU_2D\train\train_label\label\1456.PNG
OTU_2D_train_873,OTU_2D_train,B-Mode 2D,VALID_LESION_MASK,True,1134,608,1134,608,56118,8.139,C:\Users\PeaceD_Dung\Documents\Khóa luận\dataset\vinmec_ovarian\OTU_2D\train\train_image\873.JPG,C:\Users\PeaceD_Dung\Documents\Khóa luận\dataset\vinmec_ovarian\OTU_2D\train\train_label\label\873.PNG
OTU_2D_test_333,OTU_2D_test,B-Mode 2D,VALID_LESION_MASK,True,1104,567,1104,567,8796,1.405,C:\Users\PeaceD_Dung\Documents\Khóa luận\dataset\vinmec_ovarian\OTU_2D\test\image\333.JPG,C:\Users\PeaceD_Dung\Documents\Khóa luận\dataset\vinmec_ovarian\OTU_2D\test\label\black_write\333.PNG
OTU_2D_train_1215,OTU_2D_train,B-Mode 2D,VALID_LESION_MASK,True,956,533,956,533,97212,19.078,C:\Users\PeaceD_Dung\Documents\Khóa luận\dataset\vinmec_ovarian\OTU_2D\train\train_image\1215.JPG,C:\Users\PeaceD_Dung\Documents\Khóa luận\dataset\vinmec_ovarian\OTU_2D\train\train_label\label\1215.PNG
OTU_CEUS_71,OTU_CEUS,CEUS,VALID_LESION_MASK,True,557,558,557,558,68932,22.178,C:\Users\PeaceD_Dung\Documents\Khóa luận\dataset\vinmec_ovarian\OTU_CEUS\image\71.JPG,C:\Users\PeaceD_Dung\Documents\Khóa luận\dataset\vinmec_ovarian\OTU_CEUS\label\71.PNG
OTU_2D_test_580,OTU_2D_test,B-Mode 2D,VALID_LESION_MASK,True,480,550,480,550,72585,27.494,C:\Users\PeaceD_Dung\Documents\Khóa luận\dataset\vinmec_ovarian\OTU_2D\test\image\580.JPG,C:\Users\PeaceD_Dung\Documents\Khóa luận\dataset\vinmec_ovarian\OTU_2D\test\label\black_write\580.PNG
OTU_2D_test_299,OTU_2D_test,B-Mode 2D,VALID_LESION_MASK,True,481,534,481,534,149111,58.053,C:\Users\PeaceD_Dung\Documents\Khóa luận\dataset\vinmec_ovarian\OTU_2D\test\image\299.JPG,C:\Users\PeaceD_Dung\Documents\Khóa luận\dataset\vinmec_ovarian\OTU_2D\test\label\black_write\299.PNG
OTU_2D_test_639,OTU_2D_test,B-Mode 2D,VALID_LESION_MASK,True,495,641,495,641,48703,15.349,C:\Users\PeaceD_Dung\Documents\Khóa luận\dataset\vinmec_ovarian\OTU_2D\test\image\639.JPG,C:\Users\PeaceD_Dung\Documents\Khóa luận\dataset\vinmec_ovarian\OTU_2D\test\label\black_write\639.PNG
OTU_2D_test_1088,OTU_2D_test,B-Mode 2D,VALID_LESION_MASK,True,480,599,480,599,125018,43.481,C:\Users\PeaceD_Dung\Documents\Khóa luận\dataset\vinmec_ovarian\OTU_2D\test\image\1088.JPG,C:\Users\PeaceD_Dung\Documents\Khóa luận\dataset\vinmec_ovarian\OTU_2D\test\label\black_write\1088.PNG
OTU_2D_test_468,OTU_2D_test,B-Mode 2D,VALID_LESION_MASK,True,959,535,959,535,131304,25.592,C:\Users\PeaceD_Dung\Documents\Khóa luận\dataset\vinmec_ovarian\OTU_2D\test\image\468.JPG,C:\Users\PeaceD_Dung\Documents\Khóa luận\dataset\vinmec_ovarian\OTU_2D\test\label\black_write\468.PNG
OTU_2D_train_547,OTU_2D_train,B-Mode 2D,VALID_LESION_MASK,True,796,581,796,581,55721,12.048,C:\Users\PeaceD_Dung\Documents\Khóa luận\dataset\vinmec_ovarian\OTU_2D\train\train_image\547.JPG,C:\Users\PeaceD_Dung\Documents\Khóa luận\dataset\vinmec_ovarian\OTU_2D\train\train_label\label\547.PNG
OTU_2D_test_1171,OTU_2D_test,B-Mode 2D,VALID_LESION_MASK,True,568,594,568,594,11882,3.522,C:\Users\PeaceD_Dung\Documents\Khóa luận\dataset\vinmec_ovarian\OTU_2D\test\image\1171.JPG,C:\Users\PeaceD_Dung\Documents\Khóa luận\dataset\vinmec_ovarian\OTU_2D\test\label\black_write\1171.PNG
OTU_2D_test_1218,OTU_2D_test,B-Mode 2D,VALID_LESION_MASK,True,958,537,958,537,53411,10.382,C:\Users\PeaceD_Dung\Documents\Khóa luận\dataset\vinmec_ovarian\OTU_2D\test\image\1218.JPG,C:\Users\PeaceD_Dung\Documents\Khóa luận\dataset\vinmec_ovarian\OTU_2D\test\label\black_write\1218.PNG
OTU_2D_train_80,OTU_2D_train,B-Mode 2D,VALID_LESION_MASK,True,958,531,958,531,43869,8.624,C:\Users\PeaceD_Dung\Documents\Khóa luận\dataset\vinmec_ovarian\OTU_2D\train\train_image\80.JPG,C:\Users\PeaceD_Dung\Documents\Khóa luận\dataset\vinmec_ovarian\OTU_2D\train\train_label\label\80.PNG
OTU_2D_train_1135,OTU_2D_train,B-Mode 2D,VALID_LESION_MASK,True,567,588,567,588,114462,34.332,C:\Users\PeaceD_Dung\Documents\Khóa luận\dataset\vinmec_ovarian\OTU_2D\train\train_image\1135.JPG,C:\Users\PeaceD_Dung\Documents\Khóa luận\dataset\vinmec_ovarian\OTU_2D\train\train_label\label\1135.PNG
OTU_2D_test_345,OTU_2D_test,B-Mode 2D,VALID_LESION_MASK,True,959,538,959,538,158122,30.647,C:\Users\PeaceD_Dung\Documents\Khóa luận\dataset\vinmec_ovarian\OTU_2D\test\image\345.JPG,C:\Users\PeaceD_Dung\Documents\Khóa luận\dataset\vinmec_ovarian\OTU_2D\test\label\black_write\345.PNG
OTU_2D_train_831,OTU_2D_train,B-Mode 2D,VALID_LESION_MASK,True,958,540,958,540,18183,3.515,C:\Users\PeaceD_Dung\Documents\Khóa luận\dataset\vinmec_ovarian\OTU_2D\train\train_image\831.JPG,C:\Users\PeaceD_Dung\Documents\Khóa luận\dataset\vinmec_ovarian\OTU_2D\train\train_label\label\831.PNG
OTU_2D_train_1263,OTU_2D_train,B-Mode 2D,VALID_LESION_MASK,True,959,537,959,537,150108,29.148,C:\Users\PeaceD_Dung\Documents\Khóa luận\dataset\vinmec_ovarian\OTU_2D\train\train_image\1263.JPG,C:\Users\PeaceD_Dung\Documents\Khóa luận\dataset\vinmec_ovarian\OTU_2D\train\train_label\label\1263.PNG
OTU_CEUS_164,OTU_CEUS,CEUS,VALID_LESION_MASK,True,552,554,552,554,54345,17.771,C:\Users\PeaceD_Dung\Documents\Khóa luận\dataset\vinmec_ovarian\OTU_CEUS\image\164.JPG,C:\Users\PeaceD_Dung\Documents\Khóa luận\dataset\vinmec_ovarian\OTU_CEUS\label\164.PNG
OTU_2D_test_897,OTU_2D_test,B-Mode 2D,VALID_LESION_MASK,True,957,524,957,524,86510,17.251,C:\Users\PeaceD_Dung\Documents\Khóa luận\dataset\vinmec_ovarian\OTU_2D\test\image\897.JPG,C:\Users\PeaceD_Dung\Documents\Khóa luận\dataset\vinmec_ovarian\OTU_2D\test\label\black_write\897.PNG
OTU_2D_train_710,OTU_2D_train,B-Mode 2D,VALID_LESION_MASK,True,480,552,480,552,33922,12.803,C:\Users\PeaceD_Dung\Documents\Khóa luận\dataset\vinmec_ovarian\OTU_2D\train\train_image\710.JPG,C:\Users\PeaceD_Dung\Documents\Khóa luận\dataset\vinmec_ovarian\OTU_2D\train\train_label\label\710.PNG
OTU_2D_train_374,OTU_2D_train,B-Mode 2D,VALID_LESION_MASK,True,480,535,480,535,49868,19.419,C:\Users\PeaceD_Dung\Documents\Khóa luận\dataset\vinmec_ovarian\OTU_2D\train\train_image\374.JPG,C:\Users\PeaceD_Dung\Documents\Khóa luận\dataset\vinmec_ovarian\OTU_2D\train\train_label\label\374.PNG
OTU_2D_train_678,OTU_2D_train,B-Mode 2D,VALID_LESION_MASK,True,476,552,476,552,54354,20.686,C:\Users\PeaceD_Dung\Documents\Khóa luận\dataset\vinmec_ovarian\OTU_2D\train\train_image\678.JPG,C:\Users\PeaceD_Dung\Documents\Khóa luận\dataset\vinmec_ovarian\OTU_2D\train\train_label\label\678.PNG
OTU_2D_train_1197,OTU_2D_train,B-Mode 2D,VALID_LESION_MASK,True,958,536,958,536,95327,18.565,C:\Users\PeaceD_Dung\Documents\Khóa luận\dataset\vinmec_ovarian\OTU_2D\train\train_image\1197.JPG,C:\Users\PeaceD_Dung\Documents\Khóa luận\dataset\vinmec_ovarian\OTU_2D\train\train_label\label\1197.PNG
OTU_2D_train_1304,OTU_2D_train,B-Mode 2D,VALID_LESION_MASK,True,958,537,958,537,125486,24.392,C:\Users\PeaceD_Dung\Documents\Khóa luận\dataset\vinmec_ovarian\OTU_2D\train\train_image\1304.JPG,C:\Users\PeaceD_Dung\Documents\Khóa luận\dataset\vinmec_ovarian\OTU_2D\train\train_label\label\1304.PNG
OTU_CEUS_160,OTU_CEUS,CEUS,VALID_LESION_MASK,True,583,583,583,583,47845,14.077,C:\Users\PeaceD_Dung\Documents\Khóa luận\dataset\vinmec_ovarian\OTU_CEUS\image\160.JPG,C:\Users\PeaceD_Dung\Documents\Khóa luận\dataset\vinmec_ovarian\OTU_CEUS\label\160.PNG
OTU_2D_train_538,OTU_2D_train,B-Mode 2D,VALID_LESION_MASK,True,480,549,480,549,68317,25.925,C:\Users\PeaceD_Dung\Documents\Khóa luận\dataset\vinmec_ovarian\OTU_2D\train\train_image\538.JPG,C:\Users\PeaceD_Dung\Documents\Khóa luận\dataset\vinmec_ovarian\OTU_2D\train\train_label\label\538.PNG
OTU_2D_train_1045,OTU_2D_train,B-Mode 2D,VALID_LESION_MASK,True,959,533,959,533,102418,20.037,C:\Users\PeaceD_Dung\Documents\Khóa luận\dataset\vinmec_ovarian\OTU_2D\train\train_image\1045.JPG,C:\Users\PeaceD_Dung\Documents\Khóa luận\dataset\vinmec_ovarian\OTU_2D\train\train_label\label\1045.PNG
OTU_2D_train_972,OTU_2D_train,B-Mode 2D,VALID_LESION_MASK,True,479,525,479,525,8199,3.26,C:\Users\PeaceD_Dung\Documents\Khóa luận\dataset\vinmec_ovarian\OTU_2D\train\train_image\972.JPG,C:\Users\PeaceD_Dung\Documents\Khóa luận\dataset\vinmec_ovarian\OTU_2D\train\train_label\label\972.PNG
OTU_2D_train_1020,OTU_2D_train,B-Mode 2D,VALID_LESION_MASK,True,565,595,565,595,68689,20.433,C:\Users\PeaceD_Dung\Documents\Khóa luận\dataset\vinmec_ovarian\OTU_2D\train\train_image\1020.JPG,C:\Users\PeaceD_Dung\Documents\Khóa luận\dataset\vinmec_ovarian\OTU_2D\train\train_label\label\1020.PNG
OTU_CEUS_166,OTU_CEUS,CEUS,VALID_LESION_MASK,True,553,553,553,553,55161,18.038,C:\Users\PeaceD_Dung\Documents\Khóa luận\dataset\vinmec_ovarian\OTU_CEUS\image\166.JPG,C:\Users\PeaceD_Dung\Documents\Khóa luận\dataset\vinmec_ovarian\OTU_CEUS\label\166.PNG
OTU_CEUS_152,OTU_CEUS,CEUS,VALID_LESION_MASK,True,559,600,559,600,40601,12.105,C:\Users\PeaceD_Dung\Documents\Khóa luận\dataset\vinmec_ovarian\OTU_CEUS\image\152.JPG,C:\Users\PeaceD_Dung\Documents\Khóa luận\dataset\vinmec_ovarian\OTU_CEUS\label\152.PNG
OTU_2D_train_667,OTU_2D_train,B-Mode 2D,VALID_LESION_MASK,True,479,549,479,549,96547,36.714,C:\Users\PeaceD_Dung\Documents\Khóa luận\dataset\vinmec_ovarian\OTU_2D\train\train_image\667.JPG,C:\Users\PeaceD_Dung\Documents\Khóa luận\dataset\vinmec_ovarian\OTU_2D\train\train_label\label\667.PNG
OTU_2D_train_66,OTU_2D_train,B-Mode 2D,VALID_LESION_MASK,True,958,660,958,660,48613,7.689,C:\Users\PeaceD_Dung\Documents\Khóa luận\dataset\vinmec_ovarian\OTU_2D\train\train_image\66.JPG,C:\Users\PeaceD_Dung\Documents\Khóa luận\dataset\vinmec_ovarian\OTU_2D\train\train_label\label\66.PNG
OTU_2D_train_1368,OTU_2D_train,B-Mode 2D,VALID_LESION_MASK,True,958,538,958,538,34572,6.708,C:\Users\PeaceD_Dung\Documents\Khóa luận\dataset\vinmec_ovarian\OTU_2D\train\train_image\1368.JPG,C:\Users\PeaceD_Dung\Documents\Khóa luận\dataset\vinmec_ovarian\OTU_2D\train\train_label\label\1368.PNG
OTU_2D_train_720,OTU_2D_train,B-Mode 2D,VALID_LESION_MASK,True,479,544,479,544,23202,8.904,C:\Users\PeaceD_Dung\Documents\Khóa luận\dataset\vinmec_ovarian\OTU_2D\train\train_image\720.JPG,C:\Users\PeaceD_Dung\Documents\Khóa luận\dataset\vinmec_ovarian\OTU_2D\train\train_label\label\720.PNG
OTU_2D_train_54,OTU_2D_train,B-Mode 2D,VALID_LESION_MASK,True,1069,632,1069,632,123091,18.219,C:\Users\PeaceD_Dung\Documents\Khóa luận\dataset\vinmec_ovarian\OTU_2D\train\train_image\54.JPG,C:\Users\PeaceD_Dung\Documents\Khóa luận\dataset\vinmec_ovarian\OTU_2D\train\train_label\label\54.PNG
OTU_2D_train_433,OTU_2D_train,B-Mode 2D,VALID_LESION_MASK,True,958,532,958,532,37798,7.416,C:\Users\PeaceD_Dung\Documents\Khóa luận\dataset\vinmec_ovarian\OTU_2D\train\train_image\433.JPG,C:\Users\PeaceD_Dung\Documents\Khóa luận\dataset\vinmec_ovarian\OTU_2D\train\train_label\label\433.PNG
OTU_2D_train_1227,OTU_2D_train,B-Mode 2D,VALID_LESION_MASK,True,958,530,958,530,56088,11.047,C:\Users\PeaceD_Dung\Documents\Khóa luận\dataset\vinmec_ovarian\OTU_2D\train\train_image\1227.JPG,C:\Users\PeaceD_Dung\Documents\Khóa luận\dataset\vinmec_ovarian\OTU_2D\train\train_label\label\1227.PNG
OTU_2D_train_305,OTU_2D_train,B-Mode 2D,VALID_LESION_MASK,True,477,531,477,531,35434,13.99,C:\Users\PeaceD_Dung\Documents\Khóa luận\dataset\vinmec_ovarian\OTU_2D\train\train_image\305.JPG,C:\Users\PeaceD_Dung\Documents\Khóa luận\dataset\vinmec_ovarian\OTU_2D\train\train_label\label\305.PNG
OTU_CEUS_162,OTU_CEUS,CEUS,VALID_LESION_MASK,True,341,351,341,351,18440,15.406,C:\Users\PeaceD_Dung\Documents\Khóa luận\dataset\vinmec_ovarian\OTU_CEUS\image\162.JPG,C:\Users\PeaceD_Dung\Documents\Khóa luận\dataset\vinmec_ovarian\OTU_CEUS\label\162.PNG
OTU_CEUS_150,OTU_CEUS,CEUS,VALID_LESION_MASK,True,447,435,447,435,66755,34.331,C:\Users\PeaceD_Dung\Documents\Khóa luận\dataset\vinmec_ovarian\OTU_CEUS\image\150.JPG,C:\Users\PeaceD_Dung\Documents\Khóa luận\dataset\vinmec_ovarian\OTU_CEUS\label\150.PNG
OTU_2D_train_1107,OTU_2D_train,B-Mode 2D,VALID_LESION_MASK,True,956,524,956,524,48042,9.59,C:\Users\PeaceD_Dung\Documents\Khóa luận\dataset\vinmec_ovarian\OTU_2D\train\train_image\1107.JPG,C:\Users\PeaceD_Dung\Documents\Khóa luận\dataset\vinmec_ovarian\OTU_2D\train\train_label\label\1107.PNG
OTU_2D_train_1437,OTU_2D_train,B-Mode 2D,VALID_LESION_MASK,True,958,543,958,543,26036,5.005,C:\Users\PeaceD_Dung\Documents\Khóa luận\dataset\vinmec_ovarian\OTU_2D\train\train_image\1437.JPG,C:\Users\PeaceD_Dung\Documents\Khóa luận\dataset\vinmec_ovarian\OTU_2D\train\train_label\label\1437.PNG
OTU_CEUS_73,OTU_CEUS,CEUS,VALID_LESION_MASK,True,555,603,555,603,42188,12.606,C:\Users\PeaceD_Dung\Documents\Khóa luận\dataset\vinmec_ovarian\OTU_CEUS\image\73.JPG,C:\Users\PeaceD_Dung\Documents\Khóa luận\dataset\vinmec_ovarian\OTU_CEUS\label\73.PNG
OTU_CEUS_151,OTU_CEUS,CEUS,VALID_LESION_MASK,True,555,551,555,551,74118,24.237,C:\Users\PeaceD_Dung\Documents\Khóa luận\dataset\vinmec_ovarian\OTU_CEUS\image\151.JPG,C:\Users\PeaceD_Dung\Documents\Khóa luận\dataset\vinmec_ovarian\OTU_CEUS\label\151.PNG
OTU_2D_train_832,OTU_2D_train,B-Mode 2D,VALID_LESION_MASK,True,492,272,492,272,4321,3.229,C:\Users\PeaceD_Dung\Documents\Khóa luận\dataset\vinmec_ovarian\OTU_2D\train\train_image\832.JPG,C:\Users\PeaceD_Dung\Documents\Khóa luận\dataset\vinmec_ovarian\OTU_2D\train\train_label\label\832.PNG
OTU_2D_train_1414,OTU_2D_train,B-Mode 2D,VALID_LESION_MASK,True,958,539,958,539,56670,10.975,C:\Users\PeaceD_Dung\Documents\Khóa luận\dataset\vinmec_ovarian\OTU_2D\train\train_image\1414.JPG,C:\Users\PeaceD_Dung\Documents\Khóa luận\dataset\vinmec_ovarian\OTU_2D\train\train_label\label\1414.PNG
OTU_2D_train_219,OTU_2D_train,B-Mode 2D,VALID_LESION_MASK,True,481,530,481,530,100823,39.549,C:\Users\PeaceD_Dung\Documents\Khóa luận\dataset\vinmec_ovarian\OTU_2D\train\train_image\219.JPG,C:\Users\PeaceD_Dung\Documents\Khóa luận\dataset\vinmec_ovarian\OTU_2D\train\train_label\label\219.PNG
OTU_2D_train_400,OTU_2D_train,B-Mode 2D,VALID_LESION_MASK,True,572,322,572,322,24588,13.35,C:\Users\PeaceD_Dung\Documents\Khóa luận\dataset\vinmec_ovarian\OTU_2D\train\train_image\400.JPG,C:\Users\PeaceD_Dung\Documents\Khóa luận\dataset\vinmec_ovarian\OTU_2D\train\train_label\label\400.PNG
OTU_2D_train_983,OTU_2D_train,B-Mode 2D,VALID_LESION_MASK,True,1135,587,1135,587,27325,4.101,C:\Users\PeaceD_Dung\Documents\Khóa luận\dataset\vinmec_ovarian\OTU_2D\train\train_image\983.JPG,C:\Users\PeaceD_Dung\Documents\Khóa luận\dataset\vinmec_ovarian\OTU_2D\train\train_label\label\983.PNG
OTU_2D_train_711,OTU_2D_train,B-Mode 2D,VALID_LESION_MASK,True,958,542,958,542,190914,36.768,C:\Users\PeaceD_Dung\Documents\Khóa luận\dataset\vinmec_ovarian\OTU_2D\train\train_image\711.JPG,C:\Users\PeaceD_Dung\Documents\Khóa luận\dataset\vinmec_ovarian\OTU_2D\train\train_label\label\711.PNG
OTU_2D_test_638,OTU_2D_test,B-Mode 2D,VALID_LESION_MASK,True,567,627,567,627,12964,3.647,C:\Users\PeaceD_Dung\Documents\Khóa luận\dataset\vinmec_ovarian\OTU_2D\test\image\638.JPG,C:\Users\PeaceD_Dung\Documents\Khóa luận\dataset\vinmec_ovarian\OTU_2D\test\label\black_write\638.PNG
OTU_2D_train_1172,OTU_2D_train,B-Mode 2D,VALID_LESION_MASK,True,720,559,720,559,139220,34.591,C:\Users\PeaceD_Dung\Documents\Khóa luận\dataset\vinmec_ovarian\OTU_2D\train\train_image\1172.JPG,C:\Users\PeaceD_Dung\Documents\Khóa luận\dataset\vinmec_ovarian\OTU_2D\train\train_label\label\1172.PNG
OTU_2D_test_1337,OTU_2D_test,B-Mode 2D,VALID_LESION_MASK,True,1105,561,1105,561,174802,28.198,C:\Users\PeaceD_Dung\Documents\Khóa luận\dataset\vinmec_ovarian\OTU_2D\test\image\1337.JPG,C:\Users\PeaceD_Dung\Documents\Khóa luận\dataset\vinmec_ovarian\OTU_2D\test\label\black_write\1337.PNG
OTU_2D_test_945,OTU_2D_test,B-Mode 2D,VALID_LESION_MASK,True,566,589,566,589,54328,16.296,C:\Users\PeaceD_Dung\Documents\Khóa luận\dataset\vinmec_ovarian\OTU_2D\test\image\945.JPG,C:\Users\PeaceD_Dung\Documents\Khóa luận\dataset\vinmec_ovarian\OTU_2D\test\label\black_write\945.PNG
OTU_2D_test_868,OTU_2D_test,B-Mode 2D,VALID_LESION_MASK,True,480,563,480,563,36406,13.472,C:\Users\PeaceD_Dung\Documents\Khóa luận\dataset\vinmec_ovarian\OTU_2D\test\image\868.JPG,C:\Users\PeaceD_Dung\Documents\Khóa luận\dataset\vinmec_ovarian\OTU_2D\test\label\black_write\868.PNG
OTU_2D_train_1426,OTU_2D_train,B-Mode 2D,VALID_LESION_MASK,True,958,535,958,535,68194,13.305,C:\Users\PeaceD_Dung\Documents\Khóa luận\dataset\vinmec_ovarian\OTU_2D\train\train_image\1426.JPG,C:\Users\PeaceD_Dung\Documents\Khóa luận\dataset\vinmec_ovarian\OTU_2D\train\train_label\label\1426.PNG
OTU_2D_train_1312,OTU_2D_train,B-Mode 2D,VALID_LESION_MASK,True,960,525,960,525,156674,31.086,C:\Users\PeaceD_Dung\Documents\Khóa luận\dataset\vinmec_ovarian\OTU_2D\train\train_image\1312.JPG,C:\Users\PeaceD_Dung\Documents\Khóa luận\dataset\vinmec_ovarian\OTU_2D\train\train_label\label\1312.PNG
OTU_2D_test_16,OTU_2D_test,B-Mode 2D,VALID_LESION_MASK,True,959,538,959,538,42709,8.278,C:\Users\PeaceD_Dung\Documents\Khóa luận\dataset\vinmec_ovarian\OTU_2D\test\image\16.JPG,C:\Users\PeaceD_Dung\Documents\Khóa luận\dataset\vinmec_ovarian\OTU_2D\test\label\black_write\16.PNG
OTU_2D_train_756,OTU_2D_train,B-Mode 2D,VALID_LESION_MASK,True,483,540,483,540,63646,24.402,C:\Users\PeaceD_Dung\Documents\Khóa luận\dataset\vinmec_ovarian\OTU_2D\train\train_image\756.JPG,C:\Users\PeaceD_Dung\Documents\Khóa luận\dataset\vinmec_ovarian\OTU_2D\train\train_label\label\756.PNG
OTU_2D_train_843,OTU_2D_train,B-Mode 2D,VALID_LESION_MASK,True,1105,584,1105,584,63139,9.784,C:\Users\PeaceD_Dung\Documents\Khóa luận\dataset\vinmec_ovarian\OTU_2D\train\train_image\843.JPG,C:\Users\PeaceD_Dung\Documents\Khóa luận\dataset\vinmec_ovarian\OTU_2D\train\train_label\label\843.PNG
OTU_2D_test_991,OTU_2D_test,B-Mode 2D,VALID_LESION_MASK,True,683,544,683,544,79085,21.285,C:\Users\PeaceD_Dung\Documents\Khóa luận\dataset\vinmec_ovarian\OTU_2D\test\image\991.JPG,C:\Users\PeaceD_Dung\Documents\Khóa luận\dataset\vinmec_ovarian\OTU_2D\test\label\black_write\991.PNG
OTU_2D_train_481,OTU_2D_train,B-Mode 2D,VALID_LESION_MASK,True,915,535,915,535,60625,12.384,C:\Users\PeaceD_Dung\Documents\Khóa luận\dataset\vinmec_ovarian\OTU_2D\train\train_image\481.JPG,C:\Users\PeaceD_Dung\Documents\Khóa luận\dataset\vinmec_ovarian\OTU_2D\train\train_label\label\481.PNG
OTU_2D_test_363,OTU_2D_test,B-Mode 2D,VALID_LESION_MASK,True,963,557,963,557,128437,23.945,C:\Users\PeaceD_Dung\Documents\Khóa luận\dataset\vinmec_ovarian\OTU_2D\test\image\363.JPG,C:\Users\PeaceD_Dung\Documents\Khóa luận\dataset\vinmec_ovarian\OTU_2D\test\label\black_write\363.PNG
OTU_2D_test_1167,OTU_2D_test,B-Mode 2D,VALID_LESION_MASK,True,568,590,568,590,40953,12.22,C:\Users\PeaceD_Dung\Documents\Khóa luận\dataset\vinmec_ovarian\OTU_2D\test\image\1167.JPG,C:\Users\PeaceD_Dung\Documents\Khóa luận\dataset\vinmec_ovarian\OTU_2D\test\label\black_write\1167.PNG
OTU_CEUS_67,OTU_CEUS,CEUS,VALID_LESION_MASK,True,557,550,557,550,81248,26.521,C:\Users\PeaceD_Dung\Documents\Khóa luận\dataset\vinmec_ovarian\OTU_CEUS\image\67.JPG,C:\Users\PeaceD_Dung\Documents\Khóa luận\dataset\vinmec_ovarian\OTU_CEUS\label\67.PNG
OTU_2D_test_339,OTU_2D_test,B-Mode 2D,VALID_LESION_MASK,True,569,592,569,592,82829,24.589,C:\Users\PeaceD_Dung\Documents\Khóa luận\dataset\vinmec_ovarian\OTU_2D\test\image\339.JPG,C:\Users\PeaceD_Dung\Documents\Khóa luận\dataset\vinmec_ovarian\OTU_2D\test\label\black_write\339.PNG
OTU_CEUS_33,OTU_CEUS,CEUS,VALID_LESION_MASK,True,554,559,554,559,107575,34.737,C:\Users\PeaceD_Dung\Documents\Khóa luận\dataset\vinmec_ovarian\OTU_CEUS\image\33.JPG,C:\Users\PeaceD_Dung\Documents\Khóa luận\dataset\vinmec_ovarian\OTU_CEUS\label\33.PNG
OTU_2D_test_1184,OTU_2D_test,B-Mode 2D,VALID_LESION_MASK,True,1135,594,1135,594,160045,23.739,C:\Users\PeaceD_Dung\Documents\Khóa luận\dataset\vinmec_ovarian\OTU_2D\test\image\1184.JPG,C:\Users\PeaceD_Dung\Documents\Khóa luận\dataset\vinmec_ovarian\OTU_2D\test\label\black_write\1184.PNG
OTU_2D_train_755,OTU_2D_train,B-Mode 2D,VALID_LESION_MASK,True,957,549,957,549,68233,12.987,C:\Users\PeaceD_Dung\Documents\Khóa luận\dataset\vinmec_ovarian\OTU_2D\train\train_image\755.JPG,C:\Users\PeaceD_Dung\Documents\Khóa luận\dataset\vinmec_ovarian\OTU_2D\train\train_label\label\755.PNG
OTU_2D_test_594,OTU_2D_test,B-Mode 2D,VALID_LESION_MASK,True,972,544,972,544,20350,3.849,C:\Users\PeaceD_Dung\Documents\Khóa luận\dataset\vinmec_ovarian\OTU_2D\test\image\594.JPG,C:\Users\PeaceD_Dung\Documents\Khóa luận\dataset\vinmec_ovarian\OTU_2D\test\label\black_write\594.PNG
OTU_2D_test_1062,OTU_2D_test,B-Mode 2D,VALID_LESION_MASK,True,958,539,958,539,26766,5.184,C:\Users\PeaceD_Dung\Documents\Khóa luận\dataset\vinmec_ovarian\OTU_2D\test\image\1062.JPG,C:\Users\PeaceD_Dung\Documents\Khóa luận\dataset\vinmec_ovarian\OTU_2D\test\label\black_write\1062.PNG
OTU_2D_train_1377,OTU_2D_train,B-Mode 2D,VALID_LESION_MASK,True,764,556,764,556,5909,1.391,C:\Users\PeaceD_Dung\Documents\Khóa luận\dataset\vinmec_ovarian\OTU_2D\train\train_image\1377.JPG,C:\Users\PeaceD_Dung\Documents\Khóa luận\dataset\vinmec_ovarian\OTU_2D\train\train_label\label\1377.PNG
OTU_2D_train_1198,OTU_2D_train,B-Mode 2D,VALID_LESION_MASK,True,957,531,957,531,41047,8.077,C:\Users\PeaceD_Dung\Documents\Khóa luận\dataset\vinmec_ovarian\OTU_2D\train\train_image\1198.JPG,C:\Users\PeaceD_Dung\Documents\Khóa luận\dataset\vinmec_ovarian\OTU_2D\train\train_label\label\1198.PNG
OTU_2D_test_137,OTU_2D_test,B-Mode 2D,VALID_LESION_MASK,True,958,533,958,533,233360,45.702,C:\Users\PeaceD_Dung\Documents\Khóa luận\dataset\vinmec_ovarian\OTU_2D\test\image\137.JPG,C:\Users\PeaceD_Dung\Documents\Khóa luận\dataset\vinmec_ovarian\OTU_2D\test\label\black_write\137.PNG
OTU_2D_train_68,OTU_2D_train,B-Mode 2D,VALID_LESION_MASK,True,959,662,959,662,50674,7.982,C:\Users\PeaceD_Dung\Documents\Khóa luận\dataset\vinmec_ovarian\OTU_2D\train\train_image\68.JPG,C:\Users\PeaceD_Dung\Documents\Khóa luận\dataset\vinmec_ovarian\OTU_2D\train\train_label\label\68.PNG
OTU_2D_train_977,OTU_2D_train,B-Mode 2D,VALID_LESION_MASK,True,479,526,479,526,82933,32.916,C:\Users\PeaceD_Dung\Documents\Khóa luận\dataset\vinmec_ovarian\OTU_2D\train\train_image\977.JPG,C:\Users\PeaceD_Dung\Documents\Khóa luận\dataset\vinmec_ovarian\OTU_2D\train\train_label\label\977.PNG
OTU_2D_test_326,OTU_2D_test,B-Mode 2D,VALID_LESION_MASK,True,478,535,478,535,79092,30.928,C:\Users\PeaceD_Dung\Documents\Khóa luận\dataset\vinmec_ovarian\OTU_2D\test\image\326.JPG,C:\Users\PeaceD_Dung\Documents\Khóa luận\dataset\vinmec_ovarian\OTU_2D\test\label\black_write\326.PNG
OTU_2D_train_901,OTU_2D_train,B-Mode 2D,VALID_LESION_MASK,True,480,528,480,528,81107,32.002,C:\Users\PeaceD_Dung\Documents\Khóa luận\dataset\vinmec_ovarian\OTU_2D\train\train_image\901.JPG,C:\Users\PeaceD_Dung\Documents\Khóa luận\dataset\vinmec_ovarian\OTU_2D\train\train_label\label\901.PNG
OTU_2D_train_1149,OTU_2D_train,B-Mode 2D,VALID_LESION_MASK,True,957,532,957,532,45296,8.897,C:\Users\PeaceD_Dung\Documents\Khóa luận\dataset\vinmec_ovarian\OTU_2D\train\train_image\1149.JPG,C:\Users\PeaceD_Dung\Documents\Khóa luận\dataset\vinmec_ovarian\OTU_2D\train\train_label\label\1149.PNG
OTU_CEUS_75,OTU_CEUS,CEUS,VALID_LESION_MASK,True,549,558,549,558,69761,22.772,C:\Users\PeaceD_Dung\Documents\Khóa luận\dataset\vinmec_ovarian\OTU_CEUS\image\75.JPG,C:\Users\PeaceD_Dung\Documents\Khóa luận\dataset\vinmec_ovarian\OTU_CEUS\label\75.PNG
OTU_2D_train_278,OTU_2D_train,B-Mode 2D,VALID_LESION_MASK,True,959,532,959,532,176576,34.61,C:\Users\PeaceD_Dung\Documents\Khóa luận\dataset\vinmec_ovarian\OTU_2D\train\train_image\278.JPG,C:\Users\PeaceD_Dung\Documents\Khóa luận\dataset\vinmec_ovarian\OTU_2D\train\train_label\label\278.PNG
OTU_2D_train_327,OTU_2D_train,B-Mode 2D,VALID_LESION_MASK,True,959,533,959,533,90307,17.668,C:\Users\PeaceD_Dung\Documents\Khóa luận\dataset\vinmec_ovarian\OTU_2D\train\train_image\327.JPG,C:\Users\PeaceD_Dung\Documents\Khóa luận\dataset\vinmec_ovarian\OTU_2D\train\train_label\label\327.PNG
OTU_2D_train_681,OTU_2D_train,B-Mode 2D,VALID_LESION_MASK,True,478,534,478,534,126554,49.58,C:\Users\PeaceD_Dung\Documents\Khóa luận\dataset\vinmec_ovarian\OTU_2D\train\train_image\681.JPG,C:\Users\PeaceD_Dung\Documents\Khóa luận\dataset\vinmec_ovarian\OTU_2D\train\train_label\label\681.PNG
OTU_2D_test_234,OTU_2D_test,B-Mode 2D,VALID_LESION_MASK,True,480,536,480,536,41040,15.951,C:\Users\PeaceD_Dung\Documents\Khóa luận\dataset\vinmec_ovarian\OTU_2D\test\image\234.JPG,C:\Users\PeaceD_Dung\Documents\Khóa luận\dataset\vinmec_ovarian\OTU_2D\test\label\black_write\234.PNG
OTU_2D_test_1440,OTU_2D_test,B-Mode 2D,VALID_LESION_MASK,True,484,531,484,531,14461,5.627,C:\Users\PeaceD_Dung\Documents\Khóa luận\dataset\vinmec_ovarian\OTU_2D\test\image\1440.JPG,C:\Users\PeaceD_Dung\Documents\Khóa luận\dataset\vinmec_ovarian\OTU_2D\test\label\black_write\1440.PNG
OTU_CEUS_129,OTU_CEUS,CEUS,VALID_LESION_MASK,True,560,557,560,557,41423,13.28,C:\Users\PeaceD_Dung\Documents\Khóa luận\dataset\vinmec_ovarian\OTU_CEUS\image\129.JPG,C:\Users\PeaceD_Dung\Documents\Khóa luận\dataset\vinmec_ovarian\OTU_CEUS\label\129.PNG
OTU_2D_train_85,OTU_2D_train,B-Mode 2D,VALID_LESION_MASK,True,957,533,957,533,10631,2.084,C:\Users\PeaceD_Dung\Documents\Khóa luận\dataset\vinmec_ovarian\OTU_2D\train\train_image\85.JPG,C:\Users\PeaceD_Dung\Documents\Khóa luận\dataset\vinmec_ovarian\OTU_2D\train\train_label\label\85.PNG
OTU_2D_train_726,OTU_2D_train,B-Mode 2D,VALID_LESION_MASK,True,973,540,973,540,161640,30.764,C:\Users\PeaceD_Dung\Documents\Khóa luận\dataset\vinmec_ovarian\OTU_2D\train\train_image\726.JPG,C:\Users\PeaceD_Dung\Documents\Khóa luận\dataset\vinmec_ovarian\OTU_2D\train\train_label\label\726.PNG
OTU_CEUS_128,OTU_CEUS,CEUS,VALID_LESION_MASK,True,556,561,556,561,48541,15.562,C:\Users\PeaceD_Dung\Documents\Khóa luận\dataset\vinmec_ovarian\OTU_CEUS\image\128.JPG,C:\Users\PeaceD_Dung\Documents\Khóa luận\dataset\vinmec_ovarian\OTU_CEUS\label\128.PNG
OTU_2D_train_238,OTU_2D_train,B-Mode 2D,VALID_LESION_MASK,True,855,556,855,556,11832,2.489,C:\Users\PeaceD_Dung\Documents\Khóa luận\dataset\vinmec_ovarian\OTU_2D\train\train_image\238.JPG,C:\Users\PeaceD_Dung\Documents\Khóa luận\dataset\vinmec_ovarian\OTU_2D\train\train_label\label\238.PNG
OTU_2D_test_27,OTU_2D_test,B-Mode 2D,VALID_LESION_MASK,True,958,535,958,535,152390,29.733,C:\Users\PeaceD_Dung\Documents\Khóa luận\dataset\vinmec_ovarian\OTU_2D\test\image\27.JPG,C:\Users\PeaceD_Dung\Documents\Khóa luận\dataset\vinmec_ovarian\OTU_2D\test\label\black_write\27.PNG
OTU_2D_train_34,OTU_2D_train,B-Mode 2D,VALID_LESION_MASK,True,479,532,479,532,157372,61.756,C:\Users\PeaceD_Dung\Documents\Khóa luận\dataset\vinmec_ovarian\OTU_2D\train\train_image\34.JPG,C:\Users\PeaceD_Dung\Documents\Khóa luận\dataset\vinmec_ovarian\OTU_2D\train\train_label\label\34.PNG
OTU_2D_train_341,OTU_2D_train,B-Mode 2D,VALID_LESION_MASK,True,566,592,566,592,13817,4.124,C:\Users\PeaceD_Dung\Documents\Khóa luận\dataset\vinmec_ovarian\OTU_2D\train\train_image\341.JPG,C:\Users\PeaceD_Dung\Documents\Khóa luận\dataset\vinmec_ovarian\OTU_2D\train\train_label\label\341.PNG
OTU_2D_train_1451,OTU_2D_train,B-Mode 2D,VALID_LESION_MASK,True,962,528,962,528,60770,11.964,C:\Users\PeaceD_Dung\Documents\Khóa luận\dataset\vinmec_ovarian\OTU_2D\train\train_image\1451.JPG,C:\Users\PeaceD_Dung\Documents\Khóa luận\dataset\vinmec_ovarian\OTU_2D\train\train_label\label\1451.PNG
OTU_2D_train_462,OTU_2D_train,B-Mode 2D,VALID_LESION_MASK,True,957,532,957,532,76398,15.006,C:\Users\PeaceD_Dung\Documents\Khóa luận\dataset\vinmec_ovarian\OTU_2D\train\train_image\462.JPG,C:\Users\PeaceD_Dung\Documents\Khóa luận\dataset\vinmec_ovarian\OTU_2D\train\train_label\label\462.PNG
OTU_2D_train_990,OTU_2D_train,B-Mode 2D,VALID_LESION_MASK,True,690,545,690,545,82150,21.845,C:\Users\PeaceD_Dung\Documents\Khóa luận\dataset\vinmec_ovarian\OTU_2D\train\train_image\990.JPG,C:\Users\PeaceD_Dung\Documents\Khóa luận\dataset\vinmec_ovarian\OTU_2D\train\train_label\label\990.PNG
OTU_CEUS_100,OTU_CEUS,CEUS,VALID_LESION_MASK,True,592,576,592,576,21428,6.284,C:\Users\PeaceD_Dung\Documents\Khóa luận\dataset\vinmec_ovarian\OTU_CEUS\image\100.JPG,C:\Users\PeaceD_Dung\Documents\Khóa luận\dataset\vinmec_ovarian\OTU_CEUS\label\100.PNG
OTU_2D_train_478,OTU_2D_train,B-Mode 2D,VALID_LESION_MASK,True,485,283,485,283,35826,26.102,C:\Users\PeaceD_Dung\Documents\Khóa luận\dataset\vinmec_ovarian\OTU_2D\train\train_image\478.JPG,C:\Users\PeaceD_Dung\Documents\Khóa luận\dataset\vinmec_ovarian\OTU_2D\train\train_label\label\478.PNG
OTU_2D_test_26,OTU_2D_test,B-Mode 2D,VALID_LESION_MASK,True,1104,674,1104,674,125826,16.91,C:\Users\PeaceD_Dung\Documents\Khóa luận\dataset\vinmec_ovarian\OTU_2D\test\image\26.JPG,C:\Users\PeaceD_Dung\Documents\Khóa luận\dataset\vinmec_ovarian\OTU_2D\test\label\black_write\26.PNG
OTU_CEUS_118,OTU_CEUS,CEUS,VALID_LESION_MASK,True,341,347,341,347,9146,7.729,C:\Users\PeaceD_Dung\Documents\Khóa luận\dataset\vinmec_ovarian\OTU_CEUS\image\118.JPG,C:\Users\PeaceD_Dung\Documents\Khóa luận\dataset\vinmec_ovarian\OTU_CEUS\label\118.PNG
OTU_2D_train_1192,OTU_2D_train,B-Mode 2D,VALID_LESION_MASK,True,481,544,481,544,57613,22.018,C:\Users\PeaceD_Dung\Documents\Khóa luận\dataset\vinmec_ovarian\OTU_2D\train\train_image\1192.JPG,C:\Users\PeaceD_Dung\Documents\Khóa luận\dataset\vinmec_ovarian\OTU_2D\train\train_label\label\1192.PNG
OTU_2D_test_1244,OTU_2D_test,B-Mode 2D,VALID_LESION_MASK,True,756,560,756,560,98615,23.293,C:\Users\PeaceD_Dung\Documents\Khóa luận\dataset\vinmec_ovarian\OTU_2D\test\image\1244.JPG,C:\Users\PeaceD_Dung\Documents\Khóa luận\dataset\vinmec_ovarian\OTU_2D\test\label\black_write\1244.PNG
OTU_CEUS_23,OTU_CEUS,CEUS,VALID_LESION_MASK,True,551,557,551,557,30143,9.822,C:\Users\PeaceD_Dung\Documents\Khóa luận\dataset\vinmec_ovarian\OTU_CEUS\image\23.JPG,C:\Users\PeaceD_Dung\Documents\Khóa luận\dataset\vinmec_ovarian\OTU_CEUS\label\23.PNG
OTU_CEUS_21,OTU_CEUS,CEUS,VALID_LESION_MASK,True,556,556,556,556,39722,12.849,C:\Users\PeaceD_Dung\Documents\Khóa luận\dataset\vinmec_ovarian\OTU_CEUS\image\21.JPG,C:\Users\PeaceD_Dung\Documents\Khóa luận\dataset\vinmec_ovarian\OTU_CEUS\label\21.PNG
OTU_2D_test_354,OTU_2D_test,B-Mode 2D,VALID_LESION_MASK,True,958,535,958,535,10023,1.956,C:\Users\PeaceD_Dung\Documents\Khóa luận\dataset\vinmec_ovarian\OTU_2D\test\image\354.JPG,C:\Users\PeaceD_Dung\Documents\Khóa luận\dataset\vinmec_ovarian\OTU_2D\test\label\black_write\354.PNG
OTU_2D_test_1317,OTU_2D_test,B-Mode 2D,VALID_LESION_MASK,True,481,536,481,536,84943,32.947,C:\Users\PeaceD_Dung\Documents\Khóa luận\dataset\vinmec_ovarian\OTU_2D\test\image\1317.JPG,C:\Users\PeaceD_Dung\Documents\Khóa luận\dataset\vinmec_ovarian\OTU_2D\test\label\black_write\1317.PNG
OTU_2D_train_353,OTU_2D_train,B-Mode 2D,VALID_LESION_MASK,True,958,537,958,537,12267,2.385,C:\Users\PeaceD_Dung\Documents\Khóa luận\dataset\vinmec_ovarian\OTU_2D\train\train_image\353.JPG,C:\Users\PeaceD_Dung\Documents\Khóa luận\dataset\vinmec_ovarian\OTU_2D\train\train_label\label\353.PNG
OTU_2D_train_330,OTU_2D_train,B-Mode 2D,VALID_LESION_MASK,True,1102,568,1102,568,29742,4.752,C:\Users\PeaceD_Dung\Documents\Khóa luận\dataset\vinmec_ovarian\OTU_2D\train\train_image\330.JPG,C:\Users\PeaceD_Dung\Documents\Khóa luận\dataset\vinmec_ovarian\OTU_2D\train\train_label\label\330.PNG
OTU_2D_train_1010,OTU_2D_train,B-Mode 2D,VALID_LESION_MASK,True,481,527,481,527,76050,30.002,C:\Users\PeaceD_Dung\Documents\Khóa luận\dataset\vinmec_ovarian\OTU_2D\train\train_image\1010.JPG,C:\Users\PeaceD_Dung\Documents\Khóa luận\dataset\vinmec_ovarian\OTU_2D\train\train_label\label\1010.PNG
OTU_2D_test_180,OTU_2D_test,B-Mode 2D,VALID_LESION_MASK,True,957,533,957,533,138666,27.185,C:\Users\PeaceD_Dung\Documents\Khóa luận\dataset\vinmec_ovarian\OTU_2D\test\image\180.JPG,C:\Users\PeaceD_Dung\Documents\Khóa luận\dataset\vinmec_ovarian\OTU_2D\test\label\black_write\180.PNG
OTU_2D_train_1431,OTU_2D_train,B-Mode 2D,VALID_LESION_MASK,True,1106,566,1106,566,25246,4.033,C:\Users\PeaceD_Dung\Documents\Khóa luận\dataset\vinmec_ovarian\OTU_2D\train\train_image\1431.JPG,C:\Users\PeaceD_Dung\Documents\Khóa luận\dataset\vinmec_ovarian\OTU_2D\train\train_label\label\1431.PNG
OTU_2D_test_152,OTU_2D_test,B-Mode 2D,VALID_LESION_MASK,True,1102,570,1102,570,43383,6.907,C:\Users\PeaceD_Dung\Documents\Khóa luận\dataset\vinmec_ovarian\OTU_2D\test\image\152.JPG,C:\Users\PeaceD_Dung\Documents\Khóa luận\dataset\vinmec_ovarian\OTU_2D\test\label\black_write\152.PNG
OTU_2D_test_383,OTU_2D_test,B-Mode 2D,VALID_LESION_MASK,True,549,585,549,585,86866,27.047,C:\Users\PeaceD_Dung\Documents\Khóa luận\dataset\vinmec_ovarian\OTU_2D\test\image\383.JPG,C:\Users\PeaceD_Dung\Documents\Khóa luận\dataset\vinmec_ovarian\OTU_2D\test\label\black_write\383.PNG
OTU_2D_train_709,OTU_2D_train,B-Mode 2D,VALID_LESION_MASK,True,481,553,481,553,35017,13.165,C:\Users\PeaceD_Dung\Documents\Khóa luận\dataset\vinmec_ovarian\OTU_2D\train\train_image\709.JPG,C:\Users\PeaceD_Dung\Documents\Khóa luận\dataset\vinmec_ovarian\OTU_2D\train\train_label\label\709.PNG
OTU_2D_train_1084,OTU_2D_train,B-Mode 2D,VALID_LESION_MASK,True,481,520,481,520,67954,27.169,C:\Users\PeaceD_Dung\Documents\Khóa luận\dataset\vinmec_ovarian\OTU_2D\train\train_image\1084.JPG,C:\Users\PeaceD_Dung\Documents\Khóa luận\dataset\vinmec_ovarian\OTU_2D\train\train_label\label\1084.PNG
OTU_2D_train_1443,OTU_2D_train,B-Mode 2D,VALID_LESION_MASK,True,961,525,961,525,44725,8.865,C:\Users\PeaceD_Dung\Documents\Khóa luận\dataset\vinmec_ovarian\OTU_2D\train\train_image\1443.JPG,C:\Users\PeaceD_Dung\Documents\Khóa luận\dataset\vinmec_ovarian\OTU_2D\train\train_label\label\1443.PNG
OTU_2D_train_272,OTU_2D_train,B-Mode 2D,VALID_LESION_MASK,True,959,534,959,534,72033,14.066,C:\Users\PeaceD_Dung\Documents\Khóa luận\dataset\vinmec_ovarian\OTU_2D\train\train_image\272.JPG,C:\Users\PeaceD_Dung\Documents\Khóa luận\dataset\vinmec_ovarian\OTU_2D\train\train_label\label\272.PNG
OTU_2D_train_866,OTU_2D_train,B-Mode 2D,VALID_LESION_MASK,True,974,556,974,556,97225,17.953,C:\Users\PeaceD_Dung\Documents\Khóa luận\dataset\vinmec_ovarian\OTU_2D\train\train_image\866.JPG,C:\Users\PeaceD_Dung\Documents\Khóa luận\dataset\vinmec_ovarian\OTU_2D\train\train_label\label\866.PNG
OTU_2D_train_555,OTU_2D_train,B-Mode 2D,VALID_LESION_MASK,True,480,544,480,544,7161,2.742,C:\Users\PeaceD_Dung\Documents\Khóa luận\dataset\vinmec_ovarian\OTU_2D\train\train_image\555.JPG,C:\Users\PeaceD_Dung\Documents\Khóa luận\dataset\vinmec_ovarian\OTU_2D\train\train_label\label\555.PNG
OTU_2D_train_250,OTU_2D_train,B-Mode 2D,VALID_LESION_MASK,True,485,530,485,530,62417,24.282,C:\Users\PeaceD_Dung\Documents\Khóa luận\dataset\vinmec_ovarian\OTU_2D\train\train_image\250.JPG,C:\Users\PeaceD_Dung\Documents\Khóa luận\dataset\vinmec_ovarian\OTU_2D\train\train_label\label\250.PNG
OTU_2D_train_902,OTU_2D_train,B-Mode 2D,VALID_LESION_MASK,True,479,529,479,529,72818,28.737,C:\Users\PeaceD_Dung\Documents\Khóa luận\dataset\vinmec_ovarian\OTU_2D\train\train_image\902.JPG,C:\Users\PeaceD_Dung\Documents\Khóa luận\dataset\vinmec_ovarian\OTU_2D\train\train_label\label\902.PNG
OTU_2D_train_395,OTU_2D_train,B-Mode 2D,VALID_LESION_MASK,True,959,531,959,531,53466,10.499,C:\Users\PeaceD_Dung\Documents\Khóa luận\dataset\vinmec_ovarian\OTU_2D\train\train_image\395.JPG,C:\Users\PeaceD_Dung\Documents\Khóa luận\dataset\vinmec_ovarian\OTU_2D\train\train_label\label\395.PNG
OTU_2D_test_64,OTU_2D_test,B-Mode 2D,VALID_LESION_MASK,True,958,532,958,532,134466,26.384,C:\Users\PeaceD_Dung\Documents\Khóa luận\dataset\vinmec_ovarian\OTU_2D\test\image\64.JPG,C:\Users\PeaceD_Dung\Documents\Khóa luận\dataset\vinmec_ovarian\OTU_2D\test\label\black_write\64.PNG
OTU_2D_test_872,OTU_2D_test,B-Mode 2D,VALID_LESION_MASK,True,1134,596,1134,596,54251,8.027,C:\Users\PeaceD_Dung\Documents\Khóa luận\dataset\vinmec_ovarian\OTU_2D\test\image\872.JPG,C:\Users\PeaceD_Dung\Documents\Khóa luận\dataset\vinmec_ovarian\OTU_2D\test\label\black_write\872.PNG
OTU_2D_train_1309,OTU_2D_train,B-Mode 2D,VALID_LESION_MASK,True,964,616,964,616,83694,14.094,C:\Users\PeaceD_Dung\Documents\Khóa luận\dataset\vinmec_ovarian\OTU_2D\train\train_image\1309.JPG,C:\Users\PeaceD_Dung\Documents\Khóa luận\dataset\vinmec_ovarian\OTU_2D\train\train_label\label\1309.PNG
OTU_CEUS_161,OTU_CEUS,CEUS,VALID_LESION_MASK,True,339,372,339,372,16126,12.787,C:\Users\PeaceD_Dung\Documents\Khóa luận\dataset\vinmec_ovarian\OTU_CEUS\image\161.JPG,C:\Users\PeaceD_Dung\Documents\Khóa luận\dataset\vinmec_ovarian\OTU_CEUS\label\161.PNG
OTU_2D_train_368,OTU_2D_train,B-Mode 2D,VALID_LESION_MASK,True,958,534,958,534,4710,0.921,C:\Users\PeaceD_Dung\Documents\Khóa luận\dataset\vinmec_ovarian\OTU_2D\train\train_image\368.JPG,C:\Users\PeaceD_Dung\Documents\Khóa luận\dataset\vinmec_ovarian\OTU_2D\train\train_label\label\368.PNG
OTU_2D_train_424,OTU_2D_train,B-Mode 2D,VALID_LESION_MASK,True,956,557,956,557,101929,19.142,C:\Users\PeaceD_Dung\Documents\Khóa luận\dataset\vinmec_ovarian\OTU_2D\train\train_image\424.JPG,C:\Users\PeaceD_Dung\Documents\Khóa luận\dataset\vinmec_ovarian\OTU_2D\train\train_label\label\424.PNG
OTU_2D_train_604,OTU_2D_train,B-Mode 2D,VALID_LESION_MASK,True,958,547,958,547,24994,4.77,C:\Users\PeaceD_Dung\Documents\Khóa luận\dataset\vinmec_ovarian\OTU_2D\train\train_image\604.JPG,C:\Users\PeaceD_Dung\Documents\Khóa luận\dataset\vinmec_ovarian\OTU_2D\train\train_label\label\604.PNG
OTU_2D_train_463,OTU_2D_train,B-Mode 2D,VALID_LESION_MASK,True,958,530,958,530,68158,13.424,C:\Users\PeaceD_Dung\Documents\Khóa luận\dataset\vinmec_ovarian\OTU_2D\train\train_image\463.JPG,C:\Users\PeaceD_Dung\Documents\Khóa luận\dataset\vinmec_ovarian\OTU_2D\train\train_label\label\463.PNG
OTU_CEUS_141,OTU_CEUS,CEUS,VALID_LESION_MASK,True,553,551,553,551,35387,11.614,C:\Users\PeaceD_Dung\Documents\Khóa luận\dataset\vinmec_ovarian\OTU_CEUS\image\141.JPG,C:\Users\PeaceD_Dung\Documents\Khóa luận\dataset\vinmec_ovarian\OTU_CEUS\label\141.PNG
OTU_2D_train_1321,OTU_2D_train,B-Mode 2D,VALID_LESION_MASK,True,483,539,483,539,54229,20.83,C:\Users\PeaceD_Dung\Documents\Khóa luận\dataset\vinmec_ovarian\OTU_2D\train\train_image\1321.JPG,C:\Users\PeaceD_Dung\Documents\Khóa luận\dataset\vinmec_ovarian\OTU_2D\train\train_label\label\1321.PNG
OTU_2D_test_382,OTU_2D_test,B-Mode 2D,VALID_LESION_MASK,True,478,531,478,531,63167,24.887,C:\Users\PeaceD_Dung\Documents\Khóa luận\dataset\vinmec_ovarian\OTU_2D\test\image\382.JPG,C:\Users\PeaceD_Dung\Documents\Khóa luận\dataset\vinmec_ovarian\OTU_2D\test\label\black_write\382.PNG
OTU_2D_test_227,OTU_2D_test,B-Mode 2D,VALID_LESION_MASK,True,478,444,478,444,70406,33.174,C:\Users\PeaceD_Dung\Documents\Khóa luận\dataset\vinmec_ovarian\OTU_2D\test\image\227.JPG,C:\Users\PeaceD_Dung\Documents\Khóa luận\dataset\vinmec_ovarian\OTU_2D\test\label\black_write\227.PNG
OTU_2D_test_388,OTU_2D_test,B-Mode 2D,VALID_LESION_MASK,True,905,532,905,532,57519,11.947,C:\Users\PeaceD_Dung\Documents\Khóa luận\dataset\vinmec_ovarian\OTU_2D\test\image\388.JPG,C:\Users\PeaceD_Dung\Documents\Khóa luận\dataset\vinmec_ovarian\OTU_2D\test\label\black_write\388.PNG
OTU_2D_train_757,OTU_2D_train,B-Mode 2D,VALID_LESION_MASK,True,1084,617,1084,617,35453,5.301,C:\Users\PeaceD_Dung\Documents\Khóa luận\dataset\vinmec_ovarian\OTU_2D\train\train_image\757.JPG,C:\Users\PeaceD_Dung\Documents\Khóa luận\dataset\vinmec_ovarian\OTU_2D\train\train_label\label\757.PNG
OTU_2D_train_62,OTU_2D_train,B-Mode 2D,VALID_LESION_MASK,True,852,606,852,606,50529,9.787,C:\Users\PeaceD_Dung\Documents\Khóa luận\dataset\vinmec_ovarian\OTU_2D\train\train_image\62.JPG,C:\Users\PeaceD_Dung\Documents\Khóa luận\dataset\vinmec_ovarian\OTU_2D\train\train_label\label\62.PNG
OTU_2D_train_1128,OTU_2D_train,B-Mode 2D,VALID_LESION_MASK,True,569,595,569,595,97234,28.72,C:\Users\PeaceD_Dung\Documents\Khóa luận\dataset\vinmec_ovarian\OTU_2D\train\train_image\1128.JPG,C:\Users\PeaceD_Dung\Documents\Khóa luận\dataset\vinmec_ovarian\OTU_2D\train\train_label\label\1128.PNG
OTU_CEUS_124,OTU_CEUS,CEUS,VALID_LESION_MASK,True,556,594,556,594,53314,16.143,C:\Users\PeaceD_Dung\Documents\Khóa luận\dataset\vinmec_ovarian\OTU_CEUS\image\124.JPG,C:\Users\PeaceD_Dung\Documents\Khóa luận\dataset\vinmec_ovarian\OTU_CEUS\label\124.PNG
OTU_2D_test_453,OTU_2D_test,B-Mode 2D,VALID_LESION_MASK,True,478,533,478,533,107609,42.237,C:\Users\PeaceD_Dung\Documents\Khóa luận\dataset\vinmec_ovarian\OTU_2D\test\image\453.JPG,C:\Users\PeaceD_Dung\Documents\Khóa luận\dataset\vinmec_ovarian\OTU_2D\test\label\black_write\453.PNG
OTU_2D_train_1064,OTU_2D_train,B-Mode 2D,VALID_LESION_MASK,True,956,526,956,526,57258,11.387,C:\Users\PeaceD_Dung\Documents\Khóa luận\dataset\vinmec_ovarian\OTU_2D\train\train_image\1064.JPG,C:\Users\PeaceD_Dung\Documents\Khóa luận\dataset\vinmec_ovarian\OTU_2D\train\train_label\label\1064.PNG
OTU_2D_train_1280,OTU_2D_train,B-Mode 2D,VALID_LESION_MASK,True,963,619,963,619,95435,16.01,C:\Users\PeaceD_Dung\Documents\Khóa luận\dataset\vinmec_ovarian\OTU_2D\train\train_image\1280.JPG,C:\Users\PeaceD_Dung\Documents\Khóa luận\dataset\vinmec_ovarian\OTU_2D\train\train_label\label\1280.PNG
OTU_2D_train_1139,OTU_2D_train,B-Mode 2D,VALID_LESION_MASK,True,487,537,487,537,91769,35.091,C:\Users\PeaceD_Dung\Documents\Khóa luận\dataset\vinmec_ovarian\OTU_2D\train\train_image\1139.JPG,C:\Users\PeaceD_Dung\Documents\Khóa luận\dataset\vinmec_ovarian\OTU_2D\train\train_label\label\1139.PNG
OTU_2D_train_641,OTU_2D_train,B-Mode 2D,VALID_LESION_MASK,True,1116,595,1116,595,80288,12.091,C:\Users\PeaceD_Dung\Documents\Khóa luận\dataset\vinmec_ovarian\OTU_2D\train\train_image\641.JPG,C:\Users\PeaceD_Dung\Documents\Khóa luận\dataset\vinmec_ovarian\OTU_2D\train\train_label\label\641.PNG
OTU_2D_train_954,OTU_2D_train,B-Mode 2D,VALID_LESION_MASK,True,568,542,568,542,18190,5.909,C:\Users\PeaceD_Dung\Documents\Khóa luận\dataset\vinmec_ovarian\OTU_2D\train\train_image\954.JPG,C:\Users\PeaceD_Dung\Documents\Khóa luận\dataset\vinmec_ovarian\OTU_2D\train\train_label\label\954.PNG
OTU_2D_train_586,OTU_2D_train,B-Mode 2D,VALID_LESION_MASK,True,958,562,958,562,11595,2.154,C:\Users\PeaceD_Dung\Documents\Khóa luận\dataset\vinmec_ovarian\OTU_2D\train\train_image\586.JPG,C:\Users\PeaceD_Dung\Documents\Khóa luận\dataset\vinmec_ovarian\OTU_2D\train\train_label\label\586.PNG
OTU_2D_train_849,OTU_2D_train,B-Mode 2D,VALID_LESION_MASK,True,974,661,974,661,119665,18.587,C:\Users\PeaceD_Dung\Documents\Khóa luận\dataset\vinmec_ovarian\OTU_2D\train\train_image\849.JPG,C:\Users\PeaceD_Dung\Documents\Khóa luận\dataset\vinmec_ovarian\OTU_2D\train\train_label\label\849.PNG
OTU_2D_train_717,OTU_2D_train,B-Mode 2D,VALID_LESION_MASK,True,480,550,480,550,9402,3.561,C:\Users\PeaceD_Dung\Documents\Khóa luận\dataset\vinmec_ovarian\OTU_2D\train\train_image\717.JPG,C:\Users\PeaceD_Dung\Documents\Khóa luận\dataset\vinmec_ovarian\OTU_2D\train\train_label\label\717.PNG
OTU_2D_train_1318,OTU_2D_train,B-Mode 2D,VALID_LESION_MASK,True,483,536,483,536,53330,20.6,C:\Users\PeaceD_Dung\Documents\Khóa luận\dataset\vinmec_ovarian\OTU_2D\train\train_image\1318.JPG,C:\Users\PeaceD_Dung\Documents\Khóa luận\dataset\vinmec_ovarian\OTU_2D\train\train_label\label\1318.PNG
OTU_2D_train_951,OTU_2D_train,B-Mode 2D,VALID_LESION_MASK,True,568,586,568,586,24769,7.442,C:\Users\PeaceD_Dung\Documents\Khóa luận\dataset\vinmec_ovarian\OTU_2D\train\train_image\951.JPG,C:\Users\PeaceD_Dung\Documents\Khóa luận\dataset\vinmec_ovarian\OTU_2D\train\train_label\label\951.PNG
OTU_2D_test_966,OTU_2D_test,B-Mode 2D,VALID_LESION_MASK,True,777,650,777,650,195793,38.767,C:\Users\PeaceD_Dung\Documents\Khóa luận\dataset\vinmec_ovarian\OTU_2D\test\image\966.JPG,C:\Users\PeaceD_Dung\Documents\Khóa luận\dataset\vinmec_ovarian\OTU_2D\test\label\black_write\966.PNG
OTU_2D_train_1087,OTU_2D_train,B-Mode 2D,VALID_LESION_MASK,True,1128,547,1128,547,137329,22.257,C:\Users\PeaceD_Dung\Documents\Khóa luận\dataset\vinmec_ovarian\OTU_2D\train\train_image\1087.JPG,C:\Users\PeaceD_Dung\Documents\Khóa luận\dataset\vinmec_ovarian\OTU_2D\train\train_label\label\1087.PNG
OTU_2D_test_1410,OTU_2D_test,B-Mode 2D,VALID_LESION_MASK,True,571,320,571,320,15569,8.521,C:\Users\PeaceD_Dung\Documents\Khóa luận\dataset\vinmec_ovarian\OTU_2D\test\image\1410.JPG,C:\Users\PeaceD_Dung\Documents\Khóa luận\dataset\vinmec_ovarian\OTU_2D\test\label\black_write\1410.PNG
OTU_2D_test_1255,OTU_2D_test,B-Mode 2D,VALID_LESION_MASK,True,959,537,959,537,88943,17.271,C:\Users\PeaceD_Dung\Documents\Khóa luận\dataset\vinmec_ovarian\OTU_2D\test\image\1255.JPG,C:\Users\PeaceD_Dung\Documents\Khóa luận\dataset\vinmec_ovarian\OTU_2D\test\label\black_write\1255.PNG
OTU_2D_train_1281,OTU_2D_train,B-Mode 2D,VALID_LESION_MASK,True,848,573,848,573,39646,8.159,C:\Users\PeaceD_Dung\Documents\Khóa luận\dataset\vinmec_ovarian\OTU_2D\train\train_image\1281.JPG,C:\Users\PeaceD_Dung\Documents\Khóa luận\dataset\vinmec_ovarian\OTU_2D\train\train_label\label\1281.PNG
OTU_2D_train_924,OTU_2D_train,B-Mode 2D,VALID_LESION_MASK,True,479,529,479,529,11621,4.586,C:\Users\PeaceD_Dung\Documents\Khóa luận\dataset\vinmec_ovarian\OTU_2D\train\train_image\924.JPG,C:\Users\PeaceD_Dung\Documents\Khóa luận\dataset\vinmec_ovarian\OTU_2D\train\train_label\label\924.PNG
OTU_2D_train_56,OTU_2D_train,B-Mode 2D,VALID_LESION_MASK,True,818,610,818,610,74284,14.887,C:\Users\PeaceD_Dung\Documents\Khóa luận\dataset\vinmec_ovarian\OTU_2D\train\train_image\56.JPG,C:\Users\PeaceD_Dung\Documents\Khóa luận\dataset\vinmec_ovarian\OTU_2D\train\train_label\label\56.PNG
OTU_CEUS_144,OTU_CEUS,CEUS,VALID_LESION_MASK,True,554,550,554,550,35620,11.69,C:\Users\PeaceD_Dung\Documents\Khóa luận\dataset\vinmec_ovarian\OTU_CEUS\image\144.JPG,C:\Users\PeaceD_Dung\Documents\Khóa luận\dataset\vinmec_ovarian\OTU_CEUS\label\144.PNG
OTU_2D_test_1254,OTU_2D_test,B-Mode 2D,VALID_LESION_MASK,True,569,541,569,541,56182,18.251,C:\Users\PeaceD_Dung\Documents\Khóa luận\dataset\vinmec_ovarian\OTU_2D\test\image\1254.JPG,C:\Users\PeaceD_Dung\Documents\Khóa luận\dataset\vinmec_ovarian\OTU_2D\test\label\black_write\1254.PNG
OTU_2D_train_19,OTU_2D_train,B-Mode 2D,VALID_LESION_MASK,True,958,534,958,534,86968,17.0,C:\Users\PeaceD_Dung\Documents\Khóa luận\dataset\vinmec_ovarian\OTU_2D\train\train_image\19.JPG,C:\Users\PeaceD_Dung\Documents\Khóa luận\dataset\vinmec_ovarian\OTU_2D\train\train_label\label\19.PNG
OTU_2D_test_71,OTU_2D_test,B-Mode 2D,VALID_LESION_MASK,True,480,535,480,535,59823,23.296,C:\Users\PeaceD_Dung\Documents\Khóa luận\dataset\vinmec_ovarian\OTU_2D\test\image\71.JPG,C:\Users\PeaceD_Dung\Documents\Khóa luận\dataset\vinmec_ovarian\OTU_2D\test\label\black_write\71.PNG
OTU_2D_train_1283,OTU_2D_train,B-Mode 2D,VALID_LESION_MASK,True,1113,589,1113,589,62494,9.533,C:\Users\PeaceD_Dung\Documents\Khóa luận\dataset\vinmec_ovarian\OTU_2D\train\train_image\1283.JPG,C:\Users\PeaceD_Dung\Documents\Khóa luận\dataset\vinmec_ovarian\OTU_2D\train\train_label\label\1283.PNG
OTU_2D_train_332,OTU_2D_train,B-Mode 2D,VALID_LESION_MASK,True,555,549,555,549,7728,2.536,C:\Users\PeaceD_Dung\Documents\Khóa luận\dataset\vinmec_ovarian\OTU_2D\train\train_image\332.JPG,C:\Users\PeaceD_Dung\Documents\Khóa luận\dataset\vinmec_ovarian\OTU_2D\train\train_label\label\332.PNG
OTU_2D_train_642,OTU_2D_train,B-Mode 2D,VALID_LESION_MASK,True,973,551,973,551,44461,8.293,C:\Users\PeaceD_Dung\Documents\Khóa luận\dataset\vinmec_ovarian\OTU_2D\train\train_image\642.JPG,C:\Users\PeaceD_Dung\Documents\Khóa luận\dataset\vinmec_ovarian\OTU_2D\train\train_label\label\642.PNG
OTU_2D_train_926,OTU_2D_train,B-Mode 2D,VALID_LESION_MASK,True,957,526,957,526,12408,2.465,C:\Users\PeaceD_Dung\Documents\Khóa luận\dataset\vinmec_ovarian\OTU_2D\train\train_image\926.JPG,C:\Users\PeaceD_Dung\Documents\Khóa luận\dataset\vinmec_ovarian\OTU_2D\train\train_label\label\926.PNG
OTU_2D_test_1358,OTU_2D_test,B-Mode 2D,VALID_LESION_MASK,True,482,534,482,534,110809,43.051,C:\Users\PeaceD_Dung\Documents\Khóa luận\dataset\vinmec_ovarian\OTU_2D\test\image\1358.JPG,C:\Users\PeaceD_Dung\Documents\Khóa luận\dataset\vinmec_ovarian\OTU_2D\test\label\black_write\1358.PNG
OTU_2D_test_804,OTU_2D_test,B-Mode 2D,VALID_LESION_MASK,True,957,535,957,535,95942,18.739,C:\Users\PeaceD_Dung\Documents\Khóa luận\dataset\vinmec_ovarian\OTU_2D\test\image\804.JPG,C:\Users\PeaceD_Dung\Documents\Khóa luận\dataset\vinmec_ovarian\OTU_2D\test\label\black_write\804.PNG
OTU_2D_test_970,OTU_2D_test,B-Mode 2D,VALID_LESION_MASK,True,959,530,959,530,152915,30.085,C:\Users\PeaceD_Dung\Documents\Khóa luận\dataset\vinmec_ovarian\OTU_2D\test\image\970.JPG,C:\Users\PeaceD_Dung\Documents\Khóa luận\dataset\vinmec_ovarian\OTU_2D\test\label\black_write\970.PNG
OTU_CEUS_11,OTU_CEUS,CEUS,VALID_LESION_MASK,True,552,551,552,551,39197,12.887,C:\Users\PeaceD_Dung\Documents\Khóa luận\dataset\vinmec_ovarian\OTU_CEUS\image\11.JPG,C:\Users\PeaceD_Dung\Documents\Khóa luận\dataset\vinmec_ovarian\OTU_CEUS\label\11.PNG
OTU_2D_train_197,OTU_2D_train,B-Mode 2D,VALID_LESION_MASK,True,959,534,959,534,83354,16.277,C:\Users\PeaceD_Dung\Documents\Khóa luận\dataset\vinmec_ovarian\OTU_2D\train\train_image\197.JPG,C:\Users\PeaceD_Dung\Documents\Khóa luận\dataset\vinmec_ovarian\OTU_2D\train\train_label\label\197.PNG
OTU_2D_train_1441,OTU_2D_train,B-Mode 2D,VALID_LESION_MASK,True,960,528,960,528,17922,3.536,C:\Users\PeaceD_Dung\Documents\Khóa luận\dataset\vinmec_ovarian\OTU_2D\train\train_image\1441.JPG,C:\Users\PeaceD_Dung\Documents\Khóa luận\dataset\vinmec_ovarian\OTU_2D\train\train_label\label\1441.PNG
OTU_2D_test_394,OTU_2D_test,B-Mode 2D,VALID_LESION_MASK,True,958,531,958,531,76536,15.045,C:\Users\PeaceD_Dung\Documents\Khóa luận\dataset\vinmec_ovarian\OTU_2D\test\image\394.JPG,C:\Users\PeaceD_Dung\Documents\Khóa luận\dataset\vinmec_ovarian\OTU_2D\test\label\black_write\394.PNG
OTU_2D_train_670,OTU_2D_train,B-Mode 2D,VALID_LESION_MASK,True,1135,784,1135,784,231619,26.029,C:\Users\PeaceD_Dung\Documents\Khóa luận\dataset\vinmec_ovarian\OTU_2D\train\train_image\670.JPG,C:\Users\PeaceD_Dung\Documents\Khóa luận\dataset\vinmec_ovarian\OTU_2D\train\train_label\label\670.PNG
OTU_2D_test_248,OTU_2D_test,B-Mode 2D,VALID_LESION_MASK,True,480,529,480,529,62748,24.712,C:\Users\PeaceD_Dung\Documents\Khóa luận\dataset\vinmec_ovarian\OTU_2D\test\image\248.JPG,C:\Users\PeaceD_Dung\Documents\Khóa luận\dataset\vinmec_ovarian\OTU_2D\test\label\black_write\248.PNG
OTU_2D_train_612,OTU_2D_train,B-Mode 2D,VALID_LESION_MASK,True,964,548,964,548,102440,19.392,C:\Users\PeaceD_Dung\Documents\Khóa luận\dataset\vinmec_ovarian\OTU_2D\train\train_image\612.JPG,C:\Users\PeaceD_Dung\Documents\Khóa luận\dataset\vinmec_ovarian\OTU_2D\train\train_label\label\612.PNG
OTU_2D_test_1302,OTU_2D_test,B-Mode 2D,VALID_LESION_MASK,True,958,540,958,540,68530,13.247,C:\Users\PeaceD_Dung\Documents\Khóa luận\dataset\vinmec_ovarian\OTU_2D\test\image\1302.JPG,C:\Users\PeaceD_Dung\Documents\Khóa luận\dataset\vinmec_ovarian\OTU_2D\test\label\black_write\1302.PNG
OTU_2D_train_103,OTU_2D_train,B-Mode 2D,VALID_LESION_MASK,True,956,534,956,534,121691,23.837,C:\Users\PeaceD_Dung\Documents\Khóa luận\dataset\vinmec_ovarian\OTU_2D\train\train_image\103.JPG,C:\Users\PeaceD_Dung\Documents\Khóa luận\dataset\vinmec_ovarian\OTU_2D\train\train_label\label\103.PNG
OTU_2D_train_1153,OTU_2D_train,B-Mode 2D,VALID_LESION_MASK,True,1135,640,1135,640,144998,19.961,C:\Users\PeaceD_Dung\Documents\Khóa luận\dataset\vinmec_ovarian\OTU_2D\train\train_image\1153.JPG,C:\Users\PeaceD_Dung\Documents\Khóa luận\dataset\vinmec_ovarian\OTU_2D\train\train_label\label\1153.PNG
OTU_2D_train_859,OTU_2D_train,B-Mode 2D,VALID_LESION_MASK,True,956,537,956,537,85748,16.703,C:\Users\PeaceD_Dung\Documents\Khóa luận\dataset\vinmec_ovarian\OTU_2D\train\train_image\859.JPG,C:\Users\PeaceD_Dung\Documents\Khóa luận\dataset\vinmec_ovarian\OTU_2D\train\train_label\label\859.PNG
OTU_2D_test_600,OTU_2D_test,B-Mode 2D,VALID_LESION_MASK,True,569,607,569,607,21727,6.291,C:\Users\PeaceD_Dung\Documents\Khóa luận\dataset\vinmec_ovarian\OTU_2D\test\image\600.JPG,C:\Users\PeaceD_Dung\Documents\Khóa luận\dataset\vinmec_ovarian\OTU_2D\test\label\black_write\600.PNG
OTU_2D_train_999,OTU_2D_train,B-Mode 2D,VALID_LESION_MASK,True,958,529,958,529,78438,15.478,C:\Users\PeaceD_Dung\Documents\Khóa luận\dataset\vinmec_ovarian\OTU_2D\train\train_image\999.JPG,C:\Users\PeaceD_Dung\Documents\Khóa luận\dataset\vinmec_ovarian\OTU_2D\train\train_label\label\999.PNG
OTU_2D_train_291,OTU_2D_train,B-Mode 2D,VALID_LESION_MASK,True,495,531,495,531,34185,13.006,C:\Users\PeaceD_Dung\Documents\Khóa luận\dataset\vinmec_ovarian\OTU_2D\train\train_image\291.JPG,C:\Users\PeaceD_Dung\Documents\Khóa luận\dataset\vinmec_ovarian\OTU_2D\train\train_label\label\291.PNG
OTU_2D_train_59,OTU_2D_train,B-Mode 2D,VALID_LESION_MASK,True,957,608,957,608,192197,33.032,C:\Users\PeaceD_Dung\Documents\Khóa luận\dataset\vinmec_ovarian\OTU_2D\train\train_image\59.JPG,C:\Users\PeaceD_Dung\Documents\Khóa luận\dataset\vinmec_ovarian\OTU_2D\train\train_label\label\59.PNG
OTU_2D_train_376,OTU_2D_train,B-Mode 2D,VALID_LESION_MASK,True,480,535,480,535,32629,12.706,C:\Users\PeaceD_Dung\Documents\Khóa luận\dataset\vinmec_ovarian\OTU_2D\train\train_image\376.JPG,C:\Users\PeaceD_Dung\Documents\Khóa luận\dataset\vinmec_ovarian\OTU_2D\train\train_label\label\376.PNG
OTU_CEUS_19,OTU_CEUS,CEUS,VALID_LESION_MASK,True,554,546,554,546,80480,26.606,C:\Users\PeaceD_Dung\Documents\Khóa luận\dataset\vinmec_ovarian\OTU_CEUS\image\19.JPG,C:\Users\PeaceD_Dung\Documents\Khóa luận\dataset\vinmec_ovarian\OTU_CEUS\label\19.PNG
OTU_2D_train_360,OTU_2D_train,B-Mode 2D,VALID_LESION_MASK,True,964,534,964,534,137298,26.671,C:\Users\PeaceD_Dung\Documents\Khóa luận\dataset\vinmec_ovarian\OTU_2D\train\train_image\360.JPG,C:\Users\PeaceD_Dung\Documents\Khóa luận\dataset\vinmec_ovarian\OTU_2D\train\train_label\label\360.PNG
OTU_2D_test_253,OTU_2D_test,B-Mode 2D,VALID_LESION_MASK,True,959,532,959,532,69408,13.604,C:\Users\PeaceD_Dung\Documents\Khóa luận\dataset\vinmec_ovarian\OTU_2D\test\image\253.JPG,C:\Users\PeaceD_Dung\Documents\Khóa luận\dataset\vinmec_ovarian\OTU_2D\test\label\black_write\253.PNG
OTU_CEUS_84,OTU_CEUS,CEUS,VALID_LESION_MASK,True,369,366,369,366,35671,26.412,C:\Users\PeaceD_Dung\Documents\Khóa luận\dataset\vinmec_ovarian\OTU_CEUS\image\84.JPG,C:\Users\PeaceD_Dung\Documents\Khóa luận\dataset\vinmec_ovarian\OTU_CEUS\label\84.PNG
OTU_2D_train_716,OTU_2D_train,B-Mode 2D,VALID_LESION_MASK,True,481,551,481,551,7605,2.869,C:\Users\PeaceD_Dung\Documents\Khóa luận\dataset\vinmec_ovarian\OTU_2D\train\train_image\716.JPG,C:\Users\PeaceD_Dung\Documents\Khóa luận\dataset\vinmec_ovarian\OTU_2D\train\train_label\label\716.PNG
OTU_2D_train_53,OTU_2D_train,B-Mode 2D,VALID_LESION_MASK,True,1067,594,1067,594,145062,22.888,C:\Users\PeaceD_Dung\Documents\Khóa luận\dataset\vinmec_ovarian\OTU_2D\train\train_image\53.JPG,C:\Users\PeaceD_Dung\Documents\Khóa luận\dataset\vinmec_ovarian\OTU_2D\train\train_label\label\53.PNG
OTU_2D_train_940,OTU_2D_train,B-Mode 2D,VALID_LESION_MASK,True,568,588,568,588,16206,4.852,C:\Users\PeaceD_Dung\Documents\Khóa luận\dataset\vinmec_ovarian\OTU_2D\train\train_image\940.JPG,C:\Users\PeaceD_Dung\Documents\Khóa luận\dataset\vinmec_ovarian\OTU_2D\train\train_label\label\940.PNG
OTU_2D_train_975,OTU_2D_train,B-Mode 2D,VALID_LESION_MASK,True,478,530,478,530,9733,3.842,C:\Users\PeaceD_Dung\Documents\Khóa luận\dataset\vinmec_ovarian\OTU_2D\train\train_image\975.JPG,C:\Users\PeaceD_Dung\Documents\Khóa luận\dataset\vinmec_ovarian\OTU_2D\train\train_label\label\975.PNG
OTU_2D_test_1199,OTU_2D_test,B-Mode 2D,VALID_LESION_MASK,True,959,535,959,535,49307,9.61,C:\Users\PeaceD_Dung\Documents\Khóa luận\dataset\vinmec_ovarian\OTU_2D\test\image\1199.JPG,C:\Users\PeaceD_Dung\Documents\Khóa luận\dataset\vinmec_ovarian\OTU_2D\test\label\black_write\1199.PNG
OTU_2D_test_524,OTU_2D_test,B-Mode 2D,VALID_LESION_MASK,True,959,564,959,564,131818,24.371,C:\Users\PeaceD_Dung\Documents\Khóa luận\dataset\vinmec_ovarian\OTU_2D\test\image\524.JPG,C:\Users\PeaceD_Dung\Documents\Khóa luận\dataset\vinmec_ovarian\OTU_2D\test\label\black_write\524.PNG
OTU_2D_train_1163,OTU_2D_train,B-Mode 2D,VALID_LESION_MASK,True,961,535,961,535,66653,12.964,C:\Users\PeaceD_Dung\Documents\Khóa luận\dataset\vinmec_ovarian\OTU_2D\train\train_image\1163.JPG,C:\Users\PeaceD_Dung\Documents\Khóa luận\dataset\vinmec_ovarian\OTU_2D\train\train_label\label\1163.PNG
OTU_2D_train_23,OTU_2D_train,B-Mode 2D,VALID_LESION_MASK,True,480,533,480,533,75333,29.445,C:\Users\PeaceD_Dung\Documents\Khóa luận\dataset\vinmec_ovarian\OTU_2D\train\train_image\23.JPG,C:\Users\PeaceD_Dung\Documents\Khóa luận\dataset\vinmec_ovarian\OTU_2D\train\train_label\label\23.PNG
OTU_2D_train_166,OTU_2D_train,B-Mode 2D,VALID_LESION_MASK,True,480,537,480,537,7445,2.888,C:\Users\PeaceD_Dung\Documents\Khóa luận\dataset\vinmec_ovarian\OTU_2D\train\train_image\166.JPG,C:\Users\PeaceD_Dung\Documents\Khóa luận\dataset\vinmec_ovarian\OTU_2D\train\train_label\label\166.PNG
OTU_2D_train_596,OTU_2D_train,B-Mode 2D,VALID_LESION_MASK,True,494,537,494,537,28201,10.631,C:\Users\PeaceD_Dung\Documents\Khóa luận\dataset\vinmec_ovarian\OTU_2D\train\train_image\596.JPG,C:\Users\PeaceD_Dung\Documents\Khóa luận\dataset\vinmec_ovarian\OTU_2D\train\train_label\label\596.PNG
OTU_2D_test_1329,OTU_2D_test,B-Mode 2D,VALID_LESION_MASK,True,784,561,784,561,59596,13.55,C:\Users\PeaceD_Dung\Documents\Khóa luận\dataset\vinmec_ovarian\OTU_2D\test\image\1329.JPG,C:\Users\PeaceD_Dung\Documents\Khóa luận\dataset\vinmec_ovarian\OTU_2D\test\label\black_write\1329.PNG
OTU_2D_train_1380,OTU_2D_train,B-Mode 2D,VALID_LESION_MASK,True,959,545,959,545,61430,11.753,C:\Users\PeaceD_Dung\Documents\Khóa luận\dataset\vinmec_ovarian\OTU_2D\train\train_image\1380.JPG,C:\Users\PeaceD_Dung\Documents\Khóa luận\dataset\vinmec_ovarian\OTU_2D\train\train_label\label\1380.PNG
OTU_2D_train_593,OTU_2D_train,B-Mode 2D,VALID_LESION_MASK,True,478,543,478,543,20746,7.993,C:\Users\PeaceD_Dung\Documents\Khóa luận\dataset\vinmec_ovarian\OTU_2D\train\train_image\593.JPG,C:\Users\PeaceD_Dung\Documents\Khóa luận\dataset\vinmec_ovarian\OTU_2D\train\train_label\label\593.PNG
OTU_2D_train_415,OTU_2D_train,B-Mode 2D,VALID_LESION_MASK,True,876,595,876,595,80658,15.475,C:\Users\PeaceD_Dung\Documents\Khóa luận\dataset\vinmec_ovarian\OTU_2D\train\train_image\415.JPG,C:\Users\PeaceD_Dung\Documents\Khóa luận\dataset\vinmec_ovarian\OTU_2D\train\train_label\label\415.PNG
OTU_2D_train_736,OTU_2D_train,B-Mode 2D,VALID_LESION_MASK,True,498,546,498,546,5596,2.058,C:\Users\PeaceD_Dung\Documents\Khóa luận\dataset\vinmec_ovarian\OTU_2D\train\train_image\736.JPG,C:\Users\PeaceD_Dung\Documents\Khóa luận\dataset\vinmec_ovarian\OTU_2D\train\train_label\label\736.PNG
OTU_2D_test_385,OTU_2D_test,B-Mode 2D,VALID_LESION_MASK,True,548,584,548,584,35180,10.993,C:\Users\PeaceD_Dung\Documents\Khóa luận\dataset\vinmec_ovarian\OTU_2D\test\image\385.JPG,C:\Users\PeaceD_Dung\Documents\Khóa luận\dataset\vinmec_ovarian\OTU_2D\test\label\black_write\385.PNG
OTU_2D_train_455,OTU_2D_train,B-Mode 2D,VALID_LESION_MASK,True,961,531,961,531,62981,12.342,C:\Users\PeaceD_Dung\Documents\Khóa luận\dataset\vinmec_ovarian\OTU_2D\train\train_image\455.JPG,C:\Users\PeaceD_Dung\Documents\Khóa luận\dataset\vinmec_ovarian\OTU_2D\train\train_label\label\455.PNG
OTU_2D_train_946,OTU_2D_train,B-Mode 2D,VALID_LESION_MASK,True,566,581,566,581,41237,12.54,C:\Users\PeaceD_Dung\Documents\Khóa luận\dataset\vinmec_ovarian\OTU_2D\train\train_image\946.JPG,C:\Users\PeaceD_Dung\Documents\Khóa luận\dataset\vinmec_ovarian\OTU_2D\train\train_label\label\946.PNG
OTU_2D_train_172,OTU_2D_train,B-Mode 2D,VALID_LESION_MASK,True,958,534,958,534,52349,10.233,C:\Users\PeaceD_Dung\Documents\Khóa luận\dataset\vinmec_ovarian\OTU_2D\train\train_image\172.JPG,C:\Users\PeaceD_Dung\Documents\Khóa luận\dataset\vinmec_ovarian\OTU_2D\train\train_label\label\172.PNG
OTU_2D_train_49,OTU_2D_train,B-Mode 2D,VALID_LESION_MASK,True,846,614,846,614,76666,14.759,C:\Users\PeaceD_Dung\Documents\Khóa luận\dataset\vinmec_ovarian\OTU_2D\train\train_image\49.JPG,C:\Users\PeaceD_Dung\Documents\Khóa luận\dataset\vinmec_ovarian\OTU_2D\train\train_label\label\49.PNG
OTU_2D_train_1313,OTU_2D_train,B-Mode 2D,VALID_LESION_MASK,True,484,532,484,532,133361,51.793,C:\Users\PeaceD_Dung\Documents\Khóa luận\dataset\vinmec_ovarian\OTU_2D\train\train_image\1313.JPG,C:\Users\PeaceD_Dung\Documents\Khóa luận\dataset\vinmec_ovarian\OTU_2D\train\train_label\label\1313.PNG
OTU_CEUS_51,OTU_CEUS,CEUS,VALID_LESION_MASK,True,885,557,885,557,35776,7.258,C:\Users\PeaceD_Dung\Documents\Khóa luận\dataset\vinmec_ovarian\OTU_CEUS\image\51.JPG,C:\Users\PeaceD_Dung\Documents\Khóa luận\dataset\vinmec_ovarian\OTU_CEUS\label\51.PNG
OTU_2D_test_70,OTU_2D_test,B-Mode 2D,VALID_LESION_MASK,True,479,662,479,662,36389,11.476,C:\Users\PeaceD_Dung\Documents\Khóa luận\dataset\vinmec_ovarian\OTU_2D\test\image\70.JPG,C:\Users\PeaceD_Dung\Documents\Khóa luận\dataset\vinmec_ovarian\OTU_2D\test\label\black_write\70.PNG
OTU_2D_train_199,OTU_2D_train,B-Mode 2D,VALID_LESION_MASK,True,479,533,479,533,94907,37.174,C:\Users\PeaceD_Dung\Documents\Khóa luận\dataset\vinmec_ovarian\OTU_2D\train\train_image\199.JPG,C:\Users\PeaceD_Dung\Documents\Khóa luận\dataset\vinmec_ovarian\OTU_2D\train\train_label\label\199.PNG
OTU_2D_test_626,OTU_2D_test,B-Mode 2D,VALID_LESION_MASK,True,958,536,958,536,159514,31.065,C:\Users\PeaceD_Dung\Documents\Khóa luận\dataset\vinmec_ovarian\OTU_2D\test\image\626.JPG,C:\Users\PeaceD_Dung\Documents\Khóa luận\dataset\vinmec_ovarian\OTU_2D\test\label\black_write\626.PNG
OTU_2D_train_803,OTU_2D_train,B-Mode 2D,VALID_LESION_MASK,True,957,542,957,542,122376,23.593,C:\Users\PeaceD_Dung\Documents\Khóa luận\dataset\vinmec_ovarian\OTU_2D\train\train_image\803.JPG,C:\Users\PeaceD_Dung\Documents\Khóa luận\dataset\vinmec_ovarian\OTU_2D\train\train_label\label\803.PNG
OTU_2D_test_452,OTU_2D_test,B-Mode 2D,VALID_LESION_MASK,True,876,446,876,446,97303,24.905,C:\Users\PeaceD_Dung\Documents\Khóa luận\dataset\vinmec_ovarian\OTU_2D\test\image\452.JPG,C:\Users\PeaceD_Dung\Documents\Khóa luận\dataset\vinmec_ovarian\OTU_2D\test\label\black_write\452.PNG
OTU_CEUS_93,OTU_CEUS,CEUS,VALID_LESION_MASK,True,554,552,554,552,22256,7.278,C:\Users\PeaceD_Dung\Documents\Khóa luận\dataset\vinmec_ovarian\OTU_CEUS\image\93.JPG,C:\Users\PeaceD_Dung\Documents\Khóa luận\dataset\vinmec_ovarian\OTU_CEUS\label\93.PNG
OTU_2D_train_519,OTU_2D_train,B-Mode 2D,VALID_LESION_MASK,True,479,527,479,527,113585,44.996,C:\Users\PeaceD_Dung\Documents\Khóa luận\dataset\vinmec_ovarian\OTU_2D\train\train_image\519.JPG,C:\Users\PeaceD_Dung\Documents\Khóa luận\dataset\vinmec_ovarian\OTU_2D\train\train_label\label\519.PNG
OTU_2D_train_1060,OTU_2D_train,B-Mode 2D,VALID_LESION_MASK,True,963,520,963,520,53815,10.747,C:\Users\PeaceD_Dung\Documents\Khóa luận\dataset\vinmec_ovarian\OTU_2D\train\train_image\1060.JPG,C:\Users\PeaceD_Dung\Documents\Khóa luận\dataset\vinmec_ovarian\OTU_2D\train\train_label\label\1060.PNG
OTU_2D_test_993,OTU_2D_test,B-Mode 2D,VALID_LESION_MASK,True,481,526,481,526,96755,38.242,C:\Users\PeaceD_Dung\Documents\Khóa luận\dataset\vinmec_ovarian\OTU_2D\test\image\993.JPG,C:\Users\PeaceD_Dung\Documents\Khóa luận\dataset\vinmec_ovarian\OTU_2D\test\label\black_write\993.PNG
OTU_2D_test_636,OTU_2D_test,B-Mode 2D,VALID_LESION_MASK,True,566,651,566,651,10575,2.87,C:\Users\PeaceD_Dung\Documents\Khóa luận\dataset\vinmec_ovarian\OTU_2D\test\image\636.JPG,C:\Users\PeaceD_Dung\Documents\Khóa luận\dataset\vinmec_ovarian\OTU_2D\test\label\black_write\636.PNG
OTU_2D_train_1300,OTU_2D_train,B-Mode 2D,VALID_LESION_MASK,True,957,534,957,534,49934,9.771,C:\Users\PeaceD_Dung\Documents\Khóa luận\dataset\vinmec_ovarian\OTU_2D\train\train_image\1300.JPG,C:\Users\PeaceD_Dung\Documents\Khóa luận\dataset\vinmec_ovarian\OTU_2D\train\train_label\label\1300.PNG
OTU_2D_test_1214,OTU_2D_test,B-Mode 2D,VALID_LESION_MASK,True,957,536,957,536,61622,12.013,C:\Users\PeaceD_Dung\Documents\Khóa luận\dataset\vinmec_ovarian\OTU_2D\test\image\1214.JPG,C:\Users\PeaceD_Dung\Documents\Khóa luận\dataset\vinmec_ovarian\OTU_2D\test\label\black_write\1214.PNG
OTU_2D_test_48,OTU_2D_test,B-Mode 2D,VALID_LESION_MASK,True,568,592,568,592,110223,32.779,C:\Users\PeaceD_Dung\Documents\Khóa luận\dataset\vinmec_ovarian\OTU_2D\test\image\48.JPG,C:\Users\PeaceD_Dung\Documents\Khóa luận\dataset\vinmec_ovarian\OTU_2D\test\label\black_write\48.PNG
OTU_2D_test_644,OTU_2D_test,B-Mode 2D,VALID_LESION_MASK,True,971,553,971,553,50982,9.495,C:\Users\PeaceD_Dung\Documents\Khóa luận\dataset\vinmec_ovarian\OTU_2D\test\image\644.JPG,C:\Users\PeaceD_Dung\Documents\Khóa luận\dataset\vinmec_ovarian\OTU_2D\test\label\black_write\644.PNG
OTU_2D_train_1392,OTU_2D_train,B-Mode 2D,VALID_LESION_MASK,True,483,533,483,533,23565,9.154,C:\Users\PeaceD_Dung\Documents\Khóa luận\dataset\vinmec_ovarian\OTU_2D\train\train_image\1392.JPG,C:\Users\PeaceD_Dung\Documents\Khóa luận\dataset\vinmec_ovarian\OTU_2D\train\train_label\label\1392.PNG
OTU_2D_train_570,OTU_2D_train,B-Mode 2D,VALID_LESION_MASK,True,569,612,569,612,53000,15.22,C:\Users\PeaceD_Dung\Documents\Khóa luận\dataset\vinmec_ovarian\OTU_2D\train\train_image\570.JPG,C:\Users\PeaceD_Dung\Documents\Khóa luận\dataset\vinmec_ovarian\OTU_2D\train\train_label\label\570.PNG
OTU_2D_train_855,OTU_2D_train,B-Mode 2D,VALID_LESION_MASK,True,958,539,958,539,140172,27.146,C:\Users\PeaceD_Dung\Documents\Khóa luận\dataset\vinmec_ovarian\OTU_2D\train\train_image\855.JPG,C:\Users\PeaceD_Dung\Documents\Khóa luận\dataset\vinmec_ovarian\OTU_2D\train\train_label\label\855.PNG
OTU_2D_train_876,OTU_2D_train,B-Mode 2D,VALID_LESION_MASK,True,479,548,479,548,62939,23.977,C:\Users\PeaceD_Dung\Documents\Khóa luận\dataset\vinmec_ovarian\OTU_2D\train\train_image\876.JPG,C:\Users\PeaceD_Dung\Documents\Khóa luận\dataset\vinmec_ovarian\OTU_2D\train\train_label\label\876.PNG
OTU_2D_train_1100,OTU_2D_train,B-Mode 2D,VALID_LESION_MASK,True,1131,590,1131,590,46435,6.959,C:\Users\PeaceD_Dung\Documents\Khóa luận\dataset\vinmec_ovarian\OTU_2D\train\train_image\1100.JPG,C:\Users\PeaceD_Dung\Documents\Khóa luận\dataset\vinmec_ovarian\OTU_2D\train\train_label\label\1100.PNG
OTU_2D_train_848,OTU_2D_train,B-Mode 2D,VALID_LESION_MASK,True,958,539,958,539,83416,16.155,C:\Users\PeaceD_Dung\Documents\Khóa luận\dataset\vinmec_ovarian\OTU_2D\train\train_image\848.JPG,C:\Users\PeaceD_Dung\Documents\Khóa luận\dataset\vinmec_ovarian\OTU_2D\train\train_label\label\848.PNG
OTU_CEUS_25,OTU_CEUS,CEUS,VALID_LESION_MASK,True,563,549,563,549,26659,8.625,C:\Users\PeaceD_Dung\Documents\Khóa luận\dataset\vinmec_ovarian\OTU_CEUS\image\25.JPG,C:\Users\PeaceD_Dung\Documents\Khóa luận\dataset\vinmec_ovarian\OTU_CEUS\label\25.PNG
OTU_2D_test_476,OTU_2D_test,B-Mode 2D,VALID_LESION_MASK,True,958,534,958,534,16001,3.128,C:\Users\PeaceD_Dung\Documents\Khóa luận\dataset\vinmec_ovarian\OTU_2D\test\image\476.JPG,C:\Users\PeaceD_Dung\Documents\Khóa luận\dataset\vinmec_ovarian\OTU_2D\test\label\black_write\476.PNG
OTU_2D_test_5,OTU_2D_test,B-Mode 2D,VALID_LESION_MASK,True,1096,794,1096,794,16933,1.946,C:\Users\PeaceD_Dung\Documents\Khóa luận\dataset\vinmec_ovarian\OTU_2D\test\image\5.JPG,C:\Users\PeaceD_Dung\Documents\Khóa luận\dataset\vinmec_ovarian\OTU_2D\test\label\black_write\5.PNG
OTU_2D_train_1119,OTU_2D_train,B-Mode 2D,VALID_LESION_MASK,True,959,536,959,536,86778,16.882,C:\Users\PeaceD_Dung\Documents\Khóa luận\dataset\vinmec_ovarian\OTU_2D\train\train_image\1119.JPG,C:\Users\PeaceD_Dung\Documents\Khóa luận\dataset\vinmec_ovarian\OTU_2D\train\train_label\label\1119.PNG
OTU_2D_train_407,OTU_2D_train,B-Mode 2D,VALID_LESION_MASK,True,958,531,958,531,101976,20.046,C:\Users\PeaceD_Dung\Documents\Khóa luận\dataset\vinmec_ovarian\OTU_2D\train\train_image\407.JPG,C:\Users\PeaceD_Dung\Documents\Khóa luận\dataset\vinmec_ovarian\OTU_2D\train\train_label\label\407.PNG
OTU_2D_train_1250,OTU_2D_train,B-Mode 2D,VALID_LESION_MASK,True,569,544,569,544,76071,24.576,C:\Users\PeaceD_Dung\Documents\Khóa luận\dataset\vinmec_ovarian\OTU_2D\train\train_image\1250.JPG,C:\Users\PeaceD_Dung\Documents\Khóa luận\dataset\vinmec_ovarian\OTU_2D\train\train_label\label\1250.PNG
OTU_2D_test_387,OTU_2D_test,B-Mode 2D,VALID_LESION_MASK,True,905,534,905,534,55925,11.572,C:\Users\PeaceD_Dung\Documents\Khóa luận\dataset\vinmec_ovarian\OTU_2D\test\image\387.JPG,C:\Users\PeaceD_Dung\Documents\Khóa luận\dataset\vinmec_ovarian\OTU_2D\test\label\black_write\387.PNG
OTU_2D_train_223,OTU_2D_train,B-Mode 2D,VALID_LESION_MASK,True,878,444,878,444,76828,19.708,C:\Users\PeaceD_Dung\Documents\Khóa luận\dataset\vinmec_ovarian\OTU_2D\train\train_image\223.JPG,C:\Users\PeaceD_Dung\Documents\Khóa luận\dataset\vinmec_ovarian\OTU_2D\train\train_label\label\223.PNG
OTU_2D_train_900,OTU_2D_train,B-Mode 2D,VALID_LESION_MASK,True,478,526,478,526,80244,31.915,C:\Users\PeaceD_Dung\Documents\Khóa luận\dataset\vinmec_ovarian\OTU_2D\train\train_image\900.JPG,C:\Users\PeaceD_Dung\Documents\Khóa luận\dataset\vinmec_ovarian\OTU_2D\train\train_label\label\900.PNG
OTU_2D_test_1200,OTU_2D_test,B-Mode 2D,VALID_LESION_MASK,True,959,536,959,536,66189,12.877,C:\Users\PeaceD_Dung\Documents\Khóa luận\dataset\vinmec_ovarian\OTU_2D\test\image\1200.JPG,C:\Users\PeaceD_Dung\Documents\Khóa luận\dataset\vinmec_ovarian\OTU_2D\test\label\black_write\1200.PNG
OTU_2D_train_480,OTU_2D_train,B-Mode 2D,VALID_LESION_MASK,True,805,672,805,672,77065,14.246,C:\Users\PeaceD_Dung\Documents\Khóa luận\dataset\vinmec_ovarian\OTU_2D\train\train_image\480.JPG,C:\Users\PeaceD_Dung\Documents\Khóa luận\dataset\vinmec_ovarian\OTU_2D\train\train_label\label\480.PNG
OTU_2D_train_1294,OTU_2D_train,B-Mode 2D,VALID_LESION_MASK,True,958,536,958,536,6028,1.174,C:\Users\PeaceD_Dung\Documents\Khóa luận\dataset\vinmec_ovarian\OTU_2D\train\train_image\1294.JPG,C:\Users\PeaceD_Dung\Documents\Khóa luận\dataset\vinmec_ovarian\OTU_2D\train\train_label\label\1294.PNG
OTU_CEUS_145,OTU_CEUS,CEUS,VALID_LESION_MASK,True,442,437,442,437,61772,31.981,C:\Users\PeaceD_Dung\Documents\Khóa luận\dataset\vinmec_ovarian\OTU_CEUS\image\145.JPG,C:\Users\PeaceD_Dung\Documents\Khóa luận\dataset\vinmec_ovarian\OTU_CEUS\label\145.PNG
OTU_2D_train_797,OTU_2D_train,B-Mode 2D,VALID_LESION_MASK,True,954,542,954,542,42781,8.274,C:\Users\PeaceD_Dung\Documents\Khóa luận\dataset\vinmec_ovarian\OTU_2D\train\train_image\797.JPG,C:\Users\PeaceD_Dung\Documents\Khóa luận\dataset\vinmec_ovarian\OTU_2D\train\train_label\label\797.PNG
OTU_2D_train_1289,OTU_2D_train,B-Mode 2D,VALID_LESION_MASK,True,958,535,958,535,67248,13.121,C:\Users\PeaceD_Dung\Documents\Khóa luận\dataset\vinmec_ovarian\OTU_2D\train\train_image\1289.JPG,C:\Users\PeaceD_Dung\Documents\Khóa luận\dataset\vinmec_ovarian\OTU_2D\train\train_label\label\1289.PNG
OTU_2D_train_1326,OTU_2D_train,B-Mode 2D,VALID_LESION_MASK,True,483,539,483,539,136046,52.258,C:\Users\PeaceD_Dung\Documents\Khóa luận\dataset\vinmec_ovarian\OTU_2D\train\train_image\1326.JPG,C:\Users\PeaceD_Dung\Documents\Khóa luận\dataset\vinmec_ovarian\OTU_2D\train\train_label\label\1326.PNG
OTU_2D_train_1434,OTU_2D_train,B-Mode 2D,VALID_LESION_MASK,True,480,532,480,532,33889,13.271,C:\Users\PeaceD_Dung\Documents\Khóa luận\dataset\vinmec_ovarian\OTU_2D\train\train_image\1434.JPG,C:\Users\PeaceD_Dung\Documents\Khóa luận\dataset\vinmec_ovarian\OTU_2D\train\train_label\label\1434.PNG
OTU_2D_train_1245,OTU_2D_train,B-Mode 2D,VALID_LESION_MASK,True,959,535,959,535,63458,12.368,C:\Users\PeaceD_Dung\Documents\Khóa luận\dataset\vinmec_ovarian\OTU_2D\train\train_image\1245.JPG,C:\Users\PeaceD_Dung\Documents\Khóa luận\dataset\vinmec_ovarian\OTU_2D\train\train_label\label\1245.PNG
OTU_2D_test_864,OTU_2D_test,B-Mode 2D,VALID_LESION_MASK,True,972,541,972,541,122518,23.299,C:\Users\PeaceD_Dung\Documents\Khóa luận\dataset\vinmec_ovarian\OTU_2D\test\image\864.JPG,C:\Users\PeaceD_Dung\Documents\Khóa luận\dataset\vinmec_ovarian\OTU_2D\test\label\black_write\864.PNG
OTU_2D_test_952,OTU_2D_test,B-Mode 2D,VALID_LESION_MASK,True,566,583,566,583,29015,8.793,C:\Users\PeaceD_Dung\Documents\Khóa luận\dataset\vinmec_ovarian\OTU_2D\test\image\952.JPG,C:\Users\PeaceD_Dung\Documents\Khóa luận\dataset\vinmec_ovarian\OTU_2D\test\label\black_write\952.PNG
OTU_2D_test_225,OTU_2D_test,B-Mode 2D,VALID_LESION_MASK,True,479,444,479,444,107320,50.462,C:\Users\PeaceD_Dung\Documents\Khóa luận\dataset\vinmec_ovarian\OTU_2D\test\image\225.JPG,C:\Users\PeaceD_Dung\Documents\Khóa luận\dataset\vinmec_ovarian\OTU_2D\test\label\black_write\225.PNG
OTU_2D_train_724,OTU_2D_train,B-Mode 2D,VALID_LESION_MASK,True,481,563,481,563,8255,3.048,C:\Users\PeaceD_Dung\Documents\Khóa luận\dataset\vinmec_ovarian\OTU_2D\train\train_image\724.JPG,C:\Users\PeaceD_Dung\Documents\Khóa luận\dataset\vinmec_ovarian\OTU_2D\train\train_label\label\724.PNG
OTU_2D_train_280,OTU_2D_train,B-Mode 2D,VALID_LESION_MASK,True,958,532,958,532,127446,25.006,C:\Users\PeaceD_Dung\Documents\Khóa luận\dataset\vinmec_ovarian\OTU_2D\train\train_image\280.JPG,C:\Users\PeaceD_Dung\Documents\Khóa luận\dataset\vinmec_ovarian\OTU_2D\train\train_label\label\280.PNG
OTU_2D_train_132,OTU_2D_train,B-Mode 2D,VALID_LESION_MASK,True,477,555,477,555,78433,29.627,C:\Users\PeaceD_Dung\Documents\Khóa luận\dataset\vinmec_ovarian\OTU_2D\train\train_image\132.JPG,C:\Users\PeaceD_Dung\Documents\Khóa luận\dataset\vinmec_ovarian\OTU_2D\train\train_label\label\132.PNG
OTU_2D_test_535,OTU_2D_test,B-Mode 2D,VALID_LESION_MASK,True,477,558,477,558,41647,15.647,C:\Users\PeaceD_Dung\Documents\Khóa luận\dataset\vinmec_ovarian\OTU_2D\test\image\535.JPG,C:\Users\PeaceD_Dung\Documents\Khóa luận\dataset\vinmec_ovarian\OTU_2D\test\label\black_write\535.PNG
OTU_CEUS_163,OTU_CEUS,CEUS,VALID_LESION_MASK,True,338,357,338,357,17399,14.419,C:\Users\PeaceD_Dung\Documents\Khóa luận\dataset\vinmec_ovarian\OTU_CEUS\image\163.JPG,C:\Users\PeaceD_Dung\Documents\Khóa luận\dataset\vinmec_ovarian\OTU_CEUS\label\163.PNG
OTU_2D_test_392,OTU_2D_test,B-Mode 2D,VALID_LESION_MASK,True,957,530,957,530,21782,4.294,C:\Users\PeaceD_Dung\Documents\Khóa luận\dataset\vinmec_ovarian\OTU_2D\test\image\392.JPG,C:\Users\PeaceD_Dung\Documents\Khóa luận\dataset\vinmec_ovarian\OTU_2D\test\label\black_write\392.PNG
OTU_2D_train_1142,OTU_2D_train,B-Mode 2D,VALID_LESION_MASK,True,958,530,958,530,30812,6.068,C:\Users\PeaceD_Dung\Documents\Khóa luận\dataset\vinmec_ovarian\OTU_2D\train\train_image\1142.JPG,C:\Users\PeaceD_Dung\Documents\Khóa luận\dataset\vinmec_ovarian\OTU_2D\train\train_label\label\1142.PNG
OTU_2D_train_1282,OTU_2D_train,B-Mode 2D,VALID_LESION_MASK,True,1116,588,1116,588,50738,7.732,C:\Users\PeaceD_Dung\Documents\Khóa luận\dataset\vinmec_ovarian\OTU_2D\train\train_image\1282.JPG,C:\Users\PeaceD_Dung\Documents\Khóa luận\dataset\vinmec_ovarian\OTU_2D\train\train_label\label\1282.PNG
OTU_2D_train_986,OTU_2D_train,B-Mode 2D,VALID_LESION_MASK,True,567,585,567,585,22074,6.655,C:\Users\PeaceD_Dung\Documents\Khóa luận\dataset\vinmec_ovarian\OTU_2D\train\train_image\986.JPG,C:\Users\PeaceD_Dung\Documents\Khóa luận\dataset\vinmec_ovarian\OTU_2D\train\train_label\label\986.PNG
OTU_2D_train_885,OTU_2D_train,B-Mode 2D,VALID_LESION_MASK,True,1127,580,1127,580,47943,7.335,C:\Users\PeaceD_Dung\Documents\Khóa luận\dataset\vinmec_ovarian\OTU_2D\train\train_image\885.JPG,C:\Users\PeaceD_Dung\Documents\Khóa luận\dataset\vinmec_ovarian\OTU_2D\train\train_label\label\885.PNG
OTU_CEUS_70,OTU_CEUS,CEUS,VALID_LESION_MASK,True,549,553,549,553,82775,27.265,C:\Users\PeaceD_Dung\Documents\Khóa luận\dataset\vinmec_ovarian\OTU_CEUS\image\70.JPG,C:\Users\PeaceD_Dung\Documents\Khóa luận\dataset\vinmec_ovarian\OTU_CEUS\label\70.PNG
OTU_2D_train_200,OTU_2D_train,B-Mode 2D,VALID_LESION_MASK,True,480,531,480,531,84771,33.259,C:\Users\PeaceD_Dung\Documents\Khóa luận\dataset\vinmec_ovarian\OTU_2D\train\train_image\200.JPG,C:\Users\PeaceD_Dung\Documents\Khóa luận\dataset\vinmec_ovarian\OTU_2D\train\train_label\label\200.PNG
OTU_2D_test_700,OTU_2D_test,B-Mode 2D,VALID_LESION_MASK,True,958,557,958,557,169483,31.762,C:\Users\PeaceD_Dung\Documents\Khóa luận\dataset\vinmec_ovarian\OTU_2D\test\image\700.JPG,C:\Users\PeaceD_Dung\Documents\Khóa luận\dataset\vinmec_ovarian\OTU_2D\test\label\black_write\700.PNG
OTU_2D_train_1145,OTU_2D_train,B-Mode 2D,VALID_LESION_MASK,True,481,539,481,539,66651,25.708,C:\Users\PeaceD_Dung\Documents\Khóa luận\dataset\vinmec_ovarian\OTU_2D\train\train_image\1145.JPG,C:\Users\PeaceD_Dung\Documents\Khóa luận\dataset\vinmec_ovarian\OTU_2D\train\train_label\label\1145.PNG
OTU_2D_train_55,OTU_2D_train,B-Mode 2D,VALID_LESION_MASK,True,548,624,548,624,104664,30.608,C:\Users\PeaceD_Dung\Documents\Khóa luận\dataset\vinmec_ovarian\OTU_2D\train\train_image\55.JPG,C:\Users\PeaceD_Dung\Documents\Khóa luận\dataset\vinmec_ovarian\OTU_2D\train\train_label\label\55.PNG
OTU_2D_train_72,OTU_2D_train,B-Mode 2D,VALID_LESION_MASK,True,959,535,959,535,88484,17.246,C:\Users\PeaceD_Dung\Documents\Khóa luận\dataset\vinmec_ovarian\OTU_2D\train\train_image\72.JPG,C:\Users\PeaceD_Dung\Documents\Khóa luận\dataset\vinmec_ovarian\OTU_2D\train\train_label\label\72.PNG
OTU_2D_train_607,OTU_2D_train,B-Mode 2D,VALID_LESION_MASK,True,958,561,958,561,85023,15.82,C:\Users\PeaceD_Dung\Documents\Khóa luận\dataset\vinmec_ovarian\OTU_2D\train\train_image\607.JPG,C:\Users\PeaceD_Dung\Documents\Khóa luận\dataset\vinmec_ovarian\OTU_2D\train\train_label\label\607.PNG
OTU_2D_train_984,OTU_2D_train,B-Mode 2D,VALID_LESION_MASK,True,569,590,569,590,10809,3.22,C:\Users\PeaceD_Dung\Documents\Khóa luận\dataset\vinmec_ovarian\OTU_2D\train\train_image\984.JPG,C:\Users\PeaceD_Dung\Documents\Khóa luận\dataset\vinmec_ovarian\OTU_2D\train\train_label\label\984.PNG
OTU_2D_train_1183,OTU_2D_train,B-Mode 2D,VALID_LESION_MASK,True,1121,591,1121,591,160307,24.197,C:\Users\PeaceD_Dung\Documents\Khóa luận\dataset\vinmec_ovarian\OTU_2D\train\train_image\1183.JPG,C:\Users\PeaceD_Dung\Documents\Khóa luận\dataset\vinmec_ovarian\OTU_2D\train\train_label\label\1183.PNG
OTU_2D_train_404,OTU_2D_train,B-Mode 2D,VALID_LESION_MASK,True,958,532,958,532,180741,35.463,C:\Users\PeaceD_Dung\Documents\Khóa luận\dataset\vinmec_ovarian\OTU_2D\train\train_image\404.JPG,C:\Users\PeaceD_Dung\Documents\Khóa luận\dataset\vinmec_ovarian\OTU_2D\train\train_label\label\404.PNG
OTU_2D_train_1155,OTU_2D_train,B-Mode 2D,VALID_LESION_MASK,True,1135,638,1135,638,172085,23.764,C:\Users\PeaceD_Dung\Documents\Khóa luận\dataset\vinmec_ovarian\OTU_2D\train\train_image\1155.JPG,C:\Users\PeaceD_Dung\Documents\Khóa luận\dataset\vinmec_ovarian\OTU_2D\train\train_label\label\1155.PNG
OTU_2D_test_464,OTU_2D_test,B-Mode 2D,VALID_LESION_MASK,True,959,530,959,530,53459,10.518,C:\Users\PeaceD_Dung\Documents\Khóa luận\dataset\vinmec_ovarian\OTU_2D\test\image\464.JPG,C:\Users\PeaceD_Dung\Documents\Khóa luận\dataset\vinmec_ovarian\OTU_2D\test\label\black_write\464.PNG
OTU_2D_train_43,OTU_2D_train,B-Mode 2D,VALID_LESION_MASK,True,481,534,481,534,84588,32.932,C:\Users\PeaceD_Dung\Documents\Khóa luận\dataset\vinmec_ovarian\OTU_2D\train\train_image\43.JPG,C:\Users\PeaceD_Dung\Documents\Khóa luận\dataset\vinmec_ovarian\OTU_2D\train\train_label\label\43.PNG
OTU_2D_train_1286,OTU_2D_train,B-Mode 2D,VALID_LESION_MASK,True,569,592,569,592,64254,19.075,C:\Users\PeaceD_Dung\Documents\Khóa luận\dataset\vinmec_ovarian\OTU_2D\train\train_image\1286.JPG,C:\Users\PeaceD_Dung\Documents\Khóa luận\dataset\vinmec_ovarian\OTU_2D\train\train_label\label\1286.PNG
OTU_2D_train_698,OTU_2D_train,B-Mode 2D,VALID_LESION_MASK,True,852,613,852,613,77759,14.888,C:\Users\PeaceD_Dung\Documents\Khóa luận\dataset\vinmec_ovarian\OTU_2D\train\train_image\698.JPG,C:\Users\PeaceD_Dung\Documents\Khóa luận\dataset\vinmec_ovarian\OTU_2D\train\train_label\label\698.PNG
OTU_2D_train_992,OTU_2D_train,B-Mode 2D,VALID_LESION_MASK,True,723,542,723,542,71628,18.279,C:\Users\PeaceD_Dung\Documents\Khóa luận\dataset\vinmec_ovarian\OTU_2D\train\train_image\992.JPG,C:\Users\PeaceD_Dung\Documents\Khóa luận\dataset\vinmec_ovarian\OTU_2D\train\train_label\label\992.PNG
OTU_2D_train_982,OTU_2D_train,B-Mode 2D,VALID_LESION_MASK,True,1135,588,1135,588,24311,3.643,C:\Users\PeaceD_Dung\Documents\Khóa luận\dataset\vinmec_ovarian\OTU_2D\train\train_image\982.JPG,C:\Users\PeaceD_Dung\Documents\Khóa luận\dataset\vinmec_ovarian\OTU_2D\train\train_label\label\982.PNG
OTU_2D_test_906,OTU_2D_test,B-Mode 2D,VALID_LESION_MASK,True,968,532,968,532,118506,23.012,C:\Users\PeaceD_Dung\Documents\Khóa luận\dataset\vinmec_ovarian\OTU_2D\test\image\906.JPG,C:\Users\PeaceD_Dung\Documents\Khóa luận\dataset\vinmec_ovarian\OTU_2D\test\label\black_write\906.PNG
OTU_2D_test_934,OTU_2D_test,B-Mode 2D,VALID_LESION_MASK,True,568,587,568,587,28436,8.529,C:\Users\PeaceD_Dung\Documents\Khóa luận\dataset\vinmec_ovarian\OTU_2D\test\image\934.JPG,C:\Users\PeaceD_Dung\Documents\Khóa luận\dataset\vinmec_ovarian\OTU_2D\test\label\black_write\934.PNG
OTU_2D_train_375,OTU_2D_train,B-Mode 2D,VALID_LESION_MASK,True,479,535,479,535,58803,22.946,C:\Users\PeaceD_Dung\Documents\Khóa luận\dataset\vinmec_ovarian\OTU_2D\train\train_image\375.JPG,C:\Users\PeaceD_Dung\Documents\Khóa luận\dataset\vinmec_ovarian\OTU_2D\train\train_label\label\375.PNG
OTU_2D_train_357,OTU_2D_train,B-Mode 2D,VALID_LESION_MASK,True,480,533,480,533,13815,5.4,C:\Users\PeaceD_Dung\Documents\Khóa luận\dataset\vinmec_ovarian\OTU_2D\train\train_image\357.JPG,C:\Users\PeaceD_Dung\Documents\Khóa luận\dataset\vinmec_ovarian\OTU_2D\train\train_label\label\357.PNG
OTU_2D_train_871,OTU_2D_train,B-Mode 2D,VALID_LESION_MASK,True,956,544,956,544,55115,10.598,C:\Users\PeaceD_Dung\Documents\Khóa luận\dataset\vinmec_ovarian\OTU_2D\train\train_image\871.JPG,C:\Users\PeaceD_Dung\Documents\Khóa luận\dataset\vinmec_ovarian\OTU_2D\train\train_label\label\871.PNG
OTU_2D_train_860,OTU_2D_train,B-Mode 2D,VALID_LESION_MASK,True,959,541,959,541,75680,14.587,C:\Users\PeaceD_Dung\Documents\Khóa luận\dataset\vinmec_ovarian\OTU_2D\train\train_image\860.JPG,C:\Users\PeaceD_Dung\Documents\Khóa luận\dataset\vinmec_ovarian\OTU_2D\train\train_label\label\860.PNG
OTU_2D_train_1144,OTU_2D_train,B-Mode 2D,VALID_LESION_MASK,True,959,528,959,528,26732,5.279,C:\Users\PeaceD_Dung\Documents\Khóa luận\dataset\vinmec_ovarian\OTU_2D\train\train_image\1144.JPG,C:\Users\PeaceD_Dung\Documents\Khóa luận\dataset\vinmec_ovarian\OTU_2D\train\train_label\label\1144.PNG
OTU_2D_train_428,OTU_2D_train,B-Mode 2D,VALID_LESION_MASK,True,482,270,482,270,9972,7.663,C:\Users\PeaceD_Dung\Documents\Khóa luận\dataset\vinmec_ovarian\OTU_2D\train\train_image\428.JPG,C:\Users\PeaceD_Dung\Documents\Khóa luận\dataset\vinmec_ovarian\OTU_2D\train\train_label\label\428.PNG
OTU_2D_test_391,OTU_2D_test,B-Mode 2D,VALID_LESION_MASK,True,959,535,959,535,30194,5.885,C:\Users\PeaceD_Dung\Documents\Khóa luận\dataset\vinmec_ovarian\OTU_2D\test\image\391.JPG,C:\Users\PeaceD_Dung\Documents\Khóa luận\dataset\vinmec_ovarian\OTU_2D\test\label\black_write\391.PNG
OTU_2D_train_402,OTU_2D_train,B-Mode 2D,VALID_LESION_MASK,True,846,616,846,616,46488,8.921,C:\Users\PeaceD_Dung\Documents\Khóa luận\dataset\vinmec_ovarian\OTU_2D\train\train_image\402.JPG,C:\Users\PeaceD_Dung\Documents\Khóa luận\dataset\vinmec_ovarian\OTU_2D\train\train_label\label\402.PNG
OTU_2D_train_1072,OTU_2D_train,B-Mode 2D,VALID_LESION_MASK,True,959,527,959,527,135218,26.755,C:\Users\PeaceD_Dung\Documents\Khóa luận\dataset\vinmec_ovarian\OTU_2D\train\train_image\1072.JPG,C:\Users\PeaceD_Dung\Documents\Khóa luận\dataset\vinmec_ovarian\OTU_2D\train\train_label\label\1072.PNG
OTU_2D_test_894,OTU_2D_test,B-Mode 2D,VALID_LESION_MASK,True,954,526,954,526,54759,10.912,C:\Users\PeaceD_Dung\Documents\Khóa luận\dataset\vinmec_ovarian\OTU_2D\test\image\894.JPG,C:\Users\PeaceD_Dung\Documents\Khóa luận\dataset\vinmec_ovarian\OTU_2D\test\label\black_write\894.PNG
OTU_2D_test_504,OTU_2D_test,B-Mode 2D,VALID_LESION_MASK,True,477,559,477,559,15600,5.851,C:\Users\PeaceD_Dung\Documents\Khóa luận\dataset\vinmec_ovarian\OTU_2D\test\image\504.JPG,C:\Users\PeaceD_Dung\Documents\Khóa luận\dataset\vinmec_ovarian\OTU_2D\test\label\black_write\504.PNG
OTU_2D_test_679,OTU_2D_test,B-Mode 2D,VALID_LESION_MASK,True,495,557,495,557,3052,1.107,C:\Users\PeaceD_Dung\Documents\Khóa luận\dataset\vinmec_ovarian\OTU_2D\test\image\679.JPG,C:\Users\PeaceD_Dung\Documents\Khóa luận\dataset\vinmec_ovarian\OTU_2D\test\label\black_write\679.PNG
OTU_2D_train_605,OTU_2D_train,B-Mode 2D,VALID_LESION_MASK,True,958,562,958,562,44687,8.3,C:\Users\PeaceD_Dung\Documents\Khóa luận\dataset\vinmec_ovarian\OTU_2D\train\train_image\605.JPG,C:\Users\PeaceD_Dung\Documents\Khóa luận\dataset\vinmec_ovarian\OTU_2D\train\train_label\label\605.PNG
OTU_2D_test_371,OTU_2D_test,B-Mode 2D,VALID_LESION_MASK,True,803,671,803,671,85796,15.923,C:\Users\PeaceD_Dung\Documents\Khóa luận\dataset\vinmec_ovarian\OTU_2D\test\image\371.JPG,C:\Users\PeaceD_Dung\Documents\Khóa luận\dataset\vinmec_ovarian\OTU_2D\test\label\black_write\371.PNG
OTU_2D_test_255,OTU_2D_test,B-Mode 2D,VALID_LESION_MASK,True,481,536,481,536,63935,24.799,C:\Users\PeaceD_Dung\Documents\Khóa luận\dataset\vinmec_ovarian\OTU_2D\test\image\255.JPG,C:\Users\PeaceD_Dung\Documents\Khóa luận\dataset\vinmec_ovarian\OTU_2D\test\label\black_write\255.PNG
OTU_2D_train_565,OTU_2D_train,B-Mode 2D,VALID_LESION_MASK,True,482,550,482,550,19508,7.359,C:\Users\PeaceD_Dung\Documents\Khóa luận\dataset\vinmec_ovarian\OTU_2D\train\train_image\565.JPG,C:\Users\PeaceD_Dung\Documents\Khóa luận\dataset\vinmec_ovarian\OTU_2D\train\train_label\label\565.PNG
OTU_2D_train_321,OTU_2D_train,B-Mode 2D,VALID_LESION_MASK,True,959,529,959,529,98099,19.337,C:\Users\PeaceD_Dung\Documents\Khóa luận\dataset\vinmec_ovarian\OTU_2D\train\train_image\321.JPG,C:\Users\PeaceD_Dung\Documents\Khóa luận\dataset\vinmec_ovarian\OTU_2D\train\train_label\label\321.PNG
OTU_2D_train_1216,OTU_2D_train,B-Mode 2D,VALID_LESION_MASK,True,959,530,959,530,8184,1.61,C:\Users\PeaceD_Dung\Documents\Khóa luận\dataset\vinmec_ovarian\OTU_2D\train\train_image\1216.JPG,C:\Users\PeaceD_Dung\Documents\Khóa luận\dataset\vinmec_ovarian\OTU_2D\train\train_label\label\1216.PNG
OTU_2D_test_89,OTU_2D_test,B-Mode 2D,VALID_LESION_MASK,True,958,531,958,531,154637,30.399,C:\Users\PeaceD_Dung\Documents\Khóa luận\dataset\vinmec_ovarian\OTU_2D\test\image\89.JPG,C:\Users\PeaceD_Dung\Documents\Khóa luận\dataset\vinmec_ovarian\OTU_2D\test\label\black_write\89.PNG
OTU_CEUS_58,OTU_CEUS,CEUS,VALID_LESION_MASK,True,551,597,551,597,74145,22.54,C:\Users\PeaceD_Dung\Documents\Khóa luận\dataset\vinmec_ovarian\OTU_CEUS\image\58.JPG,C:\Users\PeaceD_Dung\Documents\Khóa luận\dataset\vinmec_ovarian\OTU_CEUS\label\58.PNG
OTU_2D_train_489,OTU_2D_train,B-Mode 2D,VALID_LESION_MASK,True,569,714,569,714,151128,37.199,C:\Users\PeaceD_Dung\Documents\Khóa luận\dataset\vinmec_ovarian\OTU_2D\train\train_image\489.JPG,C:\Users\PeaceD_Dung\Documents\Khóa luận\dataset\vinmec_ovarian\OTU_2D\train\train_label\label\489.PNG
OTU_CEUS_142,OTU_CEUS,CEUS,VALID_LESION_MASK,True,553,550,553,550,36286,11.93,C:\Users\PeaceD_Dung\Documents\Khóa luận\dataset\vinmec_ovarian\OTU_CEUS\image\142.JPG,C:\Users\PeaceD_Dung\Documents\Khóa luận\dataset\vinmec_ovarian\OTU_CEUS\label\142.PNG
OTU_CEUS_125,OTU_CEUS,CEUS,VALID_LESION_MASK,True,550,552,550,552,56229,18.521,C:\Users\PeaceD_Dung\Documents\Khóa luận\dataset\vinmec_ovarian\OTU_CEUS\image\125.JPG,C:\Users\PeaceD_Dung\Documents\Khóa luận\dataset\vinmec_ovarian\OTU_CEUS\label\125.PNG
OTU_CEUS_109,OTU_CEUS,CEUS,VALID_LESION_MASK,True,336,417,336,417,46821,33.417,C:\Users\PeaceD_Dung\Documents\Khóa luận\dataset\vinmec_ovarian\OTU_CEUS\image\109.JPG,C:\Users\PeaceD_Dung\Documents\Khóa luận\dataset\vinmec_ovarian\OTU_CEUS\label\109.PNG
OTU_CEUS_8,OTU_CEUS,CEUS,VALID_LESION_MASK,True,581,576,581,576,110019,32.875,C:\Users\PeaceD_Dung\Documents\Khóa luận\dataset\vinmec_ovarian\OTU_CEUS\image\8.JPG,C:\Users\PeaceD_Dung\Documents\Khóa luận\dataset\vinmec_ovarian\OTU_CEUS\label\8.PNG
OTU_2D_train_799,OTU_2D_train,B-Mode 2D,VALID_LESION_MASK,True,957,541,957,541,37975,7.335,C:\Users\PeaceD_Dung\Documents\Khóa luận\dataset\vinmec_ovarian\OTU_2D\train\train_image\799.JPG,C:\Users\PeaceD_Dung\Documents\Khóa luận\dataset\vinmec_ovarian\OTU_2D\train\train_label\label\799.PNG
OTU_2D_test_816,OTU_2D_test,B-Mode 2D,VALID_LESION_MASK,True,972,549,972,549,30137,5.648,C:\Users\PeaceD_Dung\Documents\Khóa luận\dataset\vinmec_ovarian\OTU_2D\test\image\816.JPG,C:\Users\PeaceD_Dung\Documents\Khóa luận\dataset\vinmec_ovarian\OTU_2D\test\label\black_write\816.PNG
OTU_2D_train_1350,OTU_2D_train,B-Mode 2D,VALID_LESION_MASK,True,571,587,571,587,6597,1.968,C:\Users\PeaceD_Dung\Documents\Khóa luận\dataset\vinmec_ovarian\OTU_2D\train\train_image\1350.JPG,C:\Users\PeaceD_Dung\Documents\Khóa luận\dataset\vinmec_ovarian\OTU_2D\train\train_label\label\1350.PNG
OTU_CEUS_85,OTU_CEUS,CEUS,VALID_LESION_MASK,True,365,370,365,370,35970,26.635,C:\Users\PeaceD_Dung\Documents\Khóa luận\dataset\vinmec_ovarian\OTU_CEUS\image\85.JPG,C:\Users\PeaceD_Dung\Documents\Khóa luận\dataset\vinmec_ovarian\OTU_CEUS\label\85.PNG
OTU_2D_train_1334,OTU_2D_train,B-Mode 2D,VALID_LESION_MASK,True,1121,591,1121,591,89951,13.577,C:\Users\PeaceD_Dung\Documents\Khóa luận\dataset\vinmec_ovarian\OTU_2D\train\train_image\1334.JPG,C:\Users\PeaceD_Dung\Documents\Khóa luận\dataset\vinmec_ovarian\OTU_2D\train\train_label\label\1334.PNG
OTU_2D_train_1008,OTU_2D_train,B-Mode 2D,VALID_LESION_MASK,True,954,530,954,530,14481,2.864,C:\Users\PeaceD_Dung\Documents\Khóa luận\dataset\vinmec_ovarian\OTU_2D\train\train_image\1008.JPG,C:\Users\PeaceD_Dung\Documents\Khóa luận\dataset\vinmec_ovarian\OTU_2D\train\train_label\label\1008.PNG
OTU_2D_train_110,OTU_2D_train,B-Mode 2D,VALID_LESION_MASK,True,959,533,959,533,9086,1.778,C:\Users\PeaceD_Dung\Documents\Khóa luận\dataset\vinmec_ovarian\OTU_2D\train\train_image\110.JPG,C:\Users\PeaceD_Dung\Documents\Khóa luận\dataset\vinmec_ovarian\OTU_2D\train\train_label\label\110.PNG
OTU_2D_test_1308,OTU_2D_test,B-Mode 2D,VALID_LESION_MASK,True,962,616,962,616,97246,16.41,C:\Users\PeaceD_Dung\Documents\Khóa luận\dataset\vinmec_ovarian\OTU_2D\test\image\1308.JPG,C:\Users\PeaceD_Dung\Documents\Khóa luận\dataset\vinmec_ovarian\OTU_2D\test\label\black_write\1308.PNG
OTU_2D_train_1372,OTU_2D_train,B-Mode 2D,VALID_LESION_MASK,True,483,536,483,536,60882,23.517,C:\Users\PeaceD_Dung\Documents\Khóa luận\dataset\vinmec_ovarian\OTU_2D\train\train_image\1372.JPG,C:\Users\PeaceD_Dung\Documents\Khóa luận\dataset\vinmec_ovarian\OTU_2D\train\train_label\label\1372.PNG
OTU_CEUS_132,OTU_CEUS,CEUS,VALID_LESION_MASK,True,585,571,585,571,65264,19.538,C:\Users\PeaceD_Dung\Documents\Khóa luận\dataset\vinmec_ovarian\OTU_CEUS\image\132.JPG,C:\Users\PeaceD_Dung\Documents\Khóa luận\dataset\vinmec_ovarian\OTU_CEUS\label\132.PNG
OTU_2D_test_792,OTU_2D_test,B-Mode 2D,VALID_LESION_MASK,True,568,616,568,616,66638,19.046,C:\Users\PeaceD_Dung\Documents\Khóa luận\dataset\vinmec_ovarian\OTU_2D\test\image\792.JPG,C:\Users\PeaceD_Dung\Documents\Khóa luận\dataset\vinmec_ovarian\OTU_2D\test\label\black_write\792.PNG
OTU_2D_train_559,OTU_2D_train,B-Mode 2D,VALID_LESION_MASK,True,566,603,566,603,105624,30.948,C:\Users\PeaceD_Dung\Documents\Khóa luận\dataset\vinmec_ovarian\OTU_2D\train\train_image\559.JPG,C:\Users\PeaceD_Dung\Documents\Khóa luận\dataset\vinmec_ovarian\OTU_2D\train\train_label\label\559.PNG
OTU_CEUS_88,OTU_CEUS,CEUS,VALID_LESION_MASK,True,558,553,558,553,31424,10.184,C:\Users\PeaceD_Dung\Documents\Khóa luận\dataset\vinmec_ovarian\OTU_CEUS\image\88.JPG,C:\Users\PeaceD_Dung\Documents\Khóa luận\dataset\vinmec_ovarian\OTU_CEUS\label\88.PNG
OTU_2D_train_160,OTU_2D_train,B-Mode 2D,VALID_LESION_MASK,True,484,533,484,533,64196,24.885,C:\Users\PeaceD_Dung\Documents\Khóa luận\dataset\vinmec_ovarian\OTU_2D\train\train_image\160.JPG,C:\Users\PeaceD_Dung\Documents\Khóa luận\dataset\vinmec_ovarian\OTU_2D\train\train_label\label\160.PNG
OTU_2D_train_119,OTU_2D_train,B-Mode 2D,VALID_LESION_MASK,True,480,530,480,530,57643,22.658,C:\Users\PeaceD_Dung\Documents\Khóa luận\dataset\vinmec_ovarian\OTU_2D\train\train_image\119.JPG,C:\Users\PeaceD_Dung\Documents\Khóa luận\dataset\vinmec_ovarian\OTU_2D\train\train_label\label\119.PNG
OTU_2D_test_1130,OTU_2D_test,B-Mode 2D,VALID_LESION_MASK,True,957,531,957,531,10460,2.058,C:\Users\PeaceD_Dung\Documents\Khóa luận\dataset\vinmec_ovarian\OTU_2D\test\image\1130.JPG,C:\Users\PeaceD_Dung\Documents\Khóa luận\dataset\vinmec_ovarian\OTU_2D\test\label\black_write\1130.PNG
OTU_2D_train_277,OTU_2D_train,B-Mode 2D,VALID_LESION_MASK,True,959,534,959,534,178601,34.876,C:\Users\PeaceD_Dung\Documents\Khóa luận\dataset\vinmec_ovarian\OTU_2D\train\train_image\277.JPG,C:\Users\PeaceD_Dung\Documents\Khóa luận\dataset\vinmec_ovarian\OTU_2D\train\train_label\label\277.PNG
OTU_2D_test_1357,OTU_2D_test,B-Mode 2D,VALID_LESION_MASK,True,487,531,487,531,111006,42.926,C:\Users\PeaceD_Dung\Documents\Khóa luận\dataset\vinmec_ovarian\OTU_2D\test\image\1357.JPG,C:\Users\PeaceD_Dung\Documents\Khóa luận\dataset\vinmec_ovarian\OTU_2D\test\label\black_write\1357.PNG
OTU_2D_train_52,OTU_2D_train,B-Mode 2D,VALID_LESION_MASK,True,1071,794,1071,794,105702,12.43,C:\Users\PeaceD_Dung\Documents\Khóa luận\dataset\vinmec_ovarian\OTU_2D\train\train_image\52.JPG,C:\Users\PeaceD_Dung\Documents\Khóa luận\dataset\vinmec_ovarian\OTU_2D\train\train_label\label\52.PNG
OTU_2D_test_1234,OTU_2D_test,B-Mode 2D,VALID_LESION_MASK,True,958,535,958,535,178799,34.886,C:\Users\PeaceD_Dung\Documents\Khóa luận\dataset\vinmec_ovarian\OTU_2D\test\image\1234.JPG,C:\Users\PeaceD_Dung\Documents\Khóa luận\dataset\vinmec_ovarian\OTU_2D\test\label\black_write\1234.PNG
OTU_2D_train_845,OTU_2D_train,B-Mode 2D,VALID_LESION_MASK,True,973,554,973,554,55827,10.357,C:\Users\PeaceD_Dung\Documents\Khóa luận\dataset\vinmec_ovarian\OTU_2D\train\train_image\845.JPG,C:\Users\PeaceD_Dung\Documents\Khóa luận\dataset\vinmec_ovarian\OTU_2D\train\train_label\label\845.PNG
OTU_2D_test_323,OTU_2D_test,B-Mode 2D,VALID_LESION_MASK,True,479,529,479,529,101563,40.082,C:\Users\PeaceD_Dung\Documents\Khóa luận\dataset\vinmec_ovarian\OTU_2D\test\image\323.JPG,C:\Users\PeaceD_Dung\Documents\Khóa luận\dataset\vinmec_ovarian\OTU_2D\test\label\black_write\323.PNG
OTU_2D_train_409,OTU_2D_train,B-Mode 2D,VALID_LESION_MASK,True,958,532,958,532,99955,19.612,C:\Users\PeaceD_Dung\Documents\Khóa luận\dataset\vinmec_ovarian\OTU_2D\train\train_image\409.JPG,C:\Users\PeaceD_Dung\Documents\Khóa luận\dataset\vinmec_ovarian\OTU_2D\train\train_label\label\409.PNG
OTU_2D_train_465,OTU_2D_train,B-Mode 2D,VALID_LESION_MASK,True,1134,592,1134,592,25375,3.78,C:\Users\PeaceD_Dung\Documents\Khóa luận\dataset\vinmec_ovarian\OTU_2D\train\train_image\465.JPG,C:\Users\PeaceD_Dung\Documents\Khóa luận\dataset\vinmec_ovarian\OTU_2D\train\train_label\label\465.PNG
OTU_2D_train_384,OTU_2D_train,B-Mode 2D,VALID_LESION_MASK,True,554,589,554,589,96144,29.464,C:\Users\PeaceD_Dung\Documents\Khóa luận\dataset\vinmec_ovarian\OTU_2D\train\train_image\384.JPG,C:\Users\PeaceD_Dung\Documents\Khóa luận\dataset\vinmec_ovarian\OTU_2D\train\train_label\label\384.PNG
OTU_CEUS_9,OTU_CEUS,CEUS,VALID_LESION_MASK,True,552,551,552,551,36519,12.007,C:\Users\PeaceD_Dung\Documents\Khóa luận\dataset\vinmec_ovarian\OTU_CEUS\image\9.JPG,C:\Users\PeaceD_Dung\Documents\Khóa luận\dataset\vinmec_ovarian\OTU_CEUS\label\9.PNG
OTU_2D_train_1453,OTU_2D_train,B-Mode 2D,VALID_LESION_MASK,True,953,523,953,523,41517,8.33,C:\Users\PeaceD_Dung\Documents\Khóa luận\dataset\vinmec_ovarian\OTU_2D\train\train_image\1453.JPG,C:\Users\PeaceD_Dung\Documents\Khóa luận\dataset\vinmec_ovarian\OTU_2D\train\train_label\label\1453.PNG
OTU_2D_train_1148,OTU_2D_train,B-Mode 2D,VALID_LESION_MASK,True,958,532,958,532,47743,9.368,C:\Users\PeaceD_Dung\Documents\Khóa luận\dataset\vinmec_ovarian\OTU_2D\train\train_image\1148.JPG,C:\Users\PeaceD_Dung\Documents\Khóa luận\dataset\vinmec_ovarian\OTU_2D\train\train_label\label\1148.PNG
OTU_2D_test_295,OTU_2D_test,B-Mode 2D,VALID_LESION_MASK,True,497,537,497,537,68617,25.71,C:\Users\PeaceD_Dung\Documents\Khóa luận\dataset\vinmec_ovarian\OTU_2D\test\image\295.JPG,C:\Users\PeaceD_Dung\Documents\Khóa luận\dataset\vinmec_ovarian\OTU_2D\test\label\black_write\295.PNG
OTU_2D_test_269,OTU_2D_test,B-Mode 2D,VALID_LESION_MASK,True,568,591,568,591,26617,7.929,C:\Users\PeaceD_Dung\Documents\Khóa luận\dataset\vinmec_ovarian\OTU_2D\test\image\269.JPG,C:\Users\PeaceD_Dung\Documents\Khóa luận\dataset\vinmec_ovarian\OTU_2D\test\label\black_write\269.PNG
OTU_2D_train_1259,OTU_2D_train,B-Mode 2D,VALID_LESION_MASK,True,739,551,739,551,18238,4.479,C:\Users\PeaceD_Dung\Documents\Khóa luận\dataset\vinmec_ovarian\OTU_2D\train\train_image\1259.JPG,C:\Users\PeaceD_Dung\Documents\Khóa luận\dataset\vinmec_ovarian\OTU_2D\train\train_label\label\1259.PNG
OTU_2D_train_915,OTU_2D_train,B-Mode 2D,VALID_LESION_MASK,True,958,530,958,530,58212,11.465,C:\Users\PeaceD_Dung\Documents\Khóa luận\dataset\vinmec_ovarian\OTU_2D\train\train_image\915.JPG,C:\Users\PeaceD_Dung\Documents\Khóa luận\dataset\vinmec_ovarian\OTU_2D\train\train_label\label\915.PNG
OTU_2D_train_1151,OTU_2D_train,B-Mode 2D,VALID_LESION_MASK,True,957,532,957,532,52716,10.354,C:\Users\PeaceD_Dung\Documents\Khóa luận\dataset\vinmec_ovarian\OTU_2D\train\train_image\1151.JPG,C:\Users\PeaceD_Dung\Documents\Khóa luận\dataset\vinmec_ovarian\OTU_2D\train\train_label\label\1151.PNG
OTU_2D_train_95,OTU_2D_train,B-Mode 2D,VALID_LESION_MASK,True,958,663,958,663,143145,22.537,C:\Users\PeaceD_Dung\Documents\Khóa luận\dataset\vinmec_ovarian\OTU_2D\train\train_image\95.JPG,C:\Users\PeaceD_Dung\Documents\Khóa luận\dataset\vinmec_ovarian\OTU_2D\train\train_label\label\95.PNG
OTU_2D_train_617,OTU_2D_train,B-Mode 2D,VALID_LESION_MASK,True,497,546,497,546,104544,38.526,C:\Users\PeaceD_Dung\Documents\Khóa luận\dataset\vinmec_ovarian\OTU_2D\train\train_image\617.JPG,C:\Users\PeaceD_Dung\Documents\Khóa luận\dataset\vinmec_ovarian\OTU_2D\train\train_label\label\617.PNG
OTU_2D_train_840,OTU_2D_train,B-Mode 2D,VALID_LESION_MASK,True,566,630,566,630,11502,3.226,C:\Users\PeaceD_Dung\Documents\Khóa luận\dataset\vinmec_ovarian\OTU_2D\train\train_image\840.JPG,C:\Users\PeaceD_Dung\Documents\Khóa luận\dataset\vinmec_ovarian\OTU_2D\train\train_label\label\840.PNG
OTU_2D_test_21,OTU_2D_test,B-Mode 2D,VALID_LESION_MASK,True,480,533,480,533,66335,25.928,C:\Users\PeaceD_Dung\Documents\Khóa luận\dataset\vinmec_ovarian\OTU_2D\test\image\21.JPG,C:\Users\PeaceD_Dung\Documents\Khóa luận\dataset\vinmec_ovarian\OTU_2D\test\label\black_write\21.PNG
OTU_2D_train_309,OTU_2D_train,B-Mode 2D,VALID_LESION_MASK,True,794,607,794,607,69955,14.515,C:\Users\PeaceD_Dung\Documents\Khóa luận\dataset\vinmec_ovarian\OTU_2D\train\train_image\309.JPG,C:\Users\PeaceD_Dung\Documents\Khóa luận\dataset\vinmec_ovarian\OTU_2D\train\train_label\label\309.PNG
OTU_2D_test_779,OTU_2D_test,B-Mode 2D,VALID_LESION_MASK,True,479,547,479,547,28213,10.768,C:\Users\PeaceD_Dung\Documents\Khóa luận\dataset\vinmec_ovarian\OTU_2D\test\image\779.JPG,C:\Users\PeaceD_Dung\Documents\Khóa luận\dataset\vinmec_ovarian\OTU_2D\test\label\black_write\779.PNG
OTU_2D_train_263,OTU_2D_train,B-Mode 2D,VALID_LESION_MASK,True,480,532,480,532,84671,33.158,C:\Users\PeaceD_Dung\Documents\Khóa luận\dataset\vinmec_ovarian\OTU_2D\train\train_image\263.JPG,C:\Users\PeaceD_Dung\Documents\Khóa luận\dataset\vinmec_ovarian\OTU_2D\train\train_label\label\263.PNG
OTU_2D_train_813,OTU_2D_train,B-Mode 2D,VALID_LESION_MASK,True,490,273,490,273,10209,7.632,C:\Users\PeaceD_Dung\Documents\Khóa luận\dataset\vinmec_ovarian\OTU_2D\train\train_image\813.JPG,C:\Users\PeaceD_Dung\Documents\Khóa luận\dataset\vinmec_ovarian\OTU_2D\train\train_label\label\813.PNG
OTU_2D_test_1123,OTU_2D_test,B-Mode 2D,VALID_LESION_MASK,True,824,600,824,600,94513,19.117,C:\Users\PeaceD_Dung\Documents\Khóa luận\dataset\vinmec_ovarian\OTU_2D\test\image\1123.JPG,C:\Users\PeaceD_Dung\Documents\Khóa luận\dataset\vinmec_ovarian\OTU_2D\test\label\black_write\1123.PNG
OTU_2D_train_318,OTU_2D_train,B-Mode 2D,VALID_LESION_MASK,True,480,537,480,537,148642,57.667,C:\Users\PeaceD_Dung\Documents\Khóa luận\dataset\vinmec_ovarian\OTU_2D\train\train_image\318.JPG,C:\Users\PeaceD_Dung\Documents\Khóa luận\dataset\vinmec_ovarian\OTU_2D\train\train_label\label\318.PNG
OTU_2D_train_820,OTU_2D_train,B-Mode 2D,VALID_LESION_MASK,True,959,544,959,544,76508,14.665,C:\Users\PeaceD_Dung\Documents\Khóa luận\dataset\vinmec_ovarian\OTU_2D\train\train_image\820.JPG,C:\Users\PeaceD_Dung\Documents\Khóa luận\dataset\vinmec_ovarian\OTU_2D\train\train_label\label\820.PNG
OTU_2D_train_835,OTU_2D_train,B-Mode 2D,VALID_LESION_MASK,True,959,611,959,611,93989,16.04,C:\Users\PeaceD_Dung\Documents\Khóa luận\dataset\vinmec_ovarian\OTU_2D\train\train_image\835.JPG,C:\Users\PeaceD_Dung\Documents\Khóa luận\dataset\vinmec_ovarian\OTU_2D\train\train_label\label\835.PNG
OTU_2D_train_794,OTU_2D_train,B-Mode 2D,VALID_LESION_MASK,True,959,554,959,554,16080,3.027,C:\Users\PeaceD_Dung\Documents\Khóa luận\dataset\vinmec_ovarian\OTU_2D\train\train_image\794.JPG,C:\Users\PeaceD_Dung\Documents\Khóa luận\dataset\vinmec_ovarian\OTU_2D\train\train_label\label\794.PNG
OTU_2D_train_869,OTU_2D_train,B-Mode 2D,VALID_LESION_MASK,True,972,540,972,540,4351,0.829,C:\Users\PeaceD_Dung\Documents\Khóa luận\dataset\vinmec_ovarian\OTU_2D\train\train_image\869.JPG,C:\Users\PeaceD_Dung\Documents\Khóa luận\dataset\vinmec_ovarian\OTU_2D\train\train_label\label\869.PNG
OTU_CEUS_137,OTU_CEUS,CEUS,VALID_LESION_MASK,True,597,576,597,576,78884,22.94,C:\Users\PeaceD_Dung\Documents\Khóa luận\dataset\vinmec_ovarian\OTU_CEUS\image\137.JPG,C:\Users\PeaceD_Dung\Documents\Khóa luận\dataset\vinmec_ovarian\OTU_CEUS\label\137.PNG
OTU_2D_train_1126,OTU_2D_train,B-Mode 2D,VALID_LESION_MASK,True,957,604,957,604,111913,19.361,C:\Users\PeaceD_Dung\Documents\Khóa luận\dataset\vinmec_ovarian\OTU_2D\train\train_image\1126.JPG,C:\Users\PeaceD_Dung\Documents\Khóa luận\dataset\vinmec_ovarian\OTU_2D\train\train_label\label\1126.PNG
OTU_2D_train_35,OTU_2D_train,B-Mode 2D,VALID_LESION_MASK,True,480,535,480,535,83831,32.644,C:\Users\PeaceD_Dung\Documents\Khóa luận\dataset\vinmec_ovarian\OTU_2D\train\train_image\35.JPG,C:\Users\PeaceD_Dung\Documents\Khóa luận\dataset\vinmec_ovarian\OTU_2D\train\train_label\label\35.PNG
OTU_2D_test_506,OTU_2D_test,B-Mode 2D,VALID_LESION_MASK,True,484,549,484,549,16849,6.341,C:\Users\PeaceD_Dung\Documents\Khóa luận\dataset\vinmec_ovarian\OTU_2D\test\image\506.JPG,C:\Users\PeaceD_Dung\Documents\Khóa luận\dataset\vinmec_ovarian\OTU_2D\test\label\black_write\506.PNG
OTU_CEUS_126,OTU_CEUS,CEUS,VALID_LESION_MASK,True,552,547,552,547,66520,22.031,C:\Users\PeaceD_Dung\Documents\Khóa luận\dataset\vinmec_ovarian\OTU_CEUS\image\126.JPG,C:\Users\PeaceD_Dung\Documents\Khóa luận\dataset\vinmec_ovarian\OTU_CEUS\label\126.PNG
OTU_2D_test_494,OTU_2D_test,B-Mode 2D,VALID_LESION_MASK,True,478,559,478,559,37496,14.033,C:\Users\PeaceD_Dung\Documents\Khóa luận\dataset\vinmec_ovarian\OTU_2D\test\image\494.JPG,C:\Users\PeaceD_Dung\Documents\Khóa luận\dataset\vinmec_ovarian\OTU_2D\test\label\black_write\494.PNG
OTU_2D_train_1007,OTU_2D_train,B-Mode 2D,VALID_LESION_MASK,True,956,532,956,532,18077,3.554,C:\Users\PeaceD_Dung\Documents\Khóa luận\dataset\vinmec_ovarian\OTU_2D\train\train_image\1007.JPG,C:\Users\PeaceD_Dung\Documents\Khóa luận\dataset\vinmec_ovarian\OTU_2D\train\train_label\label\1007.PNG
OTU_2D_train_283,OTU_2D_train,B-Mode 2D,VALID_LESION_MASK,True,958,534,958,534,150533,29.426,C:\Users\PeaceD_Dung\Documents\Khóa luận\dataset\vinmec_ovarian\OTU_2D\train\train_image\283.JPG,C:\Users\PeaceD_Dung\Documents\Khóa luận\dataset\vinmec_ovarian\OTU_2D\train\train_label\label\283.PNG
OTU_2D_train_814,OTU_2D_train,B-Mode 2D,VALID_LESION_MASK,True,773,629,773,629,48905,10.058,C:\Users\PeaceD_Dung\Documents\Khóa luận\dataset\vinmec_ovarian\OTU_2D\train\train_image\814.JPG,C:\Users\PeaceD_Dung\Documents\Khóa luận\dataset\vinmec_ovarian\OTU_2D\train\train_label\label\814.PNG
OTU_2D_test_163,OTU_2D_test,B-Mode 2D,VALID_LESION_MASK,True,956,533,956,533,21341,4.188,C:\Users\PeaceD_Dung\Documents\Khóa luận\dataset\vinmec_ovarian\OTU_2D\test\image\163.JPG,C:\Users\PeaceD_Dung\Documents\Khóa luận\dataset\vinmec_ovarian\OTU_2D\test\label\black_write\163.PNG
OTU_2D_test_1413,OTU_2D_test,B-Mode 2D,VALID_LESION_MASK,True,480,266,480,266,18076,14.157,C:\Users\PeaceD_Dung\Documents\Khóa luận\dataset\vinmec_ovarian\OTU_2D\test\image\1413.JPG,C:\Users\PeaceD_Dung\Documents\Khóa luận\dataset\vinmec_ovarian\OTU_2D\test\label\black_write\1413.PNG
OTU_2D_train_1298,OTU_2D_train,B-Mode 2D,VALID_LESION_MASK,True,958,529,958,529,28760,5.675,C:\Users\PeaceD_Dung\Documents\Khóa luận\dataset\vinmec_ovarian\OTU_2D\train\train_image\1298.JPG,C:\Users\PeaceD_Dung\Documents\Khóa luận\dataset\vinmec_ovarian\OTU_2D\train\train_label\label\1298.PNG
OTU_2D_train_1048,OTU_2D_train,B-Mode 2D,VALID_LESION_MASK,True,957,527,957,527,63928,12.676,C:\Users\PeaceD_Dung\Documents\Khóa luận\dataset\vinmec_ovarian\OTU_2D\train\train_image\1048.JPG,C:\Users\PeaceD_Dung\Documents\Khóa luận\dataset\vinmec_ovarian\OTU_2D\train\train_label\label\1048.PNG
OTU_2D_train_1448,OTU_2D_train,B-Mode 2D,VALID_LESION_MASK,True,478,557,478,557,63693,23.923,C:\Users\PeaceD_Dung\Documents\Khóa luận\dataset\vinmec_ovarian\OTU_2D\train\train_image\1448.JPG,C:\Users\PeaceD_Dung\Documents\Khóa luận\dataset\vinmec_ovarian\OTU_2D\train\train_label\label\1448.PNG
OTU_2D_train_695,OTU_2D_train,B-Mode 2D,VALID_LESION_MASK,True,481,554,481,554,104204,39.105,C:\Users\PeaceD_Dung\Documents\Khóa luận\dataset\vinmec_ovarian\OTU_2D\train\train_image\695.JPG,C:\Users\PeaceD_Dung\Documents\Khóa luận\dataset\vinmec_ovarian\OTU_2D\train\train_label\label\695.PNG
OTU_2D_train_933,OTU_2D_train,B-Mode 2D,VALID_LESION_MASK,True,567,581,567,581,37234,11.303,C:\Users\PeaceD_Dung\Documents\Khóa luận\dataset\vinmec_ovarian\OTU_2D\train\train_image\933.JPG,C:\Users\PeaceD_Dung\Documents\Khóa luận\dataset\vinmec_ovarian\OTU_2D\train\train_label\label\933.PNG
OTU_2D_test_1325,OTU_2D_test,B-Mode 2D,VALID_LESION_MASK,True,482,530,482,530,151031,59.121,C:\Users\PeaceD_Dung\Documents\Khóa luận\dataset\vinmec_ovarian\OTU_2D\test\image\1325.JPG,C:\Users\PeaceD_Dung\Documents\Khóa luận\dataset\vinmec_ovarian\OTU_2D\test\label\black_write\1325.PNG
OTU_2D_train_702,OTU_2D_train,B-Mode 2D,VALID_LESION_MASK,True,958,533,958,533,117765,23.063,C:\Users\PeaceD_Dung\Documents\Khóa luận\dataset\vinmec_ovarian\OTU_2D\train\train_image\702.JPG,C:\Users\PeaceD_Dung\Documents\Khóa luận\dataset\vinmec_ovarian\OTU_2D\train\train_label\label\702.PNG
OTU_2D_test_825,OTU_2D_test,B-Mode 2D,VALID_LESION_MASK,True,958,545,958,545,76713,14.693,C:\Users\PeaceD_Dung\Documents\Khóa luận\dataset\vinmec_ovarian\OTU_2D\test\image\825.JPG,C:\Users\PeaceD_Dung\Documents\Khóa luận\dataset\vinmec_ovarian\OTU_2D\test\label\black_write\825.PNG
OTU_2D_test_301,OTU_2D_test,B-Mode 2D,VALID_LESION_MASK,True,480,533,480,533,55512,21.698,C:\Users\PeaceD_Dung\Documents\Khóa luận\dataset\vinmec_ovarian\OTU_2D\test\image\301.JPG,C:\Users\PeaceD_Dung\Documents\Khóa luận\dataset\vinmec_ovarian\OTU_2D\test\label\black_write\301.PNG
OTU_2D_train_396,OTU_2D_train,B-Mode 2D,VALID_LESION_MASK,True,959,532,959,532,54043,10.593,C:\Users\PeaceD_Dung\Documents\Khóa luận\dataset\vinmec_ovarian\OTU_2D\train\train_image\396.JPG,C:\Users\PeaceD_Dung\Documents\Khóa luận\dataset\vinmec_ovarian\OTU_2D\train\train_label\label\396.PNG
OTU_2D_test_1354,OTU_2D_test,B-Mode 2D,VALID_LESION_MASK,True,482,540,482,540,56270,21.619,C:\Users\PeaceD_Dung\Documents\Khóa luận\dataset\vinmec_ovarian\OTU_2D\test\image\1354.JPG,C:\Users\PeaceD_Dung\Documents\Khóa luận\dataset\vinmec_ovarian\OTU_2D\test\label\black_write\1354.PNG
OTU_2D_train_625,OTU_2D_train,B-Mode 2D,VALID_LESION_MASK,True,959,537,959,537,126495,24.563,C:\Users\PeaceD_Dung\Documents\Khóa luận\dataset\vinmec_ovarian\OTU_2D\train\train_image\625.JPG,C:\Users\PeaceD_Dung\Documents\Khóa luận\dataset\vinmec_ovarian\OTU_2D\train\train_label\label\625.PNG
OTU_2D_train_1465,OTU_2D_train,B-Mode 2D,VALID_LESION_MASK,True,958,535,958,535,42935,8.377,C:\Users\PeaceD_Dung\Documents\Khóa luận\dataset\vinmec_ovarian\OTU_2D\train\train_image\1465.JPG,C:\Users\PeaceD_Dung\Documents\Khóa luận\dataset\vinmec_ovarian\OTU_2D\train\train_label\label\1465.PNG
OTU_2D_train_828,OTU_2D_train,B-Mode 2D,VALID_LESION_MASK,True,971,531,971,531,22733,4.409,C:\Users\PeaceD_Dung\Documents\Khóa luận\dataset\vinmec_ovarian\OTU_2D\train\train_image\828.JPG,C:\Users\PeaceD_Dung\Documents\Khóa luận\dataset\vinmec_ovarian\OTU_2D\train\train_label\label\828.PNG
OTU_2D_test_1046,OTU_2D_test,B-Mode 2D,VALID_LESION_MASK,True,955,538,955,538,97954,19.065,C:\Users\PeaceD_Dung\Documents\Khóa luận\dataset\vinmec_ovarian\OTU_2D\test\image\1046.JPG,C:\Users\PeaceD_Dung\Documents\Khóa luận\dataset\vinmec_ovarian\OTU_2D\test\label\black_write\1046.PNG
OTU_2D_test_1273,OTU_2D_test,B-Mode 2D,VALID_LESION_MASK,True,1117,590,1117,590,188129,28.546,C:\Users\PeaceD_Dung\Documents\Khóa luận\dataset\vinmec_ovarian\OTU_2D\test\image\1273.JPG,C:\Users\PeaceD_Dung\Documents\Khóa luận\dataset\vinmec_ovarian\OTU_2D\test\label\black_write\1273.PNG
OTU_2D_test_441,OTU_2D_test,B-Mode 2D,VALID_LESION_MASK,True,481,266,481,266,11913,9.311,C:\Users\PeaceD_Dung\Documents\Khóa luận\dataset\vinmec_ovarian\OTU_2D\test\image\441.JPG,C:\Users\PeaceD_Dung\Documents\Khóa luận\dataset\vinmec_ovarian\OTU_2D\test\label\black_write\441.PNG
OTU_2D_train_86,OTU_2D_train,B-Mode 2D,VALID_LESION_MASK,True,1113,604,1113,604,76904,11.44,C:\Users\PeaceD_Dung\Documents\Khóa luận\dataset\vinmec_ovarian\OTU_2D\train\train_image\86.JPG,C:\Users\PeaceD_Dung\Documents\Khóa luận\dataset\vinmec_ovarian\OTU_2D\train\train_label\label\86.PNG
OTU_2D_train_138,OTU_2D_train,B-Mode 2D,VALID_LESION_MASK,True,959,534,959,534,235323,45.952,C:\Users\PeaceD_Dung\Documents\Khóa luận\dataset\vinmec_ovarian\OTU_2D\train\train_image\138.JPG,C:\Users\PeaceD_Dung\Documents\Khóa luận\dataset\vinmec_ovarian\OTU_2D\train\train_label\label\138.PNG
OTU_2D_test_1468,OTU_2D_test,B-Mode 2D,VALID_LESION_MASK,True,482,271,482,271,8442,6.463,C:\Users\PeaceD_Dung\Documents\Khóa luận\dataset\vinmec_ovarian\OTU_2D\test\image\1468.JPG,C:\Users\PeaceD_Dung\Documents\Khóa luận\dataset\vinmec_ovarian\OTU_2D\test\label\black_write\1468.PNG
OTU_2D_test_1416,OTU_2D_test,B-Mode 2D,VALID_LESION_MASK,True,959,544,959,544,19783,3.792,C:\Users\PeaceD_Dung\Documents\Khóa luận\dataset\vinmec_ovarian\OTU_2D\test\image\1416.JPG,C:\Users\PeaceD_Dung\Documents\Khóa luận\dataset\vinmec_ovarian\OTU_2D\test\label\black_write\1416.PNG
OTU_CEUS_28,OTU_CEUS,CEUS,VALID_LESION_MASK,True,337,358,337,358,14454,11.981,C:\Users\PeaceD_Dung\Documents\Khóa luận\dataset\vinmec_ovarian\OTU_CEUS\image\28.JPG,C:\Users\PeaceD_Dung\Documents\Khóa luận\dataset\vinmec_ovarian\OTU_CEUS\label\28.PNG
OTU_2D_train_505,OTU_2D_train,B-Mode 2D,VALID_LESION_MASK,True,480,549,480,549,22379,8.492,C:\Users\PeaceD_Dung\Documents\Khóa luận\dataset\vinmec_ovarian\OTU_2D\train\train_image\505.JPG,C:\Users\PeaceD_Dung\Documents\Khóa luận\dataset\vinmec_ovarian\OTU_2D\train\train_label\label\505.PNG
OTU_CEUS_120,OTU_CEUS,CEUS,VALID_LESION_MASK,True,338,353,338,353,14729,12.345,C:\Users\PeaceD_Dung\Documents\Khóa luận\dataset\vinmec_ovarian\OTU_CEUS\image\120.JPG,C:\Users\PeaceD_Dung\Documents\Khóa luận\dataset\vinmec_ovarian\OTU_CEUS\label\120.PNG
OTU_2D_train_1180,OTU_2D_train,B-Mode 2D,VALID_LESION_MASK,True,569,592,569,592,157372,46.719,C:\Users\PeaceD_Dung\Documents\Khóa luận\dataset\vinmec_ovarian\OTU_2D\train\train_image\1180.JPG,C:\Users\PeaceD_Dung\Documents\Khóa luận\dataset\vinmec_ovarian\OTU_2D\train\train_label\label\1180.PNG
OTU_CEUS_39,OTU_CEUS,CEUS,VALID_LESION_MASK,True,559,552,559,552,50107,16.239,C:\Users\PeaceD_Dung\Documents\Khóa luận\dataset\vinmec_ovarian\OTU_CEUS\image\39.JPG,C:\Users\PeaceD_Dung\Documents\Khóa luận\dataset\vinmec_ovarian\OTU_CEUS\label\39.PNG
OTU_2D_train_207,OTU_2D_train,B-Mode 2D,VALID_LESION_MASK,True,959,532,959,532,15880,3.113,C:\Users\PeaceD_Dung\Documents\Khóa luận\dataset\vinmec_ovarian\OTU_2D\train\train_image\207.JPG,C:\Users\PeaceD_Dung\Documents\Khóa luận\dataset\vinmec_ovarian\OTU_2D\train\train_label\label\207.PNG
OTU_2D_train_677,OTU_2D_train,B-Mode 2D,VALID_LESION_MASK,True,974,661,974,661,135849,21.101,C:\Users\PeaceD_Dung\Documents\Khóa luận\dataset\vinmec_ovarian\OTU_2D\train\train_image\677.JPG,C:\Users\PeaceD_Dung\Documents\Khóa luận\dataset\vinmec_ovarian\OTU_2D\train\train_label\label\677.PNG
OTU_2D_train_169,OTU_2D_train,B-Mode 2D,VALID_LESION_MASK,True,480,534,480,534,11744,4.582,C:\Users\PeaceD_Dung\Documents\Khóa luận\dataset\vinmec_ovarian\OTU_2D\train\train_image\169.JPG,C:\Users\PeaceD_Dung\Documents\Khóa luận\dataset\vinmec_ovarian\OTU_2D\train\train_label\label\169.PNG
OTU_CEUS_106,OTU_CEUS,CEUS,VALID_LESION_MASK,True,557,553,557,553,65777,21.355,C:\Users\PeaceD_Dung\Documents\Khóa luận\dataset\vinmec_ovarian\OTU_CEUS\image\106.JPG,C:\Users\PeaceD_Dung\Documents\Khóa luận\dataset\vinmec_ovarian\OTU_CEUS\label\106.PNG
OTU_2D_train_381,OTU_2D_train,B-Mode 2D,VALID_LESION_MASK,True,481,533,481,533,66233,25.835,C:\Users\PeaceD_Dung\Documents\Khóa luận\dataset\vinmec_ovarian\OTU_2D\train\train_image\381.JPG,C:\Users\PeaceD_Dung\Documents\Khóa luận\dataset\vinmec_ovarian\OTU_2D\train\train_label\label\381.PNG
OTU_2D_train_289,OTU_2D_train,B-Mode 2D,VALID_LESION_MASK,True,961,532,961,532,178523,34.919,C:\Users\PeaceD_Dung\Documents\Khóa luận\dataset\vinmec_ovarian\OTU_2D\train\train_image\289.JPG,C:\Users\PeaceD_Dung\Documents\Khóa luận\dataset\vinmec_ovarian\OTU_2D\train\train_label\label\289.PNG
OTU_2D_train_367,OTU_2D_train,B-Mode 2D,VALID_LESION_MASK,True,958,534,958,534,4995,0.976,C:\Users\PeaceD_Dung\Documents\Khóa luận\dataset\vinmec_ovarian\OTU_2D\train\train_image\367.JPG,C:\Users\PeaceD_Dung\Documents\Khóa luận\dataset\vinmec_ovarian\OTU_2D\train\train_label\label\367.PNG
OTU_CEUS_116,OTU_CEUS,CEUS,VALID_LESION_MASK,True,877,553,877,553,79370,16.366,C:\Users\PeaceD_Dung\Documents\Khóa luận\dataset\vinmec_ovarian\OTU_CEUS\image\116.JPG,C:\Users\PeaceD_Dung\Documents\Khóa luận\dataset\vinmec_ovarian\OTU_CEUS\label\116.PNG
OTU_2D_train_236,OTU_2D_train,B-Mode 2D,VALID_LESION_MASK,True,855,557,855,557,29192,6.13,C:\Users\PeaceD_Dung\Documents\Khóa luận\dataset\vinmec_ovarian\OTU_2D\train\train_image\236.JPG,C:\Users\PeaceD_Dung\Documents\Khóa luận\dataset\vinmec_ovarian\OTU_2D\train\train_label\label\236.PNG
OTU_2D_train_775,OTU_2D_train,B-Mode 2D,VALID_LESION_MASK,True,493,447,493,447,62457,28.342,C:\Users\PeaceD_Dung\Documents\Khóa luận\dataset\vinmec_ovarian\OTU_2D\train\train_image\775.JPG,C:\Users\PeaceD_Dung\Documents\Khóa luận\dataset\vinmec_ovarian\OTU_2D\train\train_label\label\775.PNG
OTU_2D_train_61,OTU_2D_train,B-Mode 2D,VALID_LESION_MASK,True,959,606,959,606,108999,18.756,C:\Users\PeaceD_Dung\Documents\Khóa luận\dataset\vinmec_ovarian\OTU_2D\train\train_image\61.JPG,C:\Users\PeaceD_Dung\Documents\Khóa luận\dataset\vinmec_ovarian\OTU_2D\train\train_label\label\61.PNG
OTU_2D_train_969,OTU_2D_train,B-Mode 2D,VALID_LESION_MASK,True,957,525,957,525,154822,30.815,C:\Users\PeaceD_Dung\Documents\Khóa luận\dataset\vinmec_ovarian\OTU_2D\train\train_image\969.JPG,C:\Users\PeaceD_Dung\Documents\Khóa luận\dataset\vinmec_ovarian\OTU_2D\train\train_label\label\969.PNG
OTU_2D_train_1105,OTU_2D_train,B-Mode 2D,VALID_LESION_MASK,True,957,524,957,524,91261,18.199,C:\Users\PeaceD_Dung\Documents\Khóa luận\dataset\vinmec_ovarian\OTU_2D\train\train_image\1105.JPG,C:\Users\PeaceD_Dung\Documents\Khóa luận\dataset\vinmec_ovarian\OTU_2D\train\train_label\label\1105.PNG
OTU_2D_test_98,OTU_2D_test,B-Mode 2D,VALID_LESION_MASK,True,958,532,958,532,107645,21.121,C:\Users\PeaceD_Dung\Documents\Khóa luận\dataset\vinmec_ovarian\OTU_2D\test\image\98.JPG,C:\Users\PeaceD_Dung\Documents\Khóa luận\dataset\vinmec_ovarian\OTU_2D\test\label\black_write\98.PNG
OTU_2D_train_942,OTU_2D_train,B-Mode 2D,VALID_LESION_MASK,True,567,588,567,588,15206,4.561,C:\Users\PeaceD_Dung\Documents\Khóa luận\dataset\vinmec_ovarian\OTU_2D\train\train_image\942.JPG,C:\Users\PeaceD_Dung\Documents\Khóa luận\dataset\vinmec_ovarian\OTU_2D\train\train_label\label\942.PNG
OTU_2D_train_311,OTU_2D_train,B-Mode 2D,VALID_LESION_MASK,True,479,533,479,533,17741,6.949,C:\Users\PeaceD_Dung\Documents\Khóa luận\dataset\vinmec_ovarian\OTU_2D\train\train_image\311.JPG,C:\Users\PeaceD_Dung\Documents\Khóa luận\dataset\vinmec_ovarian\OTU_2D\train\train_label\label\311.PNG
OTU_2D_train_1165,OTU_2D_train,B-Mode 2D,VALID_LESION_MASK,True,570,597,570,597,42270,12.422,C:\Users\PeaceD_Dung\Documents\Khóa luận\dataset\vinmec_ovarian\OTU_2D\train\train_image\1165.JPG,C:\Users\PeaceD_Dung\Documents\Khóa luận\dataset\vinmec_ovarian\OTU_2D\train\train_label\label\1165.PNG
OTU_2D_train_4,OTU_2D_train,B-Mode 2D,VALID_LESION_MASK,True,478,535,478,535,22157,8.664,C:\Users\PeaceD_Dung\Documents\Khóa luận\dataset\vinmec_ovarian\OTU_2D\train\train_image\4.JPG,C:\Users\PeaceD_Dung\Documents\Khóa luận\dataset\vinmec_ovarian\OTU_2D\train\train_label\label\4.PNG
OTU_2D_train_1161,OTU_2D_train,B-Mode 2D,VALID_LESION_MASK,True,482,533,482,533,64701,25.185,C:\Users\PeaceD_Dung\Documents\Khóa luận\dataset\vinmec_ovarian\OTU_2D\train\train_image\1161.JPG,C:\Users\PeaceD_Dung\Documents\Khóa luận\dataset\vinmec_ovarian\OTU_2D\train\train_label\label\1161.PNG
OTU_2D_train_1152,OTU_2D_train,B-Mode 2D,VALID_LESION_MASK,True,958,529,958,529,33975,6.704,C:\Users\PeaceD_Dung\Documents\Khóa luận\dataset\vinmec_ovarian\OTU_2D\train\train_image\1152.JPG,C:\Users\PeaceD_Dung\Documents\Khóa luận\dataset\vinmec_ovarian\OTU_2D\train\train_label\label\1152.PNG
OTU_2D_test_1017,OTU_2D_test,B-Mode 2D,VALID_LESION_MASK,True,568,589,568,589,39028,11.666,C:\Users\PeaceD_Dung\Documents\Khóa luận\dataset\vinmec_ovarian\OTU_2D\test\image\1017.JPG,C:\Users\PeaceD_Dung\Documents\Khóa luận\dataset\vinmec_ovarian\OTU_2D\test\label\black_write\1017.PNG
OTU_2D_train_1118,OTU_2D_train,B-Mode 2D,VALID_LESION_MASK,True,958,662,958,662,56375,8.889,C:\Users\PeaceD_Dung\Documents\Khóa luận\dataset\vinmec_ovarian\OTU_2D\train\train_image\1118.JPG,C:\Users\PeaceD_Dung\Documents\Khóa luận\dataset\vinmec_ovarian\OTU_2D\train\train_label\label\1118.PNG
OTU_2D_train_450,OTU_2D_train,B-Mode 2D,VALID_LESION_MASK,True,955,532,955,532,20792,4.092,C:\Users\PeaceD_Dung\Documents\Khóa luận\dataset\vinmec_ovarian\OTU_2D\train\train_image\450.JPG,C:\Users\PeaceD_Dung\Documents\Khóa luận\dataset\vinmec_ovarian\OTU_2D\train\train_label\label\450.PNG
OTU_2D_train_1253,OTU_2D_train,B-Mode 2D,VALID_LESION_MASK,True,565,544,565,544,90794,29.54,C:\Users\PeaceD_Dung\Documents\Khóa luận\dataset\vinmec_ovarian\OTU_2D\train\train_image\1253.JPG,C:\Users\PeaceD_Dung\Documents\Khóa luận\dataset\vinmec_ovarian\OTU_2D\train\train_label\label\1253.PNG
OTU_2D_train_314,OTU_2D_train,B-Mode 2D,VALID_LESION_MASK,True,480,533,480,533,100636,39.336,C:\Users\PeaceD_Dung\Documents\Khóa luận\dataset\vinmec_ovarian\OTU_2D\train\train_image\314.JPG,C:\Users\PeaceD_Dung\Documents\Khóa luận\dataset\vinmec_ovarian\OTU_2D\train\train_label\label\314.PNG
OTU_2D_train_1433,OTU_2D_train,B-Mode 2D,VALID_LESION_MASK,True,479,534,479,534,42774,16.723,C:\Users\PeaceD_Dung\Documents\Khóa luận\dataset\vinmec_ovarian\OTU_2D\train\train_image\1433.JPG,C:\Users\PeaceD_Dung\Documents\Khóa luận\dataset\vinmec_ovarian\OTU_2D\train\train_label\label\1433.PNG
OTU_2D_train_77,OTU_2D_train,B-Mode 2D,VALID_LESION_MASK,True,961,663,961,663,219332,34.424,C:\Users\PeaceD_Dung\Documents\Khóa luận\dataset\vinmec_ovarian\OTU_2D\train\train_image\77.JPG,C:\Users\PeaceD_Dung\Documents\Khóa luận\dataset\vinmec_ovarian\OTU_2D\train\train_label\label\77.PNG
OTU_CEUS_81,OTU_CEUS,CEUS,VALID_LESION_MASK,True,554,593,554,593,150498,45.811,C:\Users\PeaceD_Dung\Documents\Khóa luận\dataset\vinmec_ovarian\OTU_CEUS\image\81.JPG,C:\Users\PeaceD_Dung\Documents\Khóa luận\dataset\vinmec_ovarian\OTU_CEUS\label\81.PNG
OTU_2D_train_393,OTU_2D_train,B-Mode 2D,VALID_LESION_MASK,True,959,531,959,531,77657,15.25,C:\Users\PeaceD_Dung\Documents\Khóa luận\dataset\vinmec_ovarian\OTU_2D\train\train_image\393.JPG,C:\Users\PeaceD_Dung\Documents\Khóa luận\dataset\vinmec_ovarian\OTU_2D\train\train_label\label\393.PNG
OTU_CEUS_148,OTU_CEUS,CEUS,VALID_LESION_MASK,True,431,429,431,429,38025,20.565,C:\Users\PeaceD_Dung\Documents\Khóa luận\dataset\vinmec_ovarian\OTU_CEUS\image\148.JPG,C:\Users\PeaceD_Dung\Documents\Khóa luận\dataset\vinmec_ovarian\OTU_CEUS\label\148.PNG
OTU_2D_train_1164,OTU_2D_train,B-Mode 2D,VALID_LESION_MASK,True,568,591,568,591,34537,10.288,C:\Users\PeaceD_Dung\Documents\Khóa luận\dataset\vinmec_ovarian\OTU_2D\train\train_image\1164.JPG,C:\Users\PeaceD_Dung\Documents\Khóa luận\dataset\vinmec_ovarian\OTU_2D\train\train_label\label\1164.PNG
OTU_2D_test_1461,OTU_2D_test,B-Mode 2D,VALID_LESION_MASK,True,482,536,482,536,38657,14.963,C:\Users\PeaceD_Dung\Documents\Khóa luận\dataset\vinmec_ovarian\OTU_2D\test\image\1461.JPG,C:\Users\PeaceD_Dung\Documents\Khóa luận\dataset\vinmec_ovarian\OTU_2D\test\label\black_write\1461.PNG
OTU_2D_train_348,OTU_2D_train,B-Mode 2D,VALID_LESION_MASK,True,478,604,478,604,16328,5.655,C:\Users\PeaceD_Dung\Documents\Khóa luận\dataset\vinmec_ovarian\OTU_2D\train\train_image\348.JPG,C:\Users\PeaceD_Dung\Documents\Khóa luận\dataset\vinmec_ovarian\OTU_2D\train\train_label\label\348.PNG
OTU_2D_train_833,OTU_2D_train,B-Mode 2D,VALID_LESION_MASK,True,493,280,493,280,16587,12.016,C:\Users\PeaceD_Dung\Documents\Khóa luận\dataset\vinmec_ovarian\OTU_2D\train\train_image\833.JPG,C:\Users\PeaceD_Dung\Documents\Khóa luận\dataset\vinmec_ovarian\OTU_2D\train\train_label\label\833.PNG
OTU_2D_train_260,OTU_2D_train,B-Mode 2D,VALID_LESION_MASK,True,481,607,481,607,69762,23.894,C:\Users\PeaceD_Dung\Documents\Khóa luận\dataset\vinmec_ovarian\OTU_2D\train\train_image\260.JPG,C:\Users\PeaceD_Dung\Documents\Khóa luận\dataset\vinmec_ovarian\OTU_2D\train\train_label\label\260.PNG
OTU_2D_train_37,OTU_2D_train,B-Mode 2D,VALID_LESION_MASK,True,958,534,958,534,31409,6.14,C:\Users\PeaceD_Dung\Documents\Khóa luận\dataset\vinmec_ovarian\OTU_2D\train\train_image\37.JPG,C:\Users\PeaceD_Dung\Documents\Khóa luận\dataset\vinmec_ovarian\OTU_2D\train\train_label\label\37.PNG
OTU_CEUS_32,OTU_CEUS,CEUS,VALID_LESION_MASK,True,559,550,559,550,90767,29.523,C:\Users\PeaceD_Dung\Documents\Khóa luận\dataset\vinmec_ovarian\OTU_CEUS\image\32.JPG,C:\Users\PeaceD_Dung\Documents\Khóa luận\dataset\vinmec_ovarian\OTU_CEUS\label\32.PNG
OTU_2D_train_903,OTU_2D_train,B-Mode 2D,VALID_LESION_MASK,True,566,585,566,585,128549,38.824,C:\Users\PeaceD_Dung\Documents\Khóa luận\dataset\vinmec_ovarian\OTU_2D\train\train_image\903.JPG,C:\Users\PeaceD_Dung\Documents\Khóa luận\dataset\vinmec_ovarian\OTU_2D\train\train_label\label\903.PNG
OTU_2D_train_830,OTU_2D_train,B-Mode 2D,VALID_LESION_MASK,True,958,545,958,545,47815,9.158,C:\Users\PeaceD_Dung\Documents\Khóa luận\dataset\vinmec_ovarian\OTU_2D\train\train_image\830.JPG,C:\Users\PeaceD_Dung\Documents\Khóa luận\dataset\vinmec_ovarian\OTU_2D\train\train_label\label\830.PNG
OTU_2D_train_1356,OTU_2D_train,B-Mode 2D,VALID_LESION_MASK,True,964,530,964,530,116474,22.797,C:\Users\PeaceD_Dung\Documents\Khóa luận\dataset\vinmec_ovarian\OTU_2D\train\train_image\1356.JPG,C:\Users\PeaceD_Dung\Documents\Khóa luận\dataset\vinmec_ovarian\OTU_2D\train\train_label\label\1356.PNG
OTU_2D_train_597,OTU_2D_train,B-Mode 2D,VALID_LESION_MASK,True,567,608,567,608,91774,26.622,C:\Users\PeaceD_Dung\Documents\Khóa luận\dataset\vinmec_ovarian\OTU_2D\train\train_image\597.JPG,C:\Users\PeaceD_Dung\Documents\Khóa luận\dataset\vinmec_ovarian\OTU_2D\train\train_label\label\597.PNG
OTU_2D_train_754,OTU_2D_train,B-Mode 2D,VALID_LESION_MASK,True,959,546,959,546,96691,18.466,C:\Users\PeaceD_Dung\Documents\Khóa luận\dataset\vinmec_ovarian\OTU_2D\train\train_image\754.JPG,C:\Users\PeaceD_Dung\Documents\Khóa luận\dataset\vinmec_ovarian\OTU_2D\train\train_label\label\754.PNG
OTU_2D_test_1092,OTU_2D_test,B-Mode 2D,VALID_LESION_MASK,True,566,635,566,635,65493,18.222,C:\Users\PeaceD_Dung\Documents\Khóa luận\dataset\vinmec_ovarian\OTU_2D\test\image\1092.JPG,C:\Users\PeaceD_Dung\Documents\Khóa luận\dataset\vinmec_ovarian\OTU_2D\test\label\black_write\1092.PNG
OTU_2D_test_267,OTU_2D_test,B-Mode 2D,VALID_LESION_MASK,True,566,591,566,591,76193,22.778,C:\Users\PeaceD_Dung\Documents\Khóa luận\dataset\vinmec_ovarian\OTU_2D\test\image\267.JPG,C:\Users\PeaceD_Dung\Documents\Khóa luận\dataset\vinmec_ovarian\OTU_2D\test\label\black_write\267.PNG
OTU_2D_train_827,OTU_2D_train,B-Mode 2D,VALID_LESION_MASK,True,959,563,959,563,11925,2.209,C:\Users\PeaceD_Dung\Documents\Khóa luận\dataset\vinmec_ovarian\OTU_2D\train\train_image\827.JPG,C:\Users\PeaceD_Dung\Documents\Khóa luận\dataset\vinmec_ovarian\OTU_2D\train\train_label\label\827.PNG
OTU_2D_test_1054,OTU_2D_test,B-Mode 2D,VALID_LESION_MASK,True,479,526,479,526,49455,19.629,C:\Users\PeaceD_Dung\Documents\Khóa luận\dataset\vinmec_ovarian\OTU_2D\test\image\1054.JPG,C:\Users\PeaceD_Dung\Documents\Khóa luận\dataset\vinmec_ovarian\OTU_2D\test\label\black_write\1054.PNG
OTU_2D_train_397,OTU_2D_train,B-Mode 2D,VALID_LESION_MASK,True,479,534,479,534,62255,24.339,C:\Users\PeaceD_Dung\Documents\Khóa luận\dataset\vinmec_ovarian\OTU_2D\train\train_image\397.JPG,C:\Users\PeaceD_Dung\Documents\Khóa luận\dataset\vinmec_ovarian\OTU_2D\train\train_label\label\397.PNG
OTU_CEUS_95,OTU_CEUS,CEUS,VALID_LESION_MASK,True,883,550,883,550,91135,18.766,C:\Users\PeaceD_Dung\Documents\Khóa luận\dataset\vinmec_ovarian\OTU_CEUS\image\95.JPG,C:\Users\PeaceD_Dung\Documents\Khóa luận\dataset\vinmec_ovarian\OTU_CEUS\label\95.PNG
OTU_CEUS_34,OTU_CEUS,CEUS,VALID_LESION_MASK,True,555,556,555,556,113658,36.833,C:\Users\PeaceD_Dung\Documents\Khóa luận\dataset\vinmec_ovarian\OTU_CEUS\image\34.JPG,C:\Users\PeaceD_Dung\Documents\Khóa luận\dataset\vinmec_ovarian\OTU_CEUS\label\34.PNG
OTU_2D_test_1140,OTU_2D_test,B-Mode 2D,VALID_LESION_MASK,True,973,531,973,531,101717,19.687,C:\Users\PeaceD_Dung\Documents\Khóa luận\dataset\vinmec_ovarian\OTU_2D\test\image\1140.JPG,C:\Users\PeaceD_Dung\Documents\Khóa luận\dataset\vinmec_ovarian\OTU_2D\test\label\black_write\1140.PNG
OTU_2D_train_18,OTU_2D_train,B-Mode 2D,VALID_LESION_MASK,True,958,533,958,533,90069,17.639,C:\Users\PeaceD_Dung\Documents\Khóa luận\dataset\vinmec_ovarian\OTU_2D\train\train_image\18.JPG,C:\Users\PeaceD_Dung\Documents\Khóa luận\dataset\vinmec_ovarian\OTU_2D\train\train_label\label\18.PNG
OTU_2D_test_1430,OTU_2D_test,B-Mode 2D,VALID_LESION_MASK,True,1115,568,1115,568,25246,3.986,C:\Users\PeaceD_Dung\Documents\Khóa luận\dataset\vinmec_ovarian\OTU_2D\test\image\1430.JPG,C:\Users\PeaceD_Dung\Documents\Khóa luận\dataset\vinmec_ovarian\OTU_2D\test\label\black_write\1430.PNG
OTU_2D_train_996,OTU_2D_train,B-Mode 2D,VALID_LESION_MASK,True,480,508,480,508,51388,21.074,C:\Users\PeaceD_Dung\Documents\Khóa luận\dataset\vinmec_ovarian\OTU_2D\train\train_image\996.JPG,C:\Users\PeaceD_Dung\Documents\Khóa luận\dataset\vinmec_ovarian\OTU_2D\train\train_label\label\996.PNG
OTU_2D_test_1257,OTU_2D_test,B-Mode 2D,VALID_LESION_MASK,True,481,535,481,535,69978,27.193,C:\Users\PeaceD_Dung\Documents\Khóa luận\dataset\vinmec_ovarian\OTU_2D\test\image\1257.JPG,C:\Users\PeaceD_Dung\Documents\Khóa luận\dataset\vinmec_ovarian\OTU_2D\test\label\black_write\1257.PNG
OTU_2D_train_226,OTU_2D_train,B-Mode 2D,VALID_LESION_MASK,True,480,444,480,444,111347,52.246,C:\Users\PeaceD_Dung\Documents\Khóa luận\dataset\vinmec_ovarian\OTU_2D\train\train_image\226.JPG,C:\Users\PeaceD_Dung\Documents\Khóa luận\dataset\vinmec_ovarian\OTU_2D\train\train_label\label\226.PNG
OTU_2D_train_879,OTU_2D_train,B-Mode 2D,VALID_LESION_MASK,True,959,586,959,586,159142,28.318,C:\Users\PeaceD_Dung\Documents\Khóa luận\dataset\vinmec_ovarian\OTU_2D\train\train_image\879.JPG,C:\Users\PeaceD_Dung\Documents\Khóa luận\dataset\vinmec_ovarian\OTU_2D\train\train_label\label\879.PNG
OTU_CEUS_50,OTU_CEUS,CEUS,VALID_LESION_MASK,True,555,592,555,592,93559,28.475,C:\Users\PeaceD_Dung\Documents\Khóa luận\dataset\vinmec_ovarian\OTU_CEUS\image\50.JPG,C:\Users\PeaceD_Dung\Documents\Khóa luận\dataset\vinmec_ovarian\OTU_CEUS\label\50.PNG
OTU_2D_train_647,OTU_2D_train,B-Mode 2D,VALID_LESION_MASK,True,972,546,972,546,52660,9.923,C:\Users\PeaceD_Dung\Documents\Khóa luận\dataset\vinmec_ovarian\OTU_2D\train\train_image\647.JPG,C:\Users\PeaceD_Dung\Documents\Khóa luận\dataset\vinmec_ovarian\OTU_2D\train\train_label\label\647.PNG
OTU_CEUS_167,OTU_CEUS,CEUS,VALID_LESION_MASK,True,555,547,555,547,76705,25.266,C:\Users\PeaceD_Dung\Documents\Khóa luận\dataset\vinmec_ovarian\OTU_CEUS\image\167.JPG,C:\Users\PeaceD_Dung\Documents\Khóa luận\dataset\vinmec_ovarian\OTU_CEUS\label\167.PNG
OTU_2D_train_719,OTU_2D_train,B-Mode 2D,VALID_LESION_MASK,True,478,558,478,558,23252,8.718,C:\Users\PeaceD_Dung\Documents\Khóa luận\dataset\vinmec_ovarian\OTU_2D\train\train_image\719.JPG,C:\Users\PeaceD_Dung\Documents\Khóa luận\dataset\vinmec_ovarian\OTU_2D\train\train_label\label\719.PNG
OTU_CEUS_44,OTU_CEUS,CEUS,VALID_LESION_MASK,True,375,373,375,373,35817,25.606,C:\Users\PeaceD_Dung\Documents\Khóa luận\dataset\vinmec_ovarian\OTU_CEUS\image\44.JPG,C:\Users\PeaceD_Dung\Documents\Khóa luận\dataset\vinmec_ovarian\OTU_CEUS\label\44.PNG
OTU_2D_train_910,OTU_2D_train,B-Mode 2D,VALID_LESION_MASK,True,953,525,953,525,25067,5.01,C:\Users\PeaceD_Dung\Documents\Khóa luận\dataset\vinmec_ovarian\OTU_2D\train\train_image\910.JPG,C:\Users\PeaceD_Dung\Documents\Khóa luận\dataset\vinmec_ovarian\OTU_2D\train\train_label\label\910.PNG
OTU_2D_train_1117,OTU_2D_train,B-Mode 2D,VALID_LESION_MASK,True,959,658,959,658,86750,13.748,C:\Users\PeaceD_Dung\Documents\Khóa luận\dataset\vinmec_ovarian\OTU_2D\train\train_image\1117.JPG,C:\Users\PeaceD_Dung\Documents\Khóa luận\dataset\vinmec_ovarian\OTU_2D\train\train_label\label\1117.PNG
OTU_2D_train_950,OTU_2D_train,B-Mode 2D,VALID_LESION_MASK,True,568,590,568,590,13192,3.937,C:\Users\PeaceD_Dung\Documents\Khóa luận\dataset\vinmec_ovarian\OTU_2D\train\train_image\950.JPG,C:\Users\PeaceD_Dung\Documents\Khóa luận\dataset\vinmec_ovarian\OTU_2D\train\train_label\label\950.PNG
OTU_CEUS_61,OTU_CEUS,CEUS,VALID_LESION_MASK,True,335,424,335,424,67911,47.811,C:\Users\PeaceD_Dung\Documents\Khóa luận\dataset\vinmec_ovarian\OTU_CEUS\image\61.JPG,C:\Users\PeaceD_Dung\Documents\Khóa luận\dataset\vinmec_ovarian\OTU_CEUS\label\61.PNG
OTU_2D_test_944,OTU_2D_test,B-Mode 2D,VALID_LESION_MASK,True,565,583,565,583,72081,21.883,C:\Users\PeaceD_Dung\Documents\Khóa luận\dataset\vinmec_ovarian\OTU_2D\test\image\944.JPG,C:\Users\PeaceD_Dung\Documents\Khóa luận\dataset\vinmec_ovarian\OTU_2D\test\label\black_write\944.PNG
OTU_CEUS_102,OTU_CEUS,CEUS,VALID_LESION_MASK,True,338,355,338,355,25996,21.665,C:\Users\PeaceD_Dung\Documents\Khóa luận\dataset\vinmec_ovarian\OTU_CEUS\image\102.JPG,C:\Users\PeaceD_Dung\Documents\Khóa luận\dataset\vinmec_ovarian\OTU_CEUS\label\102.PNG
OTU_2D_test_606,OTU_2D_test,B-Mode 2D,VALID_LESION_MASK,True,959,567,959,567,45065,8.288,C:\Users\PeaceD_Dung\Documents\Khóa luận\dataset\vinmec_ovarian\OTU_2D\test\image\606.JPG,C:\Users\PeaceD_Dung\Documents\Khóa luận\dataset\vinmec_ovarian\OTU_2D\test\label\black_write\606.PNG
OTU_2D_test_1065,OTU_2D_test,B-Mode 2D,VALID_LESION_MASK,True,956,533,956,533,44013,8.638,C:\Users\PeaceD_Dung\Documents\Khóa luận\dataset\vinmec_ovarian\OTU_2D\test\image\1065.JPG,C:\Users\PeaceD_Dung\Documents\Khóa luận\dataset\vinmec_ovarian\OTU_2D\test\label\black_write\1065.PNG
OTU_2D_train_839,OTU_2D_train,B-Mode 2D,VALID_LESION_MASK,True,958,609,958,609,130206,22.318,C:\Users\PeaceD_Dung\Documents\Khóa luận\dataset\vinmec_ovarian\OTU_2D\train\train_image\839.JPG,C:\Users\PeaceD_Dung\Documents\Khóa luận\dataset\vinmec_ovarian\OTU_2D\train\train_label\label\839.PNG
OTU_2D_train_471,OTU_2D_train,B-Mode 2D,VALID_LESION_MASK,True,957,532,957,532,100134,19.668,C:\Users\PeaceD_Dung\Documents\Khóa luận\dataset\vinmec_ovarian\OTU_2D\train\train_image\471.JPG,C:\Users\PeaceD_Dung\Documents\Khóa luận\dataset\vinmec_ovarian\OTU_2D\train\train_label\label\471.PNG
OTU_2D_test_1373,OTU_2D_test,B-Mode 2D,VALID_LESION_MASK,True,480,544,480,544,61177,23.429,C:\Users\PeaceD_Dung\Documents\Khóa luận\dataset\vinmec_ovarian\OTU_2D\test\image\1373.JPG,C:\Users\PeaceD_Dung\Documents\Khóa luận\dataset\vinmec_ovarian\OTU_2D\test\label\black_write\1373.PNG
OTU_2D_test_1049,OTU_2D_test,B-Mode 2D,VALID_LESION_MASK,True,955,534,955,534,46744,9.166,C:\Users\PeaceD_Dung\Documents\Khóa luận\dataset\vinmec_ovarian\OTU_2D\test\image\1049.JPG,C:\Users\PeaceD_Dung\Documents\Khóa luận\dataset\vinmec_ovarian\OTU_2D\test\label\black_write\1049.PNG
OTU_2D_train_390,OTU_2D_train,B-Mode 2D,VALID_LESION_MASK,True,914,533,914,533,57947,11.895,C:\Users\PeaceD_Dung\Documents\Khóa luận\dataset\vinmec_ovarian\OTU_2D\train\train_image\390.JPG,C:\Users\PeaceD_Dung\Documents\Khóa luận\dataset\vinmec_ovarian\OTU_2D\train\train_label\label\390.PNG
OTU_2D_train_351,OTU_2D_train,B-Mode 2D,VALID_LESION_MASK,True,473,601,473,601,9323,3.28,C:\Users\PeaceD_Dung\Documents\Khóa luận\dataset\vinmec_ovarian\OTU_2D\train\train_image\351.JPG,C:\Users\PeaceD_Dung\Documents\Khóa luận\dataset\vinmec_ovarian\OTU_2D\train\train_label\label\351.PNG
OTU_2D_test_83,OTU_2D_test,B-Mode 2D,VALID_LESION_MASK,True,479,533,479,533,52466,20.55,C:\Users\PeaceD_Dung\Documents\Khóa luận\dataset\vinmec_ovarian\OTU_2D\test\image\83.JPG,C:\Users\PeaceD_Dung\Documents\Khóa luận\dataset\vinmec_ovarian\OTU_2D\test\label\black_write\83.PNG
OTU_CEUS_89,OTU_CEUS,CEUS,VALID_LESION_MASK,True,339,412,339,412,30754,22.019,C:\Users\PeaceD_Dung\Documents\Khóa luận\dataset\vinmec_ovarian\OTU_CEUS\image\89.JPG,C:\Users\PeaceD_Dung\Documents\Khóa luận\dataset\vinmec_ovarian\OTU_CEUS\label\89.PNG
OTU_2D_test_554,OTU_2D_test,B-Mode 2D,VALID_LESION_MASK,True,477,552,477,552,13018,4.944,C:\Users\PeaceD_Dung\Documents\Khóa luận\dataset\vinmec_ovarian\OTU_2D\test\image\554.JPG,C:\Users\PeaceD_Dung\Documents\Khóa luận\dataset\vinmec_ovarian\OTU_2D\test\label\black_write\554.PNG
OTU_2D_train_739,OTU_2D_train,B-Mode 2D,VALID_LESION_MASK,True,478,557,478,557,5823,2.187,C:\Users\PeaceD_Dung\Documents\Khóa luận\dataset\vinmec_ovarian\OTU_2D\train\train_image\739.JPG,C:\Users\PeaceD_Dung\Documents\Khóa luận\dataset\vinmec_ovarian\OTU_2D\train\train_label\label\739.PNG
OTU_2D_train_427,OTU_2D_train,B-Mode 2D,VALID_LESION_MASK,True,479,536,479,536,38174,14.869,C:\Users\PeaceD_Dung\Documents\Khóa luận\dataset\vinmec_ovarian\OTU_2D\train\train_image\427.JPG,C:\Users\PeaceD_Dung\Documents\Khóa luận\dataset\vinmec_ovarian\OTU_2D\train\train_label\label\427.PNG
OTU_2D_train_192,OTU_2D_train,B-Mode 2D,VALID_LESION_MASK,True,480,532,480,532,98899,38.729,C:\Users\PeaceD_Dung\Documents\Khóa luận\dataset\vinmec_ovarian\OTU_2D\train\train_image\192.JPG,C:\Users\PeaceD_Dung\Documents\Khóa luận\dataset\vinmec_ovarian\OTU_2D\train\train_label\label\192.PNG
OTU_2D_train_540,OTU_2D_train,B-Mode 2D,VALID_LESION_MASK,True,478,548,478,548,68910,26.307,C:\Users\PeaceD_Dung\Documents\Khóa luận\dataset\vinmec_ovarian\OTU_2D\train\train_image\540.JPG,C:\Users\PeaceD_Dung\Documents\Khóa luận\dataset\vinmec_ovarian\OTU_2D\train\train_label\label\540.PNG
OTU_2D_test_322,OTU_2D_test,B-Mode 2D,VALID_LESION_MASK,True,958,529,958,529,94152,18.578,C:\Users\PeaceD_Dung\Documents\Khóa luận\dataset\vinmec_ovarian\OTU_2D\test\image\322.JPG,C:\Users\PeaceD_Dung\Documents\Khóa luận\dataset\vinmec_ovarian\OTU_2D\test\label\black_write\322.PNG
OTU_2D_test_1104,OTU_2D_test,B-Mode 2D,VALID_LESION_MASK,True,957,512,957,512,21588,4.406,C:\Users\PeaceD_Dung\Documents\Khóa luận\dataset\vinmec_ovarian\OTU_2D\test\image\1104.JPG,C:\Users\PeaceD_Dung\Documents\Khóa luận\dataset\vinmec_ovarian\OTU_2D\test\label\black_write\1104.PNG
OTU_2D_train_1077,OTU_2D_train,B-Mode 2D,VALID_LESION_MASK,True,479,526,479,526,67094,26.629,C:\Users\PeaceD_Dung\Documents\Khóa luận\dataset\vinmec_ovarian\OTU_2D\train\train_image\1077.JPG,C:\Users\PeaceD_Dung\Documents\Khóa luận\dataset\vinmec_ovarian\OTU_2D\train\train_label\label\1077.PNG
OTU_CEUS_123,OTU_CEUS,CEUS,VALID_LESION_MASK,True,554,592,554,592,47486,14.479,C:\Users\PeaceD_Dung\Documents\Khóa luận\dataset\vinmec_ovarian\OTU_CEUS\image\123.JPG,C:\Users\PeaceD_Dung\Documents\Khóa luận\dataset\vinmec_ovarian\OTU_CEUS\label\123.PNG
OTU_2D_test_457,OTU_2D_test,B-Mode 2D,VALID_LESION_MASK,True,958,531,958,531,64539,12.687,C:\Users\PeaceD_Dung\Documents\Khóa luận\dataset\vinmec_ovarian\OTU_2D\test\image\457.JPG,C:\Users\PeaceD_Dung\Documents\Khóa luận\dataset\vinmec_ovarian\OTU_2D\test\label\black_write\457.PNG
OTU_2D_train_498,OTU_2D_train,B-Mode 2D,VALID_LESION_MASK,True,478,544,478,544,5431,2.089,C:\Users\PeaceD_Dung\Documents\Khóa luận\dataset\vinmec_ovarian\OTU_2D\train\train_image\498.JPG,C:\Users\PeaceD_Dung\Documents\Khóa luận\dataset\vinmec_ovarian\OTU_2D\train\train_label\label\498.PNG
OTU_CEUS_168,OTU_CEUS,CEUS,VALID_LESION_MASK,True,338,409,338,409,52002,37.617,C:\Users\PeaceD_Dung\Documents\Khóa luận\dataset\vinmec_ovarian\OTU_CEUS\image\168.JPG,C:\Users\PeaceD_Dung\Documents\Khóa luận\dataset\vinmec_ovarian\OTU_CEUS\label\168.PNG
OTU_2D_test_882,OTU_2D_test,B-Mode 2D,VALID_LESION_MASK,True,958,543,958,543,43573,8.376,C:\Users\PeaceD_Dung\Documents\Khóa luận\dataset\vinmec_ovarian\OTU_2D\test\image\882.JPG,C:\Users\PeaceD_Dung\Documents\Khóa luận\dataset\vinmec_ovarian\OTU_2D\test\label\black_write\882.PNG
OTU_2D_train_669,OTU_2D_train,B-Mode 2D,VALID_LESION_MASK,True,1135,785,1135,785,324351,36.404,C:\Users\PeaceD_Dung\Documents\Khóa luận\dataset\vinmec_ovarian\OTU_2D\train\train_image\669.JPG,C:\Users\PeaceD_Dung\Documents\Khóa luận\dataset\vinmec_ovarian\OTU_2D\train\train_label\label\669.PNG
OTU_2D_train_525,OTU_2D_train,B-Mode 2D,VALID_LESION_MASK,True,958,556,958,556,61895,11.62,C:\Users\PeaceD_Dung\Documents\Khóa luận\dataset\vinmec_ovarian\OTU_2D\train\train_image\525.JPG,C:\Users\PeaceD_Dung\Documents\Khóa luận\dataset\vinmec_ovarian\OTU_2D\train\train_label\label\525.PNG
OTU_2D_train_30,OTU_2D_train,B-Mode 2D,VALID_LESION_MASK,True,959,532,959,532,101722,19.938,C:\Users\PeaceD_Dung\Documents\Khóa luận\dataset\vinmec_ovarian\OTU_2D\train\train_image\30.JPG,C:\Users\PeaceD_Dung\Documents\Khóa luận\dataset\vinmec_ovarian\OTU_2D\train\train_label\label\30.PNG
OTU_2D_train_416,OTU_2D_train,B-Mode 2D,VALID_LESION_MASK,True,958,532,958,532,118085,23.17,C:\Users\PeaceD_Dung\Documents\Khóa luận\dataset\vinmec_ovarian\OTU_2D\train\train_image\416.JPG,C:\Users\PeaceD_Dung\Documents\Khóa luận\dataset\vinmec_ovarian\OTU_2D\train\train_label\label\416.PNG
OTU_2D_train_454,OTU_2D_train,B-Mode 2D,VALID_LESION_MASK,True,484,532,484,532,98235,38.151,C:\Users\PeaceD_Dung\Documents\Khóa luận\dataset\vinmec_ovarian\OTU_2D\train\train_image\454.JPG,C:\Users\PeaceD_Dung\Documents\Khóa luận\dataset\vinmec_ovarian\OTU_2D\train\train_label\label\454.PNG
OTU_2D_train_1112,OTU_2D_train,B-Mode 2D,VALID_LESION_MASK,True,958,530,958,530,11507,2.266,C:\Users\PeaceD_Dung\Documents\Khóa luận\dataset\vinmec_ovarian\OTU_2D\train\train_image\1112.JPG,C:\Users\PeaceD_Dung\Documents\Khóa luận\dataset\vinmec_ovarian\OTU_2D\train\train_label\label\1112.PNG
OTU_2D_test_693,OTU_2D_test,B-Mode 2D,VALID_LESION_MASK,True,959,546,959,546,51942,9.92,C:\Users\PeaceD_Dung\Documents\Khóa luận\dataset\vinmec_ovarian\OTU_2D\test\image\693.JPG,C:\Users\PeaceD_Dung\Documents\Khóa luận\dataset\vinmec_ovarian\OTU_2D\test\label\black_write\693.PNG
OTU_2D_train_1193,OTU_2D_train,B-Mode 2D,VALID_LESION_MASK,True,353,390,353,390,35686,25.921,C:\Users\PeaceD_Dung\Documents\Khóa luận\dataset\vinmec_ovarian\OTU_2D\train\train_image\1193.JPG,C:\Users\PeaceD_Dung\Documents\Khóa luận\dataset\vinmec_ovarian\OTU_2D\train\train_label\label\1193.PNG
OTU_2D_train_556,OTU_2D_train,B-Mode 2D,VALID_LESION_MASK,True,480,551,480,551,8325,3.148,C:\Users\PeaceD_Dung\Documents\Khóa luận\dataset\vinmec_ovarian\OTU_2D\train\train_image\556.JPG,C:\Users\PeaceD_Dung\Documents\Khóa luận\dataset\vinmec_ovarian\OTU_2D\train\train_label\label\556.PNG
OTU_2D_train_38,OTU_2D_train,B-Mode 2D,VALID_LESION_MASK,True,481,535,481,535,15590,6.058,C:\Users\PeaceD_Dung\Documents\Khóa luận\dataset\vinmec_ovarian\OTU_2D\train\train_image\38.JPG,C:\Users\PeaceD_Dung\Documents\Khóa luận\dataset\vinmec_ovarian\OTU_2D\train\train_label\label\38.PNG
OTU_2D_train_880,OTU_2D_train,B-Mode 2D,VALID_LESION_MASK,True,1135,610,1135,610,63568,9.181,C:\Users\PeaceD_Dung\Documents\Khóa luận\dataset\vinmec_ovarian\OTU_2D\train\train_image\880.JPG,C:\Users\PeaceD_Dung\Documents\Khóa luận\dataset\vinmec_ovarian\OTU_2D\train\train_label\label\880.PNG
OTU_2D_train_1212,OTU_2D_train,B-Mode 2D,VALID_LESION_MASK,True,957,539,957,539,5024,0.974,C:\Users\PeaceD_Dung\Documents\Khóa luận\dataset\vinmec_ovarian\OTU_2D\train\train_image\1212.JPG,C:\Users\PeaceD_Dung\Documents\Khóa luận\dataset\vinmec_ovarian\OTU_2D\train\train_label\label\1212.PNG
OTU_2D_train_1098,OTU_2D_train,B-Mode 2D,VALID_LESION_MASK,True,957,522,957,522,11456,2.293,C:\Users\PeaceD_Dung\Documents\Khóa luận\dataset\vinmec_ovarian\OTU_2D\train\train_image\1098.JPG,C:\Users\PeaceD_Dung\Documents\Khóa luận\dataset\vinmec_ovarian\OTU_2D\train\train_label\label\1098.PNG
OTU_2D_train_1446,OTU_2D_train,B-Mode 2D,VALID_LESION_MASK,True,565,582,565,582,53487,16.266,C:\Users\PeaceD_Dung\Documents\Khóa luận\dataset\vinmec_ovarian\OTU_2D\train\train_image\1446.JPG,C:\Users\PeaceD_Dung\Documents\Khóa luận\dataset\vinmec_ovarian\OTU_2D\train\train_label\label\1446.PNG
OTU_2D_test_614,OTU_2D_test,B-Mode 2D,VALID_LESION_MASK,True,971,548,971,548,91025,17.106,C:\Users\PeaceD_Dung\Documents\Khóa luận\dataset\vinmec_ovarian\OTU_2D\test\image\614.JPG,C:\Users\PeaceD_Dung\Documents\Khóa luận\dataset\vinmec_ovarian\OTU_2D\test\label\black_write\614.PNG
OTU_2D_train_1026,OTU_2D_train,B-Mode 2D,VALID_LESION_MASK,True,481,523,481,523,22729,9.035,C:\Users\PeaceD_Dung\Documents\Khóa luận\dataset\vinmec_ovarian\OTU_2D\train\train_image\1026.JPG,C:\Users\PeaceD_Dung\Documents\Khóa luận\dataset\vinmec_ovarian\OTU_2D\train\train_label\label\1026.PNG
OTU_2D_train_224,OTU_2D_train,B-Mode 2D,VALID_LESION_MASK,True,876,445,876,445,70677,18.131,C:\Users\PeaceD_Dung\Documents\Khóa luận\dataset\vinmec_ovarian\OTU_2D\train\train_image\224.JPG,C:\Users\PeaceD_Dung\Documents\Khóa luận\dataset\vinmec_ovarian\OTU_2D\train\train_label\label\224.PNG
OTU_CEUS_90,OTU_CEUS,CEUS,VALID_LESION_MASK,True,553,651,553,651,44548,12.374,C:\Users\PeaceD_Dung\Documents\Khóa luận\dataset\vinmec_ovarian\OTU_CEUS\image\90.JPG,C:\Users\PeaceD_Dung\Documents\Khóa luận\dataset\vinmec_ovarian\OTU_CEUS\label\90.PNG
OTU_2D_train_1408,OTU_2D_train,B-Mode 2D,VALID_LESION_MASK,True,960,533,960,533,151680,29.644,C:\Users\PeaceD_Dung\Documents\Khóa luận\dataset\vinmec_ovarian\OTU_2D\train\train_image\1408.JPG,C:\Users\PeaceD_Dung\Documents\Khóa luận\dataset\vinmec_ovarian\OTU_2D\train\train_label\label\1408.PNG
OTU_2D_train_293,OTU_2D_train,B-Mode 2D,VALID_LESION_MASK,True,962,532,962,532,70304,13.737,C:\Users\PeaceD_Dung\Documents\Khóa luận\dataset\vinmec_ovarian\OTU_2D\train\train_image\293.JPG,C:\Users\PeaceD_Dung\Documents\Khóa luận\dataset\vinmec_ovarian\OTU_2D\train\train_label\label\293.PNG
OTU_2D_train_1022,OTU_2D_train,B-Mode 2D,VALID_LESION_MASK,True,1132,590,1132,590,87319,13.074,C:\Users\PeaceD_Dung\Documents\Khóa luận\dataset\vinmec_ovarian\OTU_2D\train\train_image\1022.JPG,C:\Users\PeaceD_Dung\Documents\Khóa luận\dataset\vinmec_ovarian\OTU_2D\train\train_label\label\1022.PNG
OTU_2D_test_148,OTU_2D_test,B-Mode 2D,VALID_LESION_MASK,True,1101,567,1101,567,47944,7.68,C:\Users\PeaceD_Dung\Documents\Khóa luận\dataset\vinmec_ovarian\OTU_2D\test\image\148.JPG,C:\Users\PeaceD_Dung\Documents\Khóa luận\dataset\vinmec_ovarian\OTU_2D\test\label\black_write\148.PNG
OTU_2D_train_1044,OTU_2D_train,B-Mode 2D,VALID_LESION_MASK,True,959,528,959,528,120559,23.809,C:\Users\PeaceD_Dung\Documents\Khóa luận\dataset\vinmec_ovarian\OTU_2D\train\train_image\1044.JPG,C:\Users\PeaceD_Dung\Documents\Khóa luận\dataset\vinmec_ovarian\OTU_2D\train\train_label\label\1044.PNG
OTU_2D_train_765,OTU_2D_train,B-Mode 2D,VALID_LESION_MASK,True,561,597,561,597,36986,11.043,C:\Users\PeaceD_Dung\Documents\Khóa luận\dataset\vinmec_ovarian\OTU_2D\train\train_image\765.JPG,C:\Users\PeaceD_Dung\Documents\Khóa luận\dataset\vinmec_ovarian\OTU_2D\train\train_label\label\765.PNG
OTU_2D_train_1189,OTU_2D_train,B-Mode 2D,VALID_LESION_MASK,True,958,526,958,526,26029,5.165,C:\Users\PeaceD_Dung\Documents\Khóa luận\dataset\vinmec_ovarian\OTU_2D\train\train_image\1189.JPG,C:\Users\PeaceD_Dung\Documents\Khóa luận\dataset\vinmec_ovarian\OTU_2D\train\train_label\label\1189.PNG
OTU_2D_train_1290,OTU_2D_train,B-Mode 2D,VALID_LESION_MASK,True,958,532,958,532,121827,23.904,C:\Users\PeaceD_Dung\Documents\Khóa luận\dataset\vinmec_ovarian\OTU_2D\train\train_image\1290.JPG,C:\Users\PeaceD_Dung\Documents\Khóa luận\dataset\vinmec_ovarian\OTU_2D\train\train_label\label\1290.PNG
OTU_CEUS_96,OTU_CEUS,CEUS,VALID_LESION_MASK,True,880,549,880,549,94798,19.622,C:\Users\PeaceD_Dung\Documents\Khóa luận\dataset\vinmec_ovarian\OTU_CEUS\image\96.JPG,C:\Users\PeaceD_Dung\Documents\Khóa luận\dataset\vinmec_ovarian\OTU_CEUS\label\96.PNG
OTU_2D_test_1124,OTU_2D_test,B-Mode 2D,VALID_LESION_MASK,True,482,534,482,534,82907,32.211,C:\Users\PeaceD_Dung\Documents\Khóa luận\dataset\vinmec_ovarian\OTU_2D\test\image\1124.JPG,C:\Users\PeaceD_Dung\Documents\Khóa luận\dataset\vinmec_ovarian\OTU_2D\test\label\black_write\1124.PNG
OTU_CEUS_31,OTU_CEUS,CEUS,VALID_LESION_MASK,True,556,552,556,552,118895,38.739,C:\Users\PeaceD_Dung\Documents\Khóa luận\dataset\vinmec_ovarian\OTU_CEUS\image\31.JPG,C:\Users\PeaceD_Dung\Documents\Khóa luận\dataset\vinmec_ovarian\OTU_CEUS\label\31.PNG
OTU_2D_train_1243,OTU_2D_train,B-Mode 2D,VALID_LESION_MASK,True,956,532,956,532,92754,18.237,C:\Users\PeaceD_Dung\Documents\Khóa luận\dataset\vinmec_ovarian\OTU_2D\train\train_image\1243.JPG,C:\Users\PeaceD_Dung\Documents\Khóa luận\dataset\vinmec_ovarian\OTU_2D\train\train_label\label\1243.PNG
OTU_2D_train_1462,OTU_2D_train,B-Mode 2D,VALID_LESION_MASK,True,1113,565,1113,565,21416,3.406,C:\Users\PeaceD_Dung\Documents\Khóa luận\dataset\vinmec_ovarian\OTU_2D\train\train_image\1462.JPG,C:\Users\PeaceD_Dung\Documents\Khóa luận\dataset\vinmec_ovarian\OTU_2D\train\train_label\label\1462.PNG
OTU_2D_test_896,OTU_2D_test,B-Mode 2D,VALID_LESION_MASK,True,479,525,479,525,96879,38.524,C:\Users\PeaceD_Dung\Documents\Khóa luận\dataset\vinmec_ovarian\OTU_2D\test\image\896.JPG,C:\Users\PeaceD_Dung\Documents\Khóa luận\dataset\vinmec_ovarian\OTU_2D\test\label\black_write\896.PNG
OTU_2D_train_673,OTU_2D_train,B-Mode 2D,VALID_LESION_MASK,True,974,579,974,579,5280,0.936,C:\Users\PeaceD_Dung\Documents\Khóa luận\dataset\vinmec_ovarian\OTU_2D\train\train_image\673.JPG,C:\Users\PeaceD_Dung\Documents\Khóa luận\dataset\vinmec_ovarian\OTU_2D\train\train_label\label\673.PNG
OTU_2D_test_595,OTU_2D_test,B-Mode 2D,VALID_LESION_MASK,True,974,530,974,530,25217,4.885,C:\Users\PeaceD_Dung\Documents\Khóa luận\dataset\vinmec_ovarian\OTU_2D\test\image\595.JPG,C:\Users\PeaceD_Dung\Documents\Khóa luận\dataset\vinmec_ovarian\OTU_2D\test\label\black_write\595.PNG
OTU_2D_train_941,OTU_2D_train,B-Mode 2D,VALID_LESION_MASK,True,569,591,569,591,28836,8.575,C:\Users\PeaceD_Dung\Documents\Khóa luận\dataset\vinmec_ovarian\OTU_2D\train\train_image\941.JPG,C:\Users\PeaceD_Dung\Documents\Khóa luận\dataset\vinmec_ovarian\OTU_2D\train\train_label\label\941.PNG
OTU_2D_train_235,OTU_2D_train,B-Mode 2D,VALID_LESION_MASK,True,481,534,481,534,30744,11.969,C:\Users\PeaceD_Dung\Documents\Khóa luận\dataset\vinmec_ovarian\OTU_2D\train\train_image\235.JPG,C:\Users\PeaceD_Dung\Documents\Khóa luận\dataset\vinmec_ovarian\OTU_2D\train\train_label\label\235.PNG
OTU_2D_train_1396,OTU_2D_train,B-Mode 2D,VALID_LESION_MASK,True,568,595,568,595,37743,11.168,C:\Users\PeaceD_Dung\Documents\Khóa luận\dataset\vinmec_ovarian\OTU_2D\train\train_image\1396.JPG,C:\Users\PeaceD_Dung\Documents\Khóa luận\dataset\vinmec_ovarian\OTU_2D\train\train_label\label\1396.PNG
OTU_2D_train_1361,OTU_2D_train,B-Mode 2D,VALID_LESION_MASK,True,569,645,569,645,113025,30.797,C:\Users\PeaceD_Dung\Documents\Khóa luận\dataset\vinmec_ovarian\OTU_2D\train\train_image\1361.JPG,C:\Users\PeaceD_Dung\Documents\Khóa luận\dataset\vinmec_ovarian\OTU_2D\train\train_label\label\1361.PNG
OTU_2D_test_47,OTU_2D_test,B-Mode 2D,VALID_LESION_MASK,True,481,531,481,531,78889,30.887,C:\Users\PeaceD_Dung\Documents\Khóa luận\dataset\vinmec_ovarian\OTU_2D\test\image\47.JPG,C:\Users\PeaceD_Dung\Documents\Khóa luận\dataset\vinmec_ovarian\OTU_2D\test\label\black_write\47.PNG
OTU_2D_train_1345,OTU_2D_train,B-Mode 2D,VALID_LESION_MASK,True,571,594,571,594,13077,3.856,C:\Users\PeaceD_Dung\Documents\Khóa luận\dataset\vinmec_ovarian\OTU_2D\train\train_image\1345.JPG,C:\Users\PeaceD_Dung\Documents\Khóa luận\dataset\vinmec_ovarian\OTU_2D\train\train_label\label\1345.PNG
OTU_2D_train_6,OTU_2D_train,B-Mode 2D,VALID_LESION_MASK,True,958,534,958,534,73096,14.289,C:\Users\PeaceD_Dung\Documents\Khóa luận\dataset\vinmec_ovarian\OTU_2D\train\train_image\6.JPG,C:\Users\PeaceD_Dung\Documents\Khóa luận\dataset\vinmec_ovarian\OTU_2D\train\train_label\label\6.PNG
OTU_2D_test_436,OTU_2D_test,B-Mode 2D,VALID_LESION_MASK,True,407,272,407,272,24168,21.831,C:\Users\PeaceD_Dung\Documents\Khóa luận\dataset\vinmec_ovarian\OTU_2D\test\image\436.JPG,C:\Users\PeaceD_Dung\Documents\Khóa luận\dataset\vinmec_ovarian\OTU_2D\test\label\black_write\436.PNG
OTU_2D_train_1125,OTU_2D_train,B-Mode 2D,VALID_LESION_MASK,True,959,537,959,537,110881,21.531,C:\Users\PeaceD_Dung\Documents\Khóa luận\dataset\vinmec_ovarian\OTU_2D\train\train_image\1125.JPG,C:\Users\PeaceD_Dung\Documents\Khóa luận\dataset\vinmec_ovarian\OTU_2D\train\train_label\label\1125.PNG
OTU_CEUS_43,OTU_CEUS,CEUS,VALID_LESION_MASK,True,371,376,371,376,36433,26.118,C:\Users\PeaceD_Dung\Documents\Khóa luận\dataset\vinmec_ovarian\OTU_CEUS\image\43.JPG,C:\Users\PeaceD_Dung\Documents\Khóa luận\dataset\vinmec_ovarian\OTU_CEUS\label\43.PNG
OTU_2D_train_613,OTU_2D_train,B-Mode 2D,VALID_LESION_MASK,True,974,534,974,534,85115,16.365,C:\Users\PeaceD_Dung\Documents\Khóa luận\dataset\vinmec_ovarian\OTU_2D\train\train_image\613.JPG,C:\Users\PeaceD_Dung\Documents\Khóa luận\dataset\vinmec_ovarian\OTU_2D\train\train_label\label\613.PNG
OTU_CEUS_62,OTU_CEUS,CEUS,VALID_LESION_MASK,True,335,423,335,423,57837,40.815,C:\Users\PeaceD_Dung\Documents\Khóa luận\dataset\vinmec_ovarian\OTU_CEUS\image\62.JPG,C:\Users\PeaceD_Dung\Documents\Khóa luận\dataset\vinmec_ovarian\OTU_CEUS\label\62.PNG
OTU_2D_train_1211,OTU_2D_train,B-Mode 2D,VALID_LESION_MASK,True,952,532,952,532,9126,1.802,C:\Users\PeaceD_Dung\Documents\Khóa luận\dataset\vinmec_ovarian\OTU_2D\train\train_image\1211.JPG,C:\Users\PeaceD_Dung\Documents\Khóa luận\dataset\vinmec_ovarian\OTU_2D\train\train_label\label\1211.PNG
OTU_2D_train_1418,OTU_2D_train,B-Mode 2D,VALID_LESION_MASK,True,551,618,551,618,40865,12.001,C:\Users\PeaceD_Dung\Documents\Khóa luận\dataset\vinmec_ovarian\OTU_2D\train\train_image\1418.JPG,C:\Users\PeaceD_Dung\Documents\Khóa luận\dataset\vinmec_ovarian\OTU_2D\train\train_label\label\1418.PNG
OTU_2D_train_241,OTU_2D_train,B-Mode 2D,VALID_LESION_MASK,True,481,532,481,532,108774,42.508,C:\Users\PeaceD_Dung\Documents\Khóa luận\dataset\vinmec_ovarian\OTU_2D\train\train_image\241.JPG,C:\Users\PeaceD_Dung\Documents\Khóa luận\dataset\vinmec_ovarian\OTU_2D\train\train_label\label\241.PNG
OTU_2D_test_1444,OTU_2D_test,B-Mode 2D,VALID_LESION_MASK,True,477,521,477,521,42436,17.076,C:\Users\PeaceD_Dung\Documents\Khóa luận\dataset\vinmec_ovarian\OTU_2D\test\image\1444.JPG,C:\Users\PeaceD_Dung\Documents\Khóa luận\dataset\vinmec_ovarian\OTU_2D\test\label\black_write\1444.PNG
OTU_2D_train_1093,OTU_2D_train,B-Mode 2D,VALID_LESION_MASK,True,957,525,957,525,85883,17.094,C:\Users\PeaceD_Dung\Documents\Khóa luận\dataset\vinmec_ovarian\OTU_2D\train\train_image\1093.JPG,C:\Users\PeaceD_Dung\Documents\Khóa luận\dataset\vinmec_ovarian\OTU_2D\train\train_label\label\1093.PNG
OTU_2D_train_1036,OTU_2D_train,B-Mode 2D,VALID_LESION_MASK,True,959,563,959,563,23271,4.31,C:\Users\PeaceD_Dung\Documents\Khóa luận\dataset\vinmec_ovarian\OTU_2D\train\train_image\1036.JPG,C:\Users\PeaceD_Dung\Documents\Khóa luận\dataset\vinmec_ovarian\OTU_2D\train\train_label\label\1036.PNG
OTU_2D_test_701,OTU_2D_test,B-Mode 2D,VALID_LESION_MASK,True,959,549,959,549,133840,25.421,C:\Users\PeaceD_Dung\Documents\Khóa luận\dataset\vinmec_ovarian\OTU_2D\test\image\701.JPG,C:\Users\PeaceD_Dung\Documents\Khóa luận\dataset\vinmec_ovarian\OTU_2D\test\label\black_write\701.PNG
OTU_2D_train_734,OTU_2D_train,B-Mode 2D,VALID_LESION_MASK,True,476,566,476,566,40826,15.154,C:\Users\PeaceD_Dung\Documents\Khóa luận\dataset\vinmec_ovarian\OTU_2D\train\train_image\734.JPG,C:\Users\PeaceD_Dung\Documents\Khóa luận\dataset\vinmec_ovarian\OTU_2D\train\train_label\label\734.PNG
OTU_2D_test_947,OTU_2D_test,B-Mode 2D,VALID_LESION_MASK,True,567,586,567,586,38346,11.541,C:\Users\PeaceD_Dung\Documents\Khóa luận\dataset\vinmec_ovarian\OTU_2D\test\image\947.JPG,C:\Users\PeaceD_Dung\Documents\Khóa luận\dataset\vinmec_ovarian\OTU_2D\test\label\black_write\947.PNG
OTU_2D_train_1351,OTU_2D_train,B-Mode 2D,VALID_LESION_MASK,True,569,597,569,597,17940,5.281,C:\Users\PeaceD_Dung\Documents\Khóa luận\dataset\vinmec_ovarian\OTU_2D\train\train_image\1351.JPG,C:\Users\PeaceD_Dung\Documents\Khóa luận\dataset\vinmec_ovarian\OTU_2D\train\train_label\label\1351.PNG
OTU_2D_train_767,OTU_2D_train,B-Mode 2D,VALID_LESION_MASK,True,562,622,562,622,31748,9.082,C:\Users\PeaceD_Dung\Documents\Khóa luận\dataset\vinmec_ovarian\OTU_2D\train\train_image\767.JPG,C:\Users\PeaceD_Dung\Documents\Khóa luận\dataset\vinmec_ovarian\OTU_2D\train\train_label\label\767.PNG
OTU_CEUS_5,OTU_CEUS,CEUS,VALID_LESION_MASK,True,555,549,555,549,34694,11.386,C:\Users\PeaceD_Dung\Documents\Khóa luận\dataset\vinmec_ovarian\OTU_CEUS\image\5.JPG,C:\Users\PeaceD_Dung\Documents\Khóa luận\dataset\vinmec_ovarian\OTU_CEUS\label\5.PNG
OTU_CEUS_38,OTU_CEUS,CEUS,VALID_LESION_MASK,True,564,551,564,551,50129,16.131,C:\Users\PeaceD_Dung\Documents\Khóa luận\dataset\vinmec_ovarian\OTU_CEUS\image\38.JPG,C:\Users\PeaceD_Dung\Documents\Khóa luận\dataset\vinmec_ovarian\OTU_CEUS\label\38.PNG
OTU_2D_train_1207,OTU_2D_train,B-Mode 2D,VALID_LESION_MASK,True,483,530,483,530,56544,22.088,C:\Users\PeaceD_Dung\Documents\Khóa luận\dataset\vinmec_ovarian\OTU_2D\train\train_image\1207.JPG,C:\Users\PeaceD_Dung\Documents\Khóa luận\dataset\vinmec_ovarian\OTU_2D\train\train_label\label\1207.PNG
OTU_2D_test_237,OTU_2D_test,B-Mode 2D,VALID_LESION_MASK,True,857,559,857,559,12829,2.678,C:\Users\PeaceD_Dung\Documents\Khóa luận\dataset\vinmec_ovarian\OTU_2D\test\image\237.JPG,C:\Users\PeaceD_Dung\Documents\Khóa luận\dataset\vinmec_ovarian\OTU_2D\test\label\black_write\237.PNG
OTU_2D_train_1459,OTU_2D_train,B-Mode 2D,VALID_LESION_MASK,True,957,529,957,529,22827,4.509,C:\Users\PeaceD_Dung\Documents\Khóa luận\dataset\vinmec_ovarian\OTU_2D\train\train_image\1459.JPG,C:\Users\PeaceD_Dung\Documents\Khóa luận\dataset\vinmec_ovarian\OTU_2D\train\train_label\label\1459.PNG
OTU_2D_train_347,OTU_2D_train,B-Mode 2D,VALID_LESION_MASK,True,828,609,828,609,13008,2.58,C:\Users\PeaceD_Dung\Documents\Khóa luận\dataset\vinmec_ovarian\OTU_2D\train\train_image\347.JPG,C:\Users\PeaceD_Dung\Documents\Khóa luận\dataset\vinmec_ovarian\OTU_2D\train\train_label\label\347.PNG
OTU_2D_train_1106,OTU_2D_train,B-Mode 2D,VALID_LESION_MASK,True,1133,584,1133,584,149841,22.646,C:\Users\PeaceD_Dung\Documents\Khóa luận\dataset\vinmec_ovarian\OTU_2D\train\train_image\1106.JPG,C:\Users\PeaceD_Dung\Documents\Khóa luận\dataset\vinmec_ovarian\OTU_2D\train\train_label\label\1106.PNG
OTU_CEUS_112,OTU_CEUS,CEUS,VALID_LESION_MASK,True,330,384,330,384,25058,19.774,C:\Users\PeaceD_Dung\Documents\Khóa luận\dataset\vinmec_ovarian\OTU_CEUS\image\112.JPG,C:\Users\PeaceD_Dung\Documents\Khóa luận\dataset\vinmec_ovarian\OTU_CEUS\label\112.PNG
OTU_CEUS_108,OTU_CEUS,CEUS,VALID_LESION_MASK,True,338,414,338,414,52162,37.277,C:\Users\PeaceD_Dung\Documents\Khóa luận\dataset\vinmec_ovarian\OTU_CEUS\image\108.JPG,C:\Users\PeaceD_Dung\Documents\Khóa luận\dataset\vinmec_ovarian\OTU_CEUS\label\108.PNG
OTU_CEUS_17,OTU_CEUS,CEUS,VALID_LESION_MASK,True,555,556,555,556,64725,20.975,C:\Users\PeaceD_Dung\Documents\Khóa luận\dataset\vinmec_ovarian\OTU_CEUS\image\17.JPG,C:\Users\PeaceD_Dung\Documents\Khóa luận\dataset\vinmec_ovarian\OTU_CEUS\label\17.PNG
OTU_2D_train_307,OTU_2D_train,B-Mode 2D,VALID_LESION_MASK,True,480,529,480,529,40111,15.797,C:\Users\PeaceD_Dung\Documents\Khóa luận\dataset\vinmec_ovarian\OTU_2D\train\train_image\307.JPG,C:\Users\PeaceD_Dung\Documents\Khóa luận\dataset\vinmec_ovarian\OTU_2D\train\train_label\label\307.PNG
OTU_2D_test_3,OTU_2D_test,B-Mode 2D,VALID_LESION_MASK,True,478,537,478,537,31718,12.357,C:\Users\PeaceD_Dung\Documents\Khóa luận\dataset\vinmec_ovarian\OTU_2D\test\image\3.JPG,C:\Users\PeaceD_Dung\Documents\Khóa luận\dataset\vinmec_ovarian\OTU_2D\test\label\black_write\3.PNG
OTU_2D_test_1091,OTU_2D_test,B-Mode 2D,VALID_LESION_MASK,True,1134,605,1134,605,44095,6.427,C:\Users\PeaceD_Dung\Documents\Khóa luận\dataset\vinmec_ovarian\OTU_2D\test\image\1091.JPG,C:\Users\PeaceD_Dung\Documents\Khóa luận\dataset\vinmec_ovarian\OTU_2D\test\label\black_write\1091.PNG
OTU_2D_test_979,OTU_2D_test,B-Mode 2D,VALID_LESION_MASK,True,481,525,481,525,8080,3.2,C:\Users\PeaceD_Dung\Documents\Khóa luận\dataset\vinmec_ovarian\OTU_2D\test\image\979.JPG,C:\Users\PeaceD_Dung\Documents\Khóa luận\dataset\vinmec_ovarian\OTU_2D\test\label\black_write\979.PNG
OTU_2D_train_1400,OTU_2D_train,B-Mode 2D,VALID_LESION_MASK,True,483,538,483,538,14659,5.641,C:\Users\PeaceD_Dung\Documents\Khóa luận\dataset\vinmec_ovarian\OTU_2D\train\train_image\1400.JPG,C:\Users\PeaceD_Dung\Documents\Khóa luận\dataset\vinmec_ovarian\OTU_2D\train\train_label\label\1400.PNG
OTU_2D_train_411,OTU_2D_train,B-Mode 2D,VALID_LESION_MASK,True,959,535,959,535,74987,14.615,C:\Users\PeaceD_Dung\Documents\Khóa luận\dataset\vinmec_ovarian\OTU_2D\train\train_image\411.JPG,C:\Users\PeaceD_Dung\Documents\Khóa luận\dataset\vinmec_ovarian\OTU_2D\train\train_label\label\411.PNG
OTU_2D_train_410,OTU_2D_train,B-Mode 2D,VALID_LESION_MASK,True,833,604,833,604,87677,17.426,C:\Users\PeaceD_Dung\Documents\Khóa luận\dataset\vinmec_ovarian\OTU_2D\train\train_image\410.JPG,C:\Users\PeaceD_Dung\Documents\Khóa luận\dataset\vinmec_ovarian\OTU_2D\train\train_label\label\410.PNG
OTU_2D_train_1362,OTU_2D_train,B-Mode 2D,VALID_LESION_MASK,True,1135,640,1135,640,118394,16.299,C:\Users\PeaceD_Dung\Documents\Khóa luận\dataset\vinmec_ovarian\OTU_2D\train\train_image\1362.JPG,C:\Users\PeaceD_Dung\Documents\Khóa luận\dataset\vinmec_ovarian\OTU_2D\train\train_label\label\1362.PNG
OTU_2D_test_1134,OTU_2D_test,B-Mode 2D,VALID_LESION_MASK,True,480,534,480,534,46259,18.047,C:\Users\PeaceD_Dung\Documents\Khóa luận\dataset\vinmec_ovarian\OTU_2D\test\image\1134.JPG,C:\Users\PeaceD_Dung\Documents\Khóa luận\dataset\vinmec_ovarian\OTU_2D\test\label\black_write\1134.PNG
OTU_2D_test_682,OTU_2D_test,B-Mode 2D,VALID_LESION_MASK,True,496,532,496,532,118671,44.973,C:\Users\PeaceD_Dung\Documents\Khóa luận\dataset\vinmec_ovarian\OTU_2D\test\image\682.JPG,C:\Users\PeaceD_Dung\Documents\Khóa luận\dataset\vinmec_ovarian\OTU_2D\test\label\black_write\682.PNG
OTU_2D_train_1052,OTU_2D_train,B-Mode 2D,VALID_LESION_MASK,True,479,527,479,527,88807,35.18,C:\Users\PeaceD_Dung\Documents\Khóa luận\dataset\vinmec_ovarian\OTU_2D\train\train_image\1052.JPG,C:\Users\PeaceD_Dung\Documents\Khóa luận\dataset\vinmec_ovarian\OTU_2D\train\train_label\label\1052.PNG
OTU_2D_train_147,OTU_2D_train,B-Mode 2D,VALID_LESION_MASK,True,1104,573,1104,573,41656,6.585,C:\Users\PeaceD_Dung\Documents\Khóa luận\dataset\vinmec_ovarian\OTU_2D\train\train_image\147.JPG,C:\Users\PeaceD_Dung\Documents\Khóa luận\dataset\vinmec_ovarian\OTU_2D\train\train_label\label\147.PNG
OTU_2D_train_364,OTU_2D_train,B-Mode 2D,VALID_LESION_MASK,True,958,562,958,562,92324,17.148,C:\Users\PeaceD_Dung\Documents\Khóa luận\dataset\vinmec_ovarian\OTU_2D\train\train_image\364.JPG,C:\Users\PeaceD_Dung\Documents\Khóa luận\dataset\vinmec_ovarian\OTU_2D\train\train_label\label\364.PNG
OTU_2D_train_708,OTU_2D_train,B-Mode 2D,VALID_LESION_MASK,True,480,550,480,550,38534,14.596,C:\Users\PeaceD_Dung\Documents\Khóa luận\dataset\vinmec_ovarian\OTU_2D\train\train_image\708.JPG,C:\Users\PeaceD_Dung\Documents\Khóa luận\dataset\vinmec_ovarian\OTU_2D\train\train_label\label\708.PNG
OTU_2D_train_470,OTU_2D_train,B-Mode 2D,VALID_LESION_MASK,True,958,538,958,538,16578,3.217,C:\Users\PeaceD_Dung\Documents\Khóa luận\dataset\vinmec_ovarian\OTU_2D\train\train_image\470.JPG,C:\Users\PeaceD_Dung\Documents\Khóa luận\dataset\vinmec_ovarian\OTU_2D\train\train_label\label\470.PNG
OTU_2D_train_117,OTU_2D_train,B-Mode 2D,VALID_LESION_MASK,True,480,532,480,532,102813,40.262,C:\Users\PeaceD_Dung\Documents\Khóa luận\dataset\vinmec_ovarian\OTU_2D\train\train_image\117.JPG,C:\Users\PeaceD_Dung\Documents\Khóa luận\dataset\vinmec_ovarian\OTU_2D\train\train_label\label\117.PNG
OTU_2D_train_758,OTU_2D_train,B-Mode 2D,VALID_LESION_MASK,True,1096,614,1096,614,35453,5.268,C:\Users\PeaceD_Dung\Documents\Khóa luận\dataset\vinmec_ovarian\OTU_2D\train\train_image\758.JPG,C:\Users\PeaceD_Dung\Documents\Khóa luận\dataset\vinmec_ovarian\OTU_2D\train\train_label\label\758.PNG
OTU_2D_train_372,OTU_2D_train,B-Mode 2D,VALID_LESION_MASK,True,806,669,806,669,88561,16.424,C:\Users\PeaceD_Dung\Documents\Khóa luận\dataset\vinmec_ovarian\OTU_2D\train\train_image\372.JPG,C:\Users\PeaceD_Dung\Documents\Khóa luận\dataset\vinmec_ovarian\OTU_2D\train\train_label\label\372.PNG
OTU_2D_train_1258,OTU_2D_train,B-Mode 2D,VALID_LESION_MASK,True,484,528,484,528,20470,8.01,C:\Users\PeaceD_Dung\Documents\Khóa luận\dataset\vinmec_ovarian\OTU_2D\train\train_image\1258.JPG,C:\Users\PeaceD_Dung\Documents\Khóa luận\dataset\vinmec_ovarian\OTU_2D\train\train_label\label\1258.PNG
OTU_2D_train_858,OTU_2D_train,B-Mode 2D,VALID_LESION_MASK,True,958,548,958,548,27919,5.318,C:\Users\PeaceD_Dung\Documents\Khóa luận\dataset\vinmec_ovarian\OTU_2D\train\train_image\858.JPG,C:\Users\PeaceD_Dung\Documents\Khóa luận\dataset\vinmec_ovarian\OTU_2D\train\train_label\label\858.PNG
OTU_2D_test_1132,OTU_2D_test,B-Mode 2D,VALID_LESION_MASK,True,958,533,958,533,6969,1.365,C:\Users\PeaceD_Dung\Documents\Khóa luận\dataset\vinmec_ovarian\OTU_2D\test\image\1132.JPG,C:\Users\PeaceD_Dung\Documents\Khóa luận\dataset\vinmec_ovarian\OTU_2D\test\label\black_write\1132.PNG
OTU_2D_train_654,OTU_2D_train,B-Mode 2D,VALID_LESION_MASK,True,494,552,494,552,81491,29.884,C:\Users\PeaceD_Dung\Documents\Khóa luận\dataset\vinmec_ovarian\OTU_2D\train\train_image\654.JPG,C:\Users\PeaceD_Dung\Documents\Khóa luận\dataset\vinmec_ovarian\OTU_2D\train\train_label\label\654.PNG
OTU_2D_train_378,OTU_2D_train,B-Mode 2D,VALID_LESION_MASK,True,479,538,479,538,61571,23.892,C:\Users\PeaceD_Dung\Documents\Khóa luận\dataset\vinmec_ovarian\OTU_2D\train\train_image\378.JPG,C:\Users\PeaceD_Dung\Documents\Khóa luận\dataset\vinmec_ovarian\OTU_2D\train\train_label\label\378.PNG
OTU_2D_train_578,OTU_2D_train,B-Mode 2D,VALID_LESION_MASK,True,480,556,480,556,71852,26.923,C:\Users\PeaceD_Dung\Documents\Khóa luận\dataset\vinmec_ovarian\OTU_2D\train\train_image\578.JPG,C:\Users\PeaceD_Dung\Documents\Khóa luận\dataset\vinmec_ovarian\OTU_2D\train\train_label\label\578.PNG
OTU_2D_train_82,OTU_2D_train,B-Mode 2D,VALID_LESION_MASK,True,958,532,958,532,45792,8.985,C:\Users\PeaceD_Dung\Documents\Khóa luận\dataset\vinmec_ovarian\OTU_2D\train\train_image\82.JPG,C:\Users\PeaceD_Dung\Documents\Khóa luận\dataset\vinmec_ovarian\OTU_2D\train\train_label\label\82.PNG
OTU_2D_train_881,OTU_2D_train,B-Mode 2D,VALID_LESION_MASK,True,957,539,957,539,55982,10.853,C:\Users\PeaceD_Dung\Documents\Khóa luận\dataset\vinmec_ovarian\OTU_2D\train\train_image\881.JPG,C:\Users\PeaceD_Dung\Documents\Khóa luận\dataset\vinmec_ovarian\OTU_2D\train\train_label\label\881.PNG
OTU_2D_train_777,OTU_2D_train,B-Mode 2D,VALID_LESION_MASK,True,973,537,973,537,162471,31.095,C:\Users\PeaceD_Dung\Documents\Khóa luận\dataset\vinmec_ovarian\OTU_2D\train\train_image\777.JPG,C:\Users\PeaceD_Dung\Documents\Khóa luận\dataset\vinmec_ovarian\OTU_2D\train\train_label\label\777.PNG
OTU_CEUS_68,OTU_CEUS,CEUS,VALID_LESION_MASK,True,551,554,551,554,80490,26.368,C:\Users\PeaceD_Dung\Documents\Khóa luận\dataset\vinmec_ovarian\OTU_CEUS\image\68.JPG,C:\Users\PeaceD_Dung\Documents\Khóa luận\dataset\vinmec_ovarian\OTU_CEUS\label\68.PNG
OTU_2D_train_420,OTU_2D_train,B-Mode 2D,VALID_LESION_MASK,True,959,533,959,533,83732,16.381,C:\Users\PeaceD_Dung\Documents\Khóa luận\dataset\vinmec_ovarian\OTU_2D\train\train_image\420.JPG,C:\Users\PeaceD_Dung\Documents\Khóa luận\dataset\vinmec_ovarian\OTU_2D\train\train_label\label\420.PNG
OTU_CEUS_59,OTU_CEUS,CEUS,VALID_LESION_MASK,True,542,597,542,597,85615,26.459,C:\Users\PeaceD_Dung\Documents\Khóa luận\dataset\vinmec_ovarian\OTU_CEUS\image\59.JPG,C:\Users\PeaceD_Dung\Documents\Khóa luận\dataset\vinmec_ovarian\OTU_CEUS\label\59.PNG
OTU_2D_train_1226,OTU_2D_train,B-Mode 2D,VALID_LESION_MASK,True,1135,592,1135,592,122171,18.182,C:\Users\PeaceD_Dung\Documents\Khóa luận\dataset\vinmec_ovarian\OTU_2D\train\train_image\1226.JPG,C:\Users\PeaceD_Dung\Documents\Khóa luận\dataset\vinmec_ovarian\OTU_2D\train\train_label\label\1226.PNG
OTU_2D_train_575,OTU_2D_train,B-Mode 2D,VALID_LESION_MASK,True,479,546,479,546,8140,3.112,C:\Users\PeaceD_Dung\Documents\Khóa luận\dataset\vinmec_ovarian\OTU_2D\train\train_image\575.JPG,C:\Users\PeaceD_Dung\Documents\Khóa luận\dataset\vinmec_ovarian\OTU_2D\train\train_label\label\575.PNG
OTU_2D_test_793,OTU_2D_test,B-Mode 2D,VALID_LESION_MASK,True,953,543,953,543,81639,15.776,C:\Users\PeaceD_Dung\Documents\Khóa luận\dataset\vinmec_ovarian\OTU_2D\test\image\793.JPG,C:\Users\PeaceD_Dung\Documents\Khóa luận\dataset\vinmec_ovarian\OTU_2D\test\label\black_write\793.PNG
OTU_2D_test_179,OTU_2D_test,B-Mode 2D,VALID_LESION_MASK,True,479,535,479,535,153684,59.971,C:\Users\PeaceD_Dung\Documents\Khóa luận\dataset\vinmec_ovarian\OTU_2D\test\image\179.JPG,C:\Users\PeaceD_Dung\Documents\Khóa luận\dataset\vinmec_ovarian\OTU_2D\test\label\black_write\179.PNG
OTU_2D_train_1195,OTU_2D_train,B-Mode 2D,VALID_LESION_MASK,True,957,534,957,534,107605,21.056,C:\Users\PeaceD_Dung\Documents\Khóa luận\dataset\vinmec_ovarian\OTU_2D\train\train_image\1195.JPG,C:\Users\PeaceD_Dung\Documents\Khóa luận\dataset\vinmec_ovarian\OTU_2D\train\train_label\label\1195.PNG
OTU_2D_train_479,OTU_2D_train,B-Mode 2D,VALID_LESION_MASK,True,961,532,961,532,165782,32.427,C:\Users\PeaceD_Dung\Documents\Khóa luận\dataset\vinmec_ovarian\OTU_2D\train\train_image\479.JPG,C:\Users\PeaceD_Dung\Documents\Khóa luận\dataset\vinmec_ovarian\OTU_2D\train\train_label\label\479.PNG
OTU_CEUS_52,OTU_CEUS,CEUS,VALID_LESION_MASK,True,879,552,879,552,40264,8.298,C:\Users\PeaceD_Dung\Documents\Khóa luận\dataset\vinmec_ovarian\OTU_CEUS\image\52.JPG,C:\Users\PeaceD_Dung\Documents\Khóa luận\dataset\vinmec_ovarian\OTU_CEUS\label\52.PNG
OTU_2D_train_1059,OTU_2D_train,B-Mode 2D,VALID_LESION_MASK,True,568,584,568,584,173235,52.225,C:\Users\PeaceD_Dung\Documents\Khóa luận\dataset\vinmec_ovarian\OTU_2D\train\train_image\1059.JPG,C:\Users\PeaceD_Dung\Documents\Khóa luận\dataset\vinmec_ovarian\OTU_2D\train\train_label\label\1059.PNG
OTU_2D_train_1080,OTU_2D_train,B-Mode 2D,VALID_LESION_MASK,True,955,527,955,527,36149,7.183,C:\Users\PeaceD_Dung\Documents\Khóa luận\dataset\vinmec_ovarian\OTU_2D\train\train_image\1080.JPG,C:\Users\PeaceD_Dung\Documents\Khóa luận\dataset\vinmec_ovarian\OTU_2D\train\train_label\label\1080.PNG
OTU_2D_train_1236,OTU_2D_train,B-Mode 2D,VALID_LESION_MASK,True,568,590,568,590,130861,39.049,C:\Users\PeaceD_Dung\Documents\Khóa luận\dataset\vinmec_ovarian\OTU_2D\train\train_image\1236.JPG,C:\Users\PeaceD_Dung\Documents\Khóa luận\dataset\vinmec_ovarian\OTU_2D\train\train_label\label\1236.PNG
OTU_2D_train_1196,OTU_2D_train,B-Mode 2D,VALID_LESION_MASK,True,958,534,958,534,95327,18.634,C:\Users\PeaceD_Dung\Documents\Khóa luận\dataset\vinmec_ovarian\OTU_2D\train\train_image\1196.JPG,C:\Users\PeaceD_Dung\Documents\Khóa luận\dataset\vinmec_ovarian\OTU_2D\train\train_label\label\1196.PNG
OTU_2D_train_365,OTU_2D_train,B-Mode 2D,VALID_LESION_MASK,True,958,554,958,554,165085,31.105,C:\Users\PeaceD_Dung\Documents\Khóa luận\dataset\vinmec_ovarian\OTU_2D\train\train_image\365.JPG,C:\Users\PeaceD_Dung\Documents\Khóa luận\dataset\vinmec_ovarian\OTU_2D\train\train_label\label\365.PNG
OTU_2D_test_473,OTU_2D_test,B-Mode 2D,VALID_LESION_MASK,True,1103,569,1103,569,46560,7.419,C:\Users\PeaceD_Dung\Documents\Khóa luận\dataset\vinmec_ovarian\OTU_2D\test\image\473.JPG,C:\Users\PeaceD_Dung\Documents\Khóa luận\dataset\vinmec_ovarian\OTU_2D\test\label\black_write\473.PNG
OTU_CEUS_98,OTU_CEUS,CEUS,VALID_LESION_MASK,True,552,548,552,548,80242,26.527,C:\Users\PeaceD_Dung\Documents\Khóa luận\dataset\vinmec_ovarian\OTU_CEUS\image\98.JPG,C:\Users\PeaceD_Dung\Documents\Khóa luận\dataset\vinmec_ovarian\OTU_CEUS\label\98.PNG
OTU_2D_train_824,OTU_2D_train,B-Mode 2D,VALID_LESION_MASK,True,959,546,959,546,7440,1.421,C:\Users\PeaceD_Dung\Documents\Khóa luận\dataset\vinmec_ovarian\OTU_2D\train\train_image\824.JPG,C:\Users\PeaceD_Dung\Documents\Khóa luận\dataset\vinmec_ovarian\OTU_2D\train\train_label\label\824.PNG
OTU_2D_test_412,OTU_2D_test,B-Mode 2D,VALID_LESION_MASK,True,962,660,962,660,127415,20.068,C:\Users\PeaceD_Dung\Documents\Khóa luận\dataset\vinmec_ovarian\OTU_2D\test\image\412.JPG,C:\Users\PeaceD_Dung\Documents\Khóa luận\dataset\vinmec_ovarian\OTU_2D\test\label\black_write\412.PNG
OTU_2D_test_448,OTU_2D_test,B-Mode 2D,VALID_LESION_MASK,True,958,534,958,534,11226,2.194,C:\Users\PeaceD_Dung\Documents\Khóa luận\dataset\vinmec_ovarian\OTU_2D\test\image\448.JPG,C:\Users\PeaceD_Dung\Documents\Khóa luận\dataset\vinmec_ovarian\OTU_2D\test\label\black_write\448.PNG
OTU_2D_train_729,OTU_2D_train,B-Mode 2D,VALID_LESION_MASK,True,973,533,973,533,48357,9.324,C:\Users\PeaceD_Dung\Documents\Khóa luận\dataset\vinmec_ovarian\OTU_2D\train\train_image\729.JPG,C:\Users\PeaceD_Dung\Documents\Khóa luận\dataset\vinmec_ovarian\OTU_2D\train\train_label\label\729.PNG
OTU_2D_train_1109,OTU_2D_train,B-Mode 2D,VALID_LESION_MASK,True,959,536,959,536,152167,29.603,C:\Users\PeaceD_Dung\Documents\Khóa luận\dataset\vinmec_ovarian\OTU_2D\train\train_image\1109.JPG,C:\Users\PeaceD_Dung\Documents\Khóa luận\dataset\vinmec_ovarian\OTU_2D\train\train_label\label\1109.PNG
OTU_2D_train_749,OTU_2D_train,B-Mode 2D,VALID_LESION_MASK,True,498,541,498,541,24917,9.248,C:\Users\PeaceD_Dung\Documents\Khóa luận\dataset\vinmec_ovarian\OTU_2D\train\train_image\749.JPG,C:\Users\PeaceD_Dung\Documents\Khóa luận\dataset\vinmec_ovarian\OTU_2D\train\train_label\label\749.PNG
OTU_2D_train_1375,OTU_2D_train,B-Mode 2D,VALID_LESION_MASK,True,959,537,959,537,106301,20.642,C:\Users\PeaceD_Dung\Documents\Khóa luận\dataset\vinmec_ovarian\OTU_2D\train\train_image\1375.JPG,C:\Users\PeaceD_Dung\Documents\Khóa luận\dataset\vinmec_ovarian\OTU_2D\train\train_label\label\1375.PNG
OTU_2D_train_696,OTU_2D_train,B-Mode 2D,VALID_LESION_MASK,True,866,617,866,617,85733,16.045,C:\Users\PeaceD_Dung\Documents\Khóa luận\dataset\vinmec_ovarian\OTU_2D\train\train_image\696.JPG,C:\Users\PeaceD_Dung\Documents\Khóa luận\dataset\vinmec_ovarian\OTU_2D\train\train_label\label\696.PNG
OTU_2D_train_233,OTU_2D_train,B-Mode 2D,VALID_LESION_MASK,True,480,534,480,534,32537,12.694,C:\Users\PeaceD_Dung\Documents\Khóa luận\dataset\vinmec_ovarian\OTU_2D\train\train_image\233.JPG,C:\Users\PeaceD_Dung\Documents\Khóa luận\dataset\vinmec_ovarian\OTU_2D\train\train_label\label\233.PNG
OTU_2D_train_608,OTU_2D_train,B-Mode 2D,VALID_LESION_MASK,True,959,557,959,557,66536,12.456,C:\Users\PeaceD_Dung\Documents\Khóa luận\dataset\vinmec_ovarian\OTU_2D\train\train_image\608.JPG,C:\Users\PeaceD_Dung\Documents\Khóa luận\dataset\vinmec_ovarian\OTU_2D\train\train_label\label\608.PNG
OTU_2D_train_712,OTU_2D_train,B-Mode 2D,VALID_LESION_MASK,True,959,539,959,539,144769,28.007,C:\Users\PeaceD_Dung\Documents\Khóa luận\dataset\vinmec_ovarian\OTU_2D\train\train_image\712.JPG,C:\Users\PeaceD_Dung\Documents\Khóa luận\dataset\vinmec_ovarian\OTU_2D\train\train_label\label\712.PNG
OTU_CEUS_42,OTU_CEUS,CEUS,VALID_LESION_MASK,True,372,381,372,381,36754,25.932,C:\Users\PeaceD_Dung\Documents\Khóa luận\dataset\vinmec_ovarian\OTU_CEUS\image\42.JPG,C:\Users\PeaceD_Dung\Documents\Khóa luận\dataset\vinmec_ovarian\OTU_CEUS\label\42.PNG
OTU_2D_train_447,OTU_2D_train,B-Mode 2D,VALID_LESION_MASK,True,480,535,480,535,95769,37.293,C:\Users\PeaceD_Dung\Documents\Khóa luận\dataset\vinmec_ovarian\OTU_2D\train\train_image\447.JPG,C:\Users\PeaceD_Dung\Documents\Khóa luận\dataset\vinmec_ovarian\OTU_2D\train\train_label\label\447.PNG
OTU_2D_train_14,OTU_2D_train,B-Mode 2D,VALID_LESION_MASK,True,959,532,959,532,42174,8.266,C:\Users\PeaceD_Dung\Documents\Khóa luận\dataset\vinmec_ovarian\OTU_2D\train\train_image\14.JPG,C:\Users\PeaceD_Dung\Documents\Khóa luận\dataset\vinmec_ovarian\OTU_2D\train\train_label\label\14.PNG
OTU_2D_train_786,OTU_2D_train,B-Mode 2D,VALID_LESION_MASK,True,782,686,782,686,161638,30.131,C:\Users\PeaceD_Dung\Documents\Khóa luận\dataset\vinmec_ovarian\OTU_2D\train\train_image\786.JPG,C:\Users\PeaceD_Dung\Documents\Khóa luận\dataset\vinmec_ovarian\OTU_2D\train\train_label\label\786.PNG
OTU_2D_train_1186,OTU_2D_train,B-Mode 2D,VALID_LESION_MASK,True,1134,593,1134,593,161064,23.951,C:\Users\PeaceD_Dung\Documents\Khóa luận\dataset\vinmec_ovarian\OTU_2D\train\train_image\1186.JPG,C:\Users\PeaceD_Dung\Documents\Khóa luận\dataset\vinmec_ovarian\OTU_2D\train\train_label\label\1186.PNG
OTU_2D_train_310,OTU_2D_train,B-Mode 2D,VALID_LESION_MASK,True,799,623,799,623,62596,12.575,C:\Users\PeaceD_Dung\Documents\Khóa luận\dataset\vinmec_ovarian\OTU_2D\train\train_image\310.JPG,C:\Users\PeaceD_Dung\Documents\Khóa luận\dataset\vinmec_ovarian\OTU_2D\train\train_label\label\310.PNG
OTU_2D_train_733,OTU_2D_train,B-Mode 2D,VALID_LESION_MASK,True,480,556,480,556,36574,13.704,C:\Users\PeaceD_Dung\Documents\Khóa luận\dataset\vinmec_ovarian\OTU_2D\train\train_image\733.JPG,C:\Users\PeaceD_Dung\Documents\Khóa luận\dataset\vinmec_ovarian\OTU_2D\train\train_label\label\733.PNG
OTU_2D_test_1082,OTU_2D_test,B-Mode 2D,VALID_LESION_MASK,True,955,530,955,530,60523,11.958,C:\Users\PeaceD_Dung\Documents\Khóa luận\dataset\vinmec_ovarian\OTU_2D\test\image\1082.JPG,C:\Users\PeaceD_Dung\Documents\Khóa luận\dataset\vinmec_ovarian\OTU_2D\test\label\black_write\1082.PNG
OTU_2D_test_350,OTU_2D_test,B-Mode 2D,VALID_LESION_MASK,True,474,604,474,604,9245,3.229,C:\Users\PeaceD_Dung\Documents\Khóa luận\dataset\vinmec_ovarian\OTU_2D\test\image\350.JPG,C:\Users\PeaceD_Dung\Documents\Khóa luận\dataset\vinmec_ovarian\OTU_2D\test\label\black_write\350.PNG
OTU_CEUS_47,OTU_CEUS,CEUS,VALID_LESION_MASK,True,553,553,553,553,82193,26.877,C:\Users\PeaceD_Dung\Documents\Khóa luận\dataset\vinmec_ovarian\OTU_CEUS\image\47.JPG,C:\Users\PeaceD_Dung\Documents\Khóa luận\dataset\vinmec_ovarian\OTU_CEUS\label\47.PNG
OTU_2D_test_854,OTU_2D_test,B-Mode 2D,VALID_LESION_MASK,True,958,546,958,546,97845,18.706,C:\Users\PeaceD_Dung\Documents\Khóa luận\dataset\vinmec_ovarian\OTU_2D\test\image\854.JPG,C:\Users\PeaceD_Dung\Documents\Khóa luận\dataset\vinmec_ovarian\OTU_2D\test\label\black_write\854.PNG
OTU_2D_test_1288,OTU_2D_test,B-Mode 2D,VALID_LESION_MASK,True,567,589,567,589,51369,15.382,C:\Users\PeaceD_Dung\Documents\Khóa luận\dataset\vinmec_ovarian\OTU_2D\test\image\1288.JPG,C:\Users\PeaceD_Dung\Documents\Khóa luận\dataset\vinmec_ovarian\OTU_2D\test\label\black_write\1288.PNG
OTU_2D_train_895,OTU_2D_train,B-Mode 2D,VALID_LESION_MASK,True,480,528,480,528,90794,35.825,C:\Users\PeaceD_Dung\Documents\Khóa luận\dataset\vinmec_ovarian\OTU_2D\train\train_image\895.JPG,C:\Users\PeaceD_Dung\Documents\Khóa luận\dataset\vinmec_ovarian\OTU_2D\train\train_label\label\895.PNG
OTU_2D_train_780,OTU_2D_train,B-Mode 2D,VALID_LESION_MASK,True,481,542,481,542,40170,15.408,C:\Users\PeaceD_Dung\Documents\Khóa luận\dataset\vinmec_ovarian\OTU_2D\train\train_image\780.JPG,C:\Users\PeaceD_Dung\Documents\Khóa luận\dataset\vinmec_ovarian\OTU_2D\train\train_label\label\780.PNG
OTU_CEUS_36,OTU_CEUS,CEUS,VALID_LESION_MASK,True,554,497,554,497,156141,56.709,C:\Users\PeaceD_Dung\Documents\Khóa luận\dataset\vinmec_ovarian\OTU_CEUS\image\36.JPG,C:\Users\PeaceD_Dung\Documents\Khóa luận\dataset\vinmec_ovarian\OTU_CEUS\label\36.PNG
OTU_2D_test_495,OTU_2D_test,B-Mode 2D,VALID_LESION_MASK,True,873,617,873,617,98107,18.214,C:\Users\PeaceD_Dung\Documents\Khóa luận\dataset\vinmec_ovarian\OTU_2D\test\image\495.JPG,C:\Users\PeaceD_Dung\Documents\Khóa luận\dataset\vinmec_ovarian\OTU_2D\test\label\black_write\495.PNG
OTU_2D_train_1209,OTU_2D_train,B-Mode 2D,VALID_LESION_MASK,True,958,534,958,534,25801,5.043,C:\Users\PeaceD_Dung\Documents\Khóa luận\dataset\vinmec_ovarian\OTU_2D\train\train_image\1209.JPG,C:\Users\PeaceD_Dung\Documents\Khóa luận\dataset\vinmec_ovarian\OTU_2D\train\train_label\label\1209.PNG
OTU_2D_train_571,OTU_2D_train,B-Mode 2D,VALID_LESION_MASK,True,565,628,565,628,64350,18.136,C:\Users\PeaceD_Dung\Documents\Khóa luận\dataset\vinmec_ovarian\OTU_2D\train\train_image\571.JPG,C:\Users\PeaceD_Dung\Documents\Khóa luận\dataset\vinmec_ovarian\OTU_2D\train\train_label\label\571.PNG
OTU_2D_train_1445,OTU_2D_train,B-Mode 2D,VALID_LESION_MASK,True,1133,583,1133,583,77666,11.758,C:\Users\PeaceD_Dung\Documents\Khóa luận\dataset\vinmec_ovarian\OTU_2D\train\train_image\1445.JPG,C:\Users\PeaceD_Dung\Documents\Khóa luận\dataset\vinmec_ovarian\OTU_2D\train\train_label\label\1445.PNG
OTU_2D_train_1021,OTU_2D_train,B-Mode 2D,VALID_LESION_MASK,True,567,580,567,580,46667,14.191,C:\Users\PeaceD_Dung\Documents\Khóa luận\dataset\vinmec_ovarian\OTU_2D\train\train_image\1021.JPG,C:\Users\PeaceD_Dung\Documents\Khóa luận\dataset\vinmec_ovarian\OTU_2D\train\train_label\label\1021.PNG
OTU_2D_train_342,OTU_2D_train,B-Mode 2D,VALID_LESION_MASK,True,569,590,569,590,21596,6.433,C:\Users\PeaceD_Dung\Documents\Khóa luận\dataset\vinmec_ovarian\OTU_2D\train\train_image\342.JPG,C:\Users\PeaceD_Dung\Documents\Khóa luận\dataset\vinmec_ovarian\OTU_2D\train\train_label\label\342.PNG
OTU_2D_train_978,OTU_2D_train,B-Mode 2D,VALID_LESION_MASK,True,478,527,478,527,102377,40.641,C:\Users\PeaceD_Dung\Documents\Khóa luận\dataset\vinmec_ovarian\OTU_2D\train\train_image\978.JPG,C:\Users\PeaceD_Dung\Documents\Khóa luận\dataset\vinmec_ovarian\OTU_2D\train\train_label\label\978.PNG
OTU_2D_test_39,OTU_2D_test,B-Mode 2D,VALID_LESION_MASK,True,478,534,478,534,16007,6.271,C:\Users\PeaceD_Dung\Documents\Khóa luận\dataset\vinmec_ovarian\OTU_2D\test\image\39.JPG,C:\Users\PeaceD_Dung\Documents\Khóa luận\dataset\vinmec_ovarian\OTU_2D\test\label\black_write\39.PNG
OTU_2D_test_1432,OTU_2D_test,B-Mode 2D,VALID_LESION_MASK,True,481,532,481,532,39420,15.405,C:\Users\PeaceD_Dung\Documents\Khóa luận\dataset\vinmec_ovarian\OTU_2D\test\image\1432.JPG,C:\Users\PeaceD_Dung\Documents\Khóa luận\dataset\vinmec_ovarian\OTU_2D\test\label\black_write\1432.PNG
OTU_2D_train_603,OTU_2D_train,B-Mode 2D,VALID_LESION_MASK,True,959,542,959,542,43076,8.287,C:\Users\PeaceD_Dung\Documents\Khóa luận\dataset\vinmec_ovarian\OTU_2D\train\train_image\603.JPG,C:\Users\PeaceD_Dung\Documents\Khóa luận\dataset\vinmec_ovarian\OTU_2D\train\train_label\label\603.PNG
OTU_2D_test_177,OTU_2D_test,B-Mode 2D,VALID_LESION_MASK,True,958,533,958,533,201128,39.389,C:\Users\PeaceD_Dung\Documents\Khóa luận\dataset\vinmec_ovarian\OTU_2D\test\image\177.JPG,C:\Users\PeaceD_Dung\Documents\Khóa luận\dataset\vinmec_ovarian\OTU_2D\test\label\black_write\177.PNG
OTU_2D_test_1170,OTU_2D_test,B-Mode 2D,VALID_LESION_MASK,True,567,593,567,593,14719,4.378,C:\Users\PeaceD_Dung\Documents\Khóa luận\dataset\vinmec_ovarian\OTU_2D\test\image\1170.JPG,C:\Users\PeaceD_Dung\Documents\Khóa luận\dataset\vinmec_ovarian\OTU_2D\test\label\black_write\1170.PNG
OTU_2D_train_346,OTU_2D_train,B-Mode 2D,VALID_LESION_MASK,True,958,535,958,535,125982,24.58,C:\Users\PeaceD_Dung\Documents\Khóa luận\dataset\vinmec_ovarian\OTU_2D\train\train_image\346.JPG,C:\Users\PeaceD_Dung\Documents\Khóa luận\dataset\vinmec_ovarian\OTU_2D\train\train_label\label\346.PNG
OTU_2D_train_785,OTU_2D_train,B-Mode 2D,VALID_LESION_MASK,True,959,582,959,582,182814,32.754,C:\Users\PeaceD_Dung\Documents\Khóa luận\dataset\vinmec_ovarian\OTU_2D\train\train_image\785.JPG,C:\Users\PeaceD_Dung\Documents\Khóa luận\dataset\vinmec_ovarian\OTU_2D\train\train_label\label\785.PNG
OTU_2D_train_853,OTU_2D_train,B-Mode 2D,VALID_LESION_MASK,True,958,546,958,546,52965,10.126,C:\Users\PeaceD_Dung\Documents\Khóa luận\dataset\vinmec_ovarian\OTU_2D\train\train_image\853.JPG,C:\Users\PeaceD_Dung\Documents\Khóa luận\dataset\vinmec_ovarian\OTU_2D\train\train_label\label\853.PNG
OTU_2D_train_787,OTU_2D_train,B-Mode 2D,VALID_LESION_MASK,True,738,685,738,685,214556,42.442,C:\Users\PeaceD_Dung\Documents\Khóa luận\dataset\vinmec_ovarian\OTU_2D\train\train_image\787.JPG,C:\Users\PeaceD_Dung\Documents\Khóa luận\dataset\vinmec_ovarian\OTU_2D\train\train_label\label\787.PNG
OTU_2D_test_1217,OTU_2D_test,B-Mode 2D,VALID_LESION_MASK,True,958,539,958,539,6197,1.2,C:\Users\PeaceD_Dung\Documents\Khóa luận\dataset\vinmec_ovarian\OTU_2D\test\image\1217.JPG,C:\Users\PeaceD_Dung\Documents\Khóa luận\dataset\vinmec_ovarian\OTU_2D\test\label\black_write\1217.PNG
OTU_2D_train_1385,OTU_2D_train,B-Mode 2D,VALID_LESION_MASK,True,959,533,959,533,40028,7.831,C:\Users\PeaceD_Dung\Documents\Khóa luận\dataset\vinmec_ovarian\OTU_2D\train\train_image\1385.JPG,C:\Users\PeaceD_Dung\Documents\Khóa luận\dataset\vinmec_ovarian\OTU_2D\train\train_label\label\1385.PNG
OTU_2D_test_656,OTU_2D_test,B-Mode 2D,VALID_LESION_MASK,True,972,543,972,543,59408,11.256,C:\Users\PeaceD_Dung\Documents\Khóa luận\dataset\vinmec_ovarian\OTU_2D\test\image\656.JPG,C:\Users\PeaceD_Dung\Documents\Khóa luận\dataset\vinmec_ovarian\OTU_2D\test\label\black_write\656.PNG
OTU_2D_train_1237,OTU_2D_train,B-Mode 2D,VALID_LESION_MASK,True,1135,595,1135,595,120951,17.91,C:\Users\PeaceD_Dung\Documents\Khóa luận\dataset\vinmec_ovarian\OTU_2D\train\train_image\1237.JPG,C:\Users\PeaceD_Dung\Documents\Khóa luận\dataset\vinmec_ovarian\OTU_2D\train\train_label\label\1237.PNG
OTU_2D_train_1141,OTU_2D_train,B-Mode 2D,VALID_LESION_MASK,True,480,537,480,537,23122,8.97,C:\Users\PeaceD_Dung\Documents\Khóa luận\dataset\vinmec_ovarian\OTU_2D\train\train_image\1141.JPG,C:\Users\PeaceD_Dung\Documents\Khóa luận\dataset\vinmec_ovarian\OTU_2D\train\train_label\label\1141.PNG
OTU_2D_train_44,OTU_2D_train,B-Mode 2D,VALID_LESION_MASK,True,480,535,480,535,85719,33.38,C:\Users\PeaceD_Dung\Documents\Khóa luận\dataset\vinmec_ovarian\OTU_2D\train\train_image\44.JPG,C:\Users\PeaceD_Dung\Documents\Khóa luận\dataset\vinmec_ovarian\OTU_2D\train\train_label\label\44.PNG
OTU_2D_train_1194,OTU_2D_train,B-Mode 2D,VALID_LESION_MASK,True,959,536,959,536,41888,8.149,C:\Users\PeaceD_Dung\Documents\Khóa luận\dataset\vinmec_ovarian\OTU_2D\train\train_image\1194.JPG,C:\Users\PeaceD_Dung\Documents\Khóa luận\dataset\vinmec_ovarian\OTU_2D\train\train_label\label\1194.PNG
OTU_2D_test_1018,OTU_2D_test,B-Mode 2D,VALID_LESION_MASK,True,567,589,567,589,39577,11.851,C:\Users\PeaceD_Dung\Documents\Khóa luận\dataset\vinmec_ovarian\OTU_2D\test\image\1018.JPG,C:\Users\PeaceD_Dung\Documents\Khóa luận\dataset\vinmec_ovarian\OTU_2D\test\label\black_write\1018.PNG
OTU_2D_train_259,OTU_2D_train,B-Mode 2D,VALID_LESION_MASK,True,481,603,481,603,73614,25.38,C:\Users\PeaceD_Dung\Documents\Khóa luận\dataset\vinmec_ovarian\OTU_2D\train\train_image\259.JPG,C:\Users\PeaceD_Dung\Documents\Khóa luận\dataset\vinmec_ovarian\OTU_2D\train\train_label\label\259.PNG
OTU_2D_test_125,OTU_2D_test,B-Mode 2D,VALID_LESION_MASK,True,480,527,480,527,55156,21.804,C:\Users\PeaceD_Dung\Documents\Khóa luận\dataset\vinmec_ovarian\OTU_2D\test\image\125.JPG,C:\Users\PeaceD_Dung\Documents\Khóa luận\dataset\vinmec_ovarian\OTU_2D\test\label\black_write\125.PNG
OTU_2D_train_892,OTU_2D_train,B-Mode 2D,VALID_LESION_MASK,True,959,528,959,528,66266,13.087,C:\Users\PeaceD_Dung\Documents\Khóa luận\dataset\vinmec_ovarian\OTU_2D\train\train_image\892.JPG,C:\Users\PeaceD_Dung\Documents\Khóa luận\dataset\vinmec_ovarian\OTU_2D\train\train_label\label\892.PNG
OTU_2D_test_1467,OTU_2D_test,B-Mode 2D,VALID_LESION_MASK,True,959,535,959,535,36784,7.169,C:\Users\PeaceD_Dung\Documents\Khóa luận\dataset\vinmec_ovarian\OTU_2D\test\image\1467.JPG,C:\Users\PeaceD_Dung\Documents\Khóa luận\dataset\vinmec_ovarian\OTU_2D\test\label\black_write\1467.PNG
OTU_2D_test_1023,OTU_2D_test,B-Mode 2D,VALID_LESION_MASK,True,477,525,477,525,18428,7.359,C:\Users\PeaceD_Dung\Documents\Khóa luận\dataset\vinmec_ovarian\OTU_2D\test\image\1023.JPG,C:\Users\PeaceD_Dung\Documents\Khóa luận\dataset\vinmec_ovarian\OTU_2D\test\label\black_write\1023.PNG
OTU_2D_test_856,OTU_2D_test,B-Mode 2D,VALID_LESION_MASK,True,959,551,959,551,30806,5.83,C:\Users\PeaceD_Dung\Documents\Khóa luận\dataset\vinmec_ovarian\OTU_2D\test\image\856.JPG,C:\Users\PeaceD_Dung\Documents\Khóa luận\dataset\vinmec_ovarian\OTU_2D\test\label\black_write\856.PNG
OTU_2D_test_1086,OTU_2D_test,B-Mode 2D,VALID_LESION_MASK,True,1132,540,1132,540,155013,25.359,C:\Users\PeaceD_Dung\Documents\Khóa luận\dataset\vinmec_ovarian\OTU_2D\test\image\1086.JPG,C:\Users\PeaceD_Dung\Documents\Khóa luận\dataset\vinmec_ovarian\OTU_2D\test\label\black_write\1086.PNG
OTU_2D_train_1436,OTU_2D_train,B-Mode 2D,VALID_LESION_MASK,True,483,540,483,540,7039,2.699,C:\Users\PeaceD_Dung\Documents\Khóa luận\dataset\vinmec_ovarian\OTU_2D\train\train_image\1436.JPG,C:\Users\PeaceD_Dung\Documents\Khóa luận\dataset\vinmec_ovarian\OTU_2D\train\train_label\label\1436.PNG
OTU_2D_train_1278,OTU_2D_train,B-Mode 2D,VALID_LESION_MASK,True,963,642,963,642,44250,7.157,C:\Users\PeaceD_Dung\Documents\Khóa luận\dataset\vinmec_ovarian\OTU_2D\train\train_image\1278.JPG,C:\Users\PeaceD_Dung\Documents\Khóa luận\dataset\vinmec_ovarian\OTU_2D\train\train_label\label\1278.PNG
OTU_CEUS_48,OTU_CEUS,CEUS,VALID_LESION_MASK,True,367,380,367,380,64997,46.606,C:\Users\PeaceD_Dung\Documents\Khóa luận\dataset\vinmec_ovarian\OTU_CEUS\image\48.JPG,C:\Users\PeaceD_Dung\Documents\Khóa luận\dataset\vinmec_ovarian\OTU_CEUS\label\48.PNG
OTU_2D_test_740,OTU_2D_test,B-Mode 2D,VALID_LESION_MASK,True,499,551,499,551,5125,1.864,C:\Users\PeaceD_Dung\Documents\Khóa luận\dataset\vinmec_ovarian\OTU_2D\test\image\740.JPG,C:\Users\PeaceD_Dung\Documents\Khóa luận\dataset\vinmec_ovarian\OTU_2D\test\label\black_write\740.PNG
OTU_2D_test_560,OTU_2D_test,B-Mode 2D,VALID_LESION_MASK,True,567,614,567,614,112275,32.25,C:\Users\PeaceD_Dung\Documents\Khóa luận\dataset\vinmec_ovarian\OTU_2D\test\image\560.JPG,C:\Users\PeaceD_Dung\Documents\Khóa luận\dataset\vinmec_ovarian\OTU_2D\test\label\black_write\560.PNG
OTU_2D_train_492,OTU_2D_train,B-Mode 2D,VALID_LESION_MASK,True,958,552,958,552,40724,7.701,C:\Users\PeaceD_Dung\Documents\Khóa luận\dataset\vinmec_ovarian\OTU_2D\train\train_image\492.JPG,C:\Users\PeaceD_Dung\Documents\Khóa luận\dataset\vinmec_ovarian\OTU_2D\train\train_label\label\492.PNG
OTU_2D_train_563,OTU_2D_train,B-Mode 2D,VALID_LESION_MASK,True,483,554,483,554,28233,10.551,C:\Users\PeaceD_Dung\Documents\Khóa luận\dataset\vinmec_ovarian\OTU_2D\train\train_image\563.JPG,C:\Users\PeaceD_Dung\Documents\Khóa luận\dataset\vinmec_ovarian\OTU_2D\train\train_label\label\563.PNG
OTU_2D_train_304,OTU_2D_train,B-Mode 2D,VALID_LESION_MASK,True,477,534,477,534,20845,8.184,C:\Users\PeaceD_Dung\Documents\Khóa luận\dataset\vinmec_ovarian\OTU_2D\train\train_image\304.JPG,C:\Users\PeaceD_Dung\Documents\Khóa luận\dataset\vinmec_ovarian\OTU_2D\train\train_label\label\304.PNG
OTU_2D_test_844,OTU_2D_test,B-Mode 2D,VALID_LESION_MASK,True,974,571,974,571,59472,10.693,C:\Users\PeaceD_Dung\Documents\Khóa luận\dataset\vinmec_ovarian\OTU_2D\test\image\844.JPG,C:\Users\PeaceD_Dung\Documents\Khóa luận\dataset\vinmec_ovarian\OTU_2D\test\label\black_write\844.PNG
OTU_2D_train_577,OTU_2D_train,B-Mode 2D,VALID_LESION_MASK,True,479,559,479,559,56292,21.023,C:\Users\PeaceD_Dung\Documents\Khóa luận\dataset\vinmec_ovarian\OTU_2D\train\train_image\577.JPG,C:\Users\PeaceD_Dung\Documents\Khóa luận\dataset\vinmec_ovarian\OTU_2D\train\train_label\label\577.PNG
OTU_2D_train_974,OTU_2D_train,B-Mode 2D,VALID_LESION_MASK,True,478,536,478,536,7507,2.93,C:\Users\PeaceD_Dung\Documents\Khóa luận\dataset\vinmec_ovarian\OTU_2D\train\train_image\974.JPG,C:\Users\PeaceD_Dung\Documents\Khóa luận\dataset\vinmec_ovarian\OTU_2D\train\train_label\label\974.PNG
OTU_2D_train_1222,OTU_2D_train,B-Mode 2D,VALID_LESION_MASK,True,1134,589,1134,589,90764,13.589,C:\Users\PeaceD_Dung\Documents\Khóa luận\dataset\vinmec_ovarian\OTU_2D\train\train_image\1222.JPG,C:\Users\PeaceD_Dung\Documents\Khóa luận\dataset\vinmec_ovarian\OTU_2D\train\train_label\label\1222.PNG
OTU_2D_test_487,OTU_2D_test,B-Mode 2D,VALID_LESION_MASK,True,566,701,566,701,112759,28.42,C:\Users\PeaceD_Dung\Documents\Khóa luận\dataset\vinmec_ovarian\OTU_2D\test\image\487.JPG,C:\Users\PeaceD_Dung\Documents\Khóa luận\dataset\vinmec_ovarian\OTU_2D\test\label\black_write\487.PNG
OTU_2D_train_1292,OTU_2D_train,B-Mode 2D,VALID_LESION_MASK,True,958,534,958,534,121827,23.814,C:\Users\PeaceD_Dung\Documents\Khóa luận\dataset\vinmec_ovarian\OTU_2D\train\train_image\1292.JPG,C:\Users\PeaceD_Dung\Documents\Khóa luận\dataset\vinmec_ovarian\OTU_2D\train\train_label\label\1292.PNG
OTU_CEUS_156,OTU_CEUS,CEUS,VALID_LESION_MASK,True,584,577,584,577,55571,16.491,C:\Users\PeaceD_Dung\Documents\Khóa luận\dataset\vinmec_ovarian\OTU_CEUS\image\156.JPG,C:\Users\PeaceD_Dung\Documents\Khóa luận\dataset\vinmec_ovarian\OTU_CEUS\label\156.PNG
OTU_2D_train_893,OTU_2D_train,B-Mode 2D,VALID_LESION_MASK,True,958,528,958,528,78924,15.603,C:\Users\PeaceD_Dung\Documents\Khóa luận\dataset\vinmec_ovarian\OTU_2D\train\train_image\893.JPG,C:\Users\PeaceD_Dung\Documents\Khóa luận\dataset\vinmec_ovarian\OTU_2D\train\train_label\label\893.PNG
OTU_2D_train_232,OTU_2D_train,B-Mode 2D,VALID_LESION_MASK,True,479,534,479,534,33303,13.02,C:\Users\PeaceD_Dung\Documents\Khóa luận\dataset\vinmec_ovarian\OTU_2D\train\train_image\232.JPG,C:\Users\PeaceD_Dung\Documents\Khóa luận\dataset\vinmec_ovarian\OTU_2D\train\train_label\label\232.PNG
OTU_2D_test_971,OTU_2D_test,B-Mode 2D,VALID_LESION_MASK,True,958,530,958,530,116737,22.991,C:\Users\PeaceD_Dung\Documents\Khóa luận\dataset\vinmec_ovarian\OTU_2D\test\image\971.JPG,C:\Users\PeaceD_Dung\Documents\Khóa luận\dataset\vinmec_ovarian\OTU_2D\test\label\black_write\971.PNG
OTU_CEUS_170,OTU_CEUS,CEUS,VALID_LESION_MASK,True,339,418,339,418,52056,36.736,C:\Users\PeaceD_Dung\Documents\Khóa luận\dataset\vinmec_ovarian\OTU_CEUS\image\170.JPG,C:\Users\PeaceD_Dung\Documents\Khóa luận\dataset\vinmec_ovarian\OTU_CEUS\label\170.PNG
OTU_2D_train_1158,OTU_2D_train,B-Mode 2D,VALID_LESION_MASK,True,1135,592,1135,592,164007,24.409,C:\Users\PeaceD_Dung\Documents\Khóa luận\dataset\vinmec_ovarian\OTU_2D\train\train_image\1158.JPG,C:\Users\PeaceD_Dung\Documents\Khóa luận\dataset\vinmec_ovarian\OTU_2D\train\train_label\label\1158.PNG
OTU_2D_train_1220,OTU_2D_train,B-Mode 2D,VALID_LESION_MASK,True,483,539,483,539,60578,23.269,C:\Users\PeaceD_Dung\Documents\Khóa luận\dataset\vinmec_ovarian\OTU_2D\train\train_image\1220.JPG,C:\Users\PeaceD_Dung\Documents\Khóa luận\dataset\vinmec_ovarian\OTU_2D\train\train_label\label\1220.PNG
OTU_2D_train_865,OTU_2D_train,B-Mode 2D,VALID_LESION_MASK,True,972,547,972,547,116477,21.907,C:\Users\PeaceD_Dung\Documents\Khóa luận\dataset\vinmec_ovarian\OTU_2D\train\train_image\865.JPG,C:\Users\PeaceD_Dung\Documents\Khóa luận\dataset\vinmec_ovarian\OTU_2D\train\train_label\label\865.PNG
OTU_2D_train_303,OTU_2D_train,B-Mode 2D,VALID_LESION_MASK,True,481,535,481,535,20484,7.96,C:\Users\PeaceD_Dung\Documents\Khóa luận\dataset\vinmec_ovarian\OTU_2D\train\train_image\303.JPG,C:\Users\PeaceD_Dung\Documents\Khóa luận\dataset\vinmec_ovarian\OTU_2D\train\train_label\label\303.PNG
OTU_2D_train_637,OTU_2D_train,B-Mode 2D,VALID_LESION_MASK,True,566,631,566,631,11844,3.316,C:\Users\PeaceD_Dung\Documents\Khóa luận\dataset\vinmec_ovarian\OTU_2D\train\train_image\637.JPG,C:\Users\PeaceD_Dung\Documents\Khóa luận\dataset\vinmec_ovarian\OTU_2D\train\train_label\label\637.PNG
OTU_2D_train_1053,OTU_2D_train,B-Mode 2D,VALID_LESION_MASK,True,478,534,478,534,30380,11.902,C:\Users\PeaceD_Dung\Documents\Khóa luận\dataset\vinmec_ovarian\OTU_2D\train\train_image\1053.JPG,C:\Users\PeaceD_Dung\Documents\Khóa luận\dataset\vinmec_ovarian\OTU_2D\train\train_label\label\1053.PNG
OTU_2D_train_408,OTU_2D_train,B-Mode 2D,VALID_LESION_MASK,True,957,532,957,532,98149,19.278,C:\Users\PeaceD_Dung\Documents\Khóa luận\dataset\vinmec_ovarian\OTU_2D\train\train_image\408.JPG,C:\Users\PeaceD_Dung\Documents\Khóa luận\dataset\vinmec_ovarian\OTU_2D\train\train_label\label\408.PNG
OTU_2D_train_976,OTU_2D_train,B-Mode 2D,VALID_LESION_MASK,True,479,528,479,528,119055,47.074,C:\Users\PeaceD_Dung\Documents\Khóa luận\dataset\vinmec_ovarian\OTU_2D\train\train_image\976.JPG,C:\Users\PeaceD_Dung\Documents\Khóa luận\dataset\vinmec_ovarian\OTU_2D\train\train_label\label\976.PNG
