case_id,image_path,mask_path,patient_id
Vinmec_2D-881,dataset/Vinmec_2D/train/train_image/881.JPG,dataset/Vinmec_2D/train/train_label/label/881.PNG,
Vinmec_2D-1229,dataset/Vinmec_2D/test/image/1229.JPG,dataset/Vinmec_2D/test/label/black_write/1229.PNG,
Vinmec_2D-409,dataset/Vinmec_2D/train/train_image/409.JPG,dataset/Vinmec_2D/train/train_label/label/409.PNG,
Vinmec_2D-1464,dataset/Vinmec_2D/test/image/1464.JPG,dataset/Vinmec_2D/test/label/black_write/1464.PNG,
Vinmec_2D-1395,dataset/Vinmec_2D/train/train_image/1395.JPG,dataset/Vinmec_2D/train/train_label/label/1395.PNG,
Vinmec_2D-139,dataset/Vinmec_2D/train/train_image/139.JPG,dataset/Vinmec_2D/train/train_label/label/139.PNG,
Vinmec_2D-149,dataset/Vinmec_2D/test/image/149.JPG,dataset/Vinmec_2D/test/label/black_write/149.PNG,
Vinmec_2D-98,dataset/Vinmec_2D/test/image/98.JPG,dataset/Vinmec_2D/test/label/black_write/98.PNG,
Vinmec_2D-317,dataset/Vinmec_2D/train/train_image/317.JPG,dataset/Vinmec_2D/train/train_label/label/317.PNG,
Vinmec_2D-1000,dataset/Vinmec_2D/train/train_image/1000.JPG,dataset/Vinmec_2D/train/train_label/label/1000.PNG,
Vinmec_2D-1425,dataset/Vinmec_2D/train/train_image/1425.JPG,dataset/Vinmec_2D/train/train_label/label/1425.PNG,
Vinmec_2D-190,dataset/Vinmec_2D/train/train_image/190.JPG,dataset/Vinmec_2D/train/train_label/label/190.PNG,
Vinmec_2D-153,dataset/Vinmec_2D/train/train_image/153.JPG,dataset/Vinmec_2D/train/train_label/label/153.PNG,
Vinmec_2D-908,dataset/Vinmec_2D/train/train_image/908.JPG,dataset/Vinmec_2D/train/train_label/label/908.PNG,
Vinmec_2D-396,dataset/Vinmec_2D/train/train_image/396.JPG,dataset/Vinmec_2D/train/train_label/label/396.PNG,
Vinmec_2D-792,dataset/Vinmec_2D/test/image/792.JPG,dataset/Vinmec_2D/test/label/black_write/792.PNG,
Vinmec_2D-1102,dataset/Vinmec_2D/train/train_image/1102.JPG,dataset/Vinmec_2D/train/train_label/label/1102.PNG,
Vinmec_2D-1133,dataset/Vinmec_2D/test/image/1133.JPG,dataset/Vinmec_2D/test/label/black_write/1133.PNG,
Vinmec_2D-463,dataset/Vinmec_2D/train/train_image/463.JPG,dataset/Vinmec_2D/train/train_label/label/463.PNG,
Vinmec_2D-60,dataset/Vinmec_2D/train/train_image/60.JPG,dataset/Vinmec_2D/train/train_label/label/60.PNG,
Vinmec_2D-1049,dataset/Vinmec_2D/test/image/1049.JPG,dataset/Vinmec_2D/test/label/black_write/1049.PNG,
Vinmec_2D-1402,dataset/Vinmec_2D/train/train_image/1402.JPG,dataset/Vinmec_2D/train/train_label/label/1402.PNG,
Vinmec_2D-975,dataset/Vinmec_2D/train/train_image/975.JPG,dataset/Vinmec_2D/train/train_label/label/975.PNG,
Vinmec_2D-501,dataset/Vinmec_2D/test/image/501.JPG,dataset/Vinmec_2D/test/label/black_write/501.PNG,
Vinmec_2D-847,dataset/Vinmec_2D/test/image/847.JPG,dataset/Vinmec_2D/test/label/black_write/847.PNG,
Vinmec_2D-1387,dataset/Vinmec_2D/train/train_image/1387.JPG,dataset/Vinmec_2D/train/train_label/label/1387.PNG,
Vinmec_2D-349,dataset/Vinmec_2D/train/train_image/349.JPG,dataset/Vinmec_2D/train/train_label/label/349.PNG,
Vinmec_2D-1365,dataset/Vinmec_2D/test/image/1365.JPG,dataset/Vinmec_2D/test/label/black_write/1365.PNG,
Vinmec_2D-1252,dataset/Vinmec_2D/test/image/1252.JPG,dataset/Vinmec_2D/test/label/black_write/1252.PNG,
Vinmec_2D-1093,dataset/Vinmec_2D/train/train_image/1093.JPG,dataset/Vinmec_2D/train/train_label/label/1093.PNG,
Vinmec_2D-100,dataset/Vinmec_2D/train/train_image/100.JPG,dataset/Vinmec_2D/train/train_label/label/100.PNG,
Vinmec_2D-376,dataset/Vinmec_2D/train/train_image/376.JPG,dataset/Vinmec_2D/train/train_label/label/376.PNG,
Vinmec_2D-1193,dataset/Vinmec_2D/train/train_image/1193.JPG,dataset/Vinmec_2D/train/train_label/label/1193.PNG,
Vinmec_2D-353,dataset/Vinmec_2D/train/train_image/353.JPG,dataset/Vinmec_2D/train/train_label/label/353.PNG,
Vinmec_2D-1345,dataset/Vinmec_2D/train/train_image/1345.JPG,dataset/Vinmec_2D/train/train_label/label/1345.PNG,
Vinmec_2D-1414,dataset/Vinmec_2D/train/train_image/1414.JPG,dataset/Vinmec_2D/train/train_label/label/1414.PNG,
Vinmec_2D-950,dataset/Vinmec_2D/train/train_image/950.JPG,dataset/Vinmec_2D/train/train_label/label/950.PNG,
Vinmec_2D-381,dataset/Vinmec_2D/train/train_image/381.JPG,dataset/Vinmec_2D/train/train_label/label/381.PNG,
Vinmec_2D-736,dataset/Vinmec_2D/train/train_image/736.JPG,dataset/Vinmec_2D/train/train_label/label/736.PNG,
Vinmec_2D-933,dataset/Vinmec_2D/train/train_image/933.JPG,dataset/Vinmec_2D/train/train_label/label/933.PNG,
Vinmec_2D-1373,dataset/Vinmec_2D/test/image/1373.JPG,dataset/Vinmec_2D/test/label/black_write/1373.PNG,
Vinmec_2D-583,dataset/Vinmec_2D/train/train_image/583.JPG,dataset/Vinmec_2D/train/train_label/label/583.PNG,
Vinmec_2D-589,dataset/Vinmec_2D/train/train_image/589.JPG,dataset/Vinmec_2D/train/train_label/label/589.PNG,
Vinmec_2D-1080,dataset/Vinmec_2D/train/train_image/1080.JPG,dataset/Vinmec_2D/train/train_label/label/1080.PNG,
Vinmec_2D-1058,dataset/Vinmec_2D/train/train_image/1058.JPG,dataset/Vinmec_2D/train/train_label/label/1058.PNG,
Vinmec_2D-1018,dataset/Vinmec_2D/test/image/1018.JPG,dataset/Vinmec_2D/test/label/black_write/1018.PNG,
Vinmec_2D-1105,dataset/Vinmec_2D/train/train_image/1105.JPG,dataset/Vinmec_2D/train/train_label/label/1105.PNG,
Vinmec_2D-17,dataset/Vinmec_2D/train/train_image/17.JPG,dataset/Vinmec_2D/train/train_label/label/17.PNG,
Vinmec_2D-290,dataset/Vinmec_2D/train/train_image/290.JPG,dataset/Vinmec_2D/train/train_label/label/290.PNG,
Vinmec_2D-382,dataset/Vinmec_2D/test/image/382.JPG,dataset/Vinmec_2D/test/label/black_write/382.PNG,
Vinmec_2D-420,dataset/Vinmec_2D/train/train_image/420.JPG,dataset/Vinmec_2D/train/train_label/label/420.PNG,
Vinmec_2D-226,dataset/Vinmec_2D/train/train_image/226.JPG,dataset/Vinmec_2D/train/train_label/label/226.PNG,
Vinmec_2D-645,dataset/Vinmec_2D/train/train_image/645.JPG,dataset/Vinmec_2D/train/train_label/label/645.PNG,
Vinmec_2D-706,dataset/Vinmec_2D/train/train_image/706.JPG,dataset/Vinmec_2D/train/train_label/label/706.PNG,
Vinmec_2D-350,dataset/Vinmec_2D/test/image/350.JPG,dataset/Vinmec_2D/test/label/black_write/350.PNG,
Vinmec_2D-189,dataset/Vinmec_2D/train/train_image/189.JPG,dataset/Vinmec_2D/train/train_label/label/189.PNG,
Vinmec_2D-329,dataset/Vinmec_2D/train/train_image/329.JPG,dataset/Vinmec_2D/train/train_label/label/329.PNG,
Vinmec_2D-1448,dataset/Vinmec_2D/train/train_image/1448.JPG,dataset/Vinmec_2D/train/train_label/label/1448.PNG,
Vinmec_2D-667,dataset/Vinmec_2D/train/train_image/667.JPG,dataset/Vinmec_2D/train/train_label/label/667.PNG,
Vinmec_2D-919,dataset/Vinmec_2D/test/image/919.JPG,dataset/Vinmec_2D/test/label/black_write/919.PNG,
Vinmec_2D-896,dataset/Vinmec_2D/test/image/896.JPG,dataset/Vinmec_2D/test/label/black_write/896.PNG,
Vinmec_2D-200,dataset/Vinmec_2D/train/train_image/200.JPG,dataset/Vinmec_2D/train/train_label/label/200.PNG,
Vinmec_2D-108,dataset/Vinmec_2D/train/train_image/108.JPG,dataset/Vinmec_2D/train/train_label/label/108.PNG,
Vinmec_2D-94,dataset/Vinmec_2D/test/image/94.JPG,dataset/Vinmec_2D/test/label/black_write/94.PNG,
Vinmec_2D-1172,dataset/Vinmec_2D/train/train_image/1172.JPG,dataset/Vinmec_2D/train/train_label/label/1172.PNG,
Vinmec_2D-1351,dataset/Vinmec_2D/train/train_image/1351.JPG,dataset/Vinmec_2D/train/train_label/label/1351.PNG,
Vinmec_2D-1432,dataset/Vinmec_2D/test/image/1432.JPG,dataset/Vinmec_2D/test/label/black_write/1432.PNG,
Vinmec_2D-498,dataset/Vinmec_2D/train/train_image/498.JPG,dataset/Vinmec_2D/train/train_label/label/498.PNG,
Vinmec_2D-323,dataset/Vinmec_2D/test/image/323.JPG,dataset/Vinmec_2D/test/label/black_write/323.PNG,
Vinmec_2D-366,dataset/Vinmec_2D/train/train_image/366.JPG,dataset/Vinmec_2D/train/train_label/label/366.PNG,
Vinmec_2D-1417,dataset/Vinmec_2D/train/train_image/1417.JPG,dataset/Vinmec_2D/train/train_label/label/1417.PNG,
Vinmec_2D-535,dataset/Vinmec_2D/test/image/535.JPG,dataset/Vinmec_2D/test/label/black_write/535.PNG,
Vinmec_2D-28,dataset/Vinmec_2D/train/train_image/28.JPG,dataset/Vinmec_2D/train/train_label/label/28.PNG,
Vinmec_2D-456,dataset/Vinmec_2D/train/train_image/456.JPG,dataset/Vinmec_2D/train/train_label/label/456.PNG,
Vinmec_2D-1117,dataset/Vinmec_2D/train/train_image/1117.JPG,dataset/Vinmec_2D/train/train_label/label/1117.PNG,
Vinmec_2D-1125,dataset/Vinmec_2D/train/train_image/1125.JPG,dataset/Vinmec_2D/train/train_label/label/1125.PNG,
Vinmec_2D-540,dataset/Vinmec_2D/train/train_image/540.JPG,dataset/Vinmec_2D/train/train_label/label/540.PNG,
Vinmec_2D-1201,dataset/Vinmec_2D/train/train_image/1201.JPG,dataset/Vinmec_2D/train/train_label/label/1201.PNG,
Vinmec_2D-306,dataset/Vinmec_2D/test/image/306.JPG,dataset/Vinmec_2D/test/label/black_write/306.PNG,
Vinmec_2D-1421,dataset/Vinmec_2D/train/train_image/1421.JPG,dataset/Vinmec_2D/train/train_label/label/1421.PNG,
Vinmec_2D-1041,dataset/Vinmec_2D/train/train_image/1041.JPG,dataset/Vinmec_2D/train/train_label/label/1041.PNG,
Vinmec_2D-485,dataset/Vinmec_2D/train/train_image/485.JPG,dataset/Vinmec_2D/train/train_label/label/485.PNG,
Vinmec_2D-213,dataset/Vinmec_2D/train/train_image/213.JPG,dataset/Vinmec_2D/train/train_label/label/213.PNG,
Vinmec_2D-1447,dataset/Vinmec_2D/train/train_image/1447.JPG,dataset/Vinmec_2D/train/train_label/label/1447.PNG,
Vinmec_2D-1369,dataset/Vinmec_2D/test/image/1369.JPG,dataset/Vinmec_2D/test/label/black_write/1369.PNG,
Vinmec_2D-813,dataset/Vinmec_2D/train/train_image/813.JPG,dataset/Vinmec_2D/train/train_label/label/813.PNG,
Vinmec_2D-280,dataset/Vinmec_2D/train/train_image/280.JPG,dataset/Vinmec_2D/train/train_label/label/280.PNG,
Vinmec_2D-641,dataset/Vinmec_2D/train/train_image/641.JPG,dataset/Vinmec_2D/train/train_label/label/641.PNG,
Vinmec_2D-24,dataset/Vinmec_2D/train/train_image/24.JPG,dataset/Vinmec_2D/train/train_label/label/24.PNG,
Vinmec_2D-517,dataset/Vinmec_2D/test/image/517.JPG,dataset/Vinmec_2D/test/label/black_write/517.PNG,
Vinmec_2D-377,dataset/Vinmec_2D/test/image/377.JPG,dataset/Vinmec_2D/test/label/black_write/377.PNG,
Vinmec_2D-1100,dataset/Vinmec_2D/train/train_image/1100.JPG,dataset/Vinmec_2D/train/train_label/label/1100.PNG,
Vinmec_2D-288,dataset/Vinmec_2D/test/image/288.JPG,dataset/Vinmec_2D/test/label/black_write/288.PNG,
Vinmec_2D-3,dataset/Vinmec_2D/test/image/3.JPG,dataset/Vinmec_2D/test/label/black_write/3.PNG,
Vinmec_2D-1064,dataset/Vinmec_2D/train/train_image/1064.JPG,dataset/Vinmec_2D/train/train_label/label/1064.PNG,
Vinmec_2D-1196,dataset/Vinmec_2D/train/train_image/1196.JPG,dataset/Vinmec_2D/train/train_label/label/1196.PNG,
Vinmec_2D-1329,dataset/Vinmec_2D/test/image/1329.JPG,dataset/Vinmec_2D/test/label/black_write/1329.PNG,
Vinmec_2D-333,dataset/Vinmec_2D/test/image/333.JPG,dataset/Vinmec_2D/test/label/black_write/333.PNG,
Vinmec_2D-131,dataset/Vinmec_2D/train/train_image/131.JPG,dataset/Vinmec_2D/train/train_label/label/131.PNG,
Vinmec_2D-180,dataset/Vinmec_2D/test/image/180.JPG,dataset/Vinmec_2D/test/label/black_write/180.PNG,
Vinmec_2D-536,dataset/Vinmec_2D/test/image/536.JPG,dataset/Vinmec_2D/test/label/black_write/536.PNG,
Vinmec_2D-626,dataset/Vinmec_2D/test/image/626.JPG,dataset/Vinmec_2D/test/label/black_write/626.PNG,
Vinmec_2D-70,dataset/Vinmec_2D/test/image/70.JPG,dataset/Vinmec_2D/test/label/black_write/70.PNG,
Vinmec_2D-66,dataset/Vinmec_2D/train/train_image/66.JPG,dataset/Vinmec_2D/train/train_label/label/66.PNG,
Vinmec_2D-42,dataset/Vinmec_2D/train/train_image/42.JPG,dataset/Vinmec_2D/train/train_label/label/42.PNG,
Vinmec_2D-678,dataset/Vinmec_2D/train/train_image/678.JPG,dataset/Vinmec_2D/train/train_label/label/678.PNG,
Vinmec_2D-814,dataset/Vinmec_2D/train/train_image/814.JPG,dataset/Vinmec_2D/train/train_label/label/814.PNG,
Vinmec_2D-1426,dataset/Vinmec_2D/train/train_image/1426.JPG,dataset/Vinmec_2D/train/train_label/label/1426.PNG,
Vinmec_2D-404,dataset/Vinmec_2D/train/train_image/404.JPG,dataset/Vinmec_2D/train/train_label/label/404.PNG,
Vinmec_2D-191,dataset/Vinmec_2D/test/image/191.JPG,dataset/Vinmec_2D/test/label/black_write/191.PNG,
Vinmec_2D-823,dataset/Vinmec_2D/train/train_image/823.JPG,dataset/Vinmec_2D/train/train_label/label/823.PNG,
Vinmec_2D-614,dataset/Vinmec_2D/test/image/614.JPG,dataset/Vinmec_2D/test/label/black_write/614.PNG,
Vinmec_2D-208,dataset/Vinmec_2D/train/train_image/208.JPG,dataset/Vinmec_2D/train/train_label/label/208.PNG,
Vinmec_2D-380,dataset/Vinmec_2D/train/train_image/380.JPG,dataset/Vinmec_2D/train/train_label/label/380.PNG,
Vinmec_2D-269,dataset/Vinmec_2D/test/image/269.JPG,dataset/Vinmec_2D/test/label/black_write/269.PNG,
Vinmec_2D-594,dataset/Vinmec_2D/test/image/594.JPG,dataset/Vinmec_2D/test/label/black_write/594.PNG,
Vinmec_2D-1242,dataset/Vinmec_2D/train/train_image/1242.JPG,dataset/Vinmec_2D/train/train_label/label/1242.PNG,
Vinmec_2D-939,dataset/Vinmec_2D/train/train_image/939.JPG,dataset/Vinmec_2D/train/train_label/label/939.PNG,
Vinmec_2D-293,dataset/Vinmec_2D/train/train_image/293.JPG,dataset/Vinmec_2D/train/train_label/label/293.PNG,
Vinmec_2D-998,dataset/Vinmec_2D/test/image/998.JPG,dataset/Vinmec_2D/test/label/black_write/998.PNG,
Vinmec_2D-117,dataset/Vinmec_2D/train/train_image/117.JPG,dataset/Vinmec_2D/train/train_label/label/117.PNG,
Vinmec_2D-1429,dataset/Vinmec_2D/train/train_image/1429.JPG,dataset/Vinmec_2D/train/train_label/label/1429.PNG,
Vinmec_2D-1205,dataset/Vinmec_2D/train/train_image/1205.JPG,dataset/Vinmec_2D/train/train_label/label/1205.PNG,
Vinmec_2D-526,dataset/Vinmec_2D/train/train_image/526.JPG,dataset/Vinmec_2D/train/train_label/label/526.PNG,
Vinmec_2D-51,dataset/Vinmec_2D/train/train_image/51.JPG,dataset/Vinmec_2D/train/train_label/label/51.PNG,
Vinmec_2D-1024,dataset/Vinmec_2D/test/image/1024.JPG,dataset/Vinmec_2D/test/label/black_write/1024.PNG,
Vinmec_2D-369,dataset/Vinmec_2D/train/train_image/369.JPG,dataset/Vinmec_2D/train/train_label/label/369.PNG,
Vinmec_2D-45,dataset/Vinmec_2D/train/train_image/45.JPG,dataset/Vinmec_2D/train/train_label/label/45.PNG,
Vinmec_2D-385,dataset/Vinmec_2D/test/image/385.JPG,dataset/Vinmec_2D/test/label/black_write/385.PNG,
Vinmec_2D-902,dataset/Vinmec_2D/train/train_image/902.JPG,dataset/Vinmec_2D/train/train_label/label/902.PNG,
Vinmec_2D-901,dataset/Vinmec_2D/train/train_image/901.JPG,dataset/Vinmec_2D/train/train_label/label/901.PNG,
Vinmec_2D-37,dataset/Vinmec_2D/train/train_image/37.JPG,dataset/Vinmec_2D/train/train_label/label/37.PNG,
Vinmec_2D-850,dataset/Vinmec_2D/train/train_image/850.JPG,dataset/Vinmec_2D/train/train_label/label/850.PNG,
Vinmec_2D-725,dataset/Vinmec_2D/train/train_image/725.JPG,dataset/Vinmec_2D/train/train_label/label/725.PNG,
Vinmec_2D-1007,dataset/Vinmec_2D/train/train_image/1007.JPG,dataset/Vinmec_2D/train/train_label/label/1007.PNG,
Vinmec_2D-426,dataset/Vinmec_2D/train/train_image/426.JPG,dataset/Vinmec_2D/train/train_label/label/426.PNG,
Vinmec_2D-325,dataset/Vinmec_2D/test/image/325.JPG,dataset/Vinmec_2D/test/label/black_write/325.PNG,
Vinmec_2D-1023,dataset/Vinmec_2D/test/image/1023.JPG,dataset/Vinmec_2D/test/label/black_write/1023.PNG,
Vinmec_2D-1207,dataset/Vinmec_2D/train/train_image/1207.JPG,dataset/Vinmec_2D/train/train_label/label/1207.PNG,
Vinmec_2D-152,dataset/Vinmec_2D/test/image/152.JPG,dataset/Vinmec_2D/test/label/black_write/152.PNG,
Vinmec_2D-834,dataset/Vinmec_2D/train/train_image/834.JPG,dataset/Vinmec_2D/train/train_label/label/834.PNG,
Vinmec_2D-696,dataset/Vinmec_2D/train/train_image/696.JPG,dataset/Vinmec_2D/train/train_label/label/696.PNG,
Vinmec_2D-599,dataset/Vinmec_2D/train/train_image/599.JPG,dataset/Vinmec_2D/train/train_label/label/599.PNG,
Vinmec_2D-283,dataset/Vinmec_2D/train/train_image/283.JPG,dataset/Vinmec_2D/train/train_label/label/283.PNG,
Vinmec_2D-669,dataset/Vinmec_2D/train/train_image/669.JPG,dataset/Vinmec_2D/train/train_label/label/669.PNG,
Vinmec_2D-1118,dataset/Vinmec_2D/train/train_image/1118.JPG,dataset/Vinmec_2D/train/train_label/label/1118.PNG,
Vinmec_2D-1061,dataset/Vinmec_2D/test/image/1061.JPG,dataset/Vinmec_2D/test/label/black_write/1061.PNG,
Vinmec_2D-263,dataset/Vinmec_2D/train/train_image/263.JPG,dataset/Vinmec_2D/train/train_label/label/263.PNG,
Vinmec_2D-837,dataset/Vinmec_2D/test/image/837.JPG,dataset/Vinmec_2D/test/label/black_write/837.PNG,
Vinmec_2D-39,dataset/Vinmec_2D/test/image/39.JPG,dataset/Vinmec_2D/test/label/black_write/39.PNG,
Vinmec_2D-11,dataset/Vinmec_2D/train/train_image/11.JPG,dataset/Vinmec_2D/train/train_label/label/11.PNG,
Vinmec_2D-1126,dataset/Vinmec_2D/train/train_image/1126.JPG,dataset/Vinmec_2D/train/train_label/label/1126.PNG,
Vinmec_2D-161,dataset/Vinmec_2D/train/train_image/161.JPG,dataset/Vinmec_2D/train/train_label/label/161.PNG,
Vinmec_2D-337,dataset/Vinmec_2D/train/train_image/337.JPG,dataset/Vinmec_2D/train/train_label/label/337.PNG,
Vinmec_2D-209,dataset/Vinmec_2D/train/train_image/209.JPG,dataset/Vinmec_2D/train/train_label/label/209.PNG,
Vinmec_2D-948,dataset/Vinmec_2D/test/image/948.JPG,dataset/Vinmec_2D/test/label/black_write/948.PNG,
Vinmec_2D-747,dataset/Vinmec_2D/test/image/747.JPG,dataset/Vinmec_2D/test/label/black_write/747.PNG,
Vinmec_2D-951,dataset/Vinmec_2D/train/train_image/951.JPG,dataset/Vinmec_2D/train/train_label/label/951.PNG,
Vinmec_2D-277,dataset/Vinmec_2D/train/train_image/277.JPG,dataset/Vinmec_2D/train/train_label/label/277.PNG,
Vinmec_2D-248,dataset/Vinmec_2D/test/image/248.JPG,dataset/Vinmec_2D/test/label/black_write/248.PNG,
Vinmec_2D-472,dataset/Vinmec_2D/test/image/472.JPG,dataset/Vinmec_2D/test/label/black_write/472.PNG,
Vinmec_2D-541,dataset/Vinmec_2D/train/train_image/541.JPG,dataset/Vinmec_2D/train/train_label/label/541.PNG,
Vinmec_2D-1152,dataset/Vinmec_2D/train/train_image/1152.JPG,dataset/Vinmec_2D/train/train_label/label/1152.PNG,
Vinmec_2D-606,dataset/Vinmec_2D/test/image/606.JPG,dataset/Vinmec_2D/test/label/black_write/606.PNG,
Vinmec_2D-1346,dataset/Vinmec_2D/train/train_image/1346.JPG,dataset/Vinmec_2D/train/train_label/label/1346.PNG,
Vinmec_2D-1259,dataset/Vinmec_2D/train/train_image/1259.JPG,dataset/Vinmec_2D/train/train_label/label/1259.PNG,
Vinmec_2D-1455,dataset/Vinmec_2D/train/train_image/1455.JPG,dataset/Vinmec_2D/train/train_label/label/1455.PNG,
Vinmec_2D-470,dataset/Vinmec_2D/train/train_image/470.JPG,dataset/Vinmec_2D/train/train_label/label/470.PNG,
Vinmec_2D-8,dataset/Vinmec_2D/test/image/8.JPG,dataset/Vinmec_2D/test/label/black_write/8.PNG,
Vinmec_2D-159,dataset/Vinmec_2D/test/image/159.JPG,dataset/Vinmec_2D/test/label/black_write/159.PNG,
Vinmec_2D-174,dataset/Vinmec_2D/train/train_image/174.JPG,dataset/Vinmec_2D/train/train_label/label/174.PNG,
Vinmec_2D-824,dataset/Vinmec_2D/train/train_image/824.JPG,dataset/Vinmec_2D/train/train_label/label/824.PNG,
Vinmec_2D-1272,dataset/Vinmec_2D/train/train_image/1272.JPG,dataset/Vinmec_2D/train/train_label/label/1272.PNG,
Vinmec_2D-233,dataset/Vinmec_2D/train/train_image/233.JPG,dataset/Vinmec_2D/train/train_label/label/233.PNG,
Vinmec_2D-712,dataset/Vinmec_2D/train/train_image/712.JPG,dataset/Vinmec_2D/train/train_label/label/712.PNG,
Vinmec_2D-1028,dataset/Vinmec_2D/train/train_image/1028.JPG,dataset/Vinmec_2D/train/train_label/label/1028.PNG,
Vinmec_2D-410,dataset/Vinmec_2D/train/train_image/410.JPG,dataset/Vinmec_2D/train/train_label/label/410.PNG,
Vinmec_2D-1142,dataset/Vinmec_2D/train/train_image/1142.JPG,dataset/Vinmec_2D/train/train_label/label/1142.PNG,
Vinmec_2D-1238,dataset/Vinmec_2D/test/image/1238.JPG,dataset/Vinmec_2D/test/label/black_write/1238.PNG,
Vinmec_2D-1422,dataset/Vinmec_2D/train/train_image/1422.JPG,dataset/Vinmec_2D/train/train_label/label/1422.PNG,
Vinmec_2D-1013,dataset/Vinmec_2D/test/image/1013.JPG,dataset/Vinmec_2D/test/label/black_write/1013.PNG,
Vinmec_2D-324,dataset/Vinmec_2D/train/train_image/324.JPG,dataset/Vinmec_2D/train/train_label/label/324.PNG,
Vinmec_2D-148,dataset/Vinmec_2D/test/image/148.JPG,dataset/Vinmec_2D/test/label/black_write/148.PNG,
Vinmec_2D-1306,dataset/Vinmec_2D/test/image/1306.JPG,dataset/Vinmec_2D/test/label/black_write/1306.PNG,
Vinmec_2D-900,dataset/Vinmec_2D/train/train_image/900.JPG,dataset/Vinmec_2D/train/train_label/label/900.PNG,
Vinmec_2D-1459,dataset/Vinmec_2D/train/train_image/1459.JPG,dataset/Vinmec_2D/train/train_label/label/1459.PNG,
Vinmec_2D-533,dataset/Vinmec_2D/train/train_image/533.JPG,dataset/Vinmec_2D/train/train_label/label/533.PNG,
Vinmec_2D-1297,dataset/Vinmec_2D/train/train_image/1297.JPG,dataset/Vinmec_2D/train/train_label/label/1297.PNG,
Vinmec_2D-903,dataset/Vinmec_2D/train/train_image/903.JPG,dataset/Vinmec_2D/train/train_label/label/903.PNG,
Vinmec_2D-766,dataset/Vinmec_2D/train/train_image/766.JPG,dataset/Vinmec_2D/train/train_label/label/766.PNG,
Vinmec_2D-643,dataset/Vinmec_2D/train/train_image/643.JPG,dataset/Vinmec_2D/train/train_label/label/643.PNG,
Vinmec_2D-373,dataset/Vinmec_2D/train/train_image/373.JPG,dataset/Vinmec_2D/train/train_label/label/373.PNG,
Vinmec_2D-205,dataset/Vinmec_2D/train/train_image/205.JPG,dataset/Vinmec_2D/train/train_label/label/205.PNG,
Vinmec_2D-1170,dataset/Vinmec_2D/test/image/1170.JPG,dataset/Vinmec_2D/test/label/black_write/1170.PNG,
Vinmec_2D-1163,dataset/Vinmec_2D/train/train_image/1163.JPG,dataset/Vinmec_2D/train/train_label/label/1163.PNG,
Vinmec_2D-90,dataset/Vinmec_2D/test/image/90.JPG,dataset/Vinmec_2D/test/label/black_write/90.PNG,
Vinmec_2D-361,dataset/Vinmec_2D/test/image/361.JPG,dataset/Vinmec_2D/test/label/black_write/361.PNG,
Vinmec_2D-435,dataset/Vinmec_2D/train/train_image/435.JPG,dataset/Vinmec_2D/train/train_label/label/435.PNG,
Vinmec_2D-670,dataset/Vinmec_2D/train/train_image/670.JPG,dataset/Vinmec_2D/train/train_label/label/670.PNG,
Vinmec_2D-979,dataset/Vinmec_2D/test/image/979.JPG,dataset/Vinmec_2D/test/label/black_write/979.PNG,
Vinmec_2D-424,dataset/Vinmec_2D/train/train_image/424.JPG,dataset/Vinmec_2D/train/train_label/label/424.PNG,
Vinmec_2D-839,dataset/Vinmec_2D/train/train_image/839.JPG,dataset/Vinmec_2D/train/train_label/label/839.PNG,
Vinmec_2D-713,dataset/Vinmec_2D/train/train_image/713.JPG,dataset/Vinmec_2D/train/train_label/label/713.PNG,
Vinmec_2D-1224,dataset/Vinmec_2D/test/image/1224.JPG,dataset/Vinmec_2D/test/label/black_write/1224.PNG,
Vinmec_2D-1283,dataset/Vinmec_2D/train/train_image/1283.JPG,dataset/Vinmec_2D/train/train_label/label/1283.PNG,
Vinmec_2D-1176,dataset/Vinmec_2D/test/image/1176.JPG,dataset/Vinmec_2D/test/label/black_write/1176.PNG,
Vinmec_2D-676,dataset/Vinmec_2D/train/train_image/676.JPG,dataset/Vinmec_2D/train/train_label/label/676.PNG,
Vinmec_2D-219,dataset/Vinmec_2D/train/train_image/219.JPG,dataset/Vinmec_2D/train/train_label/label/219.PNG,
Vinmec_2D-864,dataset/Vinmec_2D/test/image/864.JPG,dataset/Vinmec_2D/test/label/black_write/864.PNG,
Vinmec_2D-173,dataset/Vinmec_2D/train/train_image/173.JPG,dataset/Vinmec_2D/train/train_label/label/173.PNG,
Vinmec_2D-458,dataset/Vinmec_2D/train/train_image/458.JPG,dataset/Vinmec_2D/train/train_label/label/458.PNG,
Vinmec_2D-1147,dataset/Vinmec_2D/train/train_image/1147.JPG,dataset/Vinmec_2D/train/train_label/label/1147.PNG,
Vinmec_2D-938,dataset/Vinmec_2D/train/train_image/938.JPG,dataset/Vinmec_2D/train/train_label/label/938.PNG,
Vinmec_2D-1057,dataset/Vinmec_2D/train/train_image/1057.JPG,dataset/Vinmec_2D/train/train_label/label/1057.PNG,
Vinmec_2D-1304,dataset/Vinmec_2D/train/train_image/1304.JPG,dataset/Vinmec_2D/train/train_label/label/1304.PNG,
Vinmec_2D-1438,dataset/Vinmec_2D/train/train_image/1438.JPG,dataset/Vinmec_2D/train/train_label/label/1438.PNG,
Vinmec_2D-623,dataset/Vinmec_2D/test/image/623.JPG,dataset/Vinmec_2D/test/label/black_write/623.PNG,
Vinmec_2D-1108,dataset/Vinmec_2D/test/image/1108.JPG,dataset/Vinmec_2D/test/label/black_write/1108.PNG,
Vinmec_2D-239,dataset/Vinmec_2D/train/train_image/239.JPG,dataset/Vinmec_2D/train/train_label/label/239.PNG,
Vinmec_2D-1096,dataset/Vinmec_2D/test/image/1096.JPG,dataset/Vinmec_2D/test/label/black_write/1096.PNG,
Vinmec_2D-196,dataset/Vinmec_2D/train/train_image/196.JPG,dataset/Vinmec_2D/train/train_label/label/196.PNG,
Vinmec_2D-1321,dataset/Vinmec_2D/train/train_image/1321.JPG,dataset/Vinmec_2D/train/train_label/label/1321.PNG,
Vinmec_2D-1291,dataset/Vinmec_2D/test/image/1291.JPG,dataset/Vinmec_2D/test/label/black_write/1291.PNG,
Vinmec_2D-391,dataset/Vinmec_2D/test/image/391.JPG,dataset/Vinmec_2D/test/label/black_write/391.PNG,
Vinmec_2D-1116,dataset/Vinmec_2D/train/train_image/1116.JPG,dataset/Vinmec_2D/train/train_label/label/1116.PNG,
Vinmec_2D-856,dataset/Vinmec_2D/test/image/856.JPG,dataset/Vinmec_2D/test/label/black_write/856.PNG,
Vinmec_2D-318,dataset/Vinmec_2D/train/train_image/318.JPG,dataset/Vinmec_2D/train/train_label/label/318.PNG,
Vinmec_2D-1428,dataset/Vinmec_2D/train/train_image/1428.JPG,dataset/Vinmec_2D/train/train_label/label/1428.PNG,
Vinmec_2D-895,dataset/Vinmec_2D/train/train_image/895.JPG,dataset/Vinmec_2D/train/train_label/label/895.PNG,
Vinmec_2D-952,dataset/Vinmec_2D/test/image/952.JPG,dataset/Vinmec_2D/test/label/black_write/952.PNG,
Vinmec_2D-162,dataset/Vinmec_2D/test/image/162.JPG,dataset/Vinmec_2D/test/label/black_write/162.PNG,
Vinmec_2D-416,dataset/Vinmec_2D/train/train_image/416.JPG,dataset/Vinmec_2D/train/train_label/label/416.PNG,
Vinmec_2D-710,dataset/Vinmec_2D/train/train_image/710.JPG,dataset/Vinmec_2D/train/train_label/label/710.PNG,
Vinmec_2D-679,dataset/Vinmec_2D/test/image/679.JPG,dataset/Vinmec_2D/test/label/black_write/679.PNG,
Vinmec_2D-1181,dataset/Vinmec_2D/test/image/1181.JPG,dataset/Vinmec_2D/test/label/black_write/1181.PNG,
Vinmec_2D-1295,dataset/Vinmec_2D/test/image/1295.JPG,dataset/Vinmec_2D/test/label/black_write/1295.PNG,
Vinmec_2D-58,dataset/Vinmec_2D/train/train_image/58.JPG,dataset/Vinmec_2D/train/train_label/label/58.PNG,
Vinmec_2D-224,dataset/Vinmec_2D/train/train_image/224.JPG,dataset/Vinmec_2D/train/train_label/label/224.PNG,
Vinmec_2D-448,dataset/Vinmec_2D/test/image/448.JPG,dataset/Vinmec_2D/test/label/black_write/448.PNG,
Vinmec_2D-64,dataset/Vinmec_2D/test/image/64.JPG,dataset/Vinmec_2D/test/label/black_write/64.PNG,
Vinmec_2D-1151,dataset/Vinmec_2D/train/train_image/1151.JPG,dataset/Vinmec_2D/train/train_label/label/1151.PNG,
Vinmec_2D-684,dataset/Vinmec_2D/train/train_image/684.JPG,dataset/Vinmec_2D/train/train_label/label/684.PNG,
Vinmec_2D-1372,dataset/Vinmec_2D/train/train_image/1372.JPG,dataset/Vinmec_2D/train/train_label/label/1372.PNG,
Vinmec_2D-400,dataset/Vinmec_2D/train/train_image/400.JPG,dataset/Vinmec_2D/train/train_label/label/400.PNG,
Vinmec_2D-885,dataset/Vinmec_2D/train/train_image/885.JPG,dataset/Vinmec_2D/train/train_label/label/885.PNG,
Vinmec_2D-878,dataset/Vinmec_2D/test/image/878.JPG,dataset/Vinmec_2D/test/label/black_write/878.PNG,
Vinmec_2D-724,dataset/Vinmec_2D/train/train_image/724.JPG,dataset/Vinmec_2D/train/train_label/label/724.PNG,
Vinmec_2D-471,dataset/Vinmec_2D/train/train_image/471.JPG,dataset/Vinmec_2D/train/train_label/label/471.PNG,
Vinmec_2D-883,dataset/Vinmec_2D/test/image/883.JPG,dataset/Vinmec_2D/test/label/black_write/883.PNG,
Vinmec_2D-1073,dataset/Vinmec_2D/test/image/1073.JPG,dataset/Vinmec_2D/test/label/black_write/1073.PNG,
Vinmec_2D-968,dataset/Vinmec_2D/train/train_image/968.JPG,dataset/Vinmec_2D/train/train_label/label/968.PNG,
Vinmec_2D-1244,dataset/Vinmec_2D/test/image/1244.JPG,dataset/Vinmec_2D/test/label/black_write/1244.PNG,
Vinmec_2D-1293,dataset/Vinmec_2D/train/train_image/1293.JPG,dataset/Vinmec_2D/train/train_label/label/1293.PNG,
Vinmec_2D-692,dataset/Vinmec_2D/train/train_image/692.JPG,dataset/Vinmec_2D/train/train_label/label/692.PNG,
Vinmec_2D-160,dataset/Vinmec_2D/train/train_image/160.JPG,dataset/Vinmec_2D/train/train_label/label/160.PNG,
Vinmec_2D-1217,dataset/Vinmec_2D/test/image/1217.JPG,dataset/Vinmec_2D/test/label/black_write/1217.PNG,
Vinmec_2D-119,dataset/Vinmec_2D/train/train_image/119.JPG,dataset/Vinmec_2D/train/train_label/label/119.PNG,
Vinmec_2D-1392,dataset/Vinmec_2D/train/train_image/1392.JPG,dataset/Vinmec_2D/train/train_label/label/1392.PNG,
Vinmec_2D-414,dataset/Vinmec_2D/train/train_image/414.JPG,dataset/Vinmec_2D/train/train_label/label/414.PNG,
Vinmec_2D-1047,dataset/Vinmec_2D/train/train_image/1047.JPG,dataset/Vinmec_2D/train/train_label/label/1047.PNG,
Vinmec_2D-596,dataset/Vinmec_2D/train/train_image/596.JPG,dataset/Vinmec_2D/train/train_label/label/596.PNG,
Vinmec_2D-338,dataset/Vinmec_2D/train/train_image/338.JPG,dataset/Vinmec_2D/train/train_label/label/338.PNG,
Vinmec_2D-397,dataset/Vinmec_2D/train/train_image/397.JPG,dataset/Vinmec_2D/train/train_label/label/397.PNG,
Vinmec_2D-1413,dataset/Vinmec_2D/test/image/1413.JPG,dataset/Vinmec_2D/test/label/black_write/1413.PNG,
Vinmec_2D-1161,dataset/Vinmec_2D/train/train_image/1161.JPG,dataset/Vinmec_2D/train/train_label/label/1161.PNG,
Vinmec_2D-1241,dataset/Vinmec_2D/test/image/1241.JPG,dataset/Vinmec_2D/test/label/black_write/1241.PNG,
Vinmec_2D-546,dataset/Vinmec_2D/test/image/546.JPG,dataset/Vinmec_2D/test/label/black_write/546.PNG,
Vinmec_2D-774,dataset/Vinmec_2D/train/train_image/774.JPG,dataset/Vinmec_2D/train/train_label/label/774.PNG,
Vinmec_2D-36,dataset/Vinmec_2D/test/image/36.JPG,dataset/Vinmec_2D/test/label/black_write/36.PNG,
Vinmec_2D-320,dataset/Vinmec_2D/train/train_image/320.JPG,dataset/Vinmec_2D/train/train_label/label/320.PNG,
Vinmec_2D-604,dataset/Vinmec_2D/train/train_image/604.JPG,dataset/Vinmec_2D/train/train_label/label/604.PNG,
Vinmec_2D-450,dataset/Vinmec_2D/train/train_image/450.JPG,dataset/Vinmec_2D/train/train_label/label/450.PNG,
Vinmec_2D-49,dataset/Vinmec_2D/train/train_image/49.JPG,dataset/Vinmec_2D/train/train_label/label/49.PNG,
Vinmec_2D-1352,dataset/Vinmec_2D/test/image/1352.JPG,dataset/Vinmec_2D/test/label/black_write/1352.PNG,
Vinmec_2D-1044,dataset/Vinmec_2D/train/train_image/1044.JPG,dataset/Vinmec_2D/train/train_label/label/1044.PNG,
Vinmec_2D-1050,dataset/Vinmec_2D/train/train_image/1050.JPG,dataset/Vinmec_2D/train/train_label/label/1050.PNG,
Vinmec_2D-467,dataset/Vinmec_2D/train/train_image/467.JPG,dataset/Vinmec_2D/train/train_label/label/467.PNG,
Vinmec_2D-327,dataset/Vinmec_2D/train/train_image/327.JPG,dataset/Vinmec_2D/train/train_label/label/327.PNG,
Vinmec_2D-31,dataset/Vinmec_2D/train/train_image/31.JPG,dataset/Vinmec_2D/train/train_label/label/31.PNG,
Vinmec_2D-728,dataset/Vinmec_2D/train/train_image/728.JPG,dataset/Vinmec_2D/train/train_label/label/728.PNG,
Vinmec_2D-500,dataset/Vinmec_2D/train/train_image/500.JPG,dataset/Vinmec_2D/train/train_label/label/500.PNG,
Vinmec_2D-993,dataset/Vinmec_2D/test/image/993.JPG,dataset/Vinmec_2D/test/label/black_write/993.PNG,
Vinmec_2D-1435,dataset/Vinmec_2D/test/image/1435.JPG,dataset/Vinmec_2D/test/label/black_write/1435.PNG,
Vinmec_2D-89,dataset/Vinmec_2D/test/image/89.JPG,dataset/Vinmec_2D/test/label/black_write/89.PNG,
Vinmec_2D-701,dataset/Vinmec_2D/test/image/701.JPG,dataset/Vinmec_2D/test/label/black_write/701.PNG,
Vinmec_2D-1230,dataset/Vinmec_2D/test/image/1230.JPG,dataset/Vinmec_2D/test/label/black_write/1230.PNG,
Vinmec_2D-125,dataset/Vinmec_2D/test/image/125.JPG,dataset/Vinmec_2D/test/label/black_write/125.PNG,
Vinmec_2D-1056,dataset/Vinmec_2D/train/train_image/1056.JPG,dataset/Vinmec_2D/train/train_label/label/1056.PNG,
Vinmec_2D-723,dataset/Vinmec_2D/train/train_image/723.JPG,dataset/Vinmec_2D/train/train_label/label/723.PNG,
Vinmec_2D-646,dataset/Vinmec_2D/train/train_image/646.JPG,dataset/Vinmec_2D/train/train_label/label/646.PNG,
Vinmec_2D-1456,dataset/Vinmec_2D/train/train_image/1456.JPG,dataset/Vinmec_2D/train/train_label/label/1456.PNG,
Vinmec_2D-1128,dataset/Vinmec_2D/train/train_image/1128.JPG,dataset/Vinmec_2D/train/train_label/label/1128.PNG,
Vinmec_2D-868,dataset/Vinmec_2D/test/image/868.JPG,dataset/Vinmec_2D/test/label/black_write/868.PNG,
Vinmec_2D-1434,dataset/Vinmec_2D/train/train_image/1434.JPG,dataset/Vinmec_2D/train/train_label/label/1434.PNG,
Vinmec_2D-1282,dataset/Vinmec_2D/train/train_image/1282.JPG,dataset/Vinmec_2D/train/train_label/label/1282.PNG,
Vinmec_2D-430,dataset/Vinmec_2D/test/image/430.JPG,dataset/Vinmec_2D/test/label/black_write/430.PNG,
Vinmec_2D-52,dataset/Vinmec_2D/train/train_image/52.JPG,dataset/Vinmec_2D/train/train_label/label/52.PNG,
Vinmec_2D-183,dataset/Vinmec_2D/train/train_image/183.JPG,dataset/Vinmec_2D/train/train_label/label/183.PNG,
Vinmec_2D-1257,dataset/Vinmec_2D/test/image/1257.JPG,dataset/Vinmec_2D/test/label/black_write/1257.PNG,
Vinmec_2D-1166,dataset/Vinmec_2D/train/train_image/1166.JPG,dataset/Vinmec_2D/train/train_label/label/1166.PNG,
Vinmec_2D-348,dataset/Vinmec_2D/train/train_image/348.JPG,dataset/Vinmec_2D/train/train_label/label/348.PNG,
Vinmec_2D-828,dataset/Vinmec_2D/train/train_image/828.JPG,dataset/Vinmec_2D/train/train_label/label/828.PNG,
Vinmec_2D-628,dataset/Vinmec_2D/train/train_image/628.JPG,dataset/Vinmec_2D/train/train_label/label/628.PNG,
Vinmec_2D-525,dataset/Vinmec_2D/train/train_image/525.JPG,dataset/Vinmec_2D/train/train_label/label/525.PNG,
Vinmec_2D-859,dataset/Vinmec_2D/train/train_image/859.JPG,dataset/Vinmec_2D/train/train_label/label/859.PNG,
Vinmec_2D-1119,dataset/Vinmec_2D/train/train_image/1119.JPG,dataset/Vinmec_2D/train/train_label/label/1119.PNG,
Vinmec_2D-1374,dataset/Vinmec_2D/test/image/1374.JPG,dataset/Vinmec_2D/test/label/black_write/1374.PNG,
Vinmec_2D-527,dataset/Vinmec_2D/train/train_image/527.JPG,dataset/Vinmec_2D/train/train_label/label/527.PNG,
Vinmec_2D-934,dataset/Vinmec_2D/test/image/934.JPG,dataset/Vinmec_2D/test/label/black_write/934.PNG,
Vinmec_2D-27,dataset/Vinmec_2D/test/image/27.JPG,dataset/Vinmec_2D/test/label/black_write/27.PNG,
Vinmec_2D-929,dataset/Vinmec_2D/train/train_image/929.JPG,dataset/Vinmec_2D/train/train_label/label/929.PNG,
Vinmec_2D-756,dataset/Vinmec_2D/train/train_image/756.JPG,dataset/Vinmec_2D/train/train_label/label/756.PNG,
Vinmec_2D-802,dataset/Vinmec_2D/test/image/802.JPG,dataset/Vinmec_2D/test/label/black_write/802.PNG,
Vinmec_2D-893,dataset/Vinmec_2D/train/train_image/893.JPG,dataset/Vinmec_2D/train/train_label/label/893.PNG,
Vinmec_2D-675,dataset/Vinmec_2D/train/train_image/675.JPG,dataset/Vinmec_2D/train/train_label/label/675.PNG,
Vinmec_2D-708,dataset/Vinmec_2D/train/train_image/708.JPG,dataset/Vinmec_2D/train/train_label/label/708.PNG,
Vinmec_2D-944,dataset/Vinmec_2D/test/image/944.JPG,dataset/Vinmec_2D/test/label/black_write/944.PNG,
Vinmec_2D-1254,dataset/Vinmec_2D/test/image/1254.JPG,dataset/Vinmec_2D/test/label/black_write/1254.PNG,
Vinmec_2D-565,dataset/Vinmec_2D/train/train_image/565.JPG,dataset/Vinmec_2D/train/train_label/label/565.PNG,
Vinmec_2D-912,dataset/Vinmec_2D/test/image/912.JPG,dataset/Vinmec_2D/test/label/black_write/912.PNG,
Vinmec_2D-342,dataset/Vinmec_2D/train/train_image/342.JPG,dataset/Vinmec_2D/train/train_label/label/342.PNG,
Vinmec_2D-595,dataset/Vinmec_2D/test/image/595.JPG,dataset/Vinmec_2D/test/label/black_write/595.PNG,
Vinmec_2D-870,dataset/Vinmec_2D/test/image/870.JPG,dataset/Vinmec_2D/test/label/black_write/870.PNG,
Vinmec_2D-1301,dataset/Vinmec_2D/train/train_image/1301.JPG,dataset/Vinmec_2D/train/train_label/label/1301.PNG,
Vinmec_2D-417,dataset/Vinmec_2D/train/train_image/417.JPG,dataset/Vinmec_2D/train/train_label/label/417.PNG,
Vinmec_2D-1353,dataset/Vinmec_2D/train/train_image/1353.JPG,dataset/Vinmec_2D/train/train_label/label/1353.PNG,
Vinmec_2D-853,dataset/Vinmec_2D/train/train_image/853.JPG,dataset/Vinmec_2D/train/train_label/label/853.PNG,
Vinmec_2D-102,dataset/Vinmec_2D/test/image/102.JPG,dataset/Vinmec_2D/test/label/black_write/102.PNG,
Vinmec_2D-363,dataset/Vinmec_2D/test/image/363.JPG,dataset/Vinmec_2D/test/label/black_write/363.PNG,
Vinmec_2D-619,dataset/Vinmec_2D/train/train_image/619.JPG,dataset/Vinmec_2D/train/train_label/label/619.PNG,
Vinmec_2D-1379,dataset/Vinmec_2D/train/train_image/1379.JPG,dataset/Vinmec_2D/train/train_label/label/1379.PNG,
Vinmec_2D-235,dataset/Vinmec_2D/train/train_image/235.JPG,dataset/Vinmec_2D/train/train_label/label/235.PNG,
Vinmec_2D-301,dataset/Vinmec_2D/test/image/301.JPG,dataset/Vinmec_2D/test/label/black_write/301.PNG,
Vinmec_2D-743,dataset/Vinmec_2D/test/image/743.JPG,dataset/Vinmec_2D/test/label/black_write/743.PNG,
Vinmec_2D-445,dataset/Vinmec_2D/test/image/445.JPG,dataset/Vinmec_2D/test/label/black_write/445.PNG,
Vinmec_2D-707,dataset/Vinmec_2D/test/image/707.JPG,dataset/Vinmec_2D/test/label/black_write/707.PNG,
Vinmec_2D-1065,dataset/Vinmec_2D/test/image/1065.JPG,dataset/Vinmec_2D/test/label/black_write/1065.PNG,
Vinmec_2D-43,dataset/Vinmec_2D/train/train_image/43.JPG,dataset/Vinmec_2D/train/train_label/label/43.PNG,
Vinmec_2D-55,dataset/Vinmec_2D/train/train_image/55.JPG,dataset/Vinmec_2D/train/train_label/label/55.PNG,
Vinmec_2D-168,dataset/Vinmec_2D/test/image/168.JPG,dataset/Vinmec_2D/test/label/black_write/168.PNG,
Vinmec_2D-953,dataset/Vinmec_2D/test/image/953.JPG,dataset/Vinmec_2D/test/label/black_write/953.PNG,
Vinmec_2D-1330,dataset/Vinmec_2D/train/train_image/1330.JPG,dataset/Vinmec_2D/train/train_label/label/1330.PNG,
Vinmec_2D-69,dataset/Vinmec_2D/train/train_image/69.JPG,dataset/Vinmec_2D/train/train_label/label/69.PNG,
Vinmec_2D-29,dataset/Vinmec_2D/train/train_image/29.JPG,dataset/Vinmec_2D/train/train_label/label/29.PNG,
Vinmec_2D-452,dataset/Vinmec_2D/test/image/452.JPG,dataset/Vinmec_2D/test/label/black_write/452.PNG,
Vinmec_2D-315,dataset/Vinmec_2D/test/image/315.JPG,dataset/Vinmec_2D/test/label/black_write/315.PNG,
Vinmec_2D-449,dataset/Vinmec_2D/train/train_image/449.JPG,dataset/Vinmec_2D/train/train_label/label/449.PNG,
Vinmec_2D-769,dataset/Vinmec_2D/train/train_image/769.JPG,dataset/Vinmec_2D/train/train_label/label/769.PNG,
Vinmec_2D-491,dataset/Vinmec_2D/train/train_image/491.JPG,dataset/Vinmec_2D/train/train_label/label/491.PNG,
Vinmec_2D-714,dataset/Vinmec_2D/test/image/714.JPG,dataset/Vinmec_2D/test/label/black_write/714.PNG,
Vinmec_2D-625,dataset/Vinmec_2D/train/train_image/625.JPG,dataset/Vinmec_2D/train/train_label/label/625.PNG,
Vinmec_2D-1231,dataset/Vinmec_2D/train/train_image/1231.JPG,dataset/Vinmec_2D/train/train_label/label/1231.PNG,
Vinmec_2D-468,dataset/Vinmec_2D/test/image/468.JPG,dataset/Vinmec_2D/test/label/black_write/468.PNG,
Vinmec_2D-389,dataset/Vinmec_2D/train/train_image/389.JPG,dataset/Vinmec_2D/train/train_label/label/389.PNG,
Vinmec_2D-611,dataset/Vinmec_2D/train/train_image/611.JPG,dataset/Vinmec_2D/train/train_label/label/611.PNG,
Vinmec_2D-443,dataset/Vinmec_2D/test/image/443.JPG,dataset/Vinmec_2D/test/label/black_write/443.PNG,
Vinmec_2D-460,dataset/Vinmec_2D/train/train_image/460.JPG,dataset/Vinmec_2D/train/train_label/label/460.PNG,
Vinmec_2D-1199,dataset/Vinmec_2D/test/image/1199.JPG,dataset/Vinmec_2D/test/label/black_write/1199.PNG,
Vinmec_2D-1092,dataset/Vinmec_2D/test/image/1092.JPG,dataset/Vinmec_2D/test/label/black_write/1092.PNG,
Vinmec_2D-836,dataset/Vinmec_2D/train/train_image/836.JPG,dataset/Vinmec_2D/train/train_label/label/836.PNG,
Vinmec_2D-842,dataset/Vinmec_2D/test/image/842.JPG,dataset/Vinmec_2D/test/label/black_write/842.PNG,
Vinmec_2D-781,dataset/Vinmec_2D/train/train_image/781.JPG,dataset/Vinmec_2D/train/train_label/label/781.PNG,
Vinmec_2D-140,dataset/Vinmec_2D/train/train_image/140.JPG,dataset/Vinmec_2D/train/train_label/label/140.PNG,
Vinmec_2D-976,dataset/Vinmec_2D/train/train_image/976.JPG,dataset/Vinmec_2D/train/train_label/label/976.PNG,
Vinmec_2D-731,dataset/Vinmec_2D/train/train_image/731.JPG,dataset/Vinmec_2D/train/train_label/label/731.PNG,
Vinmec_2D-38,dataset/Vinmec_2D/train/train_image/38.JPG,dataset/Vinmec_2D/train/train_label/label/38.PNG,
Vinmec_2D-1054,dataset/Vinmec_2D/test/image/1054.JPG,dataset/Vinmec_2D/test/label/black_write/1054.PNG,
Vinmec_2D-1299,dataset/Vinmec_2D/train/train_image/1299.JPG,dataset/Vinmec_2D/train/train_label/label/1299.PNG,
Vinmec_2D-718,dataset/Vinmec_2D/test/image/718.JPG,dataset/Vinmec_2D/test/label/black_write/718.PNG,
Vinmec_2D-312,dataset/Vinmec_2D/train/train_image/312.JPG,dataset/Vinmec_2D/train/train_label/label/312.PNG,
Vinmec_2D-749,dataset/Vinmec_2D/train/train_image/749.JPG,dataset/Vinmec_2D/train/train_label/label/749.PNG,
Vinmec_2D-624,dataset/Vinmec_2D/train/train_image/624.JPG,dataset/Vinmec_2D/train/train_label/label/624.PNG,
Vinmec_2D-1279,dataset/Vinmec_2D/train/train_image/1279.JPG,dataset/Vinmec_2D/train/train_label/label/1279.PNG,
Vinmec_2D-41,dataset/Vinmec_2D/train/train_image/41.JPG,dataset/Vinmec_2D/train/train_label/label/41.PNG,
Vinmec_2D-504,dataset/Vinmec_2D/test/image/504.JPG,dataset/Vinmec_2D/test/label/black_write/504.PNG,
Vinmec_2D-1335,dataset/Vinmec_2D/test/image/1335.JPG,dataset/Vinmec_2D/test/label/black_write/1335.PNG,
Vinmec_2D-481,dataset/Vinmec_2D/train/train_image/481.JPG,dataset/Vinmec_2D/train/train_label/label/481.PNG,
Vinmec_2D-1159,dataset/Vinmec_2D/train/train_image/1159.JPG,dataset/Vinmec_2D/train/train_label/label/1159.PNG,
Vinmec_2D-875,dataset/Vinmec_2D/train/train_image/875.JPG,dataset/Vinmec_2D/train/train_label/label/875.PNG,
Vinmec_2D-402,dataset/Vinmec_2D/train/train_image/402.JPG,dataset/Vinmec_2D/train/train_label/label/402.PNG,
Vinmec_2D-1006,dataset/Vinmec_2D/train/train_image/1006.JPG,dataset/Vinmec_2D/train/train_label/label/1006.PNG,
Vinmec_2D-1258,dataset/Vinmec_2D/train/train_image/1258.JPG,dataset/Vinmec_2D/train/train_label/label/1258.PNG,
Vinmec_2D-313,dataset/Vinmec_2D/test/image/313.JPG,dataset/Vinmec_2D/test/label/black_write/313.PNG,
Vinmec_2D-475,dataset/Vinmec_2D/test/image/475.JPG,dataset/Vinmec_2D/test/label/black_write/475.PNG,
Vinmec_2D-559,dataset/Vinmec_2D/train/train_image/559.JPG,dataset/Vinmec_2D/train/train_label/label/559.PNG,
Vinmec_2D-666,dataset/Vinmec_2D/train/train_image/666.JPG,dataset/Vinmec_2D/train/train_label/label/666.PNG,
Vinmec_2D-1025,dataset/Vinmec_2D/test/image/1025.JPG,dataset/Vinmec_2D/test/label/black_write/1025.PNG,
Vinmec_2D-383,dataset/Vinmec_2D/test/image/383.JPG,dataset/Vinmec_2D/test/label/black_write/383.PNG,
Vinmec_2D-716,dataset/Vinmec_2D/train/train_image/716.JPG,dataset/Vinmec_2D/train/train_label/label/716.PNG,
Vinmec_2D-30,dataset/Vinmec_2D/train/train_image/30.JPG,dataset/Vinmec_2D/train/train_label/label/30.PNG,
Vinmec_2D-726,dataset/Vinmec_2D/train/train_image/726.JPG,dataset/Vinmec_2D/train/train_label/label/726.PNG,
Vinmec_2D-1222,dataset/Vinmec_2D/train/train_image/1222.JPG,dataset/Vinmec_2D/train/train_label/label/1222.PNG,
Vinmec_2D-378,dataset/Vinmec_2D/train/train_image/378.JPG,dataset/Vinmec_2D/train/train_label/label/378.PNG,
Vinmec_2D-91,dataset/Vinmec_2D/train/train_image/91.JPG,dataset/Vinmec_2D/train/train_label/label/91.PNG,
Vinmec_2D-763,dataset/Vinmec_2D/train/train_image/763.JPG,dataset/Vinmec_2D/train/train_label/label/763.PNG,
Vinmec_2D-843,dataset/Vinmec_2D/train/train_image/843.JPG,dataset/Vinmec_2D/train/train_label/label/843.PNG,
Vinmec_2D-394,dataset/Vinmec_2D/test/image/394.JPG,dataset/Vinmec_2D/test/label/black_write/394.PNG,
Vinmec_2D-1247,dataset/Vinmec_2D/train/train_image/1247.JPG,dataset/Vinmec_2D/train/train_label/label/1247.PNG,
Vinmec_2D-754,dataset/Vinmec_2D/train/train_image/754.JPG,dataset/Vinmec_2D/train/train_label/label/754.PNG,
Vinmec_2D-1083,dataset/Vinmec_2D/test/image/1083.JPG,dataset/Vinmec_2D/test/label/black_write/1083.PNG,
Vinmec_2D-1184,dataset/Vinmec_2D/test/image/1184.JPG,dataset/Vinmec_2D/test/label/black_write/1184.PNG,
Vinmec_2D-804,dataset/Vinmec_2D/test/image/804.JPG,dataset/Vinmec_2D/test/label/black_write/804.PNG,
Vinmec_2D-294,dataset/Vinmec_2D/train/train_image/294.JPG,dataset/Vinmec_2D/train/train_label/label/294.PNG,
Vinmec_2D-720,dataset/Vinmec_2D/train/train_image/720.JPG,dataset/Vinmec_2D/train/train_label/label/720.PNG,
Vinmec_2D-415,dataset/Vinmec_2D/train/train_image/415.JPG,dataset/Vinmec_2D/train/train_label/label/415.PNG,
Vinmec_2D-291,dataset/Vinmec_2D/train/train_image/291.JPG,dataset/Vinmec_2D/train/train_label/label/291.PNG,
Vinmec_2D-925,dataset/Vinmec_2D/test/image/925.JPG,dataset/Vinmec_2D/test/label/black_write/925.PNG,
Vinmec_2D-359,dataset/Vinmec_2D/test/image/359.JPG,dataset/Vinmec_2D/test/label/black_write/359.PNG,
Vinmec_2D-539,dataset/Vinmec_2D/test/image/539.JPG,dataset/Vinmec_2D/test/label/black_write/539.PNG,
Vinmec_2D-1086,dataset/Vinmec_2D/test/image/1086.JPG,dataset/Vinmec_2D/test/label/black_write/1086.PNG,
Vinmec_2D-1180,dataset/Vinmec_2D/train/train_image/1180.JPG,dataset/Vinmec_2D/train/train_label/label/1180.PNG,
Vinmec_2D-581,dataset/Vinmec_2D/test/image/581.JPG,dataset/Vinmec_2D/test/label/black_write/581.PNG,
Vinmec_2D-1445,dataset/Vinmec_2D/train/train_image/1445.JPG,dataset/Vinmec_2D/train/train_label/label/1445.PNG,
Vinmec_2D-464,dataset/Vinmec_2D/test/image/464.JPG,dataset/Vinmec_2D/test/label/black_write/464.PNG,
Vinmec_2D-130,dataset/Vinmec_2D/train/train_image/130.JPG,dataset/Vinmec_2D/train/train_label/label/130.PNG,
Vinmec_2D-803,dataset/Vinmec_2D/train/train_image/803.JPG,dataset/Vinmec_2D/train/train_label/label/803.PNG,
Vinmec_2D-486,dataset/Vinmec_2D/train/train_image/486.JPG,dataset/Vinmec_2D/train/train_label/label/486.PNG,
Vinmec_2D-1124,dataset/Vinmec_2D/test/image/1124.JPG,dataset/Vinmec_2D/test/label/black_write/1124.PNG,
Vinmec_2D-871,dataset/Vinmec_2D/train/train_image/871.JPG,dataset/Vinmec_2D/train/train_label/label/871.PNG,
Vinmec_2D-943,dataset/Vinmec_2D/train/train_image/943.JPG,dataset/Vinmec_2D/train/train_label/label/943.PNG,
Vinmec_2D-1162,dataset/Vinmec_2D/test/image/1162.JPG,dataset/Vinmec_2D/test/label/black_write/1162.PNG,
Vinmec_2D-438,dataset/Vinmec_2D/train/train_image/438.JPG,dataset/Vinmec_2D/train/train_label/label/438.PNG,
Vinmec_2D-459,dataset/Vinmec_2D/train/train_image/459.JPG,dataset/Vinmec_2D/train/train_label/label/459.PNG,
Vinmec_2D-872,dataset/Vinmec_2D/test/image/872.JPG,dataset/Vinmec_2D/test/label/black_write/872.PNG,
Vinmec_2D-1160,dataset/Vinmec_2D/train/train_image/1160.JPG,dataset/Vinmec_2D/train/train_label/label/1160.PNG,
Vinmec_2D-304,dataset/Vinmec_2D/train/train_image/304.JPG,dataset/Vinmec_2D/train/train_label/label/304.PNG,
Vinmec_2D-815,dataset/Vinmec_2D/train/train_image/815.JPG,dataset/Vinmec_2D/train/train_label/label/815.PNG,
Vinmec_2D-1211,dataset/Vinmec_2D/train/train_image/1211.JPG,dataset/Vinmec_2D/train/train_label/label/1211.PNG,
Vinmec_2D-777,dataset/Vinmec_2D/train/train_image/777.JPG,dataset/Vinmec_2D/train/train_label/label/777.PNG,
Vinmec_2D-909,dataset/Vinmec_2D/train/train_image/909.JPG,dataset/Vinmec_2D/train/train_label/label/909.PNG,
Vinmec_2D-582,dataset/Vinmec_2D/test/image/582.JPG,dataset/Vinmec_2D/test/label/black_write/582.PNG,
Vinmec_2D-593,dataset/Vinmec_2D/train/train_image/593.JPG,dataset/Vinmec_2D/train/train_label/label/593.PNG,
Vinmec_2D-352,dataset/Vinmec_2D/test/image/352.JPG,dataset/Vinmec_2D/test/label/black_write/352.PNG,
Vinmec_2D-1029,dataset/Vinmec_2D/train/train_image/1029.JPG,dataset/Vinmec_2D/train/train_label/label/1029.PNG,
Vinmec_2D-371,dataset/Vinmec_2D/test/image/371.JPG,dataset/Vinmec_2D/test/label/black_write/371.PNG,
Vinmec_2D-1139,dataset/Vinmec_2D/train/train_image/1139.JPG,dataset/Vinmec_2D/train/train_label/label/1139.PNG,
Vinmec_2D-252,dataset/Vinmec_2D/train/train_image/252.JPG,dataset/Vinmec_2D/train/train_label/label/252.PNG,
Vinmec_2D-831,dataset/Vinmec_2D/train/train_image/831.JPG,dataset/Vinmec_2D/train/train_label/label/831.PNG,
Vinmec_2D-223,dataset/Vinmec_2D/train/train_image/223.JPG,dataset/Vinmec_2D/train/train_label/label/223.PNG,
Vinmec_2D-1311,dataset/Vinmec_2D/test/image/1311.JPG,dataset/Vinmec_2D/test/label/black_write/1311.PNG,
Vinmec_2D-817,dataset/Vinmec_2D/test/image/817.JPG,dataset/Vinmec_2D/test/label/black_write/817.PNG,
Vinmec_2D-386,dataset/Vinmec_2D/test/image/386.JPG,dataset/Vinmec_2D/test/label/black_write/386.PNG,
Vinmec_2D-840,dataset/Vinmec_2D/train/train_image/840.JPG,dataset/Vinmec_2D/train/train_label/label/840.PNG,
Vinmec_2D-940,dataset/Vinmec_2D/train/train_image/940.JPG,dataset/Vinmec_2D/train/train_label/label/940.PNG,
Vinmec_2D-330,dataset/Vinmec_2D/train/train_image/330.JPG,dataset/Vinmec_2D/train/train_label/label/330.PNG,
Vinmec_2D-1319,dataset/Vinmec_2D/test/image/1319.JPG,dataset/Vinmec_2D/test/label/black_write/1319.PNG,
Vinmec_2D-1169,dataset/Vinmec_2D/test/image/1169.JPG,dataset/Vinmec_2D/test/label/black_write/1169.PNG,
Vinmec_2D-47,dataset/Vinmec_2D/test/image/47.JPG,dataset/Vinmec_2D/test/label/black_write/47.PNG,
Vinmec_2D-9,dataset/Vinmec_2D/train/train_image/9.JPG,dataset/Vinmec_2D/train/train_label/label/9.PNG,
Vinmec_2D-1420,dataset/Vinmec_2D/train/train_image/1420.JPG,dataset/Vinmec_2D/train/train_label/label/1420.PNG,
Vinmec_2D-433,dataset/Vinmec_2D/train/train_image/433.JPG,dataset/Vinmec_2D/train/train_label/label/433.PNG,
Vinmec_2D-1300,dataset/Vinmec_2D/train/train_image/1300.JPG,dataset/Vinmec_2D/train/train_label/label/1300.PNG,
Vinmec_2D-891,dataset/Vinmec_2D/train/train_image/891.JPG,dataset/Vinmec_2D/train/train_label/label/891.PNG,
Vinmec_2D-1302,dataset/Vinmec_2D/test/image/1302.JPG,dataset/Vinmec_2D/test/label/black_write/1302.PNG,
Vinmec_2D-362,dataset/Vinmec_2D/train/train_image/362.JPG,dataset/Vinmec_2D/train/train_label/label/362.PNG,
Vinmec_2D-1060,dataset/Vinmec_2D/train/train_image/1060.JPG,dataset/Vinmec_2D/train/train_label/label/1060.PNG,
Vinmec_2D-761,dataset/Vinmec_2D/train/train_image/761.JPG,dataset/Vinmec_2D/train/train_label/label/761.PNG,
Vinmec_2D-1288,dataset/Vinmec_2D/test/image/1288.JPG,dataset/Vinmec_2D/test/label/black_write/1288.PNG,
Vinmec_2D-234,dataset/Vinmec_2D/test/image/234.JPG,dataset/Vinmec_2D/test/label/black_write/234.PNG,
Vinmec_2D-1144,dataset/Vinmec_2D/train/train_image/1144.JPG,dataset/Vinmec_2D/train/train_label/label/1144.PNG,
Vinmec_2D-855,dataset/Vinmec_2D/train/train_image/855.JPG,dataset/Vinmec_2D/train/train_label/label/855.PNG,
Vinmec_2D-164,dataset/Vinmec_2D/test/image/164.JPG,dataset/Vinmec_2D/test/label/black_write/164.PNG,
Vinmec_2D-61,dataset/Vinmec_2D/train/train_image/61.JPG,dataset/Vinmec_2D/train/train_label/label/61.PNG,
Vinmec_2D-1370,dataset/Vinmec_2D/train/train_image/1370.JPG,dataset/Vinmec_2D/train/train_label/label/1370.PNG,
Vinmec_2D-286,dataset/Vinmec_2D/train/train_image/286.JPG,dataset/Vinmec_2D/train/train_label/label/286.PNG,
Vinmec_2D-367,dataset/Vinmec_2D/train/train_image/367.JPG,dataset/Vinmec_2D/train/train_label/label/367.PNG,
Vinmec_2D-408,dataset/Vinmec_2D/train/train_image/408.JPG,dataset/Vinmec_2D/train/train_label/label/408.PNG,
Vinmec_2D-578,dataset/Vinmec_2D/train/train_image/578.JPG,dataset/Vinmec_2D/train/train_label/label/578.PNG,
Vinmec_2D-339,dataset/Vinmec_2D/test/image/339.JPG,dataset/Vinmec_2D/test/label/black_write/339.PNG,
Vinmec_2D-1071,dataset/Vinmec_2D/test/image/1071.JPG,dataset/Vinmec_2D/test/label/black_write/1071.PNG,
Vinmec_2D-622,dataset/Vinmec_2D/train/train_image/622.JPG,dataset/Vinmec_2D/train/train_label/label/622.PNG,
Vinmec_2D-1038,dataset/Vinmec_2D/test/image/1038.JPG,dataset/Vinmec_2D/test/label/black_write/1038.PNG,
Vinmec_2D-1174,dataset/Vinmec_2D/train/train_image/1174.JPG,dataset/Vinmec_2D/train/train_label/label/1174.PNG,
Vinmec_2D-935,dataset/Vinmec_2D/train/train_image/935.JPG,dataset/Vinmec_2D/train/train_label/label/935.PNG,
Vinmec_2D-505,dataset/Vinmec_2D/train/train_image/505.JPG,dataset/Vinmec_2D/train/train_label/label/505.PNG,
Vinmec_2D-147,dataset/Vinmec_2D/train/train_image/147.JPG,dataset/Vinmec_2D/train/train_label/label/147.PNG,
Vinmec_2D-319,dataset/Vinmec_2D/train/train_image/319.JPG,dataset/Vinmec_2D/train/train_label/label/319.PNG,
Vinmec_2D-770,dataset/Vinmec_2D/test/image/770.JPG,dataset/Vinmec_2D/test/label/black_write/770.PNG,
Vinmec_2D-1278,dataset/Vinmec_2D/train/train_image/1278.JPG,dataset/Vinmec_2D/train/train_label/label/1278.PNG,
Vinmec_2D-1388,dataset/Vinmec_2D/test/image/1388.JPG,dataset/Vinmec_2D/test/label/black_write/1388.PNG,
Vinmec_2D-699,dataset/Vinmec_2D/test/image/699.JPG,dataset/Vinmec_2D/test/label/black_write/699.PNG,
Vinmec_2D-1439,dataset/Vinmec_2D/train/train_image/1439.JPG,dataset/Vinmec_2D/train/train_label/label/1439.PNG,
Vinmec_2D-1271,dataset/Vinmec_2D/test/image/1271.JPG,dataset/Vinmec_2D/test/label/black_write/1271.PNG,
Vinmec_2D-601,dataset/Vinmec_2D/train/train_image/601.JPG,dataset/Vinmec_2D/train/train_label/label/601.PNG,
Vinmec_2D-1138,dataset/Vinmec_2D/train/train_image/1138.JPG,dataset/Vinmec_2D/train/train_label/label/1138.PNG,
Vinmec_2D-403,dataset/Vinmec_2D/test/image/403.JPG,dataset/Vinmec_2D/test/label/black_write/403.PNG,
Vinmec_2D-1419,dataset/Vinmec_2D/train/train_image/1419.JPG,dataset/Vinmec_2D/train/train_label/label/1419.PNG,
Vinmec_2D-1307,dataset/Vinmec_2D/test/image/1307.JPG,dataset/Vinmec_2D/test/label/black_write/1307.PNG,
Vinmec_2D-519,dataset/Vinmec_2D/train/train_image/519.JPG,dataset/Vinmec_2D/train/train_label/label/519.PNG,
Vinmec_2D-569,dataset/Vinmec_2D/train/train_image/569.JPG,dataset/Vinmec_2D/train/train_label/label/569.PNG,
Vinmec_2D-1,dataset/Vinmec_2D/train/train_image/1.JPG,dataset/Vinmec_2D/train/train_label/label/1.PNG,
Vinmec_2D-1008,dataset/Vinmec_2D/train/train_image/1008.JPG,dataset/Vinmec_2D/train/train_label/label/1008.PNG,
Vinmec_2D-750,dataset/Vinmec_2D/train/train_image/750.JPG,dataset/Vinmec_2D/train/train_label/label/750.PNG,
Vinmec_2D-563,dataset/Vinmec_2D/train/train_image/563.JPG,dataset/Vinmec_2D/train/train_label/label/563.PNG,
Vinmec_2D-1051,dataset/Vinmec_2D/train/train_image/1051.JPG,dataset/Vinmec_2D/train/train_label/label/1051.PNG,
Vinmec_2D-1149,dataset/Vinmec_2D/train/train_image/1149.JPG,dataset/Vinmec_2D/train/train_label/label/1149.PNG,
Vinmec_2D-1454,dataset/Vinmec_2D/test/image/1454.JPG,dataset/Vinmec_2D/test/label/black_write/1454.PNG,
Vinmec_2D-477,dataset/Vinmec_2D/test/image/477.JPG,dataset/Vinmec_2D/test/label/black_write/477.PNG,
Vinmec_2D-768,dataset/Vinmec_2D/train/train_image/768.JPG,dataset/Vinmec_2D/train/train_label/label/768.PNG,
Vinmec_2D-638,dataset/Vinmec_2D/test/image/638.JPG,dataset/Vinmec_2D/test/label/black_write/638.PNG,
Vinmec_2D-1418,dataset/Vinmec_2D/train/train_image/1418.JPG,dataset/Vinmec_2D/train/train_label/label/1418.PNG,
Vinmec_2D-83,dataset/Vinmec_2D/test/image/83.JPG,dataset/Vinmec_2D/test/label/black_write/83.PNG,
Vinmec_2D-547,dataset/Vinmec_2D/train/train_image/547.JPG,dataset/Vinmec_2D/train/train_label/label/547.PNG,
Vinmec_2D-682,dataset/Vinmec_2D/test/image/682.JPG,dataset/Vinmec_2D/test/label/black_write/682.PNG,
Vinmec_2D-1218,dataset/Vinmec_2D/test/image/1218.JPG,dataset/Vinmec_2D/test/label/black_write/1218.PNG,
Vinmec_2D-755,dataset/Vinmec_2D/train/train_image/755.JPG,dataset/Vinmec_2D/train/train_label/label/755.PNG,
Vinmec_2D-1396,dataset/Vinmec_2D/train/train_image/1396.JPG,dataset/Vinmec_2D/train/train_label/label/1396.PNG,
Vinmec_2D-577,dataset/Vinmec_2D/train/train_image/577.JPG,dataset/Vinmec_2D/train/train_label/label/577.PNG,
Vinmec_2D-918,dataset/Vinmec_2D/train/train_image/918.JPG,dataset/Vinmec_2D/train/train_label/label/918.PNG,
Vinmec_2D-358,dataset/Vinmec_2D/test/image/358.JPG,dataset/Vinmec_2D/test/label/black_write/358.PNG,
Vinmec_2D-232,dataset/Vinmec_2D/train/train_image/232.JPG,dataset/Vinmec_2D/train/train_label/label/232.PNG,
Vinmec_2D-84,dataset/Vinmec_2D/test/image/84.JPG,dataset/Vinmec_2D/test/label/black_write/84.PNG,
Vinmec_2D-1281,dataset/Vinmec_2D/train/train_image/1281.JPG,dataset/Vinmec_2D/train/train_label/label/1281.PNG,
Vinmec_2D-897,dataset/Vinmec_2D/test/image/897.JPG,dataset/Vinmec_2D/test/label/black_write/897.PNG,
Vinmec_2D-916,dataset/Vinmec_2D/test/image/916.JPG,dataset/Vinmec_2D/test/label/black_write/916.PNG,
Vinmec_2D-1225,dataset/Vinmec_2D/train/train_image/1225.JPG,dataset/Vinmec_2D/train/train_label/label/1225.PNG,
Vinmec_2D-12,dataset/Vinmec_2D/test/image/12.JPG,dataset/Vinmec_2D/test/label/black_write/12.PNG,
Vinmec_2D-741,dataset/Vinmec_2D/test/image/741.JPG,dataset/Vinmec_2D/test/label/black_write/741.PNG,
Vinmec_2D-681,dataset/Vinmec_2D/train/train_image/681.JPG,dataset/Vinmec_2D/train/train_label/label/681.PNG,
Vinmec_2D-365,dataset/Vinmec_2D/train/train_image/365.JPG,dataset/Vinmec_2D/train/train_label/label/365.PNG,
Vinmec_2D-1236,dataset/Vinmec_2D/train/train_image/1236.JPG,dataset/Vinmec_2D/train/train_label/label/1236.PNG,
Vinmec_2D-986,dataset/Vinmec_2D/train/train_image/986.JPG,dataset/Vinmec_2D/train/train_label/label/986.PNG,
Vinmec_2D-942,dataset/Vinmec_2D/train/train_image/942.JPG,dataset/Vinmec_2D/train/train_label/label/942.PNG,
Vinmec_2D-973,dataset/Vinmec_2D/test/image/973.JPG,dataset/Vinmec_2D/test/label/black_write/973.PNG,
Vinmec_2D-453,dataset/Vinmec_2D/test/image/453.JPG,dataset/Vinmec_2D/test/label/black_write/453.PNG,
Vinmec_2D-1450,dataset/Vinmec_2D/train/train_image/1450.JPG,dataset/Vinmec_2D/train/train_label/label/1450.PNG,
Vinmec_2D-451,dataset/Vinmec_2D/train/train_image/451.JPG,dataset/Vinmec_2D/train/train_label/label/451.PNG,
Vinmec_2D-431,dataset/Vinmec_2D/test/image/431.JPG,dataset/Vinmec_2D/test/label/black_write/431.PNG,
Vinmec_2D-779,dataset/Vinmec_2D/test/image/779.JPG,dataset/Vinmec_2D/test/label/black_write/779.PNG,
Vinmec_2D-722,dataset/Vinmec_2D/train/train_image/722.JPG,dataset/Vinmec_2D/train/train_label/label/722.PNG,
Vinmec_2D-1294,dataset/Vinmec_2D/train/train_image/1294.JPG,dataset/Vinmec_2D/train/train_label/label/1294.PNG,
Vinmec_2D-927,dataset/Vinmec_2D/train/train_image/927.JPG,dataset/Vinmec_2D/train/train_label/label/927.PNG,
Vinmec_2D-1135,dataset/Vinmec_2D/train/train_image/1135.JPG,dataset/Vinmec_2D/train/train_label/label/1135.PNG,
Vinmec_2D-797,dataset/Vinmec_2D/train/train_image/797.JPG,dataset/Vinmec_2D/train/train_label/label/797.PNG,
Vinmec_2D-268,dataset/Vinmec_2D/test/image/268.JPG,dataset/Vinmec_2D/test/label/black_write/268.PNG,
Vinmec_2D-642,dataset/Vinmec_2D/train/train_image/642.JPG,dataset/Vinmec_2D/train/train_label/label/642.PNG,
Vinmec_2D-795,dataset/Vinmec_2D/train/train_image/795.JPG,dataset/Vinmec_2D/train/train_label/label/795.PNG,
Vinmec_2D-1109,dataset/Vinmec_2D/train/train_image/1109.JPG,dataset/Vinmec_2D/train/train_label/label/1109.PNG,
Vinmec_2D-640,dataset/Vinmec_2D/test/image/640.JPG,dataset/Vinmec_2D/test/label/black_write/640.PNG,
Vinmec_2D-1344,dataset/Vinmec_2D/train/train_image/1344.JPG,dataset/Vinmec_2D/train/train_label/label/1344.PNG,
Vinmec_2D-179,dataset/Vinmec_2D/test/image/179.JPG,dataset/Vinmec_2D/test/label/black_write/179.PNG,
Vinmec_2D-1077,dataset/Vinmec_2D/train/train_image/1077.JPG,dataset/Vinmec_2D/train/train_label/label/1077.PNG,
Vinmec_2D-334,dataset/Vinmec_2D/train/train_image/334.JPG,dataset/Vinmec_2D/train/train_label/label/334.PNG,
Vinmec_2D-344,dataset/Vinmec_2D/test/image/344.JPG,dataset/Vinmec_2D/test/label/black_write/344.PNG,
Vinmec_2D-48,dataset/Vinmec_2D/test/image/48.JPG,dataset/Vinmec_2D/test/label/black_write/48.PNG,
Vinmec_2D-40,dataset/Vinmec_2D/train/train_image/40.JPG,dataset/Vinmec_2D/train/train_label/label/40.PNG,
Vinmec_2D-616,dataset/Vinmec_2D/train/train_image/616.JPG,dataset/Vinmec_2D/train/train_label/label/616.PNG,
Vinmec_2D-627,dataset/Vinmec_2D/test/image/627.JPG,dataset/Vinmec_2D/test/label/black_write/627.PNG,
Vinmec_2D-1248,dataset/Vinmec_2D/train/train_image/1248.JPG,dataset/Vinmec_2D/train/train_label/label/1248.PNG,
Vinmec_2D-739,dataset/Vinmec_2D/train/train_image/739.JPG,dataset/Vinmec_2D/train/train_label/label/739.PNG,
Vinmec_2D-924,dataset/Vinmec_2D/train/train_image/924.JPG,dataset/Vinmec_2D/train/train_label/label/924.PNG,
Vinmec_2D-1189,dataset/Vinmec_2D/train/train_image/1189.JPG,dataset/Vinmec_2D/train/train_label/label/1189.PNG,
Vinmec_2D-655,dataset/Vinmec_2D/train/train_image/655.JPG,dataset/Vinmec_2D/train/train_label/label/655.PNG,
Vinmec_2D-1030,dataset/Vinmec_2D/test/image/1030.JPG,dataset/Vinmec_2D/test/label/black_write/1030.PNG,
Vinmec_2D-104,dataset/Vinmec_2D/train/train_image/104.JPG,dataset/Vinmec_2D/train/train_label/label/104.PNG,
Vinmec_2D-609,dataset/Vinmec_2D/test/image/609.JPG,dataset/Vinmec_2D/test/label/black_write/609.PNG,
Vinmec_2D-612,dataset/Vinmec_2D/train/train_image/612.JPG,dataset/Vinmec_2D/train/train_label/label/612.PNG,
Vinmec_2D-738,dataset/Vinmec_2D/train/train_image/738.JPG,dataset/Vinmec_2D/train/train_label/label/738.PNG,
Vinmec_2D-357,dataset/Vinmec_2D/train/train_image/357.JPG,dataset/Vinmec_2D/train/train_label/label/357.PNG,
Vinmec_2D-1216,dataset/Vinmec_2D/train/train_image/1216.JPG,dataset/Vinmec_2D/train/train_label/label/1216.PNG,
Vinmec_2D-34,dataset/Vinmec_2D/train/train_image/34.JPG,dataset/Vinmec_2D/train/train_label/label/34.PNG,
Vinmec_2D-1046,dataset/Vinmec_2D/test/image/1046.JPG,dataset/Vinmec_2D/test/label/black_write/1046.PNG,
Vinmec_2D-411,dataset/Vinmec_2D/train/train_image/411.JPG,dataset/Vinmec_2D/train/train_label/label/411.PNG,
Vinmec_2D-570,dataset/Vinmec_2D/train/train_image/570.JPG,dataset/Vinmec_2D/train/train_label/label/570.PNG,
Vinmec_2D-654,dataset/Vinmec_2D/train/train_image/654.JPG,dataset/Vinmec_2D/train/train_label/label/654.PNG,
Vinmec_2D-1416,dataset/Vinmec_2D/test/image/1416.JPG,dataset/Vinmec_2D/test/label/black_write/1416.PNG,
Vinmec_2D-368,dataset/Vinmec_2D/train/train_image/368.JPG,dataset/Vinmec_2D/train/train_label/label/368.PNG,
Vinmec_2D-405,dataset/Vinmec_2D/train/train_image/405.JPG,dataset/Vinmec_2D/train/train_label/label/405.PNG,
Vinmec_2D-849,dataset/Vinmec_2D/train/train_image/849.JPG,dataset/Vinmec_2D/train/train_label/label/849.PNG,
Vinmec_2D-966,dataset/Vinmec_2D/test/image/966.JPG,dataset/Vinmec_2D/test/label/black_write/966.PNG,
Vinmec_2D-719,dataset/Vinmec_2D/train/train_image/719.JPG,dataset/Vinmec_2D/train/train_label/label/719.PNG,
Vinmec_2D-198,dataset/Vinmec_2D/train/train_image/198.JPG,dataset/Vinmec_2D/train/train_label/label/198.PNG,
Vinmec_2D-1286,dataset/Vinmec_2D/train/train_image/1286.JPG,dataset/Vinmec_2D/train/train_label/label/1286.PNG,
Vinmec_2D-1273,dataset/Vinmec_2D/test/image/1273.JPG,dataset/Vinmec_2D/test/label/black_write/1273.PNG,
Vinmec_2D-469,dataset/Vinmec_2D/train/train_image/469.JPG,dataset/Vinmec_2D/train/train_label/label/469.PNG,
Vinmec_2D-639,dataset/Vinmec_2D/test/image/639.JPG,dataset/Vinmec_2D/test/label/black_write/639.PNG,
Vinmec_2D-1348,dataset/Vinmec_2D/train/train_image/1348.JPG,dataset/Vinmec_2D/train/train_label/label/1348.PNG,
Vinmec_2D-281,dataset/Vinmec_2D/test/image/281.JPG,dataset/Vinmec_2D/test/label/black_write/281.PNG,
Vinmec_2D-758,dataset/Vinmec_2D/train/train_image/758.JPG,dataset/Vinmec_2D/train/train_label/label/758.PNG,
Vinmec_2D-617,dataset/Vinmec_2D/train/train_image/617.JPG,dataset/Vinmec_2D/train/train_label/label/617.PNG,
Vinmec_2D-1350,dataset/Vinmec_2D/train/train_image/1350.JPG,dataset/Vinmec_2D/train/train_label/label/1350.PNG,
Vinmec_2D-335,dataset/Vinmec_2D/train/train_image/335.JPG,dataset/Vinmec_2D/train/train_label/label/335.PNG,
Vinmec_2D-35,dataset/Vinmec_2D/train/train_image/35.JPG,dataset/Vinmec_2D/train/train_label/label/35.PNG,
Vinmec_2D-759,dataset/Vinmec_2D/train/train_image/759.JPG,dataset/Vinmec_2D/train/train_label/label/759.PNG,
Vinmec_2D-332,dataset/Vinmec_2D/train/train_image/332.JPG,dataset/Vinmec_2D/train/train_label/label/332.PNG,
Vinmec_2D-309,dataset/Vinmec_2D/train/train_image/309.JPG,dataset/Vinmec_2D/train/train_label/label/309.PNG,
Vinmec_2D-512,dataset/Vinmec_2D/test/image/512.JPG,dataset/Vinmec_2D/test/label/black_write/512.PNG,
Vinmec_2D-436,dataset/Vinmec_2D/test/image/436.JPG,dataset/Vinmec_2D/test/label/black_write/436.PNG,
Vinmec_2D-1380,dataset/Vinmec_2D/train/train_image/1380.JPG,dataset/Vinmec_2D/train/train_label/label/1380.PNG,
Vinmec_2D-1154,dataset/Vinmec_2D/train/train_image/1154.JPG,dataset/Vinmec_2D/train/train_label/label/1154.PNG,
Vinmec_2D-506,dataset/Vinmec_2D/test/image/506.JPG,dataset/Vinmec_2D/test/label/black_write/506.PNG,
Vinmec_2D-1036,dataset/Vinmec_2D/train/train_image/1036.JPG,dataset/Vinmec_2D/train/train_label/label/1036.PNG,
Vinmec_2D-740,dataset/Vinmec_2D/test/image/740.JPG,dataset/Vinmec_2D/test/label/black_write/740.PNG,
Vinmec_2D-192,dataset/Vinmec_2D/train/train_image/192.JPG,dataset/Vinmec_2D/train/train_label/label/192.PNG,
Vinmec_2D-1227,dataset/Vinmec_2D/train/train_image/1227.JPG,dataset/Vinmec_2D/train/train_label/label/1227.PNG,
Vinmec_2D-917,dataset/Vinmec_2D/test/image/917.JPG,dataset/Vinmec_2D/test/label/black_write/917.PNG,
Vinmec_2D-1251,dataset/Vinmec_2D/train/train_image/1251.JPG,dataset/Vinmec_2D/train/train_label/label/1251.PNG,
Vinmec_2D-15,dataset/Vinmec_2D/test/image/15.JPG,dataset/Vinmec_2D/test/label/black_write/15.PNG,
Vinmec_2D-674,dataset/Vinmec_2D/train/train_image/674.JPG,dataset/Vinmec_2D/train/train_label/label/674.PNG,
Vinmec_2D-322,dataset/Vinmec_2D/test/image/322.JPG,dataset/Vinmec_2D/test/label/black_write/322.PNG,
Vinmec_2D-683,dataset/Vinmec_2D/train/train_image/683.JPG,dataset/Vinmec_2D/train/train_label/label/683.PNG,
Vinmec_2D-576,dataset/Vinmec_2D/train/train_image/576.JPG,dataset/Vinmec_2D/train/train_label/label/576.PNG,
Vinmec_2D-56,dataset/Vinmec_2D/train/train_image/56.JPG,dataset/Vinmec_2D/train/train_label/label/56.PNG,
Vinmec_2D-1082,dataset/Vinmec_2D/test/image/1082.JPG,dataset/Vinmec_2D/test/label/black_write/1082.PNG,
Vinmec_2D-1358,dataset/Vinmec_2D/test/image/1358.JPG,dataset/Vinmec_2D/test/label/black_write/1358.PNG,
Vinmec_2D-287,dataset/Vinmec_2D/train/train_image/287.JPG,dataset/Vinmec_2D/train/train_label/label/287.PNG,
Vinmec_2D-1019,dataset/Vinmec_2D/train/train_image/1019.JPG,dataset/Vinmec_2D/train/train_label/label/1019.PNG,
Vinmec_2D-1084,dataset/Vinmec_2D/train/train_image/1084.JPG,dataset/Vinmec_2D/train/train_label/label/1084.PNG,
Vinmec_2D-163,dataset/Vinmec_2D/test/image/163.JPG,dataset/Vinmec_2D/test/label/black_write/163.PNG,
Vinmec_2D-50,dataset/Vinmec_2D/train/train_image/50.JPG,dataset/Vinmec_2D/train/train_label/label/50.PNG,
Vinmec_2D-1001,dataset/Vinmec_2D/train/train_image/1001.JPG,dataset/Vinmec_2D/train/train_label/label/1001.PNG,
Vinmec_2D-289,dataset/Vinmec_2D/train/train_image/289.JPG,dataset/Vinmec_2D/train/train_label/label/289.PNG,
Vinmec_2D-1264,dataset/Vinmec_2D/train/train_image/1264.JPG,dataset/Vinmec_2D/train/train_label/label/1264.PNG,
Vinmec_2D-585,dataset/Vinmec_2D/test/image/585.JPG,dataset/Vinmec_2D/test/label/black_write/585.PNG,
Vinmec_2D-1190,dataset/Vinmec_2D/test/image/1190.JPG,dataset/Vinmec_2D/test/label/black_write/1190.PNG,
Vinmec_2D-911,dataset/Vinmec_2D/test/image/911.JPG,dataset/Vinmec_2D/test/label/black_write/911.PNG,
Vinmec_2D-1037,dataset/Vinmec_2D/train/train_image/1037.JPG,dataset/Vinmec_2D/train/train_label/label/1037.PNG,
Vinmec_2D-780,dataset/Vinmec_2D/train/train_image/780.JPG,dataset/Vinmec_2D/train/train_label/label/780.PNG,
Vinmec_2D-1292,dataset/Vinmec_2D/train/train_image/1292.JPG,dataset/Vinmec_2D/train/train_label/label/1292.PNG,
Vinmec_2D-1016,dataset/Vinmec_2D/train/train_image/1016.JPG,dataset/Vinmec_2D/train/train_label/label/1016.PNG,
Vinmec_2D-811,dataset/Vinmec_2D/train/train_image/811.JPG,dataset/Vinmec_2D/train/train_label/label/811.PNG,
Vinmec_2D-1361,dataset/Vinmec_2D/train/train_image/1361.JPG,dataset/Vinmec_2D/train/train_label/label/1361.PNG,
Vinmec_2D-308,dataset/Vinmec_2D/train/train_image/308.JPG,dataset/Vinmec_2D/train/train_label/label/308.PNG,
Vinmec_2D-462,dataset/Vinmec_2D/train/train_image/462.JPG,dataset/Vinmec_2D/train/train_label/label/462.PNG,
Vinmec_2D-1183,dataset/Vinmec_2D/train/train_image/1183.JPG,dataset/Vinmec_2D/train/train_label/label/1183.PNG,
Vinmec_2D-241,dataset/Vinmec_2D/train/train_image/241.JPG,dataset/Vinmec_2D/train/train_label/label/241.PNG,
Vinmec_2D-1424,dataset/Vinmec_2D/train/train_image/1424.JPG,dataset/Vinmec_2D/train/train_label/label/1424.PNG,
Vinmec_2D-618,dataset/Vinmec_2D/train/train_image/618.JPG,dataset/Vinmec_2D/train/train_label/label/618.PNG,
Vinmec_2D-6,dataset/Vinmec_2D/train/train_image/6.JPG,dataset/Vinmec_2D/train/train_label/label/6.PNG,
Vinmec_2D-59,dataset/Vinmec_2D/train/train_image/59.JPG,dataset/Vinmec_2D/train/train_label/label/59.PNG,
Vinmec_2D-1132,dataset/Vinmec_2D/test/image/1132.JPG,dataset/Vinmec_2D/test/label/black_write/1132.PNG,
Vinmec_2D-457,dataset/Vinmec_2D/test/image/457.JPG,dataset/Vinmec_2D/test/label/black_write/457.PNG,
Vinmec_2D-653,dataset/Vinmec_2D/test/image/653.JPG,dataset/Vinmec_2D/test/label/black_write/653.PNG,
Vinmec_2D-169,dataset/Vinmec_2D/train/train_image/169.JPG,dataset/Vinmec_2D/train/train_label/label/169.PNG,
Vinmec_2D-68,dataset/Vinmec_2D/train/train_image/68.JPG,dataset/Vinmec_2D/train/train_label/label/68.PNG,
Vinmec_2D-921,dataset/Vinmec_2D/test/image/921.JPG,dataset/Vinmec_2D/test/label/black_write/921.PNG,
Vinmec_2D-876,dataset/Vinmec_2D/train/train_image/876.JPG,dataset/Vinmec_2D/train/train_label/label/876.PNG,
Vinmec_2D-910,dataset/Vinmec_2D/train/train_image/910.JPG,dataset/Vinmec_2D/train/train_label/label/910.PNG,
Vinmec_2D-63,dataset/Vinmec_2D/test/image/63.JPG,dataset/Vinmec_2D/test/label/black_write/63.PNG,
Vinmec_2D-1177,dataset/Vinmec_2D/train/train_image/1177.JPG,dataset/Vinmec_2D/train/train_label/label/1177.PNG,
Vinmec_2D-1260,dataset/Vinmec_2D/train/train_image/1260.JPG,dataset/Vinmec_2D/train/train_label/label/1260.PNG,
Vinmec_2D-374,dataset/Vinmec_2D/train/train_image/374.JPG,dataset/Vinmec_2D/train/train_label/label/374.PNG,
Vinmec_2D-637,dataset/Vinmec_2D/train/train_image/637.JPG,dataset/Vinmec_2D/train/train_label/label/637.PNG,
Vinmec_2D-1310,dataset/Vinmec_2D/train/train_image/1310.JPG,dataset/Vinmec_2D/train/train_label/label/1310.PNG,
Vinmec_2D-384,dataset/Vinmec_2D/train/train_image/384.JPG,dataset/Vinmec_2D/train/train_label/label/384.PNG,
Vinmec_2D-1129,dataset/Vinmec_2D/train/train_image/1129.JPG,dataset/Vinmec_2D/train/train_label/label/1129.PNG,
Vinmec_2D-499,dataset/Vinmec_2D/train/train_image/499.JPG,dataset/Vinmec_2D/train/train_label/label/499.PNG,
Vinmec_2D-480,dataset/Vinmec_2D/train/train_image/480.JPG,dataset/Vinmec_2D/train/train_label/label/480.PNG,
Vinmec_2D-300,dataset/Vinmec_2D/train/train_image/300.JPG,dataset/Vinmec_2D/train/train_label/label/300.PNG,
Vinmec_2D-1020,dataset/Vinmec_2D/train/train_image/1020.JPG,dataset/Vinmec_2D/train/train_label/label/1020.PNG,
Vinmec_2D-1362,dataset/Vinmec_2D/train/train_image/1362.JPG,dataset/Vinmec_2D/train/train_label/label/1362.PNG,
Vinmec_2D-197,dataset/Vinmec_2D/train/train_image/197.JPG,dataset/Vinmec_2D/train/train_label/label/197.PNG,
Vinmec_2D-945,dataset/Vinmec_2D/test/image/945.JPG,dataset/Vinmec_2D/test/label/black_write/945.PNG,
Vinmec_2D-465,dataset/Vinmec_2D/train/train_image/465.JPG,dataset/Vinmec_2D/train/train_label/label/465.PNG,
Vinmec_2D-259,dataset/Vinmec_2D/train/train_image/259.JPG,dataset/Vinmec_2D/train/train_label/label/259.PNG,
Vinmec_2D-194,dataset/Vinmec_2D/train/train_image/194.JPG,dataset/Vinmec_2D/train/train_label/label/194.PNG,
Vinmec_2D-1223,dataset/Vinmec_2D/train/train_image/1223.JPG,dataset/Vinmec_2D/train/train_label/label/1223.PNG,
Vinmec_2D-561,dataset/Vinmec_2D/train/train_image/561.JPG,dataset/Vinmec_2D/train/train_label/label/561.PNG,
Vinmec_2D-1021,dataset/Vinmec_2D/train/train_image/1021.JPG,dataset/Vinmec_2D/train/train_label/label/1021.PNG,
Vinmec_2D-71,dataset/Vinmec_2D/test/image/71.JPG,dataset/Vinmec_2D/test/label/black_write/71.PNG,
Vinmec_2D-1228,dataset/Vinmec_2D/train/train_image/1228.JPG,dataset/Vinmec_2D/train/train_label/label/1228.PNG,
Vinmec_2D-13,dataset/Vinmec_2D/train/train_image/13.JPG,dataset/Vinmec_2D/train/train_label/label/13.PNG,
Vinmec_2D-1331,dataset/Vinmec_2D/test/image/1331.JPG,dataset/Vinmec_2D/test/label/black_write/1331.PNG,
Vinmec_2D-700,dataset/Vinmec_2D/test/image/700.JPG,dataset/Vinmec_2D/test/label/black_write/700.PNG,
Vinmec_2D-762,dataset/Vinmec_2D/test/image/762.JPG,dataset/Vinmec_2D/test/label/black_write/762.PNG,
Vinmec_2D-1145,dataset/Vinmec_2D/train/train_image/1145.JPG,dataset/Vinmec_2D/train/train_label/label/1145.PNG,
Vinmec_2D-564,dataset/Vinmec_2D/train/train_image/564.JPG,dataset/Vinmec_2D/train/train_label/label/564.PNG,
Vinmec_2D-1289,dataset/Vinmec_2D/train/train_image/1289.JPG,dataset/Vinmec_2D/train/train_label/label/1289.PNG,
Vinmec_2D-999,dataset/Vinmec_2D/train/train_image/999.JPG,dataset/Vinmec_2D/train/train_label/label/999.PNG,
Vinmec_2D-799,dataset/Vinmec_2D/train/train_image/799.JPG,dataset/Vinmec_2D/train/train_label/label/799.PNG,
Vinmec_2D-370,dataset/Vinmec_2D/test/image/370.JPG,dataset/Vinmec_2D/test/label/black_write/370.PNG,
Vinmec_2D-513,dataset/Vinmec_2D/train/train_image/513.JPG,dataset/Vinmec_2D/train/train_label/label/513.PNG,
Vinmec_2D-697,dataset/Vinmec_2D/train/train_image/697.JPG,dataset/Vinmec_2D/train/train_label/label/697.PNG,
Vinmec_2D-434,dataset/Vinmec_2D/train/train_image/434.JPG,dataset/Vinmec_2D/train/train_label/label/434.PNG,
Vinmec_2D-791,dataset/Vinmec_2D/test/image/791.JPG,dataset/Vinmec_2D/test/label/black_write/791.PNG,
Vinmec_2D-647,dataset/Vinmec_2D/train/train_image/647.JPG,dataset/Vinmec_2D/train/train_label/label/647.PNG,
Vinmec_2D-800,dataset/Vinmec_2D/test/image/800.JPG,dataset/Vinmec_2D/test/label/black_write/800.PNG,
Vinmec_2D-560,dataset/Vinmec_2D/test/image/560.JPG,dataset/Vinmec_2D/test/label/black_write/560.PNG,
Vinmec_2D-915,dataset/Vinmec_2D/train/train_image/915.JPG,dataset/Vinmec_2D/train/train_label/label/915.PNG,
Vinmec_2D-496,dataset/Vinmec_2D/test/image/496.JPG,dataset/Vinmec_2D/test/label/black_write/496.PNG,
Vinmec_2D-984,dataset/Vinmec_2D/train/train_image/984.JPG,dataset/Vinmec_2D/train/train_label/label/984.PNG,
Vinmec_2D-110,dataset/Vinmec_2D/train/train_image/110.JPG,dataset/Vinmec_2D/train/train_label/label/110.PNG,
Vinmec_2D-188,dataset/Vinmec_2D/train/train_image/188.JPG,dataset/Vinmec_2D/train/train_label/label/188.PNG,
Vinmec_2D-1043,dataset/Vinmec_2D/train/train_image/1043.JPG,dataset/Vinmec_2D/train/train_label/label/1043.PNG,
Vinmec_2D-1155,dataset/Vinmec_2D/train/train_image/1155.JPG,dataset/Vinmec_2D/train/train_label/label/1155.PNG,
Vinmec_2D-1188,dataset/Vinmec_2D/test/image/1188.JPG,dataset/Vinmec_2D/test/label/black_write/1188.PNG,
Vinmec_2D-14,dataset/Vinmec_2D/train/train_image/14.JPG,dataset/Vinmec_2D/train/train_label/label/14.PNG,
Vinmec_2D-109,dataset/Vinmec_2D/train/train_image/109.JPG,dataset/Vinmec_2D/train/train_label/label/109.PNG,
Vinmec_2D-1386,dataset/Vinmec_2D/train/train_image/1386.JPG,dataset/Vinmec_2D/train/train_label/label/1386.PNG,
Vinmec_2D-295,dataset/Vinmec_2D/test/image/295.JPG,dataset/Vinmec_2D/test/label/black_write/295.PNG,
Vinmec_2D-844,dataset/Vinmec_2D/test/image/844.JPG,dataset/Vinmec_2D/test/label/black_write/844.PNG,
Vinmec_2D-562,dataset/Vinmec_2D/train/train_image/562.JPG,dataset/Vinmec_2D/train/train_label/label/562.PNG,
Vinmec_2D-1194,dataset/Vinmec_2D/train/train_image/1194.JPG,dataset/Vinmec_2D/train/train_label/label/1194.PNG,
Vinmec_2D-1237,dataset/Vinmec_2D/train/train_image/1237.JPG,dataset/Vinmec_2D/train/train_label/label/1237.PNG,
Vinmec_2D-250,dataset/Vinmec_2D/train/train_image/250.JPG,dataset/Vinmec_2D/train/train_label/label/250.PNG,
Vinmec_2D-734,dataset/Vinmec_2D/train/train_image/734.JPG,dataset/Vinmec_2D/train/train_label/label/734.PNG,
Vinmec_2D-1325,dataset/Vinmec_2D/test/image/1325.JPG,dataset/Vinmec_2D/test/label/black_write/1325.PNG,
Vinmec_2D-425,dataset/Vinmec_2D/train/train_image/425.JPG,dataset/Vinmec_2D/train/train_label/label/425.PNG,
Vinmec_2D-388,dataset/Vinmec_2D/test/image/388.JPG,dataset/Vinmec_2D/test/label/black_write/388.PNG,
Vinmec_2D-1309,dataset/Vinmec_2D/train/train_image/1309.JPG,dataset/Vinmec_2D/train/train_label/label/1309.PNG,
Vinmec_2D-1401,dataset/Vinmec_2D/test/image/1401.JPG,dataset/Vinmec_2D/test/label/black_write/1401.PNG,
Vinmec_2D-1354,dataset/Vinmec_2D/test/image/1354.JPG,dataset/Vinmec_2D/test/label/black_write/1354.PNG,
Vinmec_2D-461,dataset/Vinmec_2D/train/train_image/461.JPG,dataset/Vinmec_2D/train/train_label/label/461.PNG,
Vinmec_2D-1032,dataset/Vinmec_2D/test/image/1032.JPG,dataset/Vinmec_2D/test/label/black_write/1032.PNG,
Vinmec_2D-949,dataset/Vinmec_2D/train/train_image/949.JPG,dataset/Vinmec_2D/train/train_label/label/949.PNG,
Vinmec_2D-1045,dataset/Vinmec_2D/train/train_image/1045.JPG,dataset/Vinmec_2D/train/train_label/label/1045.PNG,
Vinmec_2D-1087,dataset/Vinmec_2D/train/train_image/1087.JPG,dataset/Vinmec_2D/train/train_label/label/1087.PNG,
Vinmec_2D-1213,dataset/Vinmec_2D/train/train_image/1213.JPG,dataset/Vinmec_2D/train/train_label/label/1213.PNG,
Vinmec_2D-1235,dataset/Vinmec_2D/test/image/1235.JPG,dataset/Vinmec_2D/test/label/black_write/1235.PNG,
Vinmec_2D-138,dataset/Vinmec_2D/train/train_image/138.JPG,dataset/Vinmec_2D/train/train_label/label/138.PNG,
Vinmec_2D-1153,dataset/Vinmec_2D/train/train_image/1153.JPG,dataset/Vinmec_2D/train/train_label/label/1153.PNG,
Vinmec_2D-54,dataset/Vinmec_2D/train/train_image/54.JPG,dataset/Vinmec_2D/train/train_label/label/54.PNG,
Vinmec_2D-1106,dataset/Vinmec_2D/train/train_image/1106.JPG,dataset/Vinmec_2D/train/train_label/label/1106.PNG,
Vinmec_2D-1411,dataset/Vinmec_2D/test/image/1411.JPG,dataset/Vinmec_2D/test/label/black_write/1411.PNG,
Vinmec_2D-437,dataset/Vinmec_2D/train/train_image/437.JPG,dataset/Vinmec_2D/train/train_label/label/437.PNG,
Vinmec_2D-1052,dataset/Vinmec_2D/train/train_image/1052.JPG,dataset/Vinmec_2D/train/train_label/label/1052.PNG,
Vinmec_2D-218,dataset/Vinmec_2D/train/train_image/218.JPG,dataset/Vinmec_2D/train/train_label/label/218.PNG,
Vinmec_2D-746,dataset/Vinmec_2D/train/train_image/746.JPG,dataset/Vinmec_2D/train/train_label/label/746.PNG,
Vinmec_2D-419,dataset/Vinmec_2D/train/train_image/419.JPG,dataset/Vinmec_2D/train/train_label/label/419.PNG,
Vinmec_2D-580,dataset/Vinmec_2D/test/image/580.JPG,dataset/Vinmec_2D/test/label/black_write/580.PNG,
Vinmec_2D-1243,dataset/Vinmec_2D/train/train_image/1243.JPG,dataset/Vinmec_2D/train/train_label/label/1243.PNG,
Vinmec_2D-101,dataset/Vinmec_2D/train/train_image/101.JPG,dataset/Vinmec_2D/train/train_label/label/101.PNG,
Vinmec_2D-1107,dataset/Vinmec_2D/train/train_image/1107.JPG,dataset/Vinmec_2D/train/train_label/label/1107.PNG,
Vinmec_2D-103,dataset/Vinmec_2D/train/train_image/103.JPG,dataset/Vinmec_2D/train/train_label/label/103.PNG,
Vinmec_2D-346,dataset/Vinmec_2D/train/train_image/346.JPG,dataset/Vinmec_2D/train/train_label/label/346.PNG,
Vinmec_2D-249,dataset/Vinmec_2D/test/image/249.JPG,dataset/Vinmec_2D/test/label/black_write/249.PNG,
Vinmec_2D-133,dataset/Vinmec_2D/train/train_image/133.JPG,dataset/Vinmec_2D/train/train_label/label/133.PNG,
Vinmec_2D-920,dataset/Vinmec_2D/train/train_image/920.JPG,dataset/Vinmec_2D/train/train_label/label/920.PNG,
Vinmec_2D-387,dataset/Vinmec_2D/test/image/387.JPG,dataset/Vinmec_2D/test/label/black_write/387.PNG,
Vinmec_2D-937,dataset/Vinmec_2D/test/image/937.JPG,dataset/Vinmec_2D/test/label/black_write/937.PNG,
Vinmec_2D-974,dataset/Vinmec_2D/train/train_image/974.JPG,dataset/Vinmec_2D/train/train_label/label/974.PNG,
Vinmec_2D-254,dataset/Vinmec_2D/test/image/254.JPG,dataset/Vinmec_2D/test/label/black_write/254.PNG,
Vinmec_2D-1062,dataset/Vinmec_2D/test/image/1062.JPG,dataset/Vinmec_2D/test/label/black_write/1062.PNG,
Vinmec_2D-858,dataset/Vinmec_2D/train/train_image/858.JPG,dataset/Vinmec_2D/train/train_label/label/858.PNG,
Vinmec_2D-1090,dataset/Vinmec_2D/train/train_image/1090.JPG,dataset/Vinmec_2D/train/train_label/label/1090.PNG,
Vinmec_2D-548,dataset/Vinmec_2D/test/image/548.JPG,dataset/Vinmec_2D/test/label/black_write/548.PNG,
Vinmec_2D-80,dataset/Vinmec_2D/train/train_image/80.JPG,dataset/Vinmec_2D/train/train_label/label/80.PNG,
Vinmec_2D-586,dataset/Vinmec_2D/train/train_image/586.JPG,dataset/Vinmec_2D/train/train_label/label/586.PNG,
Vinmec_2D-985,dataset/Vinmec_2D/test/image/985.JPG,dataset/Vinmec_2D/test/label/black_write/985.PNG,
Vinmec_2D-693,dataset/Vinmec_2D/test/image/693.JPG,dataset/Vinmec_2D/test/label/black_write/693.PNG,
Vinmec_2D-997,dataset/Vinmec_2D/train/train_image/997.JPG,dataset/Vinmec_2D/train/train_label/label/997.PNG,
Vinmec_2D-1349,dataset/Vinmec_2D/train/train_image/1349.JPG,dataset/Vinmec_2D/train/train_label/label/1349.PNG,
Vinmec_2D-1072,dataset/Vinmec_2D/train/train_image/1072.JPG,dataset/Vinmec_2D/train/train_label/label/1072.PNG,
Vinmec_2D-81,dataset/Vinmec_2D/train/train_image/81.JPG,dataset/Vinmec_2D/train/train_label/label/81.PNG,
Vinmec_2D-398,dataset/Vinmec_2D/train/train_image/398.JPG,dataset/Vinmec_2D/train/train_label/label/398.PNG,
Vinmec_2D-555,dataset/Vinmec_2D/train/train_image/555.JPG,dataset/Vinmec_2D/train/train_label/label/555.PNG,
Vinmec_2D-636,dataset/Vinmec_2D/test/image/636.JPG,dataset/Vinmec_2D/test/label/black_write/636.PNG,
Vinmec_2D-298,dataset/Vinmec_2D/train/train_image/298.JPG,dataset/Vinmec_2D/train/train_label/label/298.PNG,
Vinmec_2D-874,dataset/Vinmec_2D/train/train_image/874.JPG,dataset/Vinmec_2D/train/train_label/label/874.PNG,
Vinmec_2D-1336,dataset/Vinmec_2D/test/image/1336.JPG,dataset/Vinmec_2D/test/label/black_write/1336.PNG,
Vinmec_2D-1220,dataset/Vinmec_2D/train/train_image/1220.JPG,dataset/Vinmec_2D/train/train_label/label/1220.PNG,
Vinmec_2D-1255,dataset/Vinmec_2D/test/image/1255.JPG,dataset/Vinmec_2D/test/label/black_write/1255.PNG,
Vinmec_2D-1157,dataset/Vinmec_2D/test/image/1157.JPG,dataset/Vinmec_2D/test/label/black_write/1157.PNG,
Vinmec_2D-1343,dataset/Vinmec_2D/train/train_image/1343.JPG,dataset/Vinmec_2D/train/train_label/label/1343.PNG,
Vinmec_2D-1280,dataset/Vinmec_2D/train/train_image/1280.JPG,dataset/Vinmec_2D/train/train_label/label/1280.PNG,
Vinmec_2D-970,dataset/Vinmec_2D/test/image/970.JPG,dataset/Vinmec_2D/test/label/black_write/970.PNG,
Vinmec_2D-1143,dataset/Vinmec_2D/test/image/1143.JPG,dataset/Vinmec_2D/test/label/black_write/1143.PNG,
Vinmec_2D-829,dataset/Vinmec_2D/train/train_image/829.JPG,dataset/Vinmec_2D/train/train_label/label/829.PNG,
Vinmec_2D-1095,dataset/Vinmec_2D/test/image/1095.JPG,dataset/Vinmec_2D/test/label/black_write/1095.PNG,
Vinmec_2D-1442,dataset/Vinmec_2D/train/train_image/1442.JPG,dataset/Vinmec_2D/train/train_label/label/1442.PNG,
Vinmec_2D-466,dataset/Vinmec_2D/train/train_image/466.JPG,dataset/Vinmec_2D/train/train_label/label/466.PNG,
Vinmec_2D-727,dataset/Vinmec_2D/train/train_image/727.JPG,dataset/Vinmec_2D/train/train_label/label/727.PNG,
Vinmec_2D-4,dataset/Vinmec_2D/train/train_image/4.JPG,dataset/Vinmec_2D/train/train_label/label/4.PNG,
Vinmec_2D-715,dataset/Vinmec_2D/train/train_image/715.JPG,dataset/Vinmec_2D/train/train_label/label/715.PNG,
Vinmec_2D-311,dataset/Vinmec_2D/train/train_image/311.JPG,dataset/Vinmec_2D/train/train_label/label/311.PNG,
Vinmec_2D-82,dataset/Vinmec_2D/train/train_image/82.JPG,dataset/Vinmec_2D/train/train_label/label/82.PNG,
Vinmec_2D-882,dataset/Vinmec_2D/test/image/882.JPG,dataset/Vinmec_2D/test/label/black_write/882.PNG,
Vinmec_2D-742,dataset/Vinmec_2D/train/train_image/742.JPG,dataset/Vinmec_2D/train/train_label/label/742.PNG,
Vinmec_2D-299,dataset/Vinmec_2D/test/image/299.JPG,dataset/Vinmec_2D/test/label/black_write/299.PNG,
Vinmec_2D-393,dataset/Vinmec_2D/train/train_image/393.JPG,dataset/Vinmec_2D/train/train_label/label/393.PNG,
Vinmec_2D-865,dataset/Vinmec_2D/train/train_image/865.JPG,dataset/Vinmec_2D/train/train_label/label/865.PNG,
Vinmec_2D-810,dataset/Vinmec_2D/test/image/810.JPG,dataset/Vinmec_2D/test/label/black_write/810.PNG,
Vinmec_2D-752,dataset/Vinmec_2D/test/image/752.JPG,dataset/Vinmec_2D/test/label/black_write/752.PNG,
Vinmec_2D-314,dataset/Vinmec_2D/train/train_image/314.JPG,dataset/Vinmec_2D/train/train_label/label/314.PNG,
Vinmec_2D-423,dataset/Vinmec_2D/train/train_image/423.JPG,dataset/Vinmec_2D/train/train_label/label/423.PNG,
Vinmec_2D-240,dataset/Vinmec_2D/test/image/240.JPG,dataset/Vinmec_2D/test/label/black_write/240.PNG,
Vinmec_2D-1391,dataset/Vinmec_2D/train/train_image/1391.JPG,dataset/Vinmec_2D/train/train_label/label/1391.PNG,
Vinmec_2D-495,dataset/Vinmec_2D/test/image/495.JPG,dataset/Vinmec_2D/test/label/black_write/495.PNG,
Vinmec_2D-171,dataset/Vinmec_2D/train/train_image/171.JPG,dataset/Vinmec_2D/train/train_label/label/171.PNG,
Vinmec_2D-23,dataset/Vinmec_2D/train/train_image/23.JPG,dataset/Vinmec_2D/train/train_label/label/23.PNG,
Vinmec_2D-177,dataset/Vinmec_2D/test/image/177.JPG,dataset/Vinmec_2D/test/label/black_write/177.PNG,
Vinmec_2D-992,dataset/Vinmec_2D/train/train_image/992.JPG,dataset/Vinmec_2D/train/train_label/label/992.PNG,
Vinmec_2D-1206,dataset/Vinmec_2D/train/train_image/1206.JPG,dataset/Vinmec_2D/train/train_label/label/1206.PNG,
Vinmec_2D-1468,dataset/Vinmec_2D/test/image/1468.JPG,dataset/Vinmec_2D/test/label/black_write/1468.PNG,
Vinmec_2D-694,dataset/Vinmec_2D/test/image/694.JPG,dataset/Vinmec_2D/test/label/black_write/694.PNG,
Vinmec_2D-1467,dataset/Vinmec_2D/test/image/1467.JPG,dataset/Vinmec_2D/test/label/black_write/1467.PNG,
Vinmec_2D-264,dataset/Vinmec_2D/test/image/264.JPG,dataset/Vinmec_2D/test/label/black_write/264.PNG,
Vinmec_2D-644,dataset/Vinmec_2D/test/image/644.JPG,dataset/Vinmec_2D/test/label/black_write/644.PNG,
Vinmec_2D-26,dataset/Vinmec_2D/test/image/26.JPG,dataset/Vinmec_2D/test/label/black_write/26.PNG,
Vinmec_2D-812,dataset/Vinmec_2D/train/train_image/812.JPG,dataset/Vinmec_2D/train/train_label/label/812.PNG,
Vinmec_2D-118,dataset/Vinmec_2D/train/train_image/118.JPG,dataset/Vinmec_2D/train/train_label/label/118.PNG,
Vinmec_2D-488,dataset/Vinmec_2D/test/image/488.JPG,dataset/Vinmec_2D/test/label/black_write/488.PNG,
Vinmec_2D-331,dataset/Vinmec_2D/test/image/331.JPG,dataset/Vinmec_2D/test/label/black_write/331.PNG,
Vinmec_2D-1317,dataset/Vinmec_2D/test/image/1317.JPG,dataset/Vinmec_2D/test/label/black_write/1317.PNG,
Vinmec_2D-838,dataset/Vinmec_2D/train/train_image/838.JPG,dataset/Vinmec_2D/train/train_label/label/838.PNG,
Vinmec_2D-1134,dataset/Vinmec_2D/test/image/1134.JPG,dataset/Vinmec_2D/test/label/black_write/1134.PNG,
Vinmec_2D-341,dataset/Vinmec_2D/train/train_image/341.JPG,dataset/Vinmec_2D/train/train_label/label/341.PNG,
Vinmec_2D-1171,dataset/Vinmec_2D/test/image/1171.JPG,dataset/Vinmec_2D/test/label/black_write/1171.PNG,
Vinmec_2D-276,dataset/Vinmec_2D/train/train_image/276.JPG,dataset/Vinmec_2D/train/train_label/label/276.PNG,
Vinmec_2D-820,dataset/Vinmec_2D/train/train_image/820.JPG,dataset/Vinmec_2D/train/train_label/label/820.PNG,
Vinmec_2D-983,dataset/Vinmec_2D/train/train_image/983.JPG,dataset/Vinmec_2D/train/train_label/label/983.PNG,
Vinmec_2D-751,dataset/Vinmec_2D/test/image/751.JPG,dataset/Vinmec_2D/test/label/black_write/751.PNG,
Vinmec_2D-355,dataset/Vinmec_2D/train/train_image/355.JPG,dataset/Vinmec_2D/train/train_label/label/355.PNG,
Vinmec_2D-439,dataset/Vinmec_2D/train/train_image/439.JPG,dataset/Vinmec_2D/train/train_label/label/439.PNG,
Vinmec_2D-199,dataset/Vinmec_2D/train/train_image/199.JPG,dataset/Vinmec_2D/train/train_label/label/199.PNG,
Vinmec_2D-292,dataset/Vinmec_2D/test/image/292.JPG,dataset/Vinmec_2D/test/label/black_write/292.PNG,
Vinmec_2D-1465,dataset/Vinmec_2D/train/train_image/1465.JPG,dataset/Vinmec_2D/train/train_label/label/1465.PNG,
Vinmec_2D-629,dataset/Vinmec_2D/train/train_image/629.JPG,dataset/Vinmec_2D/train/train_label/label/629.PNG,
Vinmec_2D-1332,dataset/Vinmec_2D/train/train_image/1332.JPG,dataset/Vinmec_2D/train/train_label/label/1332.PNG,
Vinmec_2D-745,dataset/Vinmec_2D/train/train_image/745.JPG,dataset/Vinmec_2D/train/train_label/label/745.PNG,
Vinmec_2D-86,dataset/Vinmec_2D/train/train_image/86.JPG,dataset/Vinmec_2D/train/train_label/label/86.PNG,
Vinmec_2D-182,dataset/Vinmec_2D/train/train_image/182.JPG,dataset/Vinmec_2D/train/train_label/label/182.PNG,
Vinmec_2D-1195,dataset/Vinmec_2D/train/train_image/1195.JPG,dataset/Vinmec_2D/train/train_label/label/1195.PNG,
Vinmec_2D-1209,dataset/Vinmec_2D/train/train_image/1209.JPG,dataset/Vinmec_2D/train/train_label/label/1209.PNG,
Vinmec_2D-1357,dataset/Vinmec_2D/test/image/1357.JPG,dataset/Vinmec_2D/test/label/black_write/1357.PNG,
Vinmec_2D-77,dataset/Vinmec_2D/train/train_image/77.JPG,dataset/Vinmec_2D/train/train_label/label/77.PNG,
Vinmec_2D-1333,dataset/Vinmec_2D/train/train_image/1333.JPG,dataset/Vinmec_2D/train/train_label/label/1333.PNG,
Vinmec_2D-296,dataset/Vinmec_2D/test/image/296.JPG,dataset/Vinmec_2D/test/label/black_write/296.PNG,
Vinmec_2D-845,dataset/Vinmec_2D/train/train_image/845.JPG,dataset/Vinmec_2D/train/train_label/label/845.PNG,
Vinmec_2D-757,dataset/Vinmec_2D/train/train_image/757.JPG,dataset/Vinmec_2D/train/train_label/label/757.PNG,
Vinmec_2D-906,dataset/Vinmec_2D/test/image/906.JPG,dataset/Vinmec_2D/test/label/black_write/906.PNG,
Vinmec_2D-668,dataset/Vinmec_2D/train/train_image/668.JPG,dataset/Vinmec_2D/train/train_label/label/668.PNG,
Vinmec_2D-787,dataset/Vinmec_2D/train/train_image/787.JPG,dataset/Vinmec_2D/train/train_label/label/787.PNG,
Vinmec_2D-1215,dataset/Vinmec_2D/train/train_image/1215.JPG,dataset/Vinmec_2D/train/train_label/label/1215.PNG,
Vinmec_2D-178,dataset/Vinmec_2D/train/train_image/178.JPG,dataset/Vinmec_2D/train/train_label/label/178.PNG,
Vinmec_2D-1091,dataset/Vinmec_2D/test/image/1091.JPG,dataset/Vinmec_2D/test/label/black_write/1091.PNG,
Vinmec_2D-351,dataset/Vinmec_2D/train/train_image/351.JPG,dataset/Vinmec_2D/train/train_label/label/351.PNG,
Vinmec_2D-753,dataset/Vinmec_2D/train/train_image/753.JPG,dataset/Vinmec_2D/train/train_label/label/753.PNG,
Vinmec_2D-21,dataset/Vinmec_2D/test/image/21.JPG,dataset/Vinmec_2D/test/label/black_write/21.PNG,
Vinmec_2D-778,dataset/Vinmec_2D/test/image/778.JPG,dataset/Vinmec_2D/test/label/black_write/778.PNG,
Vinmec_2D-1443,dataset/Vinmec_2D/train/train_image/1443.JPG,dataset/Vinmec_2D/train/train_label/label/1443.PNG,
Vinmec_2D-432,dataset/Vinmec_2D/train/train_image/432.JPG,dataset/Vinmec_2D/train/train_label/label/432.PNG,
Vinmec_2D-852,dataset/Vinmec_2D/train/train_image/852.JPG,dataset/Vinmec_2D/train/train_label/label/852.PNG,
Vinmec_2D-1063,dataset/Vinmec_2D/train/train_image/1063.JPG,dataset/Vinmec_2D/train/train_label/label/1063.PNG,
Vinmec_2D-1053,dataset/Vinmec_2D/train/train_image/1053.JPG,dataset/Vinmec_2D/train/train_label/label/1053.PNG,
Vinmec_2D-354,dataset/Vinmec_2D/test/image/354.JPG,dataset/Vinmec_2D/test/label/black_write/354.PNG,
Vinmec_2D-532,dataset/Vinmec_2D/test/image/532.JPG,dataset/Vinmec_2D/test/label/black_write/532.PNG,
Vinmec_2D-1305,dataset/Vinmec_2D/test/image/1305.JPG,dataset/Vinmec_2D/test/label/black_write/1305.PNG,
Vinmec_2D-1173,dataset/Vinmec_2D/test/image/1173.JPG,dataset/Vinmec_2D/test/label/black_write/1173.PNG,
Vinmec_2D-1208,dataset/Vinmec_2D/test/image/1208.JPG,dataset/Vinmec_2D/test/label/black_write/1208.PNG,
Vinmec_2D-395,dataset/Vinmec_2D/train/train_image/395.JPG,dataset/Vinmec_2D/train/train_label/label/395.PNG,
Vinmec_2D-873,dataset/Vinmec_2D/train/train_image/873.JPG,dataset/Vinmec_2D/train/train_label/label/873.PNG,
Vinmec_2D-1233,dataset/Vinmec_2D/train/train_image/1233.JPG,dataset/Vinmec_2D/train/train_label/label/1233.PNG,
Vinmec_2D-1027,dataset/Vinmec_2D/train/train_image/1027.JPG,dataset/Vinmec_2D/train/train_label/label/1027.PNG,
Vinmec_2D-857,dataset/Vinmec_2D/train/train_image/857.JPG,dataset/Vinmec_2D/train/train_label/label/857.PNG,
Vinmec_2D-854,dataset/Vinmec_2D/test/image/854.JPG,dataset/Vinmec_2D/test/label/black_write/854.PNG,
Vinmec_2D-1219,dataset/Vinmec_2D/train/train_image/1219.JPG,dataset/Vinmec_2D/train/train_label/label/1219.PNG,
Vinmec_2D-92,dataset/Vinmec_2D/train/train_image/92.JPG,dataset/Vinmec_2D/train/train_label/label/92.PNG,
Vinmec_2D-260,dataset/Vinmec_2D/train/train_image/260.JPG,dataset/Vinmec_2D/train/train_label/label/260.PNG,
Vinmec_2D-832,dataset/Vinmec_2D/train/train_image/832.JPG,dataset/Vinmec_2D/train/train_label/label/832.PNG,
Vinmec_2D-214,dataset/Vinmec_2D/train/train_image/214.JPG,dataset/Vinmec_2D/train/train_label/label/214.PNG,
Vinmec_2D-278,dataset/Vinmec_2D/train/train_image/278.JPG,dataset/Vinmec_2D/train/train_label/label/278.PNG,
Vinmec_2D-22,dataset/Vinmec_2D/train/train_image/22.JPG,dataset/Vinmec_2D/train/train_label/label/22.PNG,
Vinmec_2D-1381,dataset/Vinmec_2D/test/image/1381.JPG,dataset/Vinmec_2D/test/label/black_write/1381.PNG,
Vinmec_2D-835,dataset/Vinmec_2D/train/train_image/835.JPG,dataset/Vinmec_2D/train/train_label/label/835.PNG,
Vinmec_2D-57,dataset/Vinmec_2D/train/train_image/57.JPG,dataset/Vinmec_2D/train/train_label/label/57.PNG,
Vinmec_2D-1245,dataset/Vinmec_2D/train/train_image/1245.JPG,dataset/Vinmec_2D/train/train_label/label/1245.PNG,
Vinmec_2D-238,dataset/Vinmec_2D/train/train_image/238.JPG,dataset/Vinmec_2D/train/train_label/label/238.PNG,
Vinmec_2D-822,dataset/Vinmec_2D/train/train_image/822.JPG,dataset/Vinmec_2D/train/train_label/label/822.PNG,
Vinmec_2D-892,dataset/Vinmec_2D/train/train_image/892.JPG,dataset/Vinmec_2D/train/train_label/label/892.PNG,
Vinmec_2D-428,dataset/Vinmec_2D/train/train_image/428.JPG,dataset/Vinmec_2D/train/train_label/label/428.PNG,
Vinmec_2D-429,dataset/Vinmec_2D/test/image/429.JPG,dataset/Vinmec_2D/test/label/black_write/429.PNG,
Vinmec_2D-336,dataset/Vinmec_2D/test/image/336.JPG,dataset/Vinmec_2D/test/label/black_write/336.PNG,
Vinmec_2D-1375,dataset/Vinmec_2D/train/train_image/1375.JPG,dataset/Vinmec_2D/train/train_label/label/1375.PNG,
Vinmec_2D-1123,dataset/Vinmec_2D/test/image/1123.JPG,dataset/Vinmec_2D/test/label/black_write/1123.PNG,
Vinmec_2D-1158,dataset/Vinmec_2D/train/train_image/1158.JPG,dataset/Vinmec_2D/train/train_label/label/1158.PNG,
Vinmec_2D-744,dataset/Vinmec_2D/train/train_image/744.JPG,dataset/Vinmec_2D/train/train_label/label/744.PNG,
Vinmec_2D-772,dataset/Vinmec_2D/train/train_image/772.JPG,dataset/Vinmec_2D/train/train_label/label/772.PNG,
Vinmec_2D-229,dataset/Vinmec_2D/test/image/229.JPG,dataset/Vinmec_2D/test/label/black_write/229.PNG,
Vinmec_2D-1140,dataset/Vinmec_2D/test/image/1140.JPG,dataset/Vinmec_2D/test/label/black_write/1140.PNG,
Vinmec_2D-615,dataset/Vinmec_2D/train/train_image/615.JPG,dataset/Vinmec_2D/train/train_label/label/615.PNG,
Vinmec_2D-600,dataset/Vinmec_2D/test/image/600.JPG,dataset/Vinmec_2D/test/label/black_write/600.PNG,
Vinmec_2D-455,dataset/Vinmec_2D/train/train_image/455.JPG,dataset/Vinmec_2D/train/train_label/label/455.PNG,
Vinmec_2D-447,dataset/Vinmec_2D/train/train_image/447.JPG,dataset/Vinmec_2D/train/train_label/label/447.PNG,
Vinmec_2D-272,dataset/Vinmec_2D/train/train_image/272.JPG,dataset/Vinmec_2D/train/train_label/label/272.PNG,
Vinmec_2D-703,dataset/Vinmec_2D/test/image/703.JPG,dataset/Vinmec_2D/test/label/black_write/703.PNG,
Vinmec_2D-321,dataset/Vinmec_2D/train/train_image/321.JPG,dataset/Vinmec_2D/train/train_label/label/321.PNG,
Vinmec_2D-1308,dataset/Vinmec_2D/test/image/1308.JPG,dataset/Vinmec_2D/test/label/black_write/1308.PNG,
Vinmec_2D-866,dataset/Vinmec_2D/train/train_image/866.JPG,dataset/Vinmec_2D/train/train_label/label/866.PNG,
Vinmec_2D-212,dataset/Vinmec_2D/train/train_image/212.JPG,dataset/Vinmec_2D/train/train_label/label/212.PNG,
Vinmec_2D-860,dataset/Vinmec_2D/train/train_image/860.JPG,dataset/Vinmec_2D/train/train_label/label/860.PNG,
Vinmec_2D-1148,dataset/Vinmec_2D/train/train_image/1148.JPG,dataset/Vinmec_2D/train/train_label/label/1148.PNG,
Vinmec_2D-1328,dataset/Vinmec_2D/train/train_image/1328.JPG,dataset/Vinmec_2D/train/train_label/label/1328.PNG,
Vinmec_2D-407,dataset/Vinmec_2D/train/train_image/407.JPG,dataset/Vinmec_2D/train/train_label/label/407.PNG,
Vinmec_2D-53,dataset/Vinmec_2D/train/train_image/53.JPG,dataset/Vinmec_2D/train/train_label/label/53.PNG,
Vinmec_2D-735,dataset/Vinmec_2D/test/image/735.JPG,dataset/Vinmec_2D/test/label/black_write/735.PNG,
Vinmec_2D-1197,dataset/Vinmec_2D/train/train_image/1197.JPG,dataset/Vinmec_2D/train/train_label/label/1197.PNG,
Vinmec_2D-2,dataset/Vinmec_2D/train/train_image/2.JPG,dataset/Vinmec_2D/train/train_label/label/2.PNG,
Vinmec_2D-603,dataset/Vinmec_2D/train/train_image/603.JPG,dataset/Vinmec_2D/train/train_label/label/603.PNG,
Vinmec_2D-1377,dataset/Vinmec_2D/train/train_image/1377.JPG,dataset/Vinmec_2D/train/train_label/label/1377.PNG,
Vinmec_2D-1088,dataset/Vinmec_2D/test/image/1088.JPG,dataset/Vinmec_2D/test/label/black_write/1088.PNG,
Vinmec_2D-1410,dataset/Vinmec_2D/test/image/1410.JPG,dataset/Vinmec_2D/test/label/black_write/1410.PNG,
Vinmec_2D-1017,dataset/Vinmec_2D/test/image/1017.JPG,dataset/Vinmec_2D/test/label/black_write/1017.PNG,
Vinmec_2D-1112,dataset/Vinmec_2D/train/train_image/1112.JPG,dataset/Vinmec_2D/train/train_label/label/1112.PNG,
Vinmec_2D-390,dataset/Vinmec_2D/train/train_image/390.JPG,dataset/Vinmec_2D/train/train_label/label/390.PNG,
Vinmec_2D-877,dataset/Vinmec_2D/test/image/877.JPG,dataset/Vinmec_2D/test/label/black_write/877.PNG,
Vinmec_2D-673,dataset/Vinmec_2D/train/train_image/673.JPG,dataset/Vinmec_2D/train/train_label/label/673.PNG,
Vinmec_2D-825,dataset/Vinmec_2D/test/image/825.JPG,dataset/Vinmec_2D/test/label/black_write/825.PNG,
Vinmec_2D-967,dataset/Vinmec_2D/train/train_image/967.JPG,dataset/Vinmec_2D/train/train_label/label/967.PNG,
Vinmec_2D-10,dataset/Vinmec_2D/train/train_image/10.JPG,dataset/Vinmec_2D/train/train_label/label/10.PNG,
Vinmec_2D-441,dataset/Vinmec_2D/test/image/441.JPG,dataset/Vinmec_2D/test/label/black_write/441.PNG,
Vinmec_2D-590,dataset/Vinmec_2D/train/train_image/590.JPG,dataset/Vinmec_2D/train/train_label/label/590.PNG,
Vinmec_2D-316,dataset/Vinmec_2D/test/image/316.JPG,dataset/Vinmec_2D/test/label/black_write/316.PNG,
Vinmec_2D-1098,dataset/Vinmec_2D/train/train_image/1098.JPG,dataset/Vinmec_2D/train/train_label/label/1098.PNG,
Vinmec_2D-1469,dataset/Vinmec_2D/test/image/1469.JPG,dataset/Vinmec_2D/test/label/black_write/1469.PNG,
Vinmec_2D-1367,dataset/Vinmec_2D/test/image/1367.JPG,dataset/Vinmec_2D/test/label/black_write/1367.PNG,
Vinmec_2D-1234,dataset/Vinmec_2D/test/image/1234.JPG,dataset/Vinmec_2D/test/label/black_write/1234.PNG,
Vinmec_2D-413,dataset/Vinmec_2D/train/train_image/413.JPG,dataset/Vinmec_2D/train/train_label/label/413.PNG,
Vinmec_2D-33,dataset/Vinmec_2D/train/train_image/33.JPG,dataset/Vinmec_2D/train/train_label/label/33.PNG,
Vinmec_2D-907,dataset/Vinmec_2D/train/train_image/907.JPG,dataset/Vinmec_2D/train/train_label/label/907.PNG,
Vinmec_2D-1042,dataset/Vinmec_2D/test/image/1042.JPG,dataset/Vinmec_2D/test/label/black_write/1042.PNG,
Vinmec_2D-534,dataset/Vinmec_2D/test/image/534.JPG,dataset/Vinmec_2D/test/label/black_write/534.PNG,
Vinmec_2D-1415,dataset/Vinmec_2D/train/train_image/1415.JPG,dataset/Vinmec_2D/train/train_label/label/1415.PNG,
Vinmec_2D-1423,dataset/Vinmec_2D/train/train_image/1423.JPG,dataset/Vinmec_2D/train/train_label/label/1423.PNG,
Vinmec_2D-236,dataset/Vinmec_2D/train/train_image/236.JPG,dataset/Vinmec_2D/train/train_label/label/236.PNG,
Vinmec_2D-1444,dataset/Vinmec_2D/test/image/1444.JPG,dataset/Vinmec_2D/test/label/black_write/1444.PNG,
Vinmec_2D-598,dataset/Vinmec_2D/train/train_image/598.JPG,dataset/Vinmec_2D/train/train_label/label/598.PNG,
Vinmec_2D-571,dataset/Vinmec_2D/train/train_image/571.JPG,dataset/Vinmec_2D/train/train_label/label/571.PNG,
Vinmec_2D-401,dataset/Vinmec_2D/train/train_image/401.JPG,dataset/Vinmec_2D/train/train_label/label/401.PNG,
Vinmec_2D-172,dataset/Vinmec_2D/train/train_image/172.JPG,dataset/Vinmec_2D/train/train_label/label/172.PNG,
Vinmec_2D-340,dataset/Vinmec_2D/train/train_image/340.JPG,dataset/Vinmec_2D/train/train_label/label/340.PNG,
Vinmec_2D-773,dataset/Vinmec_2D/test/image/773.JPG,dataset/Vinmec_2D/test/label/black_write/773.PNG,
Vinmec_2D-894,dataset/Vinmec_2D/test/image/894.JPG,dataset/Vinmec_2D/test/label/black_write/894.PNG,
Vinmec_2D-490,dataset/Vinmec_2D/train/train_image/490.JPG,dataset/Vinmec_2D/train/train_label/label/490.PNG,
Vinmec_2D-1200,dataset/Vinmec_2D/test/image/1200.JPG,dataset/Vinmec_2D/test/label/black_write/1200.PNG,
Vinmec_2D-1326,dataset/Vinmec_2D/train/train_image/1326.JPG,dataset/Vinmec_2D/train/train_label/label/1326.PNG,
Vinmec_2D-1462,dataset/Vinmec_2D/train/train_image/1462.JPG,dataset/Vinmec_2D/train/train_label/label/1462.PNG,
Vinmec_2D-267,dataset/Vinmec_2D/test/image/267.JPG,dataset/Vinmec_2D/test/label/black_write/267.PNG,
Vinmec_2D-954,dataset/Vinmec_2D/train/train_image/954.JPG,dataset/Vinmec_2D/train/train_label/label/954.PNG,
Vinmec_2D-1104,dataset/Vinmec_2D/test/image/1104.JPG,dataset/Vinmec_2D/test/label/black_write/1104.PNG,
Vinmec_2D-886,dataset/Vinmec_2D/train/train_image/886.JPG,dataset/Vinmec_2D/train/train_label/label/886.PNG,
Vinmec_2D-1461,dataset/Vinmec_2D/test/image/1461.JPG,dataset/Vinmec_2D/test/label/black_write/1461.PNG,
Vinmec_2D-972,dataset/Vinmec_2D/train/train_image/972.JPG,dataset/Vinmec_2D/train/train_label/label/972.PNG,
Vinmec_2D-518,dataset/Vinmec_2D/train/train_image/518.JPG,dataset/Vinmec_2D/train/train_label/label/518.PNG,
Vinmec_2D-473,dataset/Vinmec_2D/test/image/473.JPG,dataset/Vinmec_2D/test/label/black_write/473.PNG,
Vinmec_2D-1451,dataset/Vinmec_2D/train/train_image/1451.JPG,dataset/Vinmec_2D/train/train_label/label/1451.PNG,
Vinmec_2D-816,dataset/Vinmec_2D/test/image/816.JPG,dataset/Vinmec_2D/test/label/black_write/816.PNG,
Vinmec_2D-775,dataset/Vinmec_2D/train/train_image/775.JPG,dataset/Vinmec_2D/train/train_label/label/775.PNG,
Vinmec_2D-1165,dataset/Vinmec_2D/train/train_image/1165.JPG,dataset/Vinmec_2D/train/train_label/label/1165.PNG,
Vinmec_2D-771,dataset/Vinmec_2D/train/train_image/771.JPG,dataset/Vinmec_2D/train/train_label/label/771.PNG,
Vinmec_2D-251,dataset/Vinmec_2D/train/train_image/251.JPG,dataset/Vinmec_2D/train/train_label/label/251.PNG,
Vinmec_2D-982,dataset/Vinmec_2D/train/train_image/982.JPG,dataset/Vinmec_2D/train/train_label/label/982.PNG,
Vinmec_2D-5,dataset/Vinmec_2D/test/image/5.JPG,dataset/Vinmec_2D/test/label/black_write/5.PNG,
Vinmec_2D-1168,dataset/Vinmec_2D/train/train_image/1168.JPG,dataset/Vinmec_2D/train/train_label/label/1168.PNG,
Vinmec_2D-1440,dataset/Vinmec_2D/test/image/1440.JPG,dataset/Vinmec_2D/test/label/black_write/1440.PNG,
Vinmec_2D-833,dataset/Vinmec_2D/train/train_image/833.JPG,dataset/Vinmec_2D/train/train_label/label/833.PNG,
Vinmec_2D-207,dataset/Vinmec_2D/train/train_image/207.JPG,dataset/Vinmec_2D/train/train_label/label/207.PNG,
Vinmec_2D-1198,dataset/Vinmec_2D/train/train_image/1198.JPG,dataset/Vinmec_2D/train/train_label/label/1198.PNG,
Vinmec_2D-801,dataset/Vinmec_2D/train/train_image/801.JPG,dataset/Vinmec_2D/train/train_label/label/801.PNG,
Vinmec_2D-990,dataset/Vinmec_2D/train/train_image/990.JPG,dataset/Vinmec_2D/train/train_label/label/990.PNG,
Vinmec_2D-1408,dataset/Vinmec_2D/train/train_image/1408.JPG,dataset/Vinmec_2D/train/train_label/label/1408.PNG,
Vinmec_2D-493,dataset/Vinmec_2D/test/image/493.JPG,dataset/Vinmec_2D/test/label/black_write/493.PNG,
Vinmec_2D-608,dataset/Vinmec_2D/train/train_image/608.JPG,dataset/Vinmec_2D/train/train_label/label/608.PNG,
Vinmec_2D-1466,dataset/Vinmec_2D/test/image/1466.JPG,dataset/Vinmec_2D/test/label/black_write/1466.PNG,
Vinmec_2D-1076,dataset/Vinmec_2D/test/image/1076.JPG,dataset/Vinmec_2D/test/label/black_write/1076.PNG,
Vinmec_2D-635,dataset/Vinmec_2D/train/train_image/635.JPG,dataset/Vinmec_2D/train/train_label/label/635.PNG,
Vinmec_2D-279,dataset/Vinmec_2D/train/train_image/279.JPG,dataset/Vinmec_2D/train/train_label/label/279.PNG,
Vinmec_2D-977,dataset/Vinmec_2D/train/train_image/977.JPG,dataset/Vinmec_2D/train/train_label/label/977.PNG,
Vinmec_2D-767,dataset/Vinmec_2D/train/train_image/767.JPG,dataset/Vinmec_2D/train/train_label/label/767.PNG,
Vinmec_2D-1298,dataset/Vinmec_2D/train/train_image/1298.JPG,dataset/Vinmec_2D/train/train_label/label/1298.PNG,
Vinmec_2D-1356,dataset/Vinmec_2D/train/train_image/1356.JPG,dataset/Vinmec_2D/train/train_label/label/1356.PNG,
Vinmec_2D-607,dataset/Vinmec_2D/train/train_image/607.JPG,dataset/Vinmec_2D/train/train_label/label/607.PNG,
Vinmec_2D-1334,dataset/Vinmec_2D/train/train_image/1334.JPG,dataset/Vinmec_2D/train/train_label/label/1334.PNG,
Vinmec_2D-440,dataset/Vinmec_2D/test/image/440.JPG,dataset/Vinmec_2D/test/label/black_write/440.PNG,
Vinmec_2D-1366,dataset/Vinmec_2D/test/image/1366.JPG,dataset/Vinmec_2D/test/label/black_write/1366.PNG,
Vinmec_2D-1347,dataset/Vinmec_2D/test/image/1347.JPG,dataset/Vinmec_2D/test/label/black_write/1347.PNG,
Vinmec_2D-372,dataset/Vinmec_2D/train/train_image/372.JPG,dataset/Vinmec_2D/train/train_label/label/372.PNG,
Vinmec_2D-1427,dataset/Vinmec_2D/test/image/1427.JPG,dataset/Vinmec_2D/test/label/black_write/1427.PNG,
Vinmec_2D-305,dataset/Vinmec_2D/train/train_image/305.JPG,dataset/Vinmec_2D/train/train_label/label/305.PNG,
Vinmec_2D-1070,dataset/Vinmec_2D/train/train_image/1070.JPG,dataset/Vinmec_2D/train/train_label/label/1070.PNG,
Vinmec_2D-830,dataset/Vinmec_2D/train/train_image/830.JPG,dataset/Vinmec_2D/train/train_label/label/830.PNG,
Vinmec_2D-167,dataset/Vinmec_2D/train/train_image/167.JPG,dataset/Vinmec_2D/train/train_label/label/167.PNG,
Vinmec_2D-273,dataset/Vinmec_2D/train/train_image/273.JPG,dataset/Vinmec_2D/train/train_label/label/273.PNG,
Vinmec_2D-721,dataset/Vinmec_2D/train/train_image/721.JPG,dataset/Vinmec_2D/train/train_label/label/721.PNG,
Vinmec_2D-1322,dataset/Vinmec_2D/train/train_image/1322.JPG,dataset/Vinmec_2D/train/train_label/label/1322.PNG,
Vinmec_2D-1097,dataset/Vinmec_2D/train/train_image/1097.JPG,dataset/Vinmec_2D/train/train_label/label/1097.PNG,
Vinmec_2D-1214,dataset/Vinmec_2D/test/image/1214.JPG,dataset/Vinmec_2D/test/label/black_write/1214.PNG,
Vinmec_2D-303,dataset/Vinmec_2D/train/train_image/303.JPG,dataset/Vinmec_2D/train/train_label/label/303.PNG,
Vinmec_2D-1400,dataset/Vinmec_2D/train/train_image/1400.JPG,dataset/Vinmec_2D/train/train_label/label/1400.PNG,
Vinmec_2D-444,dataset/Vinmec_2D/train/train_image/444.JPG,dataset/Vinmec_2D/train/train_label/label/444.PNG,
Vinmec_2D-1089,dataset/Vinmec_2D/test/image/1089.JPG,dataset/Vinmec_2D/test/label/black_write/1089.PNG,
Vinmec_2D-474,dataset/Vinmec_2D/test/image/474.JPG,dataset/Vinmec_2D/test/label/black_write/474.PNG,
Vinmec_2D-151,dataset/Vinmec_2D/train/train_image/151.JPG,dataset/Vinmec_2D/train/train_label/label/151.PNG,
Vinmec_2D-969,dataset/Vinmec_2D/train/train_image/969.JPG,dataset/Vinmec_2D/train/train_label/label/969.PNG,
Vinmec_2D-1261,dataset/Vinmec_2D/train/train_image/1261.JPG,dataset/Vinmec_2D/train/train_label/label/1261.PNG,
Vinmec_2D-1312,dataset/Vinmec_2D/train/train_image/1312.JPG,dataset/Vinmec_2D/train/train_label/label/1312.PNG,
Vinmec_2D-360,dataset/Vinmec_2D/train/train_image/360.JPG,dataset/Vinmec_2D/train/train_label/label/360.PNG,
Vinmec_2D-1409,dataset/Vinmec_2D/train/train_image/1409.JPG,dataset/Vinmec_2D/train/train_label/label/1409.PNG,
Vinmec_2D-343,dataset/Vinmec_2D/train/train_image/343.JPG,dataset/Vinmec_2D/train/train_label/label/343.PNG,
Vinmec_2D-1460,dataset/Vinmec_2D/test/image/1460.JPG,dataset/Vinmec_2D/test/label/black_write/1460.PNG,
Vinmec_2D-1240,dataset/Vinmec_2D/train/train_image/1240.JPG,dataset/Vinmec_2D/train/train_label/label/1240.PNG,
Vinmec_2D-786,dataset/Vinmec_2D/train/train_image/786.JPG,dataset/Vinmec_2D/train/train_label/label/786.PNG,
Vinmec_2D-579,dataset/Vinmec_2D/train/train_image/579.JPG,dataset/Vinmec_2D/train/train_label/label/579.PNG,
Vinmec_2D-1376,dataset/Vinmec_2D/test/image/1376.JPG,dataset/Vinmec_2D/test/label/black_write/1376.PNG,
Vinmec_2D-1249,dataset/Vinmec_2D/train/train_image/1249.JPG,dataset/Vinmec_2D/train/train_label/label/1249.PNG,
Vinmec_2D-228,dataset/Vinmec_2D/test/image/228.JPG,dataset/Vinmec_2D/test/label/black_write/228.PNG,
Vinmec_2D-597,dataset/Vinmec_2D/train/train_image/597.JPG,dataset/Vinmec_2D/train/train_label/label/597.PNG,
Vinmec_2D-20,dataset/Vinmec_2D/train/train_image/20.JPG,dataset/Vinmec_2D/train/train_label/label/20.PNG,
Vinmec_2D-1026,dataset/Vinmec_2D/train/train_image/1026.JPG,dataset/Vinmec_2D/train/train_label/label/1026.PNG,
Vinmec_2D-392,dataset/Vinmec_2D/test/image/392.JPG,dataset/Vinmec_2D/test/label/black_write/392.PNG,
Vinmec_2D-805,dataset/Vinmec_2D/train/train_image/805.JPG,dataset/Vinmec_2D/train/train_label/label/805.PNG,
Vinmec_2D-181,dataset/Vinmec_2D/test/image/181.JPG,dataset/Vinmec_2D/test/label/black_write/181.PNG,
Vinmec_2D-1458,dataset/Vinmec_2D/test/image/1458.JPG,dataset/Vinmec_2D/test/label/black_write/1458.PNG,
Vinmec_2D-737,dataset/Vinmec_2D/train/train_image/737.JPG,dataset/Vinmec_2D/train/train_label/label/737.PNG,
Vinmec_2D-1285,dataset/Vinmec_2D/test/image/1285.JPG,dataset/Vinmec_2D/test/label/black_write/1285.PNG,
Vinmec_2D-72,dataset/Vinmec_2D/train/train_image/72.JPG,dataset/Vinmec_2D/train/train_label/label/72.PNG,
Vinmec_2D-863,dataset/Vinmec_2D/test/image/863.JPG,dataset/Vinmec_2D/test/label/black_write/863.PNG,
Vinmec_2D-841,dataset/Vinmec_2D/train/train_image/841.JPG,dataset/Vinmec_2D/train/train_label/label/841.PNG,
Vinmec_2D-798,dataset/Vinmec_2D/train/train_image/798.JPG,dataset/Vinmec_2D/train/train_label/label/798.PNG,
Vinmec_2D-347,dataset/Vinmec_2D/train/train_image/347.JPG,dataset/Vinmec_2D/train/train_label/label/347.PNG,
Vinmec_2D-85,dataset/Vinmec_2D/train/train_image/85.JPG,dataset/Vinmec_2D/train/train_label/label/85.PNG,
Vinmec_2D-93,dataset/Vinmec_2D/train/train_image/93.JPG,dataset/Vinmec_2D/train/train_label/label/93.PNG,
Vinmec_2D-227,dataset/Vinmec_2D/test/image/227.JPG,dataset/Vinmec_2D/test/label/black_write/227.PNG,
Vinmec_2D-328,dataset/Vinmec_2D/train/train_image/328.JPG,dataset/Vinmec_2D/train/train_label/label/328.PNG,
Vinmec_2D-1167,dataset/Vinmec_2D/test/image/1167.JPG,dataset/Vinmec_2D/test/label/black_write/1167.PNG,
Vinmec_2D-375,dataset/Vinmec_2D/train/train_image/375.JPG,dataset/Vinmec_2D/train/train_label/label/375.PNG,
Vinmec_2D-492,dataset/Vinmec_2D/train/train_image/492.JPG,dataset/Vinmec_2D/train/train_label/label/492.PNG,
Vinmec_2D-818,dataset/Vinmec_2D/train/train_image/818.JPG,dataset/Vinmec_2D/train/train_label/label/818.PNG,
Vinmec_2D-879,dataset/Vinmec_2D/train/train_image/879.JPG,dataset/Vinmec_2D/train/train_label/label/879.PNG,
Vinmec_2D-1011,dataset/Vinmec_2D/train/train_image/1011.JPG,dataset/Vinmec_2D/train/train_label/label/1011.PNG,
Vinmec_2D-67,dataset/Vinmec_2D/train/train_image/67.JPG,dataset/Vinmec_2D/train/train_label/label/67.PNG,
Vinmec_2D-406,dataset/Vinmec_2D/train/train_image/406.JPG,dataset/Vinmec_2D/train/train_label/label/406.PNG,
